# https://github.com/mikedh/trimesh
v -0.32078815 0.30380362 0.78125280
v -0.32055303 0.30325583 0.78125280
v -0.32055303 0.30380362 0.78078067
v -0.32055303 0.30380362 0.78163546
v -0.32055303 0.30451337 0.78125280
v -0.33703029 0.37725735 0.74452597
v -0.32055303 0.35320339 0.74452597
v -0.32055303 0.37725735 0.71222675
v -0.32636356 0.37725735 0.78125280
v -0.32055303 0.36669561 0.78125280
v -0.32258439 0.37725735 0.81797969
v -0.32055303 0.37661457 0.81797969
v -0.32055303 0.37725735 0.81844425
v -0.32705790 0.41398421 0.67107224
v -0.32055303 0.40140319 0.67107224
v -0.32055303 0.41398421 0.66056657
v -0.33450305 0.41398421 0.70779908
v -0.32055303 0.38111869 0.70779908
v -0.32358247 0.41398421 0.74452597
v -0.32055303 0.41398421 0.76311511
v -0.32055303 0.40425959 0.78125280
v -0.32055303 0.41398421 0.78897864
v -0.33050007 0.41398421 0.81797969
v -0.32055303 0.41398421 0.82230467
v -0.32055303 0.44280204 0.67107224
v -0.32055303 0.45071107 0.68068492
v -0.32577661 0.45071107 0.70779908
v -0.33167782 0.45071107 0.74452597
v -0.32055303 0.41815236 0.78125280
v -0.33089480 0.45071107 0.78125280
v -0.32055303 0.45071107 0.80750388
v -0.32055303 0.43404889 0.81797969
v -0.32414141 0.48743793 0.63434535
v -0.32055303 0.47955385 0.63434535
v -0.32055303 0.48743793 0.61078167
v -0.32055303 0.48743793 0.65840453
v -0.32893059 0.48743793 0.70779908
v -0.32055303 0.48743793 0.67743093
v -0.34035280 0.48743793 0.74452597
v -0.33222038 0.48743793 0.78125280
v -0.32055303 0.48743793 0.79452664
v -0.32820702 0.52416480 0.56089163
v -0.32055303 0.51048458 0.56089163
v -0.32055303 0.52416480 0.54800624
v -0.32673931 0.52416480 0.59761852
v -0.32055303 0.49520209 0.59761852
v -0.32055303 0.52416480 0.62492561
v -0.32055303 0.50880527 0.63434535
v -0.32055303 0.52416480 0.64582521
v -0.32642841 0.52416480 0.67107224
v -0.32055303 0.49661389 0.67107224
v -0.33670124 0.52416480 0.70779908
v -0.32982939 0.52416480 0.74452597
v -0.32469460 0.52416480 0.78125280
v -0.32055303 0.52416480 0.78651196
v -0.32055303 0.53482598 0.56089163
v -0.32055303 0.54260808 0.59761852
v -0.32055303 0.56089163 0.61895758
v -0.32602465 0.56089163 0.63434535
v -0.32055303 0.53611887 0.63434535
v -0.32211477 0.56089163 0.67107224
v -0.32055303 0.56089163 0.67831677
v -0.32055303 0.55293655 0.70779908
v -0.32055303 0.53547931 0.74452597
v -0.32055303 0.54316247 0.78125280
v -0.32055303 0.57344395 0.63434535
v -0.32055303 0.56300873 0.67107224
v -0.28814223 -0.13691874 0.70779908
v -0.28382617 -0.14684257 0.70779908
v -0.28382617 -0.13691874 0.69347763
v -0.28518012 -0.13691874 0.74452597
v -0.28382617 -0.13838497 0.74452597
v -0.28382617 -0.13691874 0.74568558
v -0.28382617 -0.11989250 0.70779908
v -0.28382617 -0.12999083 0.74452597
v -0.29400900 -0.06346501 0.70779908
v -0.28382617 -0.08948928 0.70779908
v -0.28382617 -0.06346501 0.67724890
v -0.30032611 -0.06346501 0.74452597
v -0.28382617 -0.09620527 0.74452597
v -0.28382617 -0.06346501 0.77889895
v -0.29395968 -0.02673814 0.70779908
v -0.28382617 -0.02673814 0.67391676
v -0.29929525 -0.02673814 0.74452597
v -0.28382617 -0.02673814 0.77327490
v -0.28622347 0.00998872 0.67107224
v -0.28382617 -0.01464511 0.67107224
v -0.28382617 0.00998872 0.66178852
v -0.30270910 0.00998872 0.70779908
v -0.29509464 0.00998872 0.74452597
v -0.28382617 -0.00999345 0.78125280
v -0.29353145 0.00998872 0.78125280
v -0.28382617 0.00998872 0.78711146
v -0.28789768 0.04671558 0.59761852
v -0.28382617 0.03012563 0.59761852
v -0.28382617 0.04671558 0.57713032
v -0.29091311 0.04671558 0.63434535
v -0.28382617 0.02523776 0.63434535
v -0.29125825 0.04671558 0.67107224
v -0.29653895 0.04671558 0.70779908
v -0.29942980 0.04671558 0.74452597
v -0.29382631 0.04671558 0.78125280
v -0.28382617 0.04671558 0.78860199
v -0.29550409 0.08344244 0.59761852
v -0.28382617 0.08344244 0.58429188
v -0.28382617 0.08344244 0.62600458
v -0.28382617 0.07657493 0.63434535
v -0.28382617 0.08344244 0.65014732
v -0.28906572 0.08344244 0.67107224
v -0.29687631 0.08344244 0.70779908
v -0.30343714 0.08344244 0.74452597
v -0.28382617 0.08344244 0.77491534
v -0.28382617 0.06926350 0.78125280
v -0.28480935 0.12016930 0.59761852
v -0.28382617 0.12016930 0.59348214
v -0.28382617 0.09826291 0.63434535
v -0.28810495 0.12016930 0.63434535
v -0.29166397 0.12016930 0.67107224
v -0.30077529 0.12016930 0.70779908
v -0.30849028 0.12016930 0.74452597
v -0.28382617 0.09665174 0.78125280
v -0.29968530 0.12016930 0.78125280
v -0.28382617 0.12016930 0.79291773
v -0.29239279 0.15689617 0.56089163
v -0.28382617 0.13282870 0.56089163
v -0.28382617 0.15689617 0.54495394
v -0.28382617 0.12321596 0.59761852
v -0.28382617 0.15689617 0.58202320
v -0.28382617 0.15689617 0.62821817
v -0.28649890 0.15689617 0.63434535
v -0.28900519 0.15689617 0.67107224
v -0.28382617 0.15689617 0.69639635
v -0.28382617 0.15289731 0.70779908
v -0.28382617 0.15689617 0.71292669
v -0.29795286 0.15689617 0.74452597
v -0.28382617 0.15689617 0.77791435
v -0.28382617 0.15267511 0.78125280
v -0.28382617 0.19260512 0.56089163
v -0.29540560 0.19362304 0.63434535
v -0.28382617 0.19362304 0.60081524
v -0.29276013 0.19362304 0.67107224
v -0.28382617 0.16128059 0.70779908
v -0.30458418 0.19362304 0.70779908
v -0.30234548 0.19362304 0.74452597
v -0.28382617 0.16103351 0.78125280
v -0.29388550 0.19362304 0.78125280
v -0.28382617 0.19362304 0.79512709
v -0.29280069 0.23034990 0.63434535
v -0.28382617 0.23034990 0.60687268
v -0.29938471 0.23034990 0.67107224
v -0.31494769 0.23034990 0.70779908
v -0.31849396 0.23034990 0.74452597
v -0.29635102 0.23034990 0.78125280
v -0.28382617 0.23034990 0.80768442
v -0.28966212 0.26707676 0.59761852
v -0.28382617 0.24813680 0.59761852
v -0.28382617 0.26707676 0.58346081
v -0.29259348 0.26707676 0.63434535
v -0.29792693 0.26707676 0.67107224
v -0.30736968 0.26707676 0.70779908
v -0.31001872 0.26707676 0.74452597
v -0.30103013 0.26707676 0.78125280
v -0.28382617 0.26707676 0.80613953
v -0.28397855 0.30380362 0.59761852
v -0.28382617 0.30380362 0.59669429
v -0.29345945 0.30380362 0.63434535
v -0.31269199 0.30380362 0.67107224
v -0.30755180 0.30380362 0.70779908
v -0.30605921 0.30380362 0.74452597
v -0.28382617 0.30380362 0.81266505
v -0.28815877 0.34053048 0.52416480
v -0.28382617 0.31831762 0.52416480
v -0.28382617 0.34053048 0.50908452
v -0.28382617 0.34053048 0.54078466
v -0.28868127 0.34053048 0.59761852
v -0.28382617 0.34053048 0.58163291
v -0.29827622 0.34053048 0.63434535
v -0.29771405 0.34053048 0.67107224
v -0.31694409 0.34053048 0.70779908
v -0.31246483 0.34053048 0.74452597
v -0.30742416 0.34053048 0.78125280
v -0.28382617 0.31846106 0.81797969
v -0.28846487 0.34053048 0.81797969
v -0.28382617 0.34053048 0.82189077
v -0.29321057 0.37725735 0.34053048
v -0.28382617 0.34816533 0.34053048
v -0.28382617 0.37725735 0.31314379
v -0.28549957 0.37725735 0.37725735
v -0.28382617 0.37444523 0.37725735
v -0.29165173 0.37725735 0.41398421
v -0.28382617 0.34942484 0.41398421
v -0.29535040 0.37725735 0.45071107
v -0.28382617 0.34618318 0.45071107
v -0.29830444 0.37725735 0.48743793
v -0.28382617 0.35101137 0.48743793
v -0.29867524 0.37725735 0.52416480
v -0.28382617 0.35382250 0.56089163
v -0.29403996 0.37725735 0.56089163
v -0.29065797 0.37725735 0.59761852
v -0.29877198 0.37725735 0.63434535
v -0.31067824 0.37725735 0.67107224
v -0.31854105 0.37725735 0.70779908
v -0.29241750 0.37725735 0.81797969
v -0.28382617 0.37725735 0.81772721
v -0.28382617 0.37592554 0.81797969
v -0.28996328 0.41398421 0.26707676
v -0.28382617 0.40218496 0.26707676
v -0.28382617 0.41398421 0.23221353
v -0.29178095 0.41398421 0.30380362
v -0.28382617 0.38976577 0.30380362
v -0.29054317 0.41398421 0.34053048
v -0.29308859 0.41398421 0.37725735
v -0.29538712 0.41398421 0.41398421
v -0.29871249 0.41398421 0.45071107
v -0.29737005 0.41398421 0.48743793
v -0.30850065 0.41398421 0.52416480
v -0.30839941 0.41398421 0.56089163
v -0.30157226 0.41398421 0.59761852
v -0.30642509 0.41398421 0.63434535
v -0.31824774 0.41398421 0.78125280
v -0.28382617 0.41398421 0.80903924
v -0.30444357 0.41398421 0.81797969
v -0.28701267 0.45071107 -0.06346501
v -0.28382617 0.44549859 -0.06346501
v -0.28382617 0.45071107 -0.07053132
v -0.28382617 0.45071107 -0.04995828
v -0.28948048 0.45071107 0.19362304
v -0.28382617 0.43218541 0.19362304
v -0.28382617 0.45071107 0.16952103
v -0.29618612 0.45071107 0.23034990
v -0.28382617 0.41453356 0.23034990
v -0.28984201 0.45071107 0.26707676
v -0.29651445 0.45071107 0.30380362
v -0.29411820 0.45071107 0.34053048
v -0.30144343 0.45071107 0.37725735
v -0.29458866 0.45071107 0.41398421
v -0.29909715 0.45071107 0.45071107
v -0.29912165 0.45071107 0.48743793
v -0.30686334 0.45071107 0.52416480
v -0.30348942 0.45071107 0.56089163
v -0.31567883 0.45071107 0.59761852
v -0.30802491 0.45071107 0.63434535
v -0.31853664 0.45071107 0.67107224
v -0.28382617 0.43884373 0.81797969
v -0.29939353 0.45071107 0.81797969
v -0.28382617 0.45071107 0.82203370
v -0.29086855 0.48743793 -0.06346501
v -0.28382617 0.48743793 -0.07768723
v -0.28382617 0.48743793 -0.04140295
v -0.28919053 0.48743793 0.00998872
v -0.28382617 0.47946346 0.00998872
v -0.28382617 0.48743793 -0.01174024
v -0.28382617 0.48743793 0.02092094
v -0.28909534 0.48743793 0.12016930
v -0.28382617 0.46787900 0.12016930
v -0.28382617 0.48743793 0.10447222
v -0.28473887 0.48743793 0.15689617
v -0.28382617 0.48025617 0.15689617
v -0.29109958 0.48743793 0.19362304
v -0.29086056 0.48743793 0.23034990
v -0.29087007 0.48743793 0.26707676
v -0.29052332 0.48743793 0.30380362
v -0.29384702 0.48743793 0.34053048
v -0.29483524 0.48743793 0.37725735
v -0.29492477 0.48743793 0.41398421
v -0.28994730 0.48743793 0.45071107
v -0.31312364 0.48743793 0.48743793
v -0.31904709 0.48743793 0.52416480
v -0.30140400 0.48743793 0.56089163
v -0.31742939 0.48743793 0.59761852
v -0.31765097 0.48743793 0.67107224
v -0.28382617 0.48743793 0.80295122
v -0.28382617 0.45790207 0.81797969
v -0.29146802 0.52416480 -0.17364560
v -0.28382617 0.50058144 -0.17364560
v -0.28382617 0.52416480 -0.19454284
v -0.28818586 0.52416480 -0.13691874
v -0.28382617 0.51319045 -0.13691874
v -0.28382617 0.52416480 -0.11100984
v -0.28667066 0.52416480 -0.06346501
v -0.28382617 0.52416480 -0.08438186
v -0.28382617 0.50732219 -0.02673814
v -0.28609997 0.52416480 -0.02673814
v -0.28634444 0.52416480 0.00998872
v -0.28382617 0.51305962 0.04671558
v -0.28816703 0.52416480 0.04671558
v -0.28382617 0.52416480 0.06254051
v -0.28840423 0.52416480 0.12016930
v -0.28382617 0.52416480 0.10374713
v -0.28382617 0.52416480 0.14308584
v -0.28382617 0.49609300 0.15689617
v -0.28382617 0.52416480 0.19107492
v -0.28406227 0.52416480 0.19362304
v -0.29301533 0.52416480 0.23034990
v -0.29359835 0.52416480 0.26707676
v -0.28491527 0.52416480 0.30380362
v -0.31231883 0.52416480 0.34053048
v -0.29967603 0.52416480 0.37725735
v -0.31837544 0.52416480 0.41398421
v -0.28775933 0.52416480 0.45071107
v -0.30638722 0.52416480 0.48743793
v -0.30166787 0.52416480 0.52416480
v -0.31509578 0.52416480 0.63434535
v -0.28382617 0.52416480 0.80079257
v -0.28382617 0.53794199 -0.17364560
v -0.28382617 0.53419650 -0.13691874
v -0.28382617 0.53187698 -0.06346501
v -0.28382617 0.54622400 -0.02673814
v -0.28382617 0.52969491 0.00998872
v -0.28382617 0.52879715 0.04671558
v -0.28382617 0.53251904 0.12016930
v -0.28382617 0.52490735 0.19362304
v -0.28382617 0.53507549 0.23034990
v -0.28382617 0.53802538 0.26707676
v -0.28382617 0.52508515 0.30380362
v -0.28382617 0.54084796 0.34053048
v -0.28382617 0.56089163 0.37684405
v -0.28437495 0.56089163 0.37725735
v -0.28382617 0.56089163 0.37779281
v -0.28382617 0.54371262 0.41398421
v -0.28382617 0.52871966 0.45071107
v -0.28382617 0.54645473 0.48743793
v -0.28382617 0.54532087 0.52416480
v -0.28382617 0.54579943 0.56089163
v -0.28382617 0.54692954 0.59761852
v -0.28382617 0.56089163 0.62223244
v -0.28382617 0.55816865 0.67107224
v -0.30317998 0.56089163 0.67107224
v -0.28382617 0.56089163 0.66293329
v -0.28382617 0.55281800 0.70779908
v -0.29346785 0.56089163 0.74452597
v -0.28382617 0.56089163 0.72890645
v -0.28382617 0.56089163 0.77496099
v -0.28382617 0.55660999 0.78125280
v -0.28382617 0.56174177 0.37725735
v -0.28382617 0.56811363 0.63434535
v -0.28382617 0.56953019 0.74452597
v -0.24765630 -0.57764107 0.56089163
v -0.24709933 -0.57810682 0.56089163
v -0.24709933 -0.57764107 0.56002653
v -0.24709933 -0.57764107 0.56209219
v -0.24838082 -0.57764107 0.67107224
v -0.24709933 -0.57887727 0.67107224
v -0.24709933 -0.57764107 0.66764522
v -0.26015991 -0.57764107 0.70779908
v -0.24709933 -0.58737743 0.70779908
v -0.25887164 -0.57764107 0.74452597
v -0.24709933 -0.58813447 0.74452597
v -0.24709933 -0.57764107 0.76983327
v -0.24795534 -0.54091424 0.34053048
v -0.24709933 -0.54235411 0.34053048
v -0.24709933 -0.54091424 0.33943266
v -0.24709933 -0.54091424 0.34197718
v -0.25121501 -0.54091424 0.56089163
v -0.24709933 -0.54091424 0.55129606
v -0.24709933 -0.54674518 0.59761852
v -0.25142771 -0.54091424 0.59761852
v -0.24776249 -0.54091424 0.63434535
v -0.24709933 -0.54295355 0.63434535
v -0.24709933 -0.57376134 0.67107224
v -0.24709933 -0.54091424 0.63666689
v -0.24709933 -0.55615413 0.70779908
v -0.24709933 -0.55463797 0.74452597
v -0.25170726 -0.50418735 -0.61436796
v -0.24709933 -0.51118588 -0.61436796
v -0.24709933 -0.50418735 -0.62424797
v -0.24709933 -0.50418735 -0.59792691
v -0.24862573 -0.50418735 -0.24709933
v -0.24709933 -0.50506961 -0.24709933
v -0.24709933 -0.50418735 -0.24824277
v -0.24709933 -0.50418735 -0.24395362
v -0.24709933 -0.53969842 0.34053048
v -0.24709933 -0.53531104 0.56089163
v -0.24709933 -0.53568375 0.59761852
v -0.24709933 -0.53967476 0.63434535
v -0.24709933 -0.49679035 -0.61436796
v -0.24709933 -0.50332284 -0.24709933
v -0.24861431 -0.46746048 0.63434535
v -0.24709933 -0.47026736 0.63434535
v -0.24709933 -0.46746048 0.63207096
v -0.24709933 -0.46746048 0.63951236
v -0.25362113 -0.46746048 0.74452597
v -0.24709933 -0.47512037 0.74452597
v -0.24709933 -0.46746048 0.73453224
v -0.24709933 -0.46746048 0.77167785
v -0.24994619 -0.43073362 0.34053048
v -0.24709933 -0.43441194 0.34053048
v -0.24709933 -0.43073362 0.33766329
v -0.24709933 -0.43073362 0.34370828
v -0.24709933 -0.45942551 0.63434535
v -0.25056291 -0.43073362 0.70779908
v -0.24709933 -0.43823531 0.70779908
v -0.24709933 -0.43073362 0.69001472
v -0.25643474 -0.43073362 0.74452597
v -0.24709933 -0.43073362 0.76286107
v -0.24709933 -0.42843711 0.34053048
v -0.25177410 -0.39400676 0.70779908
v -0.24709933 -0.39400676 0.69176835
v -0.24709933 -0.39400676 0.72512943
v -0.24709933 -0.40538856 0.74452597
v -0.25410730 -0.35727990 -0.65109479
v -0.24709933 -0.36504042 -0.65109479
v -0.24709933 -0.35727990 -0.66424924
v -0.24709933 -0.35727990 -0.62532091
v -0.25026563 -0.35727990 0.67107224
v -0.24709933 -0.37090620 0.67107224
v -0.24709933 -0.35727990 0.66386276
v -0.24709933 -0.35727990 0.69792652
v -0.24709933 -0.36531320 0.70779908
v -0.24709933 -0.35727990 0.70981711
v -0.26335892 -0.35727990 0.74452597
v -0.24709933 -0.38708034 0.74452597
v -0.24709933 -0.35727990 0.76610023
v -0.24709933 -0.34240794 -0.65109479
v -0.25081614 -0.32055303 0.67107224
v -0.24709933 -0.32055303 0.65608764
v -0.24709933 -0.35474855 0.70779908
v -0.25700822 -0.32055303 0.70779908
v -0.26314786 -0.32055303 0.74452597
v -0.24709933 -0.32472703 0.78125280
v -0.24893206 -0.32055303 0.78125280
v -0.24709933 -0.32055303 0.78417563
v -0.24827428 -0.28382617 -0.65109479
v -0.24709933 -0.28723121 -0.65109479
v -0.24709933 -0.28382617 -0.65646583
v -0.24709933 -0.28382617 -0.64652127
v -0.25475863 -0.28382617 0.59761852
v -0.24709933 -0.29874912 0.59761852
v -0.24709933 -0.28382617 0.59020561
v -0.24813187 -0.28382617 0.63434535
v -0.24709933 -0.28957590 0.63434535
v -0.25744298 -0.28382617 0.67107224
v -0.25954154 -0.28382617 0.70779908
v -0.26413402 -0.28382617 0.74452597
v -0.24716754 -0.28382617 0.78125280
v -0.24709933 -0.28382617 0.78132552
v -0.24807443 -0.24709933 -0.65109479
v -0.24709933 -0.24709933 -0.65427268
v -0.24709933 -0.25779036 -0.61436796
v -0.24965800 -0.24709933 -0.61436796
v -0.24709933 -0.24709933 -0.60844064
v -0.25539315 -0.24709933 0.59761852
v -0.24709933 -0.24709933 0.58403814
v -0.25350806 -0.24709933 0.63434535
v -0.26615086 -0.24709933 0.67107224
v -0.25971073 -0.24709933 0.70779908
v -0.26830044 -0.24709933 0.74452597
v -0.25667137 -0.24709933 0.78125280
v -0.24709933 -0.24709933 0.79048359
v -0.24709933 -0.23310770 -0.65109479
v -0.24709933 -0.23841433 -0.61436796
v -0.24709933 -0.23303387 0.59761852
v -0.24709933 -0.21037246 0.62141132
v -0.25626519 -0.21037246 0.63434535
v -0.27015805 -0.21037246 0.67107224
v -0.26745242 -0.21037246 0.70779908
v -0.26909658 -0.21037246 0.74452597
v -0.26001006 -0.21037246 0.78125280
v -0.24709933 -0.21037246 0.79740489
v -0.25200072 -0.17364560 0.63434535
v -0.24709933 -0.17364560 0.60444009
v -0.25933427 -0.17364560 0.67107224
v -0.27213299 -0.17364560 0.70779908
v -0.25991100 -0.17364560 0.74452597
v -0.26084843 -0.17364560 0.78125280
v -0.24709933 -0.17364560 0.79367691
v -0.25967908 -0.13691874 0.63434535
v -0.24709933 -0.13691874 0.60428232
v -0.27523547 -0.13691874 0.67107224
v -0.25413895 -0.13691874 0.78125280
v -0.24709933 -0.13691874 0.78941262
v -0.24752606 -0.10019187 -0.68782169
v -0.24709933 -0.10158785 -0.68782169
v -0.24709933 -0.10019187 -0.68805903
v -0.24709933 -0.10019187 -0.68646175
v -0.25200120 -0.10019187 0.45071107
v -0.24709933 -0.12584823 0.45071107
v -0.24709933 -0.10019187 0.44204450
v -0.25616980 -0.10019187 0.48743793
v -0.24709933 -0.12585397 0.48743793
v -0.25673264 -0.10019187 0.52416480
v -0.24709933 -0.12344535 0.52416480
v -0.26130167 -0.10019187 0.56089163
v -0.24709933 -0.12258743 0.56089163
v -0.26247647 -0.10019187 0.59761852
v -0.24709933 -0.12928221 0.59761852
v -0.25826108 -0.10019187 0.63434535
v -0.26869798 -0.10019187 0.67107224
v -0.27941683 -0.10019187 0.70779908
v -0.28097132 -0.10019187 0.74452597
v -0.26949775 -0.10019187 0.78125280
v -0.24709933 -0.10019187 0.80338192
v -0.24709933 -0.06952014 -0.68782169
v -0.24709933 -0.06346501 -0.68559355
v -0.24879764 -0.06346501 -0.65109479
v -0.24709933 -0.06732769 -0.65109479
v -0.24793845 -0.06346501 -0.61436796
v -0.24709933 -0.06583721 -0.61436796
v -0.24709933 -0.06346501 -0.60185695
v -0.24980588 -0.06346501 0.45071107
v -0.24709933 -0.06346501 0.43808004
v -0.26000431 -0.06346501 0.48743793
v -0.24709933 -0.06346501 0.52413398
v -0.24709933 -0.06351047 0.52416480
v -0.24709933 -0.06346501 0.52419519
v -0.25995886 -0.06346501 0.56089163
v -0.26231396 -0.06346501 0.59761852
v -0.26827005 -0.06346501 0.63434535
v -0.28127009 -0.06346501 0.67107224
v -0.28085783 -0.06346501 0.78125280
v -0.24709933 -0.06346501 0.79247779
v -0.24836409 -0.02673814 -0.68782169
v -0.24709933 -0.06105827 -0.68782169
v -0.24709933 -0.02673814 -0.68852621
v -0.26029608 -0.02673814 -0.65109479
v -0.24709933 -0.02673814 -0.62099874
v -0.24709933 -0.05768202 -0.61436796
v -0.25471205 -0.02673814 -0.54091424
v -0.24709933 -0.03754014 -0.54091424
v -0.24709933 -0.02673814 -0.55722839
v -0.24783906 -0.02673814 -0.50418735
v -0.24709933 -0.03348503 -0.50418735
v -0.24709933 -0.02673814 -0.50249332
v -0.24956973 -0.02673814 0.41398421
v -0.24709933 -0.03497627 0.41398421
v -0.24709933 -0.02673814 0.39313677
v -0.25529233 -0.02673814 0.45071107
v -0.25726372 -0.02673814 0.48743793
v -0.24709933 -0.06343110 0.52416480
v -0.26333195 -0.02673814 0.52416480
v -0.26310554 -0.02673814 0.56089163
v -0.26397887 -0.02673814 0.59761852
v -0.27463964 -0.02673814 0.63434535
v -0.28244036 -0.02673814 0.67107224
v -0.27509993 -0.02673814 0.78125280
v -0.24709933 -0.02673814 0.80565912
v -0.24709933 -0.01086572 -0.68782169
v -0.24709933 0.00408258 -0.65109479
v -0.24709933 0.00998872 -0.64007336
v -0.25593337 0.00998872 -0.61436796
v -0.24709933 -0.01461128 -0.61436796
v -0.24709933 0.00998872 -0.59789521
v -0.24709933 -0.00732724 -0.54091424
v -0.24709933 -0.02519912 -0.50418735
v -0.25930652 0.00998872 0.34053048
v -0.24709933 -0.01422908 0.34053048
v -0.24709933 0.00998872 0.31989935
v -0.25138229 0.00998872 0.37725735
v -0.24709933 -0.01651932 0.37725735
v -0.25787139 0.00998872 0.41398421
v -0.25580314 0.00998872 0.45071107
v -0.25762454 0.00998872 0.48743793
v -0.25725952 0.00998872 0.52416480
v -0.26572859 0.00998872 0.56089163
v -0.27509335 0.00998872 0.59761852
v -0.27790198 0.00998872 0.63434535
v -0.24709933 0.00998872 0.79370987
v -0.25004056 0.04671558 -0.68782169
v -0.24709933 0.02499041 -0.68782169
v -0.24709933 0.04671558 -0.68921375
v -0.24709933 0.04671558 -0.68131769
v -0.26177022 0.04671558 -0.61436796
v -0.24709933 0.04671558 -0.63426614
v -0.24709933 0.04671558 -0.58446854
v -0.24768761 0.04671558 -0.46746048
v -0.24709933 0.04564289 -0.46746048
v -0.24709933 0.04671558 -0.46888462
v -0.24709933 0.04671558 -0.46622020
v -0.25374177 0.04671558 0.26707676
v -0.24709933 0.02900159 0.26707676
v -0.24709933 0.04671558 0.25436532
v -0.24709933 0.04671558 0.28507143
v -0.24709933 0.03442066 0.34053048
v -0.24709933 0.02502711 0.37725735
v -0.24709933 0.04671558 0.38724309
v -0.26244020 0.04671558 0.41398421
v -0.26268691 0.04671558 0.45071107
v -0.27316785 0.04671558 0.48743793
v -0.26506555 0.04671558 0.52416480
v -0.27630293 0.04671558 0.56089163
v -0.24709933 0.04671558 0.81224322
v -0.24709933 0.05079297 -0.68782169
v -0.24709933 0.08344244 -0.66326869
v -0.25844896 0.08344244 -0.65109479
v -0.24709933 0.06652080 -0.65109479
v -0.24709933 0.08344244 -0.62459642
v -0.24709933 0.07543261 -0.61436796
v -0.24709933 0.04793110 -0.46746048
v -0.24776775 0.08344244 0.23034990
v -0.24709933 0.08190265 0.23034990
v -0.24709933 0.08344244 0.22922334
v -0.24709933 0.05857696 0.26707676
v -0.24709933 0.08344244 0.23174335
v -0.24960300 0.08344244 0.34053048
v -0.24709933 0.07647945 0.34053048
v -0.24709933 0.08344244 0.33233494
v -0.25430447 0.08344244 0.37725735
v -0.24709933 0.06156449 0.37725735
v -0.26727146 0.08344244 0.41398421
v -0.27400252 0.08344244 0.45071107
v -0.26764622 0.08344244 0.48743793
v -0.27440432 0.08344244 0.52416480
v -0.26595464 0.08344244 0.56089163
v -0.28146422 0.08344244 0.63434535
v -0.27712658 0.08344244 0.78125280
v -0.24709933 0.08344244 0.80872005
v -0.25375283 0.12016930 -0.68782169
v -0.24709933 0.11043314 -0.68782169
v -0.24709933 0.12016930 -0.69206756
v -0.24709933 0.10887562 -0.65109479
v -0.24709933 0.12016930 -0.66501504
v -0.24754478 0.12016930 0.12016930
v -0.24709933 0.11944582 0.12016930
v -0.24709933 0.12016930 0.11969135
v -0.24709933 0.12016930 0.12070470
v -0.24709933 0.08502020 0.23034990
v -0.25921071 0.12016930 0.30380362
v -0.24709933 0.09906128 0.30380362
v -0.24709933 0.12016930 0.28436884
v -0.25677958 0.12016930 0.34053048
v -0.25637588 0.12016930 0.37725735
v -0.27017564 0.12016930 0.41398421
v -0.26792926 0.12016930 0.45071107
v -0.27515039 0.12016930 0.48743793
v -0.27742970 0.12016930 0.52416480
v -0.27619973 0.12016930 0.56089163
v -0.24709933 0.12016930 0.80362797
v -0.25532737 0.15689617 -0.68782169
v -0.24709933 0.15689617 -0.69220722
v -0.24709933 0.13328753 -0.65109479
v -0.26051527 0.15689617 -0.65109479
v -0.24709933 0.15689617 -0.62229371
v -0.25007641 0.15689617 -0.54091424
v -0.24709933 0.15369344 -0.54091424
v -0.24709933 0.15689617 -0.56453866
v -0.24709933 0.15689617 -0.53236657
v -0.25490636 0.15689617 -0.46746048
v -0.24709933 0.14616962 -0.46746048
v -0.24709933 0.15689617 -0.48195586
v -0.24709933 0.15689617 -0.45017725
v -0.24709933 0.12262585 0.12016930
v -0.25661701 0.15689617 0.30380362
v -0.24709933 0.15689617 0.27363127
v -0.24709933 0.15689617 0.34035143
v -0.24709933 0.15674752 0.34053048
v -0.24709933 0.15689617 0.34060782
v -0.26537162 0.15689617 0.37725735
v -0.26106384 0.15689617 0.41398421
v -0.26365837 0.15689617 0.45071107
v -0.28083137 0.15689617 0.48743793
v -0.26893258 0.15689617 0.52416480
v -0.27406704 0.15689617 0.59761852
v -0.28090107 0.15689617 0.70779908
v -0.28230655 0.15689617 0.78125280
v -0.24709933 0.15689617 0.81356633
v -0.25822228 0.19362304 -0.68782169
v -0.24709933 0.19362304 -0.69333887
v -0.25588700 0.19362304 -0.65109479
v -0.24709933 0.17874162 -0.61436796
v -0.24876590 0.19362304 -0.61436796
v -0.24709933 0.19362304 -0.60964799
v -0.24709933 0.16178398 -0.54091424
v -0.24709933 0.16971920 -0.46746048
v -0.24749777 0.19362304 0.12016930
v -0.24709933 0.19102113 0.12016930
v -0.24709933 0.19362304 0.11953723
v -0.24709933 0.19362304 0.12228898
v -0.26834401 0.19362304 0.30380362
v -0.24709933 0.19362304 0.27577049
v -0.24709933 0.15702155 0.34053048
v -0.25663471 0.19362304 0.34053048
v -0.25973707 0.19362304 0.37725735
v -0.26173899 0.19362304 0.41398421
v -0.25689489 0.19362304 0.45071107
v -0.26080492 0.19362304 0.48743793
v -0.26800433 0.19362304 0.52416480
v -0.28345695 0.19362304 0.56089163
v -0.28278306 0.19362304 0.59761852
v -0.24709933 0.19362304 0.81464231
v -0.25601518 0.23034990 -0.68782169
v -0.24709933 0.23034990 -0.69201529
v -0.26045692 0.23034990 -0.65109479
v -0.24709933 0.23034990 -0.63399822
v -0.24709933 0.19929786 -0.61436796
v -0.24716090 0.23034990 0.12016930
v -0.24709933 0.23034990 0.12006689
v -0.24709933 0.23034990 0.12144899
v -0.26086384 0.23034990 0.26707676
v -0.24709933 0.20416471 0.26707676
v -0.24709933 0.23034990 0.23874606
v -0.26488322 0.23034990 0.30380362
v -0.26514760 0.23034990 0.34053048
v -0.27760524 0.23034990 0.37725735
v -0.26445648 0.23034990 0.41398421
v -0.26375240 0.23034990 0.45071107
v -0.26449186 0.23034990 0.48743793
v -0.28230032 0.23034990 0.52416480
v -0.28272814 0.23034990 0.56089163
v -0.28041434 0.23034990 0.59761852
v -0.24709933 0.20423771 0.81797969
v -0.26872307 0.23034990 0.81797969
v -0.24709933 0.23034990 0.82361418
v -0.25342596 0.26707676 -0.68782169
v -0.24709933 0.26707676 -0.69144231
v -0.26110137 0.26707676 -0.65109479
v -0.24709933 0.24892543 -0.61436796
v -0.26469162 0.26707676 -0.61436796
v -0.24709933 0.26707676 -0.59529674
v -0.24709933 0.23049293 0.12016930
v -0.25066862 0.26707676 0.19362304
v -0.24709933 0.24364163 0.19362304
v -0.24709933 0.26707676 0.16434896
v -0.24709933 0.26707676 0.20664465
v -0.25003108 0.26707676 0.26707676
v -0.24709933 0.26707676 0.25789127
v -0.25888336 0.26707676 0.30380362
v -0.26815677 0.26707676 0.34053048
v -0.26086861 0.26707676 0.37725735
v -0.26324108 0.26707676 0.41398421
v -0.26486102 0.26707676 0.45071107
v -0.26224306 0.26707676 0.48743793
v -0.27499816 0.26707676 0.52416480
v -0.27505091 0.26707676 0.56089163
v -0.24709933 0.26707676 0.81110656
v -0.24709933 0.25091642 0.81797969
v -0.25092080 0.30380362 -0.68782169
v -0.24709933 0.30380362 -0.68977827
v -0.25494713 0.30380362 -0.65109479
v -0.24709933 0.30380362 -0.62500775
v -0.24709933 0.29480222 -0.61436796
v -0.24736628 0.30380362 -0.39400676
v -0.24709933 0.30350450 -0.39400676
v -0.24709933 0.30380362 -0.39466894
v -0.24851820 0.30380362 -0.35727990
v -0.24709933 0.29594824 -0.35727990
v -0.24709933 0.30380362 -0.35444853
v -0.25046855 0.30380362 0.15689617
v -0.24709933 0.27458847 0.15689617
v -0.24709933 0.30380362 0.15015076
v -0.25106412 0.30380362 0.19362304
v -0.24709933 0.29517180 0.23034990
v -0.25196862 0.30380362 0.23034990
v -0.26430944 0.30380362 0.26707676
v -0.27281564 0.30380362 0.30380362
v -0.26705879 0.30380362 0.34053048
v -0.26028353 0.30380362 0.37725735
v -0.26861379 0.30380362 0.41398421
v -0.26293188 0.30380362 0.45071107
v -0.27218246 0.30380362 0.48743793
v -0.28032434 0.30380362 0.52416480
v -0.27869207 0.30380362 0.56089163
v -0.24709933 0.30380362 0.80970091
v -0.25703099 0.34053048 -0.68782169
v -0.24709933 0.34053048 -0.69017971
v -0.25348938 0.34053048 -0.65109479
v -0.24709933 0.34053048 -0.63951659
v -0.25053105 0.34053048 -0.57764107
v -0.24709933 0.31267110 -0.57764107
v -0.24709933 0.34053048 -0.58466625
v -0.24709933 0.34053048 -0.56803924
v -0.25203547 0.34053048 -0.50418735
v -0.24709933 0.32940638 -0.50418735
v -0.24709933 0.34053048 -0.51439822
v -0.24709933 0.34053048 -0.48686233
v -0.24709933 0.30693701 -0.39400676
v -0.24709933 0.30888286 -0.35727990
v -0.25629407 0.34053048 0.08344244
v -0.24709933 0.31794313 0.08344244
v -0.24709933 0.34053048 0.07404469
v -0.25019374 0.34053048 0.12016930
v -0.24709933 0.33465123 0.12016930
v -0.26238823 0.34053048 0.15689617
v -0.25942513 0.34053048 0.19362304
v -0.24709933 0.34053048 0.22313577
v -0.24709933 0.31690553 0.23034990
v -0.24709933 0.34053048 0.24353459
v -0.25465137 0.34053048 0.26707676
v -0.26732686 0.34053048 0.30380362
v -0.27719340 0.34053048 0.34053048
v -0.26606980 0.34053048 0.37725735
v -0.27147621 0.34053048 0.41398421
v -0.27600095 0.34053048 0.45071107
v -0.27411544 0.34053048 0.48743793
v -0.27583268 0.34053048 0.56089163
v -0.24709933 0.32314789 0.81797969
v -0.24709933 0.34053048 0.82478333
v -0.24709933 0.36185077 -0.68782169
v -0.24709933 0.37725735 -0.67984968
v -0.26095825 0.37725735 -0.65109479
v -0.24709933 0.35869932 -0.61436796
v -0.25942519 0.37725735 -0.61436796
v -0.25815329 0.37725735 -0.57764107
v -0.24709933 0.36301893 -0.54091424
v -0.25256532 0.37725735 -0.54091424
v -0.25425285 0.37725735 -0.50418735
v -0.24709933 0.37725735 -0.48097926
v -0.25455675 0.37725735 -0.43073362
v -0.24709933 0.36063567 -0.43073362
v -0.24709933 0.37725735 -0.45267937
v -0.24709933 0.37725735 -0.40823418
v -0.25254199 0.37725735 -0.35727990
v -0.24709933 0.36156943 -0.35727990
v -0.24709933 0.37725735 -0.37869412
v -0.25011790 0.37725735 -0.32055303
v -0.24709933 0.36471361 -0.32055303
v -0.25476500 0.37725735 -0.28382617
v -0.24709933 0.36527583 -0.28382617
v -0.25547391 0.37725735 -0.24709933
v -0.24709933 0.35966012 -0.24709933
v -0.25621265 0.37725735 -0.21037246
v -0.24709933 0.36238804 -0.21037246
v -0.25780177 0.37725735 -0.17364560
v -0.24709933 0.35114530 -0.17364560
v -0.25584629 0.37725735 -0.13691874
v -0.24709933 0.36650383 -0.13691874
v -0.26858303 0.37725735 -0.10019187
v -0.24709933 0.35279611 -0.10019187
v -0.26309076 0.37725735 -0.06346501
v -0.24709933 0.34882030 -0.06346501
v -0.25915650 0.37725735 -0.02673814
v -0.24709933 0.34643787 -0.02673814
v -0.26245350 0.37725735 0.00998872
v -0.24709933 0.35059863 0.00998872
v -0.25794494 0.37725735 0.04671558
v -0.24709933 0.36574334 0.04671558
v -0.26187468 0.37725735 0.08344244
v -0.26471069 0.37725735 0.12016930
v -0.26549730 0.37725735 0.15689617
v -0.26842141 0.37725735 0.19362304
v -0.24709933 0.34405711 0.23034990
v -0.28051215 0.37725735 0.23034990
v -0.27476895 0.37725735 0.26707676
v -0.28015536 0.37725735 0.30380362
v -0.24709933 0.37725735 0.81197298
v -0.24709933 0.35832748 0.81797969
v -0.25567916 0.41398421 -0.68782169
v -0.24709933 0.38627204 -0.68782169
v -0.24709933 0.41398421 -0.69286388
v -0.24925801 0.41398421 -0.65109479
v -0.26113445 0.41398421 -0.61436796
v -0.25974631 0.41398421 -0.57764107
v -0.25621524 0.41398421 -0.54091424
v -0.25572118 0.41398421 -0.50418735
v -0.24709933 0.39178085 -0.46746048
v -0.25745004 0.41398421 -0.46746048
v -0.25820953 0.41398421 -0.43073362
v -0.24709933 0.38520896 -0.39400676
v -0.25866795 0.41398421 -0.39400676
v -0.26283941 0.41398421 -0.35727990
v -0.25559244 0.41398421 -0.32055303
v -0.25591704 0.41398421 -0.28382617
v -0.26365080 0.41398421 -0.24709933
v -0.26416323 0.41398421 -0.21037246
v -0.26189500 0.41398421 -0.17364560
v -0.25884706 0.41398421 -0.13691874
v -0.26684451 0.41398421 -0.10019187
v -0.26958448 0.41398421 -0.06346501
v -0.26864222 0.41398421 -0.02673814
v -0.26341599 0.41398421 0.00998872
v -0.26418522 0.41398421 0.04671558
v -0.27006018 0.41398421 0.08344244
v -0.27654305 0.41398421 0.12016930
v -0.26973283 0.41398421 0.15689617
v -0.27525005 0.41398421 0.19362304
v -0.28349945 0.41398421 0.23034990
v -0.24709933 0.40467009 0.81797969
v -0.25642857 0.41398421 0.81797969
v -0.24709933 0.41398421 0.82028800
v -0.25384438 0.45071107 -0.68782169
v -0.24709933 0.45071107 -0.69048494
v -0.25912678 0.45071107 -0.65109479
v -0.26675534 0.45071107 -0.61436796
v -0.26847705 0.45071107 -0.57764107
v -0.25936797 0.45071107 -0.54091424
v -0.25941798 0.45071107 -0.50418735
v -0.26165682 0.45071107 -0.46746048
v -0.25906935 0.45071107 -0.43073362
v -0.25223252 0.45071107 -0.39400676
v -0.25596070 0.45071107 -0.35727990
v -0.25392577 0.45071107 -0.32055303
v -0.26317468 0.45071107 -0.28382617
v -0.26311982 0.45071107 -0.24709933
v -0.26214191 0.45071107 -0.21037246
v -0.26292816 0.45071107 -0.17364560
v -0.25993589 0.45071107 -0.13691874
v -0.26965269 0.45071107 -0.10019187
v -0.24709933 0.45071107 -0.07019893
v -0.24709933 0.44572470 -0.06346501
v -0.26913294 0.45071107 -0.06346501
v -0.24709933 0.45071107 -0.05912129
v -0.27893123 0.45071107 -0.02673814
v -0.26416364 0.45071107 0.00998872
v -0.27093568 0.45071107 0.04671558
v -0.27437133 0.45071107 0.08344244
v -0.27000183 0.45071107 0.12016930
v -0.27704224 0.45071107 0.15689617
v -0.24709933 0.45071107 0.81620377
v -0.25891480 0.45071107 0.81797969
v -0.24709933 0.43604323 0.81797969
v -0.25263613 0.48743793 -0.68782169
v -0.24709933 0.48743793 -0.69064629
v -0.27058691 0.48743793 -0.65109479
v -0.25372908 0.48743793 -0.61436796
v -0.25472239 0.48743793 -0.57764107
v -0.25973806 0.48743793 -0.54091424
v -0.26503769 0.48743793 -0.50418735
v -0.26836574 0.48743793 -0.46746048
v -0.26265743 0.48743793 -0.43073362
v -0.25330177 0.48743793 -0.39400676
v -0.26012248 0.48743793 -0.35727990
v -0.26488245 0.48743793 -0.32055303
v -0.26682329 0.48743793 -0.28382617
v -0.26367861 0.48743793 -0.24709933
v -0.26659828 0.48743793 -0.21037246
v -0.27473441 0.48743793 -0.17364560
v -0.25252840 0.48743793 -0.13691874
v -0.27147019 0.48743793 -0.10019187
v -0.24709933 0.45683801 -0.06346501
v -0.27832726 0.48743793 -0.02673814
v -0.26560426 0.48743793 0.04671558
v -0.27396014 0.48743793 0.08344244
v -0.24709933 0.48743793 0.81295925
v -0.27273342 0.52416480 -0.68782169
v -0.24709933 0.52416480 -0.69632643
v -0.25278732 0.52416480 -0.65109479
v -0.26377711 0.52416480 -0.61436796
v -0.26313433 0.52416480 -0.57764107
v -0.26622048 0.52416480 -0.54091424
v -0.27194393 0.52416480 -0.50418735
v -0.26107386 0.52416480 -0.46746048
v -0.24709933 0.52416480 -0.44185573
v -0.24709933 0.51835042 -0.43073362
v -0.24709933 0.52416480 -0.42453820
v -0.28047353 0.52416480 -0.39400676
v -0.25058588 0.52416480 -0.35727990
v -0.26797637 0.52416480 -0.32055303
v -0.26929796 0.52416480 -0.28382617
v -0.26198947 0.52416480 -0.24709933
v -0.26098984 0.52416480 -0.21037246
v -0.27428308 0.52416480 -0.10019187
v -0.25894514 0.52416480 0.08344244
v -0.26950181 0.52416480 0.15689617
v -0.24709933 0.52416480 0.80523199
v -0.25313386 0.56089163 -0.68782169
v -0.24709933 0.56089163 -0.69227040
v -0.24709933 0.56089163 -0.65798008
v -0.24709933 0.55112374 -0.65109479
v -0.24709933 0.56089163 -0.64560378
v -0.25721502 0.56089163 -0.61436796
v -0.25441068 0.56089163 -0.57764107
v -0.26621979 0.56089163 -0.54091424
v -0.25709468 0.56089163 -0.50418735
v -0.25688201 0.56089163 -0.46746048
v -0.24709933 0.56089163 -0.44275153
v -0.24804074 0.56089163 -0.39400676
v -0.24709933 0.56089163 -0.39891273
v -0.24709933 0.56089163 -0.39147505
v -0.24709933 0.53117478 -0.35727990
v -0.24709933 0.54382360 -0.32055303
v -0.24709933 0.55111098 -0.28382617
v -0.24709933 0.56089163 -0.25602564
v -0.24928434 0.56089163 -0.24709933
v -0.26191494 0.56089163 -0.21037246
v -0.24709933 0.55529851 -0.17364560
v -0.24709933 0.56089163 -0.17907791
v -0.24709933 0.53526241 -0.13691874
v -0.24709933 0.54942095 -0.10019187
v -0.24709933 0.55255729 -0.06346501
v -0.24709933 0.54737222 -0.02673814
v -0.24709933 0.54356205 0.00998872
v -0.24709933 0.55549449 0.04671558
v -0.24709933 0.55353028 0.08344244
v -0.24709933 0.54204196 0.12016930
v -0.24709933 0.53732932 0.15689617
v -0.24709933 0.54617226 0.19362304
v -0.24709933 0.55183280 0.23034990
v -0.24988706 0.56089163 0.26707676
v -0.24709933 0.56089163 0.25572109
v -0.26095307 0.56089163 0.30380362
v -0.24709933 0.56089163 0.32629403
v -0.24709933 0.55372995 0.34053048
v -0.24709933 0.56089163 0.35337669
v -0.25229171 0.56089163 0.41398421
v -0.24970697 0.56089163 0.45071107
v -0.26374915 0.56089163 0.48743793
v -0.24709933 0.56089163 0.50490904
v -0.24709933 0.55088544 0.52416480
v -0.24709933 0.55046540 0.56089163
v -0.26452470 0.56089163 0.59761852
v -0.24709933 0.56089163 0.57586926
v -0.25331551 0.56089163 0.63434535
v -0.24709933 0.56089163 0.63067430
v -0.24709933 0.55879796 0.63434535
v -0.27556136 0.56089163 0.67107224
v -0.24709933 0.56089163 0.64066428
v -0.25563294 0.56089163 0.70779908
v -0.24709933 0.56089163 0.75804985
v -0.24709933 0.54017144 0.78125280
v -0.24709933 0.57186401 -0.68782169
v -0.24709933 0.58076960 -0.61436796
v -0.24709933 0.56649220 -0.57764107
v -0.24709933 0.56895113 -0.54091424
v -0.24709933 0.57488585 -0.50418735
v -0.24709933 0.57033044 -0.46746048
v -0.24709933 0.56239367 -0.39400676
v -0.24709933 0.58714336 -0.24709933
v -0.24709933 0.57924736 -0.21037246
v -0.24709933 0.56245869 0.26707676
v -0.24709933 0.57817954 0.30380362
v -0.24709933 0.57471591 0.37725735
v -0.24709933 0.56431895 0.41398421
v -0.24709933 0.56260145 0.45071107
v -0.24709933 0.56646615 0.48743793
v -0.24709933 0.57233477 0.59761852
v -0.24709933 0.59761852 0.66937548
v -0.25076473 0.59761852 0.67107224
v -0.24709933 0.59761852 0.67316973
v -0.24709933 0.56674975 0.70779908
v -0.24709933 0.57879180 0.74452597
v -0.24709933 0.59847498 0.67107224
v -0.21149439 -0.61436796 0.52416480
v -0.21037246 -0.61561191 0.52416480
v -0.21037246 -0.61436796 0.52047074
v -0.21498328 -0.61436796 0.56089163
v -0.21037246 -0.62510061 0.56089163
v -0.21037246 -0.61436796 0.57232440
v -0.21643130 -0.61436796 0.70779908
v -0.21037246 -0.62349331 0.70779908
v -0.21037246 -0.61436796 0.68953711
v -0.21405615 -0.61436796 0.74452597
v -0.21037246 -0.63773137 0.74452597
v -0.21037246 -0.61436796 0.75036585
v -0.21801235 -0.57764107 0.19362304
v -0.21037246 -0.58403051 0.19362304
v -0.21037246 -0.57764107 0.17377782
v -0.21812148 -0.57764107 0.23034990
v -0.21037246 -0.58573794 0.23034990
v -0.22139440 -0.57764107 0.26707676
v -0.21037246 -0.59215742 0.26707676
v -0.21037246 -0.57764107 0.28763798
v -0.21983619 -0.57764107 0.34053048
v -0.21037246 -0.58331770 0.34053048
v -0.21037246 -0.57764107 0.32419473
v -0.22742951 -0.57764107 0.37725735
v -0.21037246 -0.58473957 0.37725735
v -0.21571727 -0.57764107 0.41398421
v -0.21037246 -0.58373004 0.41398421
v -0.21368958 -0.57764107 0.45071107
v -0.21037246 -0.58252877 0.45071107
v -0.21213368 -0.57764107 0.48743793
v -0.21037246 -0.58197021 0.48743793
v -0.22062707 -0.57764107 0.52416480
v -0.22905596 -0.57764107 0.59761852
v -0.21037246 -0.59796512 0.59761852
v -0.23487122 -0.57764107 0.63434535
v -0.21037246 -0.61296320 0.63434535
v -0.21037246 -0.60455418 0.67107224
v -0.23655854 -0.57764107 0.78125280
v -0.21037246 -0.59350598 0.78125280
v -0.21037246 -0.57764107 0.78928852
v -0.21993575 -0.54091424 -0.68782169
v -0.21037246 -0.55051827 -0.68782169
v -0.21037246 -0.54091424 -0.69505394
v -0.21615481 -0.54091424 -0.65109479
v -0.21037246 -0.54511213 -0.65109479
v -0.21037246 -0.54091424 -0.63251579
v -0.22874528 -0.54091424 -0.39400676
v -0.21037246 -0.54708678 -0.39400676
v -0.21037246 -0.54091424 -0.41265050
v -0.21037246 -0.54091424 -0.37585607
v -0.21483512 -0.54091424 -0.21037246
v -0.21037246 -0.54810882 -0.21037246
v -0.21037246 -0.54091424 -0.22823860
v -0.23007730 -0.54091424 -0.17364560
v -0.21037246 -0.55266190 -0.17364560
v -0.21037246 -0.54091424 -0.14187883
v -0.22541218 -0.54091424 -0.10019187
v -0.21037246 -0.55525297 -0.10019187
v -0.21037246 -0.54091424 -0.13129652
v -0.21037246 -0.54091424 -0.08169822
v -0.21442421 -0.54091424 -0.02673814
v -0.21037246 -0.54820937 -0.02673814
v -0.21037246 -0.54091424 -0.03556400
v -0.21812506 -0.54091424 0.00998872
v -0.21037246 -0.54914659 0.00998872
v -0.22278765 -0.54091424 0.04671558
v -0.21037246 -0.57623124 0.04671558
v -0.23573980 -0.54091424 0.08344244
v -0.21037246 -0.56354028 0.08344244
v -0.23640493 -0.54091424 0.12016930
v -0.21037246 -0.56061310 0.12016930
v -0.24116005 -0.54091424 0.15689617
v -0.21037246 -0.57269478 0.15689617
v -0.23994578 -0.54091424 0.19362304
v -0.21465845 -0.54091424 0.23034990
v -0.21453138 -0.54091424 0.26707676
v -0.21037246 -0.56334859 0.30380362
v -0.22283480 -0.54091424 0.30380362
v -0.23293523 -0.54091424 0.37725735
v -0.23198983 -0.54091424 0.41398421
v -0.22932895 -0.54091424 0.45071107
v -0.24425259 -0.54091424 0.48743793
v -0.23565601 -0.54091424 0.52416480
v -0.23856802 -0.54091424 0.67107224
v -0.23714158 -0.54091424 0.70779908
v -0.24114604 -0.54091424 0.74452597
v -0.24116194 -0.54091424 0.78125280
v -0.21037246 -0.54091424 0.79762137
v -0.23378593 -0.50418735 -0.68782169
v -0.21037246 -0.50418735 -0.70554727
v -0.22378756 -0.50418735 -0.65109479
v -0.21037246 -0.53020376 -0.61436796
v -0.21037246 -0.50418735 -0.59002340
v -0.22579774 -0.50418735 -0.54091424
v -0.21037246 -0.52227139 -0.54091424
v -0.21037246 -0.50418735 -0.57092202
v -0.22679989 -0.50418735 -0.50418735
v -0.21037246 -0.52771378 -0.50418735
v -0.21932903 -0.50418735 -0.46746048
v -0.21037246 -0.51259953 -0.46746048
v -0.22956060 -0.50418735 -0.43073362
v -0.21037246 -0.53217673 -0.43073362
v -0.21726876 -0.50418735 -0.39400676
v -0.21037246 -0.50907844 -0.35727990
v -0.21221760 -0.50418735 -0.35727990
v -0.24584667 -0.50418735 -0.32055303
v -0.21037246 -0.54074681 -0.32055303
v -0.22812770 -0.50418735 -0.28382617
v -0.21037246 -0.53185093 -0.28382617
v -0.21037246 -0.53298658 -0.24709933
v -0.23453163 -0.50418735 -0.21037246
v -0.22012264 -0.50418735 -0.17364560
v -0.21037246 -0.53014392 -0.13691874
v -0.21623124 -0.50418735 -0.13691874
v -0.22710335 -0.50418735 -0.10019187
v -0.21037246 -0.52361578 -0.06346501
v -0.22679611 -0.50418735 -0.06346501
v -0.21037246 -0.52661103 -0.02673814
v -0.21037246 -0.50418735 -0.03798769
v -0.21037246 -0.50418735 -0.01444526
v -0.22630575 -0.50418735 0.00998872
v -0.23337193 -0.50418735 0.04671558
v -0.21664397 -0.50418735 0.08344244
v -0.22585659 -0.50418735 0.12016930
v -0.22110566 -0.50418735 0.15689617
v -0.23477778 -0.50418735 0.19362304
v -0.23270553 -0.50418735 0.23034990
v -0.23199123 -0.50418735 0.26707676
v -0.23288277 -0.50418735 0.30380362
v -0.22882548 -0.50418735 0.34053048
v -0.23020086 -0.50418735 0.37725735
v -0.22131917 -0.50418735 0.41398421
v -0.21080685 -0.50418735 0.45071107
v -0.22079688 -0.50418735 0.48743793
v -0.23695259 -0.50418735 0.52416480
v -0.22772820 -0.50418735 0.56089163
v -0.23193967 -0.50418735 0.59761852
v -0.23254891 -0.50418735 0.63434535
v -0.23446088 -0.50418735 0.67107224
v -0.23505582 -0.50418735 0.70779908
v -0.23335071 -0.50418735 0.74452597
v -0.23337719 -0.50418735 0.78125280
v -0.21037246 -0.50418735 0.79672623
v -0.21046843 -0.46746048 -0.72454852
v -0.21037246 -0.46797726 -0.72454852
v -0.21037246 -0.46746048 -0.72471482
v -0.23676926 -0.46746048 -0.68782169
v -0.23167641 -0.46746048 -0.65109479
v -0.22777478 -0.46746048 -0.61436796
v -0.21037246 -0.49634519 -0.57764107
v -0.22618189 -0.46746048 -0.57764107
v -0.22411743 -0.46746048 -0.54091424
v -0.22791146 -0.46746048 -0.50418735
v -0.22257140 -0.46746048 -0.46746048
v -0.21197599 -0.46746048 -0.43073362
v -0.21809803 -0.46746048 -0.39400676
v -0.21515049 -0.46746048 -0.35727990
v -0.21461776 -0.46746048 -0.32055303
v -0.21603145 -0.46746048 -0.28382617
v -0.22239354 -0.46746048 -0.24709933
v -0.21178952 -0.46746048 -0.21037246
v -0.21037246 -0.46746048 -0.20627686
v -0.21037246 -0.49013004 -0.17364560
v -0.21037246 -0.48714262 -0.13691874
v -0.21037246 -0.46746048 -0.11043941
v -0.21268673 -0.46746048 -0.10019187
v -0.21650486 -0.46746048 -0.06346501
v -0.21037246 -0.46746048 -0.03778069
v -0.21361245 -0.46746048 0.00998872
v -0.21037246 -0.46746048 -0.01085480
v -0.21137159 -0.46746048 0.04671558
v -0.21872099 -0.46746048 0.08344244
v -0.21905415 -0.46746048 0.12016930
v -0.21037246 -0.46746048 0.14148602
v -0.21037246 -0.48000532 0.15689617
v -0.21037246 -0.46746048 0.17057592
v -0.21959186 -0.46746048 0.19362304
v -0.22740051 -0.46746048 0.23034990
v -0.22293335 -0.46746048 0.26707676
v -0.22294198 -0.46746048 0.30380362
v -0.22226304 -0.46746048 0.34053048
v -0.22476575 -0.46746048 0.37725735
v -0.22443300 -0.46746048 0.41398421
v -0.22272146 -0.46746048 0.45071107
v -0.22676682 -0.46746048 0.48743793
v -0.22107001 -0.46746048 0.52416480
v -0.23070298 -0.46746048 0.56089163
v -0.22511229 -0.46746048 0.59761852
v -0.23897390 -0.46746048 0.67107224
v -0.23371014 -0.46746048 0.70779908
v -0.24354766 -0.46746048 0.78125280
v -0.21037246 -0.46746048 0.79519325
v -0.21037246 -0.46709624 -0.72454852
v -0.21037246 -0.43073362 -0.70989794
v -0.22921553 -0.43073362 -0.68782169
v -0.22251914 -0.43073362 -0.65109479
v -0.22364710 -0.43073362 -0.61436796
v -0.21950990 -0.43073362 -0.57764107
v -0.21859056 -0.43073362 -0.54091424
v -0.21758468 -0.43073362 -0.50418735
v -0.21675235 -0.43073362 -0.46746048
v -0.21559322 -0.43073362 -0.43073362
v -0.21037246 -0.43073362 -0.40907788
v -0.21037246 -0.44172421 -0.39400676
v -0.21037246 -0.43408111 -0.35727990
v -0.21037246 -0.44604599 -0.32055303
v -0.21037246 -0.43073362 -0.30173492
v -0.21426147 -0.43073362 -0.28382617
v -0.21037246 -0.43073362 -0.27543744
v -0.21037246 -0.44577786 -0.24709933
v -0.21037246 -0.46463040 -0.21037246
v -0.21037246 -0.46125653 -0.10019187
v -0.21037246 -0.45085728 -0.06346501
v -0.21037246 -0.45889425 0.00998872
v -0.21037246 -0.43073362 0.03585818
v -0.21554257 -0.43073362 0.04671558
v -0.21037246 -0.43073362 0.06187201
v -0.21037246 -0.44642618 0.08344244
v -0.21037246 -0.45234430 0.12016930
v -0.21302389 -0.43073362 0.19362304
v -0.21037246 -0.43073362 0.17647645
v -0.21233438 -0.43073362 0.23034990
v -0.21692383 -0.43073362 0.26707676
v -0.21037246 -0.43073362 0.30017245
v -0.21037246 -0.43165904 0.30380362
v -0.21037246 -0.43073362 0.30569416
v -0.22051990 -0.43073362 0.37725735
v -0.22335409 -0.43073362 0.41398421
v -0.21150707 -0.43073362 0.45071107
v -0.22438258 -0.43073362 0.48743793
v -0.22275074 -0.43073362 0.52416480
v -0.22797129 -0.43073362 0.56089163
v -0.22982413 -0.43073362 0.59761852
v -0.23700078 -0.43073362 0.63434535
v -0.23890728 -0.43073362 0.67107224
v -0.23540096 -0.43073362 0.78125280
v -0.21037246 -0.43073362 0.79606009
v -0.24106857 -0.39400676 -0.68782169
v -0.21037246 -0.39400676 -0.70764995
v -0.22371919 -0.39400676 -0.65109479
v -0.22622351 -0.39400676 -0.61436796
v -0.22291823 -0.39400676 -0.57764107
v -0.22663940 -0.39400676 -0.54091424
v -0.21359088 -0.39400676 -0.50418735
v -0.21037246 -0.39400676 -0.48541272
v -0.21037246 -0.40322879 -0.46746048
v -0.21037246 -0.40635005 -0.43073362
v -0.22044472 -0.39400676 -0.35727990
v -0.21037246 -0.42899433 -0.35727990
v -0.21037246 -0.39400676 -0.37448552
v -0.21037246 -0.39400676 -0.32671705
v -0.21037246 -0.42232090 -0.28382617
v -0.21037246 -0.41555357 0.04671558
v -0.21037246 -0.39400676 0.06131714
v -0.22127113 -0.39400676 0.08344244
v -0.21037246 -0.41610876 0.08344244
v -0.21037246 -0.39400676 0.11739276
v -0.21037246 -0.41101024 0.19362304
v -0.21037246 -0.39400676 0.21228319
v -0.21454273 -0.39400676 0.23034990
v -0.21037246 -0.39400676 0.24655296
v -0.21037246 -0.41130784 0.26707676
v -0.21586339 -0.39400676 0.34053048
v -0.21037246 -0.39400676 0.31272364
v -0.21037246 -0.39400676 0.35256928
v -0.21037246 -0.41504449 0.37725735
v -0.21037246 -0.39400676 0.40671375
v -0.21565150 -0.39400676 0.41398421
v -0.22499327 -0.39400676 0.45071107
v -0.21461411 -0.39400676 0.48743793
v -0.21037246 -0.39400676 0.51052296
v -0.21037246 -0.39705080 0.52416480
v -0.21037246 -0.39400676 0.52881044
v -0.22415133 -0.39400676 0.56089163
v -0.22781710 -0.39400676 0.59761852
v -0.24134505 -0.39400676 0.63434535
v -0.23595625 -0.39400676 0.67107224
v -0.24152999 -0.39400676 0.74452597
v -0.23510653 -0.39400676 0.78125280
v -0.21037246 -0.39400676 0.79969794
v -0.23501736 -0.35727990 -0.68782169
v -0.21037246 -0.35727990 -0.70883286
v -0.24336925 -0.35727990 -0.61436796
v -0.23467201 -0.35727990 -0.57764107
v -0.22038729 -0.35727990 -0.54091424
v -0.21037246 -0.35727990 -0.51166320
v -0.21037246 -0.37223670 -0.50418735
v -0.21037246 -0.36837921 -0.35727990
v -0.21065931 -0.35727990 -0.02673814
v -0.21037246 -0.35812032 -0.02673814
v -0.21037246 -0.35727990 -0.02720952
v -0.21566473 -0.35727990 0.00998872
v -0.21037246 -0.39160380 0.00998872
v -0.21037246 -0.35727990 0.02526073
v -0.21975760 -0.35727990 0.08344244
v -0.21037246 -0.35727990 0.06286316
v -0.21037246 -0.35727990 0.09706924
v -0.21037246 -0.38845831 0.23034990
v -0.21574256 -0.35727990 0.34053048
v -0.21037246 -0.35727990 0.31899250
v -0.21037246 -0.35727990 0.36376891
v -0.21037246 -0.38489351 0.41398421
v -0.21037246 -0.35727990 0.44111142
v -0.21448003 -0.35727990 0.45071107
v -0.21037246 -0.35727990 0.46481651
v -0.21037246 -0.38088721 0.48743793
v -0.21037246 -0.35727990 0.49940151
v -0.22996430 -0.35727990 0.52416480
v -0.21037246 -0.38897762 0.52416480
v -0.24123633 -0.35727990 0.56089163
v -0.24011090 -0.35727990 0.59761852
v -0.23641004 -0.35727990 0.63434535
v -0.24559358 -0.35727990 0.70779908
v -0.23134556 -0.35727990 0.78125280
v -0.21037246 -0.35727990 0.79492801
v -0.23863877 -0.32055303 -0.68782169
v -0.21037246 -0.32055303 -0.71293807
v -0.23763284 -0.32055303 -0.65109479
v -0.22777003 -0.32055303 -0.61436796
v -0.22816554 -0.32055303 -0.57764107
v -0.21410449 -0.32055303 -0.54091424
v -0.21037246 -0.34955609 -0.50418735
v -0.21825305 -0.32055303 -0.50418735
v -0.21037246 -0.32055303 -0.49363604
v -0.21183856 -0.32055303 -0.32055303
v -0.21037246 -0.33446214 -0.32055303
v -0.21037246 -0.32055303 -0.32511210
v -0.21037246 -0.32055303 -0.31581023
v -0.21037246 -0.35615790 -0.02673814
v -0.21037246 -0.34540164 0.00998872
v -0.21037246 -0.33299205 0.08344244
v -0.21303475 -0.32055303 0.23034990
v -0.21037246 -0.32585379 0.23034990
v -0.21037246 -0.32055303 0.22473881
v -0.21037246 -0.32055303 0.25373781
v -0.21037246 -0.33494571 0.34053048
v -0.21707556 -0.32055303 0.41398421
v -0.21037246 -0.33609021 0.41398421
v -0.21037246 -0.32055303 0.38934630
v -0.21037246 -0.34402999 0.45071107
v -0.21037246 -0.32055303 0.43378171
v -0.21037246 -0.32055303 0.47124720
v -0.21448116 -0.32055303 0.48743793
v -0.21037246 -0.33765087 0.48743793
v -0.21795884 -0.32055303 0.52416480
v -0.24007286 -0.32055303 0.56089163
v -0.23846169 -0.32055303 0.59761852
v -0.23931855 -0.32055303 0.63434535
v -0.21037246 -0.32055303 0.80306053
v -0.24037401 -0.28382617 -0.68782169
v -0.21037246 -0.28382617 -0.70695567
v -0.23681983 -0.28382617 -0.61436796
v -0.22769324 -0.28382617 -0.57764107
v -0.22073615 -0.28382617 -0.54091424
v -0.21151477 -0.28382617 -0.50418735
v -0.21037246 -0.28382617 -0.48307022
v -0.21037246 -0.31716153 -0.32055303
v -0.21406947 -0.28382617 0.08344244
v -0.21037246 -0.29746649 0.08344244
v -0.21037246 -0.28382617 0.07874007
v -0.21037246 -0.28382617 0.10128491
v -0.21037246 -0.30843025 0.23034990
v -0.21345876 -0.28382617 0.37725735
v -0.21037246 -0.29791993 0.37725735
v -0.21037246 -0.28382617 0.35142535
v -0.21037246 -0.28382617 0.39658299
v -0.21037246 -0.29175019 0.41398421
v -0.21037246 -0.28382617 0.42459202
v -0.21650527 -0.28382617 0.45071107
v -0.21037246 -0.30006006 0.45071107
v -0.21037246 -0.28382617 0.48263565
v -0.21037246 -0.28864843 0.48743793
v -0.21037246 -0.28382617 0.48960966
v -0.22760659 -0.28382617 0.52416480
v -0.22664535 -0.28382617 0.56089163
v -0.21037246 -0.28382617 0.80757838
v -0.23639007 -0.24709933 -0.68782169
v -0.21037246 -0.24709933 -0.70568919
v -0.21548884 -0.24709933 -0.57764107
v -0.21444024 -0.24709933 -0.54091424
v -0.21037246 -0.24709933 -0.53267449
v -0.21037246 -0.28147268 -0.50418735
v -0.21037246 -0.24709933 -0.48208883
v -0.21910234 -0.24709933 -0.46746048
v -0.21037246 -0.28121755 -0.46746048
v -0.21037246 -0.24709933 -0.44841605
v -0.21037246 -0.26316264 0.08344244
v -0.21037246 -0.27199128 0.37725735
v -0.21037246 -0.24709933 0.39581609
v -0.21600631 -0.24709933 0.41398421
v -0.21037246 -0.27265188 0.41398421
v -0.22475258 -0.24709933 0.45071107
v -0.21037246 -0.28265682 0.48743793
v -0.22652102 -0.24709933 0.48743793
v -0.22371450 -0.24709933 0.52416480
v -0.22510543 -0.24709933 0.56089163
v -0.21037246 -0.24709933 0.79943836
v -0.24208213 -0.21037246 -0.68782169
v -0.21037246 -0.21037246 -0.69850951
v -0.24285655 -0.21037246 -0.65109479
v -0.23428574 -0.21037246 -0.61436796
v -0.21037246 -0.21037246 -0.57920617
v -0.21037246 -0.21925275 -0.57764107
v -0.21037246 -0.21037246 -0.55261004
v -0.21151085 -0.21037246 -0.54091424
v -0.21037246 -0.22030799 -0.50418735
v -0.21703444 -0.21037246 -0.50418735
v -0.21037246 -0.21037246 -0.47711030
v -0.21037246 -0.21648481 -0.46746048
v -0.21037246 -0.21037246 -0.45067897
v -0.21286459 -0.21037246 -0.43073362
v -0.21037246 -0.21784829 -0.43073362
v -0.21037246 -0.21037246 -0.40666792
v -0.21719052 -0.21037246 0.37725735
v -0.21037246 -0.22459875 0.37725735
v -0.21037246 -0.21037246 0.36239225
v -0.22626057 -0.21037246 0.41398421
v -0.22851452 -0.21037246 0.45071107
v -0.22641517 -0.21037246 0.48743793
v -0.22621140 -0.21037246 0.52416480
v -0.22878836 -0.21037246 0.56089163
v -0.23316702 -0.21037246 0.59761852
v -0.21037246 -0.21037246 0.80531240
v -0.24019167 -0.17364560 -0.68782169
v -0.21037246 -0.17364560 -0.70174634
v -0.23671532 -0.17364560 -0.65109479
v -0.23641284 -0.17364560 -0.61436796
v -0.21037246 -0.20844662 -0.57764107
v -0.22384724 -0.17364560 -0.57764107
v -0.22153753 -0.17364560 -0.54091424
v -0.21391724 -0.17364560 -0.50418735
v -0.21037246 -0.17364560 -0.49354133
v -0.21037246 -0.19815172 -0.43073362
v -0.21307319 -0.17364560 -0.17364560
v -0.21037246 -0.17716880 -0.17364560
v -0.21037246 -0.17364560 -0.18610863
v -0.21037246 -0.17364560 -0.16761260
v -0.21193193 -0.17364560 0.26707676
v -0.21037246 -0.17808878 0.26707676
v -0.21037246 -0.17364560 0.26278347
v -0.21037246 -0.17364560 0.27429536
v -0.23762752 -0.17364560 0.37725735
v -0.21037246 -0.17364560 0.34071219
v -0.23225357 -0.17364560 0.41398421
v -0.23372863 -0.17364560 0.45071107
v -0.23851149 -0.17364560 0.48743793
v -0.22192995 -0.17364560 0.52416480
v -0.22621083 -0.17364560 0.56089163
v -0.24576934 -0.17364560 0.59761852
v -0.21037246 -0.17568681 0.81797969
v -0.21147351 -0.17364560 0.81797969
v -0.21037246 -0.17364560 0.81843430
v -0.23579940 -0.13691874 -0.68782169
v -0.21037246 -0.13691874 -0.70354605
v -0.24324246 -0.13691874 -0.65109479
v -0.24063705 -0.13691874 -0.61436796
v -0.22273056 -0.13691874 -0.57764107
v -0.21634430 -0.13691874 -0.54091424
v -0.23077935 -0.13691874 -0.50418735
v -0.21037246 -0.13691874 -0.46872461
v -0.21452466 -0.13691874 -0.43073362
v -0.21037246 -0.15265287 -0.43073362
v -0.21037246 -0.13691874 -0.45942867
v -0.22697130 -0.13691874 -0.39400676
v -0.21037246 -0.16709696 -0.39400676
v -0.21037246 -0.13691874 -0.35832527
v -0.21037246 -0.16746143 -0.17364560
v -0.21175407 -0.13691874 -0.06346501
v -0.21037246 -0.14371571 -0.06346501
v -0.21037246 -0.13691874 -0.07354303
v -0.21037246 -0.13691874 -0.04147875
v -0.21456493 -0.13691874 0.12016930
v -0.21037246 -0.16192348 0.12016930
v -0.21037246 -0.13691874 0.11194449
v -0.21037246 -0.13691874 0.12838691
v -0.21782413 -0.13691874 0.19362304
v -0.21037246 -0.14450987 0.19362304
v -0.21037246 -0.13691874 0.18733659
v -0.21037246 -0.13691874 0.21896507
v -0.21575874 -0.13691874 0.26707676
v -0.21037246 -0.13691874 0.23965952
v -0.21037246 -0.15860629 0.30380362
v -0.22186831 -0.13691874 0.30380362
v -0.22117291 -0.13691874 0.34053048
v -0.21037246 -0.17344749 0.34053048
v -0.22740127 -0.13691874 0.37725735
v -0.22514760 -0.13691874 0.41398421
v -0.24324770 -0.13691874 0.45071107
v -0.24404110 -0.13691874 0.48743793
v -0.23430340 -0.13691874 0.52416480
v -0.23265517 -0.13691874 0.56089163
v -0.24170575 -0.13691874 0.59761852
v -0.21037246 -0.13691874 0.80550879
v -0.21037246 -0.17206945 0.81797969
v -0.21037246 -0.10019187 -0.71504962
v -0.23414271 -0.10019187 -0.65109479
v -0.23564249 -0.10019187 -0.61436796
v -0.22692703 -0.10019187 -0.57764107
v -0.22813478 -0.10019187 -0.54091424
v -0.22406363 -0.10019187 -0.50418735
v -0.21037246 -0.12281089 -0.46746048
v -0.21194378 -0.10019187 -0.46746048
v -0.22436197 -0.10019187 -0.43073362
v -0.22547965 -0.10019187 -0.39400676
v -0.21037246 -0.12115342 -0.35727990
v -0.21158272 -0.10019187 -0.35727990
v -0.21580182 -0.10019187 -0.32055303
v -0.21037246 -0.10910403 -0.32055303
v -0.21313569 -0.10019187 -0.28382617
v -0.21037246 -0.10582697 -0.28382617
v -0.21037246 -0.10019187 -0.26258388
v -0.21037246 -0.13320918 -0.06346501
v -0.21037246 -0.10019187 -0.04163903
v -0.22050455 -0.10019187 -0.02673814
v -0.21037246 -0.13326922 -0.02673814
v -0.21037246 -0.10019187 -0.01228979
v -0.21775183 -0.10019187 0.12016930
v -0.21037246 -0.10019187 0.10783215
v -0.21037246 -0.10712194 0.15689617
v -0.21478784 -0.10019187 0.15689617
v -0.21432444 -0.10019187 0.19362304
v -0.21037246 -0.12906498 0.23034990
v -0.21997693 -0.10019187 0.23034990
v -0.22237456 -0.10019187 0.26707676
v -0.22664998 -0.10019187 0.30380362
v -0.23309334 -0.10019187 0.34053048
v -0.23085690 -0.10019187 0.37725735
v -0.23099251 -0.10019187 0.41398421
v -0.21037246 -0.10019187 0.80475801
v -0.24698836 -0.06346501 -0.68782169
v -0.21037246 -0.06346501 -0.70672232
v -0.24378058 -0.06346501 -0.57764107
v -0.22935794 -0.06346501 -0.54091424
v -0.24082416 -0.06346501 -0.50418735
v -0.22584845 -0.06346501 -0.46746048
v -0.22912467 -0.06346501 -0.43073362
v -0.22556230 -0.06346501 -0.39400676
v -0.21037246 -0.06346501 -0.36795974
v -0.21037246 -0.09652638 -0.35727990
v -0.21037246 -0.06346501 -0.33872369
v -0.21711773 -0.06346501 -0.32055303
v -0.21446700 -0.06346501 -0.28382617
v -0.21037246 -0.06346501 -0.27061653
v -0.21571727 -0.06346501 -0.21037246
v -0.21037246 -0.07975045 -0.21037246
v -0.21037246 -0.06346501 -0.22611682
v -0.21037246 -0.06346501 -0.19801337
v -0.21293660 -0.06346501 -0.13691874
v -0.21037246 -0.07832526 -0.13691874
v -0.21037246 -0.06346501 -0.14431471
v -0.21475275 -0.06346501 -0.10019187
v -0.21037246 -0.08506906 -0.10019187
v -0.21037246 -0.06346501 -0.07405411
v -0.21037246 -0.07656264 -0.02673814
v -0.21355459 -0.06346501 0.08344244
v -0.21037246 -0.06976525 0.08344244
v -0.21037246 -0.06346501 0.07714893
v -0.21037246 -0.07578550 0.12016930
v -0.21037246 -0.06346501 0.09988844
v -0.21037246 -0.07109390 0.15689617
v -0.21037246 -0.06346501 0.15929668
v -0.22251481 -0.06346501 0.19362304
v -0.21736662 -0.06346501 0.23034990
v -0.21874207 -0.06346501 0.26707676
v -0.22467531 -0.06346501 0.30380362
v -0.22609441 -0.06346501 0.34053048
v -0.22967772 -0.06346501 0.37725735
v -0.23906882 -0.06346501 0.41398421
v -0.24708720 -0.06346501 0.52416480
v -0.21037246 -0.06346501 0.80185091
v -0.21037246 -0.02673814 -0.70690942
v -0.24287798 -0.02673814 -0.61436796
v -0.23422985 -0.02673814 -0.57764107
v -0.22365236 -0.02673814 -0.46746048
v -0.22083387 -0.02673814 -0.43073362
v -0.21439254 -0.02673814 -0.39400676
v -0.21037246 -0.05026440 -0.35727990
v -0.21831980 -0.02673814 -0.35727990
v -0.21037246 -0.02673814 -0.32545835
v -0.21037246 -0.03478469 -0.32055303
v -0.21037246 -0.05008521 -0.28382617
v -0.21259041 -0.02673814 -0.21037246
v -0.21037246 -0.02673814 -0.21704082
v -0.21037246 -0.02673814 -0.20466842
v -0.21037246 -0.05341382 -0.13691874
v -0.21037246 -0.03478938 -0.10019187
v -0.21732102 -0.02673814 0.04671558
v -0.21037246 -0.03484668 0.04671558
v -0.21037246 -0.02673814 0.02023472
v -0.21681750 -0.02673814 0.08344244
v -0.21037246 -0.04932684 0.12016930
v -0.21518348 -0.02673814 0.12016930
v -0.22067155 -0.02673814 0.15689617
v -0.21037246 -0.05795312 0.15689617
v -0.21992341 -0.02673814 0.19362304
v -0.22997522 -0.02673814 0.23034990
v -0.23168573 -0.02673814 0.26707676
v -0.22480057 -0.02673814 0.30380362
v -0.23631673 -0.02673814 0.34053048
v -0.24503134 -0.02673814 0.37725735
v -0.21037246 -0.02673814 0.79895860
v -0.24510679 0.00998872 -0.68782169
v -0.21037246 0.00998872 -0.70942807
v -0.24252199 0.00998872 -0.65109479
v -0.23531234 0.00998872 -0.57764107
v -0.23742318 0.00998872 -0.54091424
v -0.21432024 0.00998872 -0.50418735
v -0.22938730 0.00998872 -0.46746048
v -0.22213401 0.00998872 -0.43073362
v -0.22546451 0.00998872 -0.39400676
v -0.21037246 0.00998872 -0.37052780
v -0.21037246 -0.00177227 -0.35727990
v -0.21269745 0.00998872 -0.24709933
v -0.21037246 -0.00005581 -0.24709933
v -0.21037246 0.00998872 -0.26226717
v -0.21037246 -0.01545581 -0.21037246
v -0.21037246 0.00998872 -0.23133036
v -0.21594262 0.00998872 -0.13691874
v -0.21037246 -0.00625441 -0.13691874
v -0.21037246 0.00998872 -0.14718294
v -0.21680845 0.00998872 -0.10019187
v -0.21037246 -0.02170260 -0.10019187
v -0.21037246 0.00998872 -0.08703301
v -0.21037246 -0.01450053 0.04671558
v -0.21037246 -0.00152800 0.08344244
v -0.21037246 0.00998872 0.09341154
v -0.21806040 0.00998872 0.12016930
v -0.21321127 0.00998872 0.15689617
v -0.22196995 0.00998872 0.19362304
v -0.22834444 0.00998872 0.23034990
v -0.23657677 0.00998872 0.26707676
v -0.23524278 0.00998872 0.30380362
v -0.21037246 0.00998872 0.80323875
v -0.21037246 0.04671558 -0.70660335
v -0.23554127 0.04671558 -0.65109479
v -0.23496489 0.04671558 -0.57764107
v -0.23170422 0.04671558 -0.54091424
v -0.23530842 0.04671558 -0.50418735
v -0.23383342 0.04671558 -0.43073362
v -0.22655766 0.04671558 -0.39400676
v -0.21037246 0.04671558 -0.35768598
v -0.21400459 0.04671558 -0.28382617
v -0.21037246 0.03365732 -0.28382617
v -0.21037246 0.04671558 -0.29056621
v -0.21037246 0.01988516 -0.24709933
v -0.21037246 0.04671558 -0.27558631
v -0.21037246 0.04671558 -0.22602519
v -0.22083288 0.04671558 -0.21037246
v -0.21037246 0.02459119 -0.21037246
v -0.21037246 0.04671558 -0.20249762
v -0.21037246 0.02054063 -0.13691874
v -0.21037246 0.02477759 -0.10019187
v -0.22202936 0.04671558 0.08344244
v -0.21037246 0.01918017 0.08344244
v -0.21037246 0.04671558 0.05916363
v -0.22248223 0.04671558 0.12016930
v -0.21037246 0.04671558 0.15327671
v -0.21037246 0.03881503 0.15689617
v -0.21037246 0.04671558 0.15852058
v -0.22460282 0.04671558 0.19362304
v -0.23234120 0.04671558 0.23034990
v -0.23844361 0.04671558 0.30380362
v -0.23790611 0.04671558 0.34053048
v -0.24125876 0.04671558 0.37725735
v -0.21037246 0.03691286 0.81797969
v -0.23357388 0.04671558 0.81797969
v -0.21037246 0.04671558 0.82151741
v -0.23242764 0.08344244 -0.68782169
v -0.21037246 0.08344244 -0.71461791
v -0.24177229 0.08344244 -0.61436796
v -0.23584297 0.08344244 -0.57764107
v -0.22663043 0.08344244 -0.54091424
v -0.22587073 0.08344244 -0.50418735
v -0.23158696 0.08344244 -0.46746048
v -0.22755384 0.08344244 -0.43073362
v -0.22337595 0.08344244 -0.39400676
v -0.21037246 0.08344244 -0.35923791
v -0.21585864 0.08344244 -0.32055303
v -0.21037246 0.07251919 -0.32055303
v -0.21037246 0.08344244 -0.35413855
v -0.22041152 0.08344244 -0.28382617
v -0.21037246 0.08344244 -0.26825190
v -0.21933191 0.08344244 -0.21037246
v -0.21037246 0.08344244 -0.21945015
v -0.21037246 0.08344244 -0.18564391
v -0.21419863 0.08344244 -0.06346501
v -0.21037246 0.06838205 -0.06346501
v -0.21037246 0.08344244 -0.07583649
v -0.21274249 0.08344244 -0.02673814
v -0.21037246 0.07699502 -0.02673814
v -0.21037246 0.08344244 -0.01627716
v -0.21435772 0.08344244 0.04671558
v -0.21037246 0.06551046 0.04671558
v -0.21037246 0.08344244 0.02837863
v -0.22300719 0.08344244 0.08344244
v -0.22672388 0.08344244 0.12016930
v -0.21037246 0.04808466 0.15689617
v -0.23402816 0.08344244 0.15689617
v -0.23034495 0.08344244 0.19362304
v -0.23373906 0.08344244 0.26707676
v -0.24041478 0.08344244 0.30380362
v -0.21037246 0.08344244 0.81709075
v -0.21037246 0.07930432 0.81797969
v -0.21037246 0.12016930 -0.71708167
v -0.24132852 0.12016930 -0.65109479
v -0.24386577 0.12016930 -0.61436796
v -0.22955450 0.12016930 -0.57764107
v -0.22589070 0.12016930 -0.54091424
v -0.22143497 0.12016930 -0.50418735
v -0.22871943 0.12016930 -0.46746048
v -0.21092685 0.12016930 -0.43073362
v -0.23109905 0.12016930 -0.39400676
v -0.21037246 0.09173150 -0.35727990
v -0.21471421 0.12016930 -0.35727990
v -0.21037246 0.12016930 -0.34103334
v -0.21037246 0.10959162 -0.32055303
v -0.21037246 0.12016930 -0.29634553
v -0.21217501 0.12016930 -0.28382617
v -0.21037246 0.12016930 -0.27947244
v -0.21340741 0.12016930 -0.21037246
v -0.21037246 0.12016930 -0.22019598
v -0.21037246 0.12016930 -0.20451060
v -0.21037246 0.11850342 -0.06346501
v -0.21037246 0.09313196 -0.02673814
v -0.21037246 0.12016930 -0.00744156
v -0.21513753 0.12016930 0.00998872
v -0.21037246 0.10177071 0.00998872
v -0.22518900 0.12016930 0.04671558
v -0.22226942 0.12016930 0.08344244
v -0.21961266 0.12016930 0.15689617
v -0.22954504 0.12016930 0.19362304
v -0.23356058 0.12016930 0.23034990
v -0.23914644 0.12016930 0.26707676
v -0.21037246 0.12016930 0.80684960
v -0.21037246 0.15689617 -0.71488267
v -0.24171086 0.15689617 -0.61436796
v -0.24392839 0.15689617 -0.57764107
v -0.23360765 0.15689617 -0.50418735
v -0.23831443 0.15689617 -0.43073362
v -0.22533680 0.15689617 -0.39400676
v -0.21037246 0.15689617 -0.36565164
v -0.21037246 0.13127652 -0.35727990
v -0.21037246 0.15689617 -0.35298416
v -0.22444078 0.15689617 -0.32055303
v -0.21037246 0.12264848 -0.32055303
v -0.22099324 0.15689617 -0.28382617
v -0.21037246 0.14414255 -0.24709933
v -0.21948090 0.15689617 -0.24709933
v -0.22184379 0.15689617 -0.21037246
v -0.21037246 0.15689617 -0.18374862
v -0.21078463 0.15689617 -0.02673814
v -0.21037246 0.15433139 -0.02673814
v -0.21037246 0.15689617 -0.02808711
v -0.21037246 0.15689617 0.00672589
v -0.21037246 0.15660091 0.00998872
v -0.21037246 0.14975876 0.04671558
v -0.21037246 0.15689617 0.05287880
v -0.22421914 0.15689617 0.08344244
v -0.23602994 0.15689617 0.12016930
v -0.23381010 0.15689617 0.15689617
v -0.23699476 0.15689617 0.19362304
v -0.23425177 0.15689617 0.23034990
v -0.24541767 0.15689617 0.26707676
v -0.24702723 0.15689617 0.34053048
v -0.21037246 0.15689617 0.81651688
v -0.21359949 0.19362304 -0.72454852
v -0.21037246 0.18107025 -0.72454852
v -0.21037246 0.19362304 -0.72737008
v -0.23511480 0.19362304 -0.57764107
v -0.22798872 0.19362304 -0.54091424
v -0.22251852 0.19362304 -0.50418735
v -0.23355091 0.19362304 -0.46746048
v -0.24231575 0.19362304 -0.43073362
v -0.24037261 0.19362304 -0.39400676
v -0.21037246 0.17448273 -0.35727990
v -0.21546853 0.19362304 -0.35727990
v -0.22520679 0.19362304 -0.32055303
v -0.21467337 0.19362304 -0.28382617
v -0.22431476 0.19362304 -0.24709933
v -0.22375898 0.19362304 -0.21037246
v -0.21037246 0.16821304 -0.17364560
v -0.21846873 0.19362304 -0.17364560
v -0.21037246 0.19362304 -0.14631397
v -0.21659467 0.19362304 -0.06346501
v -0.21037246 0.18312141 -0.06346501
v -0.21037246 0.19362304 -0.09380008
v -0.21917002 0.19362304 -0.02673814
v -0.21037246 0.19362304 -0.00350281
v -0.22027037 0.19362304 0.04671558
v -0.21037246 0.16396689 0.04671558
v -0.21037246 0.19362304 0.01941246
v -0.21037246 0.19362304 0.07726879
v -0.21037246 0.18826252 0.08344244
v -0.21037246 0.19362304 0.08807632
v -0.23415425 0.19362304 0.15689617
v -0.23539697 0.19362304 0.19362304
v -0.24285164 0.19362304 0.23034990
v -0.24077645 0.19362304 0.26707676
v -0.21037246 0.17809603 0.81797969
v -0.22034253 0.19362304 0.81797969
v -0.21037246 0.19362304 0.81919491
v -0.21037246 0.20232588 -0.72454852
v -0.21037246 0.23034990 -0.71135604
v -0.23912352 0.23034990 -0.61436796
v -0.23673381 0.23034990 -0.57764107
v -0.23530254 0.23034990 -0.54091424
v -0.23041290 0.23034990 -0.50418735
v -0.23661634 0.23034990 -0.46746048
v -0.22866149 0.23034990 -0.43073362
v -0.22131792 0.23034990 -0.39400676
v -0.22888614 0.23034990 -0.35727990
v -0.22534879 0.23034990 -0.32055303
v -0.22003956 0.23034990 -0.28382617
v -0.21037246 0.23034990 -0.25445697
v -0.21037246 0.22433139 -0.24709933
v -0.21037246 0.23034990 -0.23616570
v -0.21789354 0.23034990 -0.21037246
v -0.21037246 0.23034990 -0.19157653
v -0.21037246 0.21787621 -0.17364560
v -0.21037246 0.23034990 -0.16266014
v -0.22222683 0.23034990 -0.13691874
v -0.21037246 0.20177388 -0.13691874
v -0.22326583 0.23034990 -0.10019187
v -0.21037246 0.19626494 -0.10019187
v -0.21679507 0.23034990 -0.06346501
v -0.21924630 0.23034990 -0.02673814
v -0.21037246 0.21085738 0.00998872
v -0.21953931 0.23034990 0.00998872
v -0.23502254 0.23034990 0.04671558
v -0.21037246 0.23034990 0.08198013
v -0.21037246 0.23034990 0.08490602
v -0.24418408 0.23034990 0.15689617
v -0.24020329 0.23034990 0.19362304
v -0.24136727 0.23034990 0.23034990
v -0.21037246 0.22543287 0.81797969
v -0.21121265 0.23034990 0.81797969
v -0.21037246 0.23034990 0.81778955
v -0.21037246 0.26707676 -0.70905882
v -0.23978348 0.26707676 -0.57764107
v -0.22896495 0.26707676 -0.54091424
v -0.23237385 0.26707676 -0.50418735
v -0.24107963 0.26707676 -0.46746048
v -0.22516637 0.26707676 -0.43073362
v -0.22515208 0.26707676 -0.39400676
v -0.23970272 0.26707676 -0.35727990
v -0.22341517 0.26707676 -0.32055303
v -0.23975854 0.26707676 -0.28382617
v -0.21037246 0.23412256 -0.24709933
v -0.23076330 0.26707676 -0.24709933
v -0.22357656 0.26707676 -0.21037246
v -0.21037246 0.25599203 -0.17364560
v -0.21358590 0.26707676 -0.17364560
v -0.21037246 0.25053534 -0.13691874
v -0.21037246 0.26707676 -0.16689689
v -0.21037246 0.26203436 -0.10019187
v -0.21037246 0.26707676 -0.09587302
v -0.22652838 0.26707676 -0.06346501
v -0.23118606 0.26707676 -0.02673814
v -0.22314414 0.26707676 0.00998872
v -0.23374557 0.26707676 0.04671558
v -0.21037246 0.23137881 0.08344244
v -0.23359090 0.26707676 0.08344244
v -0.22997740 0.26707676 0.12016930
v -0.24485180 0.26707676 0.15689617
v -0.23897740 0.26707676 0.23034990
v -0.23256207 0.26707676 0.81797969
v -0.21037246 0.23105307 0.81797969
v -0.21037246 0.26707676 0.82479846
v -0.21037246 0.30380362 -0.71588540
v -0.24330963 0.30380362 -0.61436796
v -0.24516732 0.30380362 -0.57764107
v -0.24190246 0.30380362 -0.54091424
v -0.23589699 0.30380362 -0.50418735
v -0.23520111 0.30380362 -0.46746048
v -0.23260418 0.30380362 -0.43073362
v -0.22916025 0.30380362 -0.32055303
v -0.23097366 0.30380362 -0.28382617
v -0.22488330 0.30380362 -0.24709933
v -0.23317522 0.30380362 -0.21037246
v -0.22524603 0.30380362 -0.17364560
v -0.21037246 0.30380362 -0.13849971
v -0.22147399 0.30380362 -0.10019187
v -0.21037246 0.27186614 -0.10019187
v -0.21037246 0.30380362 -0.13561915
v -0.22953819 0.30380362 -0.06346501
v -0.24036561 0.30380362 -0.02673814
v -0.23686397 0.30380362 0.00998872
v -0.23352765 0.30380362 0.04671558
v -0.23542169 0.30380362 0.08344244
v -0.23021424 0.30380362 0.12016930
v -0.22565210 0.30380362 0.81797969
v -0.21037246 0.30380362 0.82343805
v -0.21152031 0.34053048 -0.72454852
v -0.21037246 0.33251202 -0.72454852
v -0.21037246 0.34053048 -0.72540402
v -0.23244663 0.34053048 -0.61436796
v -0.23352464 0.34053048 -0.54091424
v -0.24145174 0.34053048 -0.46746048
v -0.23381969 0.34053048 -0.43073362
v -0.24404153 0.34053048 -0.39400676
v -0.23550449 0.34053048 -0.35727990
v -0.23920949 0.34053048 -0.32055303
v -0.22615354 0.34053048 -0.28382617
v -0.21037246 0.34053048 -0.24858783
v -0.21037246 0.33909401 -0.24709933
v -0.21037246 0.34053048 -0.24533074
v -0.22814780 0.34053048 -0.21037246
v -0.23687385 0.34053048 -0.17364560
v -0.21037246 0.30531335 -0.13691874
v -0.22191167 0.34053048 -0.13691874
v -0.23091118 0.34053048 -0.10019187
v -0.23918441 0.34053048 -0.06346501
v -0.24084896 0.34053048 -0.02673814
v -0.23415454 0.34053048 0.00998872
v -0.22434376 0.34053048 0.04671558
v -0.24164928 0.34053048 0.23034990
v -0.21037246 0.32439116 0.81797969
v -0.22444975 0.34053048 0.81797969
v -0.21037246 0.34053048 0.81321245
v -0.22420569 0.37725735 -0.72454852
v -0.21037246 0.37725735 -0.73403287
v -0.24429069 0.37725735 -0.68782169
v -0.24203981 0.37725735 -0.46746048
v -0.24327272 0.37725735 -0.39400676
v -0.21037246 0.34111610 -0.24709933
v -0.21037246 0.37725735 0.80794156
v -0.22619899 0.41398421 -0.72454852
v -0.21037246 0.41398421 -0.73736674
v -0.22028543 0.41398421 0.81797969
v -0.21037246 0.41398421 0.81714886
v -0.22187181 0.45071107 -0.72454852
v -0.21037246 0.45071107 -0.75458962
v -0.24294522 0.45071107 -0.06346501
v -0.23349164 0.45071107 0.81797969
v -0.21037246 0.42303967 0.81797969
v -0.21037246 0.45071107 0.82036084
v -0.21275440 0.48743793 -0.76127541
v -0.21037246 0.46860054 -0.76127541
v -0.21037246 0.48743793 -0.76621842
v -0.22868097 0.48743793 -0.72454852
v -0.23211899 0.48743793 0.81797969
v -0.21037246 0.48743793 0.82405126
v -0.21037246 0.49352661 -0.76127541
v -0.21037246 0.52416480 -0.74375910
v -0.23152755 0.52416480 -0.72454852
v -0.24273235 0.52416480 -0.43073362
v -0.21496710 0.52416480 0.23034990
v -0.21037246 0.52416480 0.22396812
v -0.21037246 0.52206492 0.23034990
v -0.21037246 0.52416480 0.23255146
v -0.21576001 0.52416480 0.30380362
v -0.21037246 0.52416480 0.30215475
v -0.21037246 0.52230424 0.30380362
v -0.21037246 0.52416480 0.30927038
v -0.23323476 0.52416480 0.81797969
v -0.21037246 0.52416480 0.82864773
v -0.21750939 0.56089163 -0.72454852
v -0.21037246 0.56089163 -0.75122046
v -0.24403970 0.56089163 -0.65109479
v -0.22962862 0.56089163 -0.54091424
v -0.21037246 0.56089163 -0.55545813
v -0.21037246 0.54854137 -0.54091424
v -0.21037246 0.56089163 -0.52467173
v -0.21037246 0.56089163 -0.43559548
v -0.21037246 0.55733865 -0.43073362
v -0.21037246 0.54115623 -0.39400676
v -0.24571952 0.56089163 -0.39400676
v -0.21037246 0.52655900 -0.35727990
v -0.21037246 0.55873913 -0.32055303
v -0.21037246 0.54249471 -0.28382617
v -0.21037246 0.56089163 -0.25170523
v -0.21037246 0.56089163 -0.19977564
v -0.21037246 0.54504657 -0.17364560
v -0.21037246 0.53490376 -0.13691874
v -0.23772041 0.56089163 -0.10019187
v -0.21037246 0.56089163 -0.11510760
v -0.21037246 0.56089163 -0.06524605
v -0.21037246 0.55963790 -0.06346501
v -0.21037246 0.55392593 -0.02673814
v -0.21037246 0.55404681 0.00998872
v -0.21037246 0.54779774 0.04671558
v -0.24575539 0.56089163 0.08344244
v -0.21037246 0.56089163 0.05190019
v -0.21037246 0.56089163 0.10514835
v -0.21037246 0.54082966 0.12016930
v -0.21940175 0.56089163 0.15689617
v -0.21037246 0.56089163 0.15065953
v -0.21037246 0.56089163 0.18711151
v -0.21037246 0.55745214 0.19362304
v -0.21037246 0.54645890 0.26707676
v -0.24373183 0.56089163 0.26707676
v -0.22667302 0.56089163 0.30380362
v -0.23765182 0.56089163 0.34053048
v -0.21037246 0.56089163 0.31496540
v -0.21712089 0.56089163 0.41398421
v -0.21037246 0.56089163 0.41238803
v -0.21037246 0.55880624 0.41398421
v -0.21037246 0.56089163 0.42472973
v -0.22587970 0.56089163 0.48743793
v -0.21037246 0.56089163 0.46102902
v -0.21037246 0.55356169 0.48743793
v -0.22700667 0.56089163 0.52416480
v -0.21037246 0.56089163 0.50377142
v -0.21037246 0.56089163 0.53318709
v -0.21037246 0.54432642 0.56089163
v -0.21037246 0.56089163 0.59113878
v -0.21037246 0.56089163 0.61009502
v -0.21037246 0.54923266 0.63434535
v -0.21037246 0.55928499 0.67107224
v -0.21565178 0.56089163 0.67107224
v -0.21037246 0.56089163 0.67242551
v -0.21037246 0.56089163 0.76276356
v -0.21037246 0.55146772 0.78125280
v -0.21037246 0.54947263 0.81797969
v -0.21037246 0.57151026 -0.72454852
v -0.21037246 0.58990532 -0.68782169
v -0.22807026 0.59761852 -0.65109479
v -0.21037246 0.59761852 -0.67992491
v -0.21037246 0.59363806 -0.61436796
v -0.21037246 0.59761852 -0.62126458
v -0.21037246 0.59098583 -0.57764107
v -0.21037246 0.59730917 -0.54091424
v -0.21037246 0.59761852 -0.54181945
v -0.21046884 0.59761852 -0.54091424
v -0.21037246 0.59761852 -0.54063177
v -0.21037246 0.58054078 -0.50418735
v -0.21037246 0.58070040 -0.46746048
v -0.23920976 0.59761852 -0.24709933
v -0.21037246 0.59761852 -0.25202417
v -0.21037246 0.59761852 -0.24330886
v -0.21037246 0.56620824 -0.21037246
v -0.21037246 0.57966322 -0.10019187
v -0.21037246 0.59761852 -0.08479860
v -0.22296306 0.59761852 -0.06346501
v -0.21037246 0.56225133 -0.06346501
v -0.21037246 0.59761852 -0.03038345
v -0.21037246 0.58125180 0.08344244
v -0.21037246 0.56866616 0.15689617
v -0.21037246 0.57997537 0.34053048
v -0.21037246 0.57701570 0.37725735
v -0.21037246 0.56287968 0.45071107
v -0.21037246 0.57098222 0.52416480
v -0.21037246 0.57738709 0.59761852
v -0.21037246 0.56536174 0.67107224
v -0.21037246 0.59761852 0.65594882
v -0.21037246 0.59761852 0.68137491
v -0.21037246 0.58239418 0.70779908
v -0.21037246 0.57946008 0.74452597
v -0.21037246 0.58112109 0.78125280
v -0.21037246 0.59761852 0.76442730
v -0.21702078 0.59761852 0.78125280
v -0.21037246 0.59761852 0.79568809
v -0.21037246 0.61750066 -0.65109479
v -0.21037246 0.59773141 -0.54091424
v -0.21037246 0.59959227 -0.24709933
v -0.21037246 0.61165166 -0.06346501
v -0.21037246 0.60337657 0.67107224
v -0.21037246 0.60337907 0.78125280
v -0.17396580 -0.65109479 0.15689617
v -0.17364560 -0.65151697 0.15689617
v -0.17364560 -0.65109479 0.15594354
v -0.17364560 -0.65109479 0.15766533
v -0.18192926 -0.65109479 0.45071107
v -0.17364560 -0.66176772 0.45071107
v -0.17364560 -0.65109479 0.43923393
v -0.17364560 -0.65109479 0.46868810
v -0.17750898 -0.61436796 -0.46746048
v -0.17364560 -0.61760259 -0.46746048
v -0.17364560 -0.61436796 -0.47678781
v -0.17364560 -0.61436796 -0.44670954
v -0.17607510 -0.61436796 0.04671558
v -0.17364560 -0.61829489 0.04671558
v -0.17364560 -0.61436796 0.03698621
v -0.17364560 -0.61436796 0.05159029
v -0.18510137 -0.61436796 0.15689617
v -0.17364560 -0.61436796 0.14300269
v -0.17364560 -0.61642975 0.19362304
v -0.17542510 -0.61436796 0.19362304
v -0.18455434 -0.61436796 0.23034990
v -0.17364560 -0.62542808 0.23034990
v -0.18885323 -0.61436796 0.26707676
v -0.17364560 -0.62757409 0.26707676
v -0.18575495 -0.61436796 0.30380362
v -0.17364560 -0.62501687 0.30380362
v -0.17691614 -0.61436796 0.34053048
v -0.17364560 -0.61797184 0.34053048
v -0.18848784 -0.61436796 0.37725735
v -0.17364560 -0.63652766 0.37725735
v -0.18687493 -0.61436796 0.41398421
v -0.17364560 -0.62951881 0.41398421
v -0.17529221 -0.61436796 0.45071107
v -0.17364560 -0.63685322 0.48743793
v -0.19445352 -0.61436796 0.48743793
v -0.17364560 -0.64322960 0.52416480
v -0.17364560 -0.64026904 0.56089163
v -0.19746704 -0.61436796 0.59761852
v -0.17364560 -0.63163179 0.59761852
v -0.20913465 -0.61436796 0.63434535
v -0.17364560 -0.63257837 0.63434535
v -0.20150211 -0.61436796 0.67107224
v -0.17364560 -0.63271713 0.67107224
v -0.17364560 -0.63039392 0.70779908
v -0.17364560 -0.64281422 0.74452597
v -0.18804464 -0.61436796 0.78125280
v -0.17364560 -0.62354964 0.78125280
v -0.17364560 -0.61436796 0.78850770
v -0.18325539 -0.57764107 -0.68782169
v -0.17364560 -0.59017575 -0.68782169
v -0.17364560 -0.57764107 -0.69982308
v -0.18773326 -0.57764107 -0.65109479
v -0.17364560 -0.58786809 -0.65109479
v -0.18580252 -0.57764107 -0.61436796
v -0.17364560 -0.59117860 -0.61436796
v -0.17836024 -0.57764107 -0.57764107
v -0.17364560 -0.58482611 -0.57764107
v -0.17374709 -0.57764107 -0.54091424
v -0.17364560 -0.57774681 -0.54091424
v -0.18862003 -0.57764107 -0.50418735
v -0.17364560 -0.59196651 -0.50418735
v -0.18868448 -0.57764107 -0.46746048
v -0.17364560 -0.60594434 -0.43073362
v -0.18676110 -0.57764107 -0.43073362
v -0.18462229 -0.57764107 -0.39400676
v -0.17364560 -0.59660459 -0.39400676
v -0.18937743 -0.57764107 -0.35727990
v -0.17364560 -0.59521455 -0.35727990
v -0.18739092 -0.57764107 -0.32055303
v -0.17364560 -0.61167765 -0.32055303
v -0.19583359 -0.57764107 -0.28382617
v -0.17364560 -0.60661364 -0.28382617
v -0.17364560 -0.57764107 -0.25797963
v -0.19260432 -0.57764107 -0.21037246
v -0.17364560 -0.59543514 -0.21037246
v -0.17364560 -0.57764107 -0.23744203
v -0.17550762 -0.57764107 -0.17364560
v -0.17364560 -0.58084041 -0.17364560
v -0.20069401 -0.57764107 -0.13691874
v -0.17364560 -0.60057974 -0.13691874
v -0.18585981 -0.57764107 -0.10019187
v -0.17364560 -0.59635955 -0.10019187
v -0.19564670 -0.57764107 -0.06346501
v -0.17364560 -0.60782313 -0.06346501
v -0.19116434 -0.57764107 -0.02673814
v -0.17364560 -0.60805720 -0.02673814
v -0.19177379 -0.57764107 0.00998872
v -0.17364560 -0.60542017 0.00998872
v -0.20917591 -0.57764107 0.04671558
v -0.17364560 -0.59855354 0.08344244
v -0.20206015 -0.57764107 0.08344244
v -0.19249806 -0.57764107 0.12016930
v -0.17364560 -0.60100961 0.12016930
v -0.20499387 -0.57764107 0.15689617
v -0.20241559 -0.57764107 0.30380362
v -0.17364560 -0.57764107 0.79853469
v -0.18933770 -0.54091424 -0.72454852
v -0.17364560 -0.56280506 -0.72454852
v -0.17364560 -0.54091424 -0.73605186
v -0.20436397 -0.54091424 -0.61436796
v -0.19097942 -0.54091424 -0.57764107
v -0.18964039 -0.54091424 -0.54091424
v -0.20080470 -0.54091424 -0.50418735
v -0.19856775 -0.54091424 -0.46746048
v -0.19886015 -0.54091424 -0.43073362
v -0.20145714 -0.54091424 -0.35727990
v -0.21016434 -0.54091424 -0.32055303
v -0.20207128 -0.54091424 -0.28382617
v -0.17364560 -0.56906503 -0.24709933
v -0.20410353 -0.54091424 -0.24709933
v -0.20730191 -0.54091424 -0.13691874
v -0.19372989 -0.54091424 -0.06346501
v -0.17364560 -0.54091424 0.80758500
v -0.20168740 -0.50418735 -0.72454852
v -0.17364560 -0.50418735 -0.73687029
v -0.20639567 -0.50418735 -0.57764107
v -0.20357534 -0.50418735 -0.02673814
v -0.17364560 -0.52237022 0.81797969
v -0.18392178 -0.50418735 0.81797969
v -0.17364560 -0.50418735 0.82563990
v -0.18601716 -0.46746048 -0.76127541
v -0.17364560 -0.47478864 -0.76127541
v -0.17364560 -0.46746048 -0.76907611
v -0.19887535 -0.46746048 -0.17364560
v -0.20256928 -0.46746048 -0.13691874
v -0.20763500 -0.46746048 -0.02673814
v -0.20537068 -0.46746048 0.15689617
v -0.17364560 -0.46746048 0.81182724
v -0.17364560 -0.47940287 0.81797969
v -0.17364560 -0.45169836 -0.76127541
v -0.20001130 -0.43073362 -0.72454852
v -0.17364560 -0.43073362 -0.74772239
v -0.20592198 -0.43073362 -0.39400676
v -0.20966227 -0.43073362 -0.35727990
v -0.20678698 -0.43073362 -0.32055303
v -0.19874674 -0.43073362 -0.24709933
v -0.19450179 -0.43073362 -0.21037246
v -0.19270168 -0.43073362 -0.17364560
v -0.20245257 -0.43073362 -0.13691874
v -0.19640921 -0.43073362 -0.10019187
v -0.20066172 -0.43073362 -0.06346501
v -0.19249406 -0.43073362 -0.02673814
v -0.19759791 -0.43073362 0.00998872
v -0.20099509 -0.43073362 0.08344244
v -0.19701298 -0.43073362 0.12016930
v -0.20623189 -0.43073362 0.15689617
v -0.20979775 -0.43073362 0.30380362
v -0.17364560 -0.43358380 0.81797969
v -0.17433630 -0.43073362 0.81797969
v -0.17364560 -0.43073362 0.81844622
v -0.19857799 -0.39400676 -0.72454852
v -0.17364560 -0.39400676 -0.74463058
v -0.20764005 -0.39400676 -0.46746048
v -0.20531723 -0.39400676 -0.43073362
v -0.19697858 -0.39400676 -0.39400676
v -0.20731460 -0.39400676 -0.32055303
v -0.19641523 -0.39400676 -0.28382617
v -0.18884693 -0.39400676 -0.24709933
v -0.18723975 -0.39400676 -0.21037246
v -0.19725184 -0.39400676 -0.17364560
v -0.19336872 -0.39400676 -0.13691874
v -0.19736126 -0.39400676 -0.10019187
v -0.18628286 -0.39400676 -0.06346501
v -0.19406299 -0.39400676 -0.02673814
v -0.20985717 -0.39400676 0.00998872
v -0.19993256 -0.39400676 0.04671558
v -0.20915428 -0.39400676 0.12016930
v -0.19781527 -0.39400676 0.15689617
v -0.20750016 -0.39400676 0.19362304
v -0.20604527 -0.39400676 0.26707676
v -0.20587176 -0.39400676 0.30380362
v -0.19349858 -0.39400676 0.37725735
v -0.20723081 -0.39400676 0.52416480
v -0.17365715 -0.39400676 0.81797969
v -0.17364560 -0.39400676 0.81798220
v -0.19439670 -0.35727990 -0.72454852
v -0.17364560 -0.35727990 -0.74121720
v -0.20841454 -0.35727990 -0.50418735
v -0.19841623 -0.35727990 -0.46746048
v -0.19508356 -0.35727990 -0.43073362
v -0.19184868 -0.35727990 -0.39400676
v -0.20160082 -0.35727990 -0.35727990
v -0.20584059 -0.35727990 -0.32055303
v -0.18609940 -0.35727990 -0.28382617
v -0.18462650 -0.35727990 -0.24709933
v -0.18356404 -0.35727990 -0.21037246
v -0.18332419 -0.35727990 -0.17364560
v -0.18340664 -0.35727990 -0.13691874
v -0.17364560 -0.35727990 -0.10253108
v -0.17364560 -0.35839286 -0.10019187
v -0.17364560 -0.35727990 -0.09612814
v -0.17936869 -0.35727990 -0.06346501
v -0.19231403 -0.35727990 0.04671558
v -0.19350356 -0.35727990 0.12016930
v -0.18563151 -0.35727990 0.15689617
v -0.19318189 -0.35727990 0.19362304
v -0.19685325 -0.35727990 0.23034990
v -0.19663246 -0.35727990 0.26707676
v -0.20460811 -0.35727990 0.30380362
v -0.20488116 -0.35727990 0.37725735
v -0.19511999 -0.35727990 0.41398421
v -0.20378157 -0.35727990 0.48743793
v -0.17364560 -0.35727990 0.81675184
v -0.17364560 -0.39388475 0.81797969
v -0.20230903 -0.32055303 -0.72454852
v -0.17364560 -0.32055303 -0.74263817
v -0.19606918 -0.32055303 -0.46746048
v -0.20918958 -0.32055303 -0.43073362
v -0.19923085 -0.32055303 -0.39400676
v -0.19141458 -0.32055303 -0.35727990
v -0.19259234 -0.32055303 -0.28382617
v -0.17364560 -0.32055303 -0.25555441
v -0.17364560 -0.33173975 -0.24709933
v -0.17364560 -0.32055303 -0.23887394
v -0.18533002 -0.32055303 -0.21037246
v -0.18765116 -0.32055303 -0.17364560
v -0.17391950 -0.32055303 -0.13691874
v -0.17364560 -0.35459295 -0.10019187
v -0.18757074 -0.32055303 -0.10019187
v -0.20786344 -0.32055303 -0.06346501
v -0.19467013 -0.32055303 -0.02673814
v -0.19720954 -0.32055303 0.00998872
v -0.18700199 -0.32055303 0.04671558
v -0.19781421 -0.32055303 0.08344244
v -0.18511279 -0.32055303 0.12016930
v -0.19516930 -0.32055303 0.15689617
v -0.19404940 -0.32055303 0.19362304
v -0.20773105 -0.32055303 0.26707676
v -0.20050865 -0.32055303 0.30380362
v -0.20485517 -0.32055303 0.34053048
v -0.20350978 -0.32055303 0.37725735
v -0.20360218 -0.32055303 0.45071107
v -0.17364560 -0.32055303 0.81475496
v -0.19190983 -0.28382617 -0.72454852
v -0.17364560 -0.28382617 -0.73807114
v -0.20932610 -0.28382617 -0.46746048
v -0.19495109 -0.28382617 -0.43073362
v -0.19224945 -0.28382617 -0.39400676
v -0.19500098 -0.28382617 -0.35727990
v -0.19434711 -0.28382617 -0.32055303
v -0.18569505 -0.28382617 -0.28382617
v -0.17364560 -0.31453153 -0.24709933
v -0.19209547 -0.28382617 -0.24709933
v -0.19151734 -0.28382617 -0.21037246
v -0.18507202 -0.28382617 -0.17364560
v -0.17817698 -0.28382617 -0.13691874
v -0.19147594 -0.28382617 -0.10019187
v -0.20968182 -0.28382617 -0.06346501
v -0.19818541 -0.28382617 -0.02673814
v -0.19210409 -0.28382617 0.00998872
v -0.19395357 -0.28382617 0.04671558
v -0.20268233 -0.28382617 0.12016930
v -0.18885176 -0.28382617 0.15689617
v -0.20709716 -0.28382617 0.19362304
v -0.20291322 -0.28382617 0.23034990
v -0.20531912 -0.28382617 0.26707676
v -0.20585760 -0.28382617 0.30380362
v -0.20862335 -0.28382617 0.34053048
v -0.20628744 -0.28382617 0.41398421
v -0.20955868 -0.28382617 0.48743793
v -0.17364560 -0.31375214 0.81797969
v -0.19617720 -0.28382617 0.81797969
v -0.17364560 -0.28382617 0.82619095
v -0.18814754 -0.24709933 -0.72454852
v -0.17364560 -0.24709933 -0.73059040
v -0.20103565 -0.24709933 -0.50418735
v -0.20325409 -0.24709933 -0.43073362
v -0.19605832 -0.24709933 -0.39400676
v -0.19803530 -0.24709933 -0.35727990
v -0.19590820 -0.24709933 -0.32055303
v -0.18816070 -0.24709933 -0.28382617
v -0.18234669 -0.24709933 -0.24709933
v -0.18315648 -0.24709933 -0.21037246
v -0.18834130 -0.24709933 -0.17364560
v -0.18911108 -0.24709933 -0.13691874
v -0.19500378 -0.24709933 -0.10019187
v -0.20015924 -0.24709933 -0.06346501
v -0.18852890 -0.24709933 -0.02673814
v -0.19244075 -0.24709933 0.00998872
v -0.19624837 -0.24709933 0.04671558
v -0.20613703 -0.24709933 0.08344244
v -0.18948026 -0.24709933 0.12016930
v -0.18138938 -0.24709933 0.15689617
v -0.19566841 -0.24709933 0.19362304
v -0.19681831 -0.24709933 0.23034990
v -0.20308891 -0.24709933 0.26707676
v -0.20670453 -0.24709933 0.30380362
v -0.18849954 -0.24709933 0.34053048
v -0.20418724 -0.24709933 0.37725735
v -0.17364560 -0.24709933 0.81455112
v -0.17364560 -0.25396991 0.81797969
v -0.18440038 -0.21037246 -0.72454852
v -0.17364560 -0.21037246 -0.73123080
v -0.20954670 -0.21037246 -0.57764107
v -0.20843934 -0.21037246 -0.46746048
v -0.20908913 -0.21037246 -0.39400676
v -0.19380520 -0.21037246 -0.35727990
v -0.19688864 -0.21037246 -0.32055303
v -0.20520760 -0.21037246 -0.28382617
v -0.19610687 -0.21037246 -0.24709933
v -0.18945518 -0.21037246 -0.21037246
v -0.18634555 -0.21037246 -0.17364560
v -0.18532771 -0.21037246 -0.13691874
v -0.19254428 -0.21037246 -0.10019187
v -0.20354193 -0.21037246 -0.06346501
v -0.18691850 -0.21037246 -0.02673814
v -0.19148077 -0.21037246 0.00998872
v -0.19348094 -0.21037246 0.04671558
v -0.19882141 -0.21037246 0.08344244
v -0.19640052 -0.21037246 0.12016930
v -0.18651858 -0.21037246 0.15689617
v -0.19195551 -0.21037246 0.19362304
v -0.20438640 -0.21037246 0.23034990
v -0.19633159 -0.21037246 0.26707676
v -0.20555492 -0.21037246 0.30380362
v -0.20274433 -0.21037246 0.34053048
v -0.17364560 -0.21037246 0.80230063
v -0.18730392 -0.17364560 -0.72454852
v -0.17364560 -0.17364560 -0.73158658
v -0.20367467 -0.17364560 -0.46746048
v -0.20630124 -0.17364560 -0.43073362
v -0.20653500 -0.17364560 -0.39400676
v -0.20668820 -0.17364560 -0.35727990
v -0.20207478 -0.17364560 -0.32055303
v -0.20175038 -0.17364560 -0.28382617
v -0.18866669 -0.17364560 -0.24709933
v -0.19899948 -0.17364560 -0.21037246
v -0.19341432 -0.17364560 -0.13691874
v -0.19199719 -0.17364560 -0.10019187
v -0.20251358 -0.17364560 -0.06346501
v -0.19069733 -0.17364560 -0.02673814
v -0.20549944 -0.17364560 0.00998872
v -0.19340703 -0.17364560 0.04671558
v -0.19739006 -0.17364560 0.08344244
v -0.20747249 -0.17364560 0.12016930
v -0.19002295 -0.17364560 0.15689617
v -0.19470753 -0.17364560 0.19362304
v -0.19861202 -0.17364560 0.23034990
v -0.20170778 -0.17364560 0.30380362
v -0.21017484 -0.17364560 0.34053048
v -0.17364560 -0.18550298 0.81797969
v -0.17364560 -0.17364560 0.82519734
v -0.19112736 -0.13691874 -0.72454852
v -0.17364560 -0.13691874 -0.73547655
v -0.20949219 -0.13691874 -0.46746048
v -0.20973107 -0.13691874 -0.35727990
v -0.18901652 -0.13691874 -0.32055303
v -0.19604719 -0.13691874 -0.28382617
v -0.18992354 -0.13691874 -0.24709933
v -0.20646383 -0.13691874 -0.21037246
v -0.19717051 -0.13691874 -0.17364560
v -0.19498514 -0.13691874 -0.13691874
v -0.20316352 -0.13691874 -0.10019187
v -0.20844759 -0.13691874 -0.02673814
v -0.19321887 -0.13691874 0.00998872
v -0.19376171 -0.13691874 0.04671558
v -0.19226071 -0.13691874 0.08344244
v -0.19444939 -0.13691874 0.15689617
v -0.20808032 -0.13691874 0.23034990
v -0.17364560 -0.13691874 0.81170845
v -0.17364560 -0.15078405 0.81797969
v -0.20061429 -0.10019187 -0.72454852
v -0.17364560 -0.10019187 -0.73492980
v -0.20765631 -0.10019187 -0.24709933
v -0.20314895 -0.10019187 -0.21037246
v -0.19197688 -0.10019187 -0.17364560
v -0.20259716 -0.10019187 -0.13691874
v -0.20490253 -0.10019187 -0.10019187
v -0.19721808 -0.10019187 -0.06346501
v -0.19345978 -0.10019187 0.00998872
v -0.19943443 -0.10019187 0.04671558
v -0.19346629 -0.10019187 0.08344244
v -0.17364560 -0.10019187 0.80853909
v -0.19291955 -0.06346501 -0.72454852
v -0.17364560 -0.06346501 -0.73533863
v -0.20492256 -0.06346501 -0.35727990
v -0.20197944 -0.06346501 -0.24709933
v -0.19876103 -0.06346501 -0.17364560
v -0.20858602 -0.06346501 -0.06346501
v -0.20273788 -0.06346501 -0.02673814
v -0.20420335 -0.06346501 0.00998872
v -0.19678132 -0.06346501 0.04671558
v -0.20267548 -0.06346501 0.12016930
v -0.20852423 -0.06346501 0.15689617
v -0.17364560 -0.06346501 0.81541151
v -0.18992655 -0.02673814 -0.72454852
v -0.17364560 -0.02673814 -0.73169166
v -0.20820431 -0.02673814 -0.32055303
v -0.19985515 -0.02673814 -0.28382617
v -0.20230897 -0.02673814 -0.24709933
v -0.19729310 -0.02673814 -0.17364560
v -0.20080701 -0.02673814 -0.13691874
v -0.20892183 -0.02673814 -0.10019187
v -0.20130548 -0.02673814 -0.06346501
v -0.20077793 -0.02673814 -0.02673814
v -0.20731319 -0.02673814 0.00998872
v -0.17364560 -0.04479090 0.81797969
v -0.17681715 -0.02673814 0.81797969
v -0.17364560 -0.02673814 0.81985396
v -0.19411160 0.00998872 -0.72454852
v -0.17364560 0.00998872 -0.73917770
v -0.20476061 0.00998872 -0.35727990
v -0.19838996 0.00998872 -0.32055303
v -0.20483564 0.00998872 -0.28382617
v -0.20551078 0.00998872 -0.21037246
v -0.19269055 0.00998872 -0.17364560
v -0.19365732 0.00998872 -0.06346501
v -0.20465441 0.00998872 -0.02673814
v -0.20806518 0.00998872 0.00998872
v -0.19672261 0.00998872 0.04671558
v -0.20400119 0.00998872 0.08344244
v -0.17364560 0.00998872 0.81488836
v -0.17364560 -0.00897722 0.81797969
v -0.19116610 0.04671558 -0.72454852
v -0.17364560 0.04671558 -0.73860681
v -0.21020706 0.04671558 -0.35727990
v -0.19948506 0.04671558 -0.32055303
v -0.20223485 0.04671558 -0.24709933
v -0.19103217 0.04671558 -0.17364560
v -0.19413219 0.04671558 -0.13691874
v -0.19877826 0.04671558 -0.10019187
v -0.20388708 0.04671558 -0.06346501
v -0.19795172 0.04671558 -0.02673814
v -0.20886713 0.04671558 0.00998872
v -0.20140685 0.04671558 0.04671558
v -0.20946446 0.04671558 0.15689617
v -0.17364560 0.01595068 0.81797969
v -0.17364560 0.04671558 0.82577932
v -0.20066921 0.08344244 -0.72454852
v -0.17364560 0.08344244 -0.74055129
v -0.20987916 0.08344244 -0.35727990
v -0.19678369 0.08344244 -0.24709933
v -0.20763592 0.08344244 -0.17364560
v -0.18032403 0.08344244 -0.13691874
v -0.20310929 0.08344244 -0.10019187
v -0.20122583 0.08344244 0.00998872
v -0.17364560 0.08344244 0.80971676
v -0.17364560 0.06778613 0.81797969
v -0.20338438 0.12016930 -0.72454852
v -0.17364560 0.12016930 -0.74584270
v -0.20691398 0.12016930 -0.32055303
v -0.19879626 0.12016930 -0.24709933
v -0.19488581 0.12016930 -0.17364560
v -0.20631413 0.12016930 -0.13691874
v -0.19463740 0.12016930 -0.10019187
v -0.21017681 0.12016930 -0.06346501
v -0.20273145 0.12016930 -0.02673814
v -0.17364560 0.12016930 0.80701911
v -0.20078437 0.15689617 -0.72454852
v -0.17364560 0.15689617 -0.74318254
v -0.20648876 0.15689617 -0.35727990
v -0.20339203 0.15689617 -0.17364560
v -0.20560212 0.15689617 -0.13691874
v -0.20794821 0.15689617 -0.10019187
v -0.19606330 0.15689617 -0.06346501
v -0.21031341 0.15689617 0.00998872
v -0.20479955 0.15689617 0.04671558
v -0.17364560 0.15361701 0.81797969
v -0.19294806 0.15689617 0.81797969
v -0.17364560 0.15689617 0.81980270
v -0.17364560 0.19362304 -0.73583001
v -0.20581676 0.19362304 -0.13691874
v -0.20898068 0.19362304 -0.10019187
v -0.20275562 0.19362304 0.00998872
v -0.20623903 0.19362304 0.08344244
v -0.17364560 0.19362304 0.81155699
v -0.20618130 0.19362304 0.81797969
v -0.17364560 0.16288510 0.81797969
v -0.19460469 0.23034990 -0.72454852
v -0.17364560 0.23034990 -0.73338640
v -0.20778345 0.23034990 -0.24709933
v -0.20518897 0.23034990 -0.17364560
v -0.20970164 0.23034990 0.08344244
v -0.20513812 0.23034990 0.81797969
v -0.17364560 0.22642073 0.81797969
v -0.17364560 0.23034990 0.81883895
v -0.19573504 0.26707676 -0.72454852
v -0.17364560 0.26707676 -0.73474395
v -0.19865112 0.26707676 -0.13691874
v -0.20762022 0.26707676 -0.10019187
v -0.17364560 0.26707676 0.82261592
v -0.20476747 0.30380362 -0.72454852
v -0.17364560 0.30380362 -0.73636097
v -0.20938796 0.30380362 -0.13691874
v -0.18682189 0.30380362 0.81797969
v -0.17364560 0.30380362 0.81477427
v -0.17364560 0.29149708 0.81797969
v -0.17364560 0.34053048 -0.73768175
v -0.20958810 0.34053048 -0.24709933
v -0.17364560 0.34053048 0.81483775
v -0.17364560 0.37725735 -0.73371339
v -0.17364560 0.34983101 0.81797969
v -0.18753858 0.37725735 0.81797969
v -0.17364560 0.37725735 0.82605743
v -0.17364560 0.41398421 -0.73918533
v -0.20131697 0.41398421 0.81797969
v -0.17364560 0.41398421 0.82092100
v -0.18007326 0.45071107 -0.79800224
v -0.17364560 0.44769090 -0.79800224
v -0.17364560 0.45071107 -0.80551553
v -0.20546609 0.45071107 -0.76127541
v -0.17364560 0.44001529 -0.76127541
v -0.17364560 0.45071107 0.82296437
v -0.18003081 0.48743793 -0.79800224
v -0.17364560 0.48743793 -0.80883789
v -0.17364560 0.48743793 0.82470584
v -0.17600513 0.52416480 -0.79800224
v -0.17364560 0.52416480 -0.80091548
v -0.17364560 0.50195092 -0.76127541
v -0.17364560 0.52416480 -0.79145598
v -0.17364560 0.52416480 -0.75189906
v -0.20639132 0.52416480 0.23034990
v -0.20841481 0.52416480 0.30380362
v -0.17364560 0.52416480 0.82522798
v -0.17611903 0.56089163 -0.79800224
v -0.17364560 0.56089163 -0.79952300
v -0.17364560 0.56089163 -0.76363719
v -0.17364560 0.56089163 -0.76084948
v -0.19663659 0.56089163 -0.54091424
v -0.17364560 0.56089163 -0.44098985
v -0.17364560 0.55477732 -0.43073362
v -0.17364560 0.55374354 -0.39400676
v -0.17364560 0.53096604 -0.35727990
v -0.17364560 0.53904611 -0.32055303
v -0.17364560 0.55139959 -0.28382617
v -0.17364560 0.54490662 -0.24709933
v -0.20565796 0.56089163 -0.24709933
v -0.17364560 0.56089163 -0.23097682
v -0.17364560 0.56089163 -0.17890789
v -0.17364560 0.55585611 -0.17364560
v -0.17364560 0.55222368 -0.13691874
v -0.17364560 0.53781408 -0.10019187
v -0.19473548 0.56089163 -0.10019187
v -0.17364560 0.56075382 -0.06346501
v -0.18030030 0.56089163 -0.02673814
v -0.17364560 0.56089163 -0.06095725
v -0.20144327 0.56089163 0.00998872
v -0.19921412 0.56089163 0.04671558
v -0.18164302 0.56089163 0.12016930
v -0.17364560 0.54699564 0.15689617
v -0.17364560 0.56089163 0.12799224
v -0.20428006 0.56089163 0.15689617
v -0.17364560 0.55411381 0.19362304
v -0.17364560 0.54775053 0.23034990
v -0.17985632 0.56089163 0.26707676
v -0.17364560 0.56089163 0.25566363
v -0.17364560 0.56089163 0.28717983
v -0.17364560 0.55665201 0.30380362
v -0.17364560 0.56089163 0.31984347
v -0.18995793 0.56089163 0.37725735
v -0.17364560 0.56089163 0.34778425
v -0.17364560 0.54653233 0.37725735
v -0.17364560 0.54145265 0.41398421
v -0.17364560 0.55628747 0.45071107
v -0.19781491 0.56089163 0.45071107
v -0.17364560 0.56089163 0.46345192
v -0.19516881 0.56089163 0.48743793
v -0.17364560 0.56089163 0.54934949
v -0.17364560 0.55776948 0.56089163
v -0.17364560 0.56089163 0.57039320
v -0.18939157 0.56089163 0.63434535
v -0.18209164 0.56089163 0.67107224
v -0.19452295 0.56089163 0.78125280
v -0.17364560 0.56089163 0.80191773
v -0.17364560 0.54578304 0.81797969
v -0.17364560 0.56321132 -0.79800224
v -0.18255684 0.59761852 -0.72454852
v -0.17364560 0.59761852 -0.73924965
v -0.20004632 0.59761852 -0.68782169
v -0.17364560 0.59761852 -0.63971317
v -0.17364560 0.57812726 -0.61436796
v -0.19917083 0.59761852 -0.57764107
v -0.17364560 0.59761852 -0.58947831
v -0.17364560 0.58653128 -0.54091424
v -0.17364560 0.59761852 -0.55875707
v -0.20994641 0.59761852 -0.54091424
v -0.17364560 0.57068801 -0.50418735
v -0.17364560 0.58654809 -0.46746048
v -0.19340150 0.59761852 -0.24709933
v -0.17364560 0.59761852 -0.23249860
v -0.17984363 0.59761852 -0.21037246
v -0.17364560 0.59761852 -0.19812068
v -0.19868305 0.59761852 -0.06346501
v -0.17364560 0.56225795 -0.02673814
v -0.17364560 0.58342034 0.00998872
v -0.17364560 0.56948692 0.04671558
v -0.17364560 0.57235438 0.08344244
v -0.17364560 0.57784384 0.12016930
v -0.17364560 0.56750000 0.26707676
v -0.17364560 0.59761852 0.29198170
v -0.19894217 0.59761852 0.30380362
v -0.17364560 0.57104766 0.30380362
v -0.17364560 0.59761852 0.33273926
v -0.17364560 0.58464450 0.34053048
v -0.17364560 0.57070535 0.48743793
v -0.17364560 0.57875341 0.52416480
v -0.17364560 0.59563690 0.59761852
v -0.17364560 0.56608367 0.63434535
v -0.19866233 0.59761852 0.67107224
v -0.17364560 0.56158966 0.67107224
v -0.18265702 0.56310540 0.67447394
v -0.17364560 0.56532085 0.70779908
v -0.17364560 0.56925571 0.74452597
v -0.20058192 0.59761852 0.78125280
v -0.17364560 0.57447731 0.78125280
v -0.17364560 0.61279714 -0.72454852
v -0.17364560 0.62906593 -0.68782169
v -0.17364560 0.60655141 -0.65109479
v -0.17364560 0.61784011 -0.57764107
v -0.17364560 0.60429323 -0.21037246
v -0.17364560 0.60339326 0.30380362
v -0.15026392 -0.65109479 -0.32055303
v -0.13691874 -0.66913766 -0.32055303
v -0.13691874 -0.65109479 -0.34754744
v -0.13831456 -0.65109479 -0.28382617
v -0.13691874 -0.65238202 -0.28382617
v -0.13691874 -0.65109479 -0.28195071
v -0.17177293 -0.65109479 0.15689617
v -0.13815597 -0.65109479 0.26707676
v -0.13691874 -0.65174574 0.26707676
v -0.13691874 -0.65109479 0.26590005
v -0.14473067 -0.65109479 0.30380362
v -0.13691874 -0.65810943 0.30380362
v -0.14729068 -0.65109479 0.34053048
v -0.13691874 -0.65905428 0.34053048
v -0.14878571 -0.65109479 0.37725735
v -0.13691874 -0.66039914 0.37725735
v -0.15220867 -0.65109479 0.41398421
v -0.13691874 -0.67510277 0.41398421
v -0.13691874 -0.65964055 0.45071107
v -0.15723756 -0.65109479 0.48743793
v -0.13691874 -0.66230923 0.48743793
v -0.15746965 -0.65109479 0.52416480
v -0.13691874 -0.65705866 0.52416480
v -0.15415105 -0.65109479 0.56089163
v -0.13691874 -0.66051310 0.56089163
v -0.14304629 -0.65109479 0.59761852
v -0.13691874 -0.65916914 0.59761852
v -0.13691874 -0.65109479 0.62205201
v -0.13965352 -0.65109479 0.67107224
v -0.13691874 -0.65312934 0.67107224
v -0.13691874 -0.65109479 0.65666306
v -0.14271888 -0.65109479 0.70779908
v -0.13691874 -0.65650588 0.70779908
v -0.15549567 -0.65109479 0.74452597
v -0.13691874 -0.65555203 0.74452597
v -0.14048916 -0.65109479 0.78125280
v -0.13691874 -0.65469903 0.78125280
v -0.13691874 -0.65109479 0.78412324
v -0.14056250 -0.61436796 -0.65109479
v -0.13691874 -0.61878568 -0.65109479
v -0.13691874 -0.61436796 -0.66101992
v -0.14711499 -0.61436796 -0.61436796
v -0.13691874 -0.63354647 -0.61436796
v -0.13691874 -0.61436796 -0.59478551
v -0.15620159 -0.61436796 -0.50418735
v -0.13691874 -0.63290721 -0.50418735
v -0.13691874 -0.61436796 -0.53193164
v -0.13691874 -0.62400931 -0.46746048
v -0.13691874 -0.61436796 -0.45000020
v -0.14664012 -0.61436796 -0.39400676
v -0.13691874 -0.62987632 -0.39400676
v -0.13691874 -0.61436796 -0.40531981
v -0.15449220 -0.61436796 -0.35727990
v -0.13691874 -0.63672203 -0.35727990
v -0.17140235 -0.61436796 -0.32055303
v -0.16544382 -0.61436796 -0.28382617
v -0.13691874 -0.62237787 -0.24709933
v -0.15137388 -0.61436796 -0.24709933
v -0.15267731 -0.61436796 -0.21037246
v -0.13691874 -0.63353413 -0.21037246
v -0.14701763 -0.61436796 -0.17364560
v -0.13691874 -0.62832415 -0.17364560
v -0.15852489 -0.61436796 -0.13691874
v -0.13691874 -0.62793094 -0.13691874
v -0.15822528 -0.61436796 -0.10019187
v -0.13691874 -0.64098108 -0.10019187
v -0.16441919 -0.61436796 -0.06346501
v -0.13691874 -0.63560790 -0.06346501
v -0.16790701 -0.61436796 -0.02673814
v -0.13691874 -0.64176834 -0.02673814
v -0.16364470 -0.61436796 0.00998872
v -0.13691874 -0.63493741 0.00998872
v -0.13691874 -0.63324249 0.04671558
v -0.15940459 -0.61436796 0.08344244
v -0.13691874 -0.64797717 0.08344244
v -0.16175276 -0.61436796 0.12016930
v -0.13691874 -0.64756364 0.12016930
v -0.13691874 -0.64106119 0.15689617
v -0.13691874 -0.63562655 0.19362304
v -0.13691874 -0.63128632 0.23034990
v -0.13691874 -0.64775032 0.63434535
v -0.13691874 -0.61436796 0.79314232
v -0.15640564 -0.57764107 -0.72454852
v -0.13691874 -0.59776986 -0.72454852
v -0.13691874 -0.57764107 -0.73405749
v -0.13691874 -0.60344219 -0.68782169
v -0.13691874 -0.60437435 -0.57764107
v -0.13691874 -0.60682112 -0.54091424
v -0.13691874 -0.60394293 -0.43073362
v -0.16763775 -0.57764107 -0.24709933
v -0.13691874 -0.57764107 0.81130958
v -0.13691874 -0.54091424 -0.73676288
v -0.13691874 -0.55144155 0.81797969
v -0.14397314 -0.54091424 0.81797969
v -0.13691874 -0.54091424 0.81943953
v -0.13691874 -0.50418735 -0.73777753
v -0.13691874 -0.50418735 0.82709569
v -0.13691874 -0.47714558 -0.76127541
v -0.13691874 -0.46746048 -0.77211827
v -0.15912613 -0.46746048 0.81797969
v -0.13691874 -0.46746048 0.82359624
v -0.14069483 -0.43073362 -0.76127541
v -0.13691874 -0.43073362 -0.76256281
v -0.13691874 -0.43073362 0.82679224
v -0.13691874 -0.42653289 -0.76127541
v -0.13691874 -0.39400676 -0.74874187
v -0.13691874 -0.39400676 0.82536840
v -0.13691874 -0.35727990 -0.74501270
v -0.17288218 -0.35727990 -0.10019187
v -0.16865328 -0.35727990 0.81797969
v -0.13691874 -0.35727990 0.82241756
v -0.13691874 -0.32055303 -0.74441099
v -0.16986158 -0.32055303 -0.24709933
v -0.16797918 -0.32055303 0.81797969
v -0.13691874 -0.32055303 0.82663506
v -0.13691874 -0.28382617 -0.74123716
v -0.13691874 -0.28382617 0.82764572
v -0.13691874 -0.24709933 -0.73748022
v -0.15887900 -0.24709933 0.81797969
v -0.13691874 -0.24709933 0.82120878
v -0.13691874 -0.21037246 -0.73727518
v -0.14428613 -0.21037246 0.81797969
v -0.13691874 -0.21037246 0.82196444
v -0.13691874 -0.17364560 -0.73787987
v -0.13691874 -0.17364560 0.82585537
v -0.13691874 -0.13691874 -0.73966765
v -0.13691874 -0.13691874 0.81737697
v -0.13691874 -0.13870776 0.81797969
v -0.13691874 -0.10019187 -0.73840624
v -0.13691874 -0.10019187 0.81340772
v -0.13691874 -0.06346501 -0.73797411
v -0.13691874 -0.06346501 0.81252694
v -0.13691874 -0.02673814 -0.73806757
v -0.15216699 -0.02673814 0.81797969
v -0.13691874 -0.02673814 0.81642598
v -0.13691874 0.00998872 -0.74557298
v -0.13691874 0.00998872 0.80612314
v -0.13691874 0.04671558 -0.74672073
v -0.13691874 0.04569760 0.81797969
v -0.13691874 0.04671558 0.81834114
v -0.13691874 0.08344244 -0.74566031
v -0.14154090 0.08344244 0.81797969
v -0.13691874 0.08344244 0.81892455
v -0.13691874 0.12016930 -0.75405246
v -0.13691874 0.12016930 0.80165219
v -0.13691874 0.08503617 0.81797969
v -0.13691874 0.15689617 -0.75140172
v -0.16833742 0.15689617 0.81797969
v -0.13691874 0.15689617 0.81087315
v -0.13691874 0.19362304 -0.73922420
v -0.13691874 0.19362304 0.81664693
v -0.13691874 0.23034990 -0.73926938
v -0.17097743 0.23034990 0.81797969
v -0.13691874 0.23034990 0.80917400
v -0.13691874 0.26707676 -0.73882937
v -0.16071168 0.26707676 0.81797969
v -0.13691874 0.26707676 0.81042260
v -0.13691874 0.30380362 -0.73921126
v -0.15933026 0.30380362 0.81797969
v -0.13691874 0.29277998 0.81797969
v -0.13691874 0.30380362 0.82279527
v -0.13691874 0.34053048 -0.73898238
v -0.16299462 0.34053048 0.81797969
v -0.13691874 0.34053048 0.82484847
v -0.13691874 0.37725735 -0.73974800
v -0.13691874 0.37725735 0.82921797
v -0.13691874 0.41398421 -0.74133462
v -0.13691874 0.41398421 0.83488888
v -0.16263799 0.45071107 -0.79800224
v -0.13691874 0.45071107 -0.78675264
v -0.13691874 0.43889865 -0.76127541
v -0.13691874 0.45071107 0.84089333
v -0.16449946 0.48743793 -0.79800224
v -0.13691874 0.48743793 -0.77602720
v -0.13691874 0.48743793 0.83779007
v -0.13691874 0.50773561 -0.79800224
v -0.13691874 0.52416480 -0.81602621
v -0.13691874 0.52416480 -0.76834142
v -0.13691874 0.51596940 -0.76127541
v -0.13691874 0.52416480 -0.75785267
v -0.13691874 0.52416480 0.82765174
v -0.13691874 0.54541224 -0.79800224
v -0.16818576 0.56089163 -0.79800224
v -0.16778815 0.55785453 -0.76518899
v -0.13691874 0.55396557 -0.76127541
v -0.13691874 0.56089163 -0.76386940
v -0.16863695 0.56089163 -0.76127541
v -0.13691874 0.56089163 -0.43820575
v -0.13691874 0.55731374 -0.43073362
v -0.13691874 0.55351710 -0.39400676
v -0.16499101 0.56089163 -0.35727990
v -0.13691874 0.56089163 -0.38896611
v -0.15048696 0.56089163 -0.32055303
v -0.13691874 0.56089163 -0.30769911
v -0.13691874 0.53824729 -0.28382617
v -0.14034899 0.56089163 -0.24709933
v -0.13691874 0.56089163 -0.24870223
v -0.13691874 0.56089163 -0.17744347
v -0.13691874 0.55830467 -0.17364560
v -0.15753731 0.56089163 -0.13691874
v -0.13691874 0.56089163 -0.16848466
v -0.15531228 0.56089163 -0.10019187
v -0.17337632 0.56089163 -0.06346501
v -0.16643623 0.56089163 -0.02673814
v -0.13691874 0.56089163 -0.03746665
v -0.13691874 0.55584180 -0.02673814
v -0.13691874 0.55526626 0.00998872
v -0.14383429 0.56089163 0.00998872
v -0.13691874 0.56089163 0.02728983
v -0.14740235 0.56089163 0.15689617
v -0.15836650 0.56089163 0.19362304
v -0.13691874 0.56089163 0.21531542
v -0.13691874 0.55132633 0.23034990
v -0.13691874 0.55466509 0.26707676
v -0.16115649 0.56089163 0.26707676
v -0.16293880 0.56089163 0.30380362
v -0.13691874 0.56089163 0.28511992
v -0.14234236 0.56089163 0.37725735
v -0.13691874 0.56089163 0.39253166
v -0.13691874 0.55641150 0.41398421
v -0.13691874 0.54668713 0.45071107
v -0.13691874 0.56089163 0.47954500
v -0.16947532 0.56089163 0.56089163
v -0.15793458 0.56089163 0.59761852
v -0.13691874 0.56089163 0.58552462
v -0.13691874 0.55101097 0.59761852
v -0.13691874 0.56089163 0.62933910
v -0.17200816 0.56089163 0.67107224
v -0.13691874 0.56089163 0.64226967
v -0.13691874 0.54950821 0.67107224
v -0.13691874 0.56089163 0.68037176
v -0.15269946 0.56089163 0.74452597
v -0.13691874 0.56089163 0.73601073
v -0.13691874 0.54957956 0.74452597
v -0.13691874 0.56089163 0.76898736
v -0.14579377 0.56089163 0.81797969
v -0.13691874 0.56089163 0.82086366
v -0.13691874 0.59761852 -0.76511586
v -0.14641407 0.59761852 -0.76127541
v -0.15671113 0.59761852 -0.72454852
v -0.13691874 0.58563113 -0.72454852
v -0.13691874 0.59761852 -0.74993020
v -0.13691874 0.59761852 -0.69243157
v -0.13696161 0.59761852 -0.65109479
v -0.13691874 0.59761852 -0.65128583
v -0.13691874 0.59760338 -0.65109479
v -0.15086384 0.59761852 -0.61436796
v -0.13691874 0.59761852 -0.65106338
v -0.14750440 0.59761852 -0.57764107
v -0.13691874 0.59761852 -0.58643073
v -0.13691874 0.58385408 -0.57764107
v -0.14921561 0.59761852 -0.54091424
v -0.13691874 0.59761852 -0.56075120
v -0.13691874 0.59761852 -0.52764660
v -0.13691874 0.58746713 -0.50418735
v -0.13691874 0.57749444 -0.46746048
v -0.13899589 0.59761852 -0.35727990
v -0.13691874 0.59761852 -0.36038637
v -0.13691874 0.59761852 -0.35399857
v -0.13691874 0.57383597 -0.32055303
v -0.13908450 0.59761852 -0.24709933
v -0.13691874 0.59761852 -0.24739164
v -0.16853803 0.59761852 -0.21037246
v -0.13691874 0.57448936 -0.21037246
v -0.13691874 0.59761852 -0.24685562
v -0.13691874 0.57781428 -0.13691874
v -0.13691874 0.58433604 -0.10019187
v -0.13691874 0.58067602 -0.06346501
v -0.17228773 0.56158864 -0.06013590
v -0.13691874 0.59761852 -0.04639367
v -0.14699283 0.59761852 -0.02673814
v -0.13691874 0.57172769 -0.02673814
v -0.13691874 0.59761852 -0.01579234
v -0.13691874 0.56829321 0.04671558
v -0.13691874 0.56811029 0.08344244
v -0.13691874 0.56795812 0.12016930
v -0.13691874 0.56948465 0.15689617
v -0.13691874 0.57053906 0.19362304
v -0.15167783 0.59761852 0.30380362
v -0.15872447 0.57331419 0.28862736
v -0.13691874 0.58220381 0.30380362
v -0.13691874 0.56121153 0.34053048
v -0.13691874 0.56341881 0.37725735
v -0.13691874 0.56198585 0.48743793
v -0.13691874 0.57398164 0.52416480
v -0.13691874 0.58818042 0.56089163
v -0.13691874 0.56486928 0.63434535
v -0.13691874 0.57540619 0.70779908
v -0.13691874 0.56563216 0.78125280
v -0.13691874 0.56394571 0.81797969
v -0.13691874 0.60412556 -0.76127541
v -0.13691874 0.60132802 -0.68782169
v -0.13691874 0.61537433 -0.61436796
v -0.13691874 0.61072838 -0.54091424
v -0.13691874 0.60034591 -0.35727990
v -0.13691874 0.59777373 -0.24709933
v -0.13691874 0.60592151 -0.02673814
v -0.10190763 -0.68782169 0.34053048
v -0.10019187 -0.68964934 0.34053048
v -0.10019187 -0.68782169 0.33803192
v -0.10019187 -0.68782169 0.34600943
v -0.11223698 -0.65109479 -0.32055303
v -0.13417035 -0.65109479 -0.28382617
v -0.10756228 -0.65109479 -0.10019187
v -0.10019187 -0.65224761 -0.10019187
v -0.10019187 -0.65109479 -0.10544751
v -0.10019187 -0.65109479 -0.09689534
v -0.13230097 -0.65109479 0.08344244
v -0.10019187 -0.66030627 0.08344244
v -0.10019187 -0.65109479 0.05966442
v -0.10376923 -0.65109479 0.12016930
v -0.10019187 -0.65134984 0.12016930
v -0.11169038 -0.65109479 0.15689617
v -0.10019187 -0.65550250 0.15689617
v -0.10761965 -0.65109479 0.19362304
v -0.10019187 -0.65583664 0.19362304
v -0.10019187 -0.65109479 0.22573423
v -0.10019187 -0.66161561 0.26707676
v -0.10019187 -0.65109479 0.23252721
v -0.10019187 -0.66385752 0.30380362
v -0.10019187 -0.66688854 0.37725735
v -0.10019187 -0.66928548 0.41398421
v -0.10019187 -0.66662818 0.45071107
v -0.10019187 -0.67099833 0.48743793
v -0.11657041 -0.65109479 0.52416480
v -0.10019187 -0.65109479 0.51167500
v -0.10019187 -0.65109479 0.53635144
v -0.10019187 -0.67382431 0.56089163
v -0.10019187 -0.68443090 0.59761852
v -0.13208900 -0.65109479 0.63434535
v -0.10019187 -0.67928994 0.63434535
v -0.10019187 -0.67176282 0.67107224
v -0.10019187 -0.67689854 0.70779908
v -0.10019187 -0.65880686 0.74452597
v -0.10019187 -0.65634561 0.78125280
v -0.10019187 -0.65109479 0.78613341
v -0.12273048 -0.61436796 -0.68782169
v -0.10019187 -0.64044464 -0.68782169
v -0.10019187 -0.61436796 -0.70925891
v -0.10019187 -0.63869625 -0.65109479
v -0.10019187 -0.63943040 -0.61436796
v -0.12179796 -0.61436796 -0.57764107
v -0.10019187 -0.62727755 -0.57764107
v -0.12470955 -0.61436796 -0.54091424
v -0.10019187 -0.62553626 -0.54091424
v -0.10019187 -0.63191569 -0.50418735
v -0.10019187 -0.63680953 -0.46746048
v -0.12441051 -0.61436796 -0.43073362
v -0.10019187 -0.63458234 -0.43073362
v -0.10019187 -0.62068617 -0.39400676
v -0.10019187 -0.64096963 -0.35727990
v -0.10019187 -0.62038457 -0.32055303
v -0.10019187 -0.63064736 -0.28382617
v -0.10019187 -0.62489361 -0.24709933
v -0.10019187 -0.63713300 -0.21037246
v -0.10019187 -0.63625568 -0.17364560
v -0.10019187 -0.63222814 -0.13691874
v -0.10019187 -0.63459480 -0.06346501
v -0.10019187 -0.63719982 -0.02673814
v -0.10019187 -0.63737124 0.00998872
v -0.10019187 -0.64211804 0.04671558
v -0.10019187 -0.65009576 0.23034990
v -0.10019187 -0.64510155 0.52416480
v -0.12789086 -0.61436796 0.70779908
v -0.10019187 -0.61436796 0.68217170
v -0.10019187 -0.64781988 0.70779908
v -0.10019187 -0.64964569 0.74452597
v -0.12639520 -0.61436796 0.74452597
v -0.10019187 -0.61436796 0.77200735
v -0.10019187 -0.61436796 0.80093002
v -0.10019187 -0.60288984 -0.72454852
v -0.10019187 -0.57764107 -0.73530281
v -0.12491383 -0.57764107 0.70779908
v -0.10019187 -0.57764107 0.68429393
v -0.12472034 -0.57764107 0.74452597
v -0.10019187 -0.57764107 0.76892316
v -0.10019187 -0.57920557 0.81797969
v -0.10414449 -0.57764107 0.81797969
v -0.10019187 -0.57764107 0.81840223
v -0.10019187 -0.54091424 -0.73683852
v -0.10019187 -0.55493075 0.70779908
v -0.10019187 -0.55542707 0.74452597
v -0.10019187 -0.54091424 0.82496446
v -0.10019187 -0.50418735 -0.73835051
v -0.10019187 -0.50418735 0.82623994
v -0.10019187 -0.47740558 -0.76127541
v -0.10019187 -0.46746048 -0.77372503
v -0.10019187 -0.46746048 0.82586980
v -0.10019187 -0.43073362 -0.77389556
v -0.10019187 -0.43073362 0.82604593
v -0.12149317 -0.39400676 -0.76127541
v -0.10019187 -0.39400676 -0.77187067
v -0.10019187 -0.39400676 0.82695937
v -0.10800416 -0.35727990 -0.76127541
v -0.10019187 -0.35727990 -0.76530999
v -0.12772356 -0.35727990 0.52416480
v -0.10019187 -0.35727990 0.50200963
v -0.10019187 -0.37950048 0.52416480
v -0.10019187 -0.37861189 0.56089163
v -0.12335680 -0.35727990 0.56089163
v -0.10019187 -0.37846169 0.59761852
v -0.12372646 -0.35727990 0.59761852
v -0.10019187 -0.35727990 0.61745411
v -0.10019187 -0.35727990 0.82645136
v -0.10019187 -0.34216720 -0.76127541
v -0.10019187 -0.32055303 -0.75458902
v -0.12500761 -0.32055303 0.52416480
v -0.10019187 -0.32055303 0.50229949
v -0.12454956 -0.32055303 0.56089163
v -0.12425345 -0.32055303 0.59761852
v -0.10019187 -0.32055303 0.61815828
v -0.10019187 -0.32055303 0.82726955
v -0.10019187 -0.28382617 -0.75877249
v -0.12540270 -0.28382617 0.52416480
v -0.10019187 -0.28382617 0.50237542
v -0.12568474 -0.28382617 0.56089163
v -0.12478451 -0.28382617 0.59761852
v -0.10019187 -0.28382617 0.61849469
v -0.10019187 -0.28382617 0.82846099
v -0.10019187 -0.24709933 -0.74063414
v -0.12495858 -0.24709933 0.52416480
v -0.10019187 -0.24709933 0.50295913
v -0.12487327 -0.24709933 0.56089163
v -0.12392702 -0.24709933 0.59761852
v -0.10019187 -0.24709933 0.61829954
v -0.10019187 -0.24709933 0.82665187
v -0.10019187 -0.21037246 -0.73978490
v -0.12284746 -0.21037246 0.52416480
v -0.10019187 -0.21037246 0.50219738
v -0.12494233 -0.21037246 0.56089163
v -0.12420736 -0.21037246 0.59761852
v -0.10019187 -0.21037246 0.61753285
v -0.10019187 -0.21037246 0.82097828
v -0.10019187 -0.17364560 -0.74072999
v -0.12505274 -0.17364560 0.37725735
v -0.10019187 -0.17364560 0.35364893
v -0.10019187 -0.19556187 0.37725735
v -0.10019187 -0.19508097 0.41398421
v -0.12463664 -0.17364560 0.41398421
v -0.10019187 -0.19458564 0.45071107
v -0.12536474 -0.17364560 0.45071107
v -0.10019187 -0.19561307 0.48743793
v -0.12384491 -0.17364560 0.48743793
v -0.12360198 -0.17364560 0.52416480
v -0.12420736 -0.17364560 0.56089163
v -0.12268487 -0.17364560 0.59761852
v -0.10019187 -0.17364560 0.61759633
v -0.10019187 -0.17364560 0.82691205
v -0.10019187 -0.13691874 -0.74038190
v -0.12527661 -0.13691874 0.37725735
v -0.10019187 -0.13691874 0.35293901
v -0.12342118 -0.13691874 0.41398421
v -0.12294343 -0.13691874 0.45071107
v -0.12374124 -0.13691874 0.48743793
v -0.12277944 -0.13691874 0.52416480
v -0.12301243 -0.13691874 0.56089163
v -0.12205715 -0.13691874 0.59761852
v -0.10019187 -0.13691874 0.61745411
v -0.10019187 -0.13691874 0.81365854
v -0.10019187 -0.14724711 0.81797969
v -0.10019187 -0.10019187 -0.74083608
v -0.12613313 -0.10019187 0.34053048
v -0.10019187 -0.10019187 0.31798348
v -0.10019187 -0.12451019 0.34053048
v -0.12507746 -0.10019187 0.37725735
v -0.12350762 -0.10019187 0.41398421
v -0.12400968 -0.10019187 0.45071107
v -0.12312374 -0.10019187 0.48743793
v -0.12321502 -0.10019187 0.52416480
v -0.12169463 -0.10019187 0.56089163
v -0.12260445 -0.10019187 0.59761852
v -0.10019187 -0.10019187 0.61772454
v -0.10019187 -0.10019187 0.81632763
v -0.10019187 -0.06346501 -0.74108303
v -0.12351484 -0.06346501 0.34053048
v -0.10019187 -0.06346501 0.31885421
v -0.12193708 -0.06346501 0.37725735
v -0.12172539 -0.06346501 0.41398421
v -0.12190570 -0.06346501 0.45071107
v -0.12208902 -0.06346501 0.48743793
v -0.12298476 -0.06346501 0.52416480
v -0.12242554 -0.06346501 0.56089163
v -0.12178724 -0.06346501 0.59761852
v -0.10019187 -0.06346501 0.61767632
v -0.10019187 -0.06346501 0.80681878
v -0.10019187 -0.02673814 -0.74056596
v -0.12320094 -0.02673814 0.34053048
v -0.10019187 -0.02673814 0.31914392
v -0.12374124 -0.02673814 0.37725735
v -0.12324325 -0.02673814 0.41398421
v -0.12139755 -0.02673814 0.45071107
v -0.12201273 -0.02673814 0.48743793
v -0.12101016 -0.02673814 0.52416480
v -0.12167621 -0.02673814 0.56089163
v -0.12062559 -0.02673814 0.59761852
v -0.10019187 -0.02673814 0.61665106
v -0.10019187 -0.02673814 0.80394584
v -0.11178810 0.00998872 -0.76127541
v -0.10019187 0.00349668 -0.76127541
v -0.10019187 0.00998872 -0.77266312
v -0.12304017 0.00998872 0.34053048
v -0.10019187 0.00998872 0.32006341
v -0.12219144 0.00998872 0.37725735
v -0.12204447 0.00998872 0.41398421
v -0.12229490 0.00998872 0.45071107
v -0.12117863 0.00998872 0.48743793
v -0.12159670 0.00998872 0.52416480
v -0.12103328 0.00998872 0.56089163
v -0.12117282 0.00998872 0.59761852
v -0.10019187 0.00998872 0.61667997
v -0.10019187 0.00997653 0.81797969
v -0.10020917 0.00998872 0.81797969
v -0.10019187 0.00998872 0.81798601
v -0.11126405 0.04671558 -0.76127541
v -0.10019187 0.04671558 -0.77048451
v -0.12223017 0.04671558 0.34053048
v -0.10019187 0.04671558 0.31936052
v -0.12324325 0.04671558 0.37725735
v -0.12179964 0.04671558 0.41398421
v -0.12180588 0.04671558 0.45071107
v -0.12206352 0.04671558 0.48743793
v -0.12116694 0.04671558 0.52416480
v -0.12171306 0.04671558 0.56089163
v -0.12042230 0.04671558 0.59761852
v -0.10019187 0.04671558 0.61667520
v -0.10019187 0.04671558 0.80792177
v -0.13587238 0.04671558 0.81797969
v -0.10019187 0.01000651 0.81797969
v -0.10770434 0.08344244 -0.76127541
v -0.10019187 0.08344244 -0.76578623
v -0.12352934 0.08344244 0.26707676
v -0.10019187 0.08344244 0.24521779
v -0.10019187 0.06234380 0.26707676
v -0.10019187 0.06227256 0.30380362
v -0.12295716 0.08344244 0.30380362
v -0.12210177 0.08344244 0.34053048
v -0.12219788 0.08344244 0.37725735
v -0.12168847 0.08344244 0.41398421
v -0.12150571 0.08344244 0.45071107
v -0.12108540 0.08344244 0.48743793
v -0.12225602 0.08344244 0.52416480
v -0.12162108 0.08344244 0.56089163
v -0.12130234 0.08344244 0.59761852
v -0.10019187 0.08344244 0.61696434
v -0.12874435 0.08344244 0.81797969
v -0.10019187 0.08344244 0.81420058
v -0.11834389 0.12016930 -0.76127541
v -0.10019187 0.12016930 -0.76876026
v -0.12270505 0.12016930 0.26707676
v -0.10019187 0.12016930 0.24614260
v -0.12304711 0.12016930 0.30380362
v -0.12361655 0.12016930 0.34053048
v -0.12228838 0.12016930 0.37725735
v -0.12183691 0.12016930 0.41398421
v -0.12145751 0.12016930 0.45071107
v -0.12177484 0.12016930 0.48743793
v -0.12193708 0.12016930 0.52416480
v -0.12082740 0.12016930 0.56089163
v -0.12016969 0.12016930 0.59761852
v -0.10019187 0.12016930 0.61683589
v -0.10019187 0.12016930 0.80093390
v -0.12040913 0.15689617 -0.76127541
v -0.10019187 0.15689617 -0.77100688
v -0.12381514 0.15689617 0.15689617
v -0.10019187 0.15689617 0.13499902
v -0.10019187 0.13422005 0.15689617
v -0.10019187 0.13562450 0.19362304
v -0.12397199 0.15689617 0.19362304
v -0.10019187 0.13596193 0.23034990
v -0.12374859 0.15689617 0.23034990
v -0.12330700 0.15689617 0.26707676
v -0.12296410 0.15689617 0.30380362
v -0.12236004 0.15689617 0.34053048
v -0.12243871 0.15689617 0.37725735
v -0.12172539 0.15689617 0.41398421
v -0.12262449 0.15689617 0.45071107
v -0.12129051 0.15689617 0.48743793
v -0.12158451 0.15689617 0.52416480
v -0.12125506 0.15689617 0.56089163
v -0.12016444 0.15689617 0.59761852
v -0.10019187 0.15689617 0.61650759
v -0.10019187 0.15689617 0.81226748
v -0.10019187 0.16514270 -0.76127541
v -0.10019187 0.19362304 -0.74137157
v -0.12464461 0.19362304 0.15689617
v -0.10019187 0.19362304 0.13469528
v -0.12210177 0.19362304 0.19362304
v -0.12321502 0.19362304 0.23034990
v -0.12342118 0.19362304 0.26707676
v -0.12314476 0.19362304 0.30380362
v -0.12332121 0.19362304 0.34053048
v -0.12366040 0.19362304 0.37725735
v -0.12286112 0.19362304 0.41398421
v -0.12240586 0.19362304 0.45071107
v -0.12158451 0.19362304 0.48743793
v -0.12223017 0.19362304 0.52416480
v -0.12117282 0.19362304 0.56089163
v -0.12049326 0.19362304 0.59761852
v -0.10019187 0.19362304 0.61706436
v -0.10019187 0.17509288 0.81797969
v -0.13013373 0.19362304 0.81797969
v -0.10019187 0.19362304 0.82368505
v -0.10019187 0.23034990 -0.74097401
v -0.12361655 0.23034990 0.15689617
v -0.10019187 0.23034990 0.13518864
v -0.12298476 0.23034990 0.19362304
v -0.12212734 0.23034990 0.23034990
v -0.12239935 0.23034990 0.26707676
v -0.12211452 0.23034990 0.30380362
v -0.12139159 0.23034990 0.34053048
v -0.12284746 0.23034990 0.37725735
v -0.12200643 0.23034990 0.41398421
v -0.12186191 0.23034990 0.45071107
v -0.12180588 0.23034990 0.48743793
v -0.12311681 0.23034990 0.52416480
v -0.12171922 0.23034990 0.56089163
v -0.12149968 0.23034990 0.59761852
v -0.10019187 0.23034990 0.61701924
v -0.10673057 0.23034990 0.81797969
v -0.10019187 0.23034990 0.82032609
v -0.10019187 0.26707676 -0.74166733
v -0.10019187 0.25162154 0.15689617
v -0.12391202 0.26707676 0.19362304
v -0.10019187 0.26707676 0.17235136
v -0.12267143 0.26707676 0.23034990
v -0.12183691 0.26707676 0.26707676
v -0.12143951 0.26707676 0.30380362
v -0.12247164 0.26707676 0.34053048
v -0.12273209 0.26707676 0.37725735
v -0.12335680 0.26707676 0.41398421
v -0.12197483 0.26707676 0.45071107
v -0.12106796 0.26707676 0.48743793
v -0.12140357 0.26707676 0.52416480
v -0.12159670 0.26707676 0.56089163
v -0.12123146 0.26707676 0.59761852
v -0.10019187 0.26707676 0.61652666
v -0.10019187 0.26707676 0.81228948
v -0.10019187 0.23926933 0.81797969
v -0.10019187 0.30380362 -0.74045706
v -0.12447881 0.30380362 0.19362304
v -0.10019187 0.30380362 0.17204006
v -0.12377816 0.30380362 0.23034990
v -0.12292963 0.30380362 0.26707676
v -0.12153596 0.30380362 0.30380362
v -0.12282701 0.30380362 0.34053048
v -0.12271184 0.30380362 0.37725735
v -0.12207627 0.30380362 0.41398421
v -0.12182451 0.30380362 0.45071107
v -0.12156630 0.30380362 0.48743793
v -0.12198114 0.30380362 0.52416480
v -0.12203179 0.30380362 0.56089163
v -0.12037341 0.30380362 0.59761852
v -0.10019187 0.30380362 0.61729848
v -0.10019187 0.28214708 0.81797969
v -0.10019187 0.30380362 0.82751155
v -0.10019187 0.34053048 -0.74015898
v -0.10019187 0.32454163 0.19362304
v -0.10019187 0.32443348 0.23034990
v -0.10019187 0.32404482 0.26707676
v -0.10019187 0.32476118 0.30380362
v -0.10019187 0.32499740 0.34053048
v -0.10019187 0.32409400 0.37725735
v -0.10019187 0.32509938 0.41398421
v -0.10019187 0.32411054 0.45071107
v -0.10019187 0.32420412 0.48743793
v -0.10019187 0.32358697 0.52416480
v -0.10019187 0.32368112 0.56089163
v -0.10019187 0.32328478 0.59761852
v -0.10019187 0.34053048 0.82803565
v -0.11227369 0.37725735 -0.76127541
v -0.10019187 0.36517552 -0.76127541
v -0.10019187 0.37725735 -0.78299141
v -0.10019187 0.37725735 0.83289969
v -0.11513577 0.41398421 -0.76127541
v -0.10019187 0.41398421 -0.78891397
v -0.10019187 0.41398421 0.82871151
v -0.11914597 0.45071107 -0.79800224
v -0.10019187 0.43244249 -0.79800224
v -0.10019187 0.45071107 -0.82518148
v -0.10019187 0.45071107 0.84556842
v -0.13177489 0.48743793 -0.83472914
v -0.10019187 0.46310771 -0.83472914
v -0.10019187 0.48743793 -0.84346569
v -0.10019187 0.48743793 -0.80902845
v -0.10019187 0.47905424 -0.79800224
v -0.10019187 0.48743793 -0.79120934
v -0.10019187 0.48743793 0.83910465
v -0.10281394 0.52416480 -0.83472914
v -0.10019187 0.52416480 -0.83538431
v -0.10019187 0.49560446 -0.79800224
v -0.12132112 0.52416480 -0.76127541
v -0.10485929 0.52416480 -0.10019187
v -0.10019187 0.52416480 -0.10205859
v -0.10019187 0.52314484 -0.10019187
v -0.10019187 0.52416480 -0.09866819
v -0.10064384 0.52416480 -0.02673814
v -0.10019187 0.52416480 -0.02722269
v -0.10019187 0.52382040 -0.02673814
v -0.10019187 0.52416480 -0.02627266
v -0.10019187 0.52416480 0.83940041
v -0.10019187 0.52489769 -0.83472914
v -0.10019187 0.54917365 -0.79800224
v -0.12840642 0.56089163 -0.76127541
v -0.10019187 0.54757750 -0.76127541
v -0.10019187 0.56089163 -0.75236440
v -0.10310907 0.56089163 -0.50418735
v -0.10019187 0.56089163 -0.51896936
v -0.10019187 0.55872959 -0.50418735
v -0.10019187 0.56089163 -0.50026369
v -0.10019187 0.56089163 -0.45044804
v -0.10019187 0.53530878 -0.43073362
v -0.10019187 0.53817677 -0.39400676
v -0.10019187 0.54750997 -0.35727990
v -0.11091842 0.56089163 -0.35727990
v -0.10019187 0.55724519 -0.32055303
v -0.10454869 0.56089163 -0.32055303
v -0.10019187 0.55022049 -0.28382617
v -0.10019187 0.56021762 -0.24709933
v -0.11161304 0.56089163 -0.24709933
v -0.10019187 0.55833018 -0.21037246
v -0.10458484 0.56089163 -0.21037246
v -0.12816735 0.56089163 -0.17364560
v -0.10019187 0.56089163 -0.20048288
v -0.10019187 0.53908259 -0.10019187
v -0.10019187 0.55110484 -0.06346501
v -0.11734545 0.56089163 -0.06346501
v -0.10019187 0.56089163 -0.09474359
v -0.10019187 0.56089163 -0.00690343
v -0.12589237 0.56089163 0.00998872
v -0.12341642 0.56089163 0.08344244
v -0.10019187 0.56089163 0.06640115
v -0.10019187 0.54311079 0.08344244
v -0.10019187 0.55219191 0.12016930
v -0.11666553 0.56089163 0.12016930
v -0.10019187 0.55075783 0.15689617
v -0.11821724 0.56089163 0.15689617
v -0.10019187 0.55187303 0.19362304
v -0.11494992 0.56089163 0.19362304
v -0.10019187 0.56089163 0.21553104
v -0.11473557 0.56089163 0.23034990
v -0.10019187 0.56089163 0.24399875
v -0.10019187 0.55536872 0.26707676
v -0.10019187 0.55306935 0.30380362
v -0.11897035 0.56089163 0.30380362
v -0.10019187 0.54907984 0.34053048
v -0.13608800 0.56089163 0.34053048
v -0.10019187 0.54894501 0.37725735
v -0.13138345 0.56089163 0.37725735
v -0.10019187 0.54850948 0.41398421
v -0.11162187 0.56089163 0.45071107
v -0.10019187 0.56089163 0.44625360
v -0.10801032 0.56089163 0.56089163
v -0.10019187 0.56089163 0.54538530
v -0.10019187 0.55511832 0.56089163
v -0.11417516 0.56089163 0.59761852
v -0.10019187 0.56089163 0.57824761
v -0.10019187 0.55159241 0.63434535
v -0.10019187 0.56089163 0.61504805
v -0.13000624 0.56089163 0.63434535
v -0.10019187 0.56089163 0.66970301
v -0.10180535 0.56089163 0.67107224
v -0.10019187 0.55708969 0.70779908
v -0.10019187 0.56089163 0.67396438
v -0.10585415 0.56089163 0.70779908
v -0.11350063 0.56089163 0.74452597
v -0.10019187 0.56089163 0.72671986
v -0.10019187 0.56089163 0.81804162
v -0.12713058 0.59761852 -0.76127541
v -0.10019187 0.58917892 -0.72454852
v -0.10019187 0.59761852 -0.70790476
v -0.10019187 0.59761852 -0.67743093
v -0.10019187 0.58460867 -0.65109479
v -0.10019187 0.57925045 -0.61436796
v -0.12450529 0.59761852 -0.61436796
v -0.10019187 0.59399730 -0.57764107
v -0.10019187 0.56607181 -0.54091424
v -0.12895352 0.59761852 -0.54091424
v -0.10019187 0.56576395 -0.46746048
v -0.13479346 0.59761852 -0.35727990
v -0.13683915 0.59761852 -0.24709933
v -0.10019187 0.56330830 -0.17364560
v -0.10019187 0.56268287 -0.13691874
v -0.10019187 0.56156290 -0.10019187
v -0.13297668 0.59761852 -0.02673814
v -0.10019187 0.56463599 0.00998872
v -0.10019187 0.56429809 0.04671558
v -0.10019187 0.56471127 0.23034990
v -0.10019187 0.56368905 0.45071107
v -0.10019187 0.57200634 0.48743793
v -0.10019187 0.57411402 0.52416480
v -0.10019187 0.56937021 0.59761852
v -0.10019187 0.56169456 0.67107224
v -0.10019187 0.56717539 0.74452597
v -0.10019187 0.56923026 0.78125280
v -0.10019187 0.56102055 0.81797969
v -0.10019187 0.60200846 -0.68782169
v -0.06821404 -0.68782169 0.19362304
v -0.06346501 -0.69132817 0.19362304
v -0.06346501 -0.68782169 0.18520585
v -0.06346501 -0.68782169 0.20080927
v -0.09308793 -0.68782169 0.34053048
v -0.06346501 -0.69108784 0.37725735
v -0.06346501 -0.68782169 0.36970291
v -0.06931181 -0.68782169 0.37725735
v -0.07716578 -0.68782169 0.41398421
v -0.06346501 -0.69462013 0.41398421
v -0.06346501 -0.68782169 0.43971252
v -0.07585302 -0.65109479 -0.65109479
v -0.06346501 -0.65709430 -0.65109479
v -0.06346501 -0.65109479 -0.68633002
v -0.08533309 -0.65109479 -0.61436796
v -0.06346501 -0.66541767 -0.61436796
v -0.06346501 -0.65109479 -0.59591335
v -0.07683339 -0.65109479 -0.39400676
v -0.06346501 -0.66376543 -0.39400676
v -0.06346501 -0.65109479 -0.41279179
v -0.06346501 -0.65109479 -0.37776321
v -0.06513614 -0.65109479 -0.21037246
v -0.06346501 -0.65188414 -0.21037246
v -0.06346501 -0.65109479 -0.21085307
v -0.07697986 -0.65109479 -0.17364560
v -0.06346501 -0.66740352 -0.17364560
v -0.07700564 -0.65109479 -0.13691874
v -0.06346501 -0.65624291 -0.13691874
v -0.08869826 -0.65109479 -0.10019187
v -0.06346501 -0.65109479 -0.11435638
v -0.07904685 -0.65109479 0.00998872
v -0.06346501 -0.66543800 0.00998872
v -0.06346501 -0.65109479 -0.01180097
v -0.07838852 -0.65109479 0.04671558
v -0.06346501 -0.65937269 0.04671558
v -0.07852525 -0.65109479 0.08344244
v -0.06346501 -0.65109479 0.05953553
v -0.09781048 -0.65109479 0.12016930
v -0.06346501 -0.65109479 0.14451186
v -0.06346501 -0.65457505 0.15689617
v -0.09801602 -0.65109479 0.23034990
v -0.06346501 -0.66419238 0.23034990
v -0.06346501 -0.66522557 0.26707676
v -0.06346501 -0.66555548 0.30380362
v -0.07095961 -0.65109479 0.34053048
v -0.06346501 -0.65109479 0.33131206
v -0.06346501 -0.67368048 0.37725735
v -0.07397356 -0.65109479 0.37725735
v -0.06346501 -0.65109479 0.38569653
v -0.06346501 -0.67668915 0.45071107
v -0.07297806 -0.65109479 0.48743793
v -0.06346501 -0.65109479 0.47590810
v -0.06346501 -0.65109479 0.49923396
v -0.06346501 -0.67345184 0.52416480
v -0.08510087 -0.65109479 0.52416480
v -0.06346501 -0.67172003 0.56089163
v -0.06346501 -0.67639726 0.59761852
v -0.06346501 -0.68370432 0.63434535
v -0.07259405 -0.65109479 0.67107224
v -0.06346501 -0.65109479 0.66183478
v -0.06346501 -0.65109479 0.69545209
v -0.06346501 -0.65405965 0.70779908
v -0.06346501 -0.66732335 0.74452597
v -0.06346501 -0.66018814 0.78125280
v -0.06346501 -0.65109479 0.79013485
v -0.06346501 -0.65059847 -0.68782169
v -0.06346501 -0.61436796 -0.70964789
v -0.06346501 -0.63168222 -0.57764107
v -0.06346501 -0.63891536 -0.54091424
v -0.06346501 -0.64852136 -0.50418735
v -0.06346501 -0.63306206 -0.46746048
v -0.06346501 -0.62874353 -0.43073362
v -0.06346501 -0.63320315 -0.35727990
v -0.06346501 -0.62264574 -0.32055303
v -0.07192498 -0.61436796 -0.28382617
v -0.06346501 -0.61436796 -0.29726243
v -0.06346501 -0.61436796 -0.27416965
v -0.06346501 -0.62416893 -0.24709933
v -0.06346501 -0.64472383 -0.10019187
v -0.06346501 -0.64576954 -0.06346501
v -0.06346501 -0.64419192 -0.02673814
v -0.06346501 -0.63947183 0.08344244
v -0.06346501 -0.64534277 0.12016930
v -0.06346501 -0.64670795 0.34053048
v -0.06346501 -0.64613807 0.37725735
v -0.06346501 -0.64542985 0.48743793
v -0.06346501 -0.64363086 0.67107224
v -0.06346501 -0.61436796 0.67776644
v -0.06346501 -0.65006691 0.70779908
v -0.06346501 -0.64432579 0.74452597
v -0.06346501 -0.61436796 0.77291495
v -0.06346501 -0.61436796 0.80163682
v -0.06346501 -0.60296857 -0.72454852
v -0.06346501 -0.57764107 -0.73319900
v -0.06346501 -0.60998482 -0.28382617
v -0.06346501 -0.57764107 0.68333048
v -0.06346501 -0.57764107 0.76964009
v -0.06346501 -0.58874083 0.81797969
v -0.06346501 -0.57764107 0.82114583
v -0.06346501 -0.54091424 -0.73669481
v -0.06346501 -0.55491704 0.70779908
v -0.06346501 -0.55522847 0.74452597
v -0.06346501 -0.54091424 0.82294828
v -0.06346501 -0.50418735 -0.73951763
v -0.06346501 -0.50418735 0.82455426
v -0.06346501 -0.48141512 -0.76127541
v -0.06346501 -0.46746048 -0.78023559
v -0.06346501 -0.46746048 0.82918447
v -0.06346501 -0.43073362 -0.78095186
v -0.06346501 -0.43073362 0.82367146
v -0.06346501 -0.39400676 -0.78241944
v -0.06346501 -0.39400676 0.82944828
v -0.06346501 -0.35727990 -0.78202415
v -0.06346501 -0.35727990 0.50470883
v -0.06346501 -0.37790415 0.52416480
v -0.06346501 -0.37706852 0.56089163
v -0.06346501 -0.37612647 0.59761852
v -0.06346501 -0.35727990 0.61718583
v -0.06346501 -0.35727990 0.82359946
v -0.09099026 -0.32055303 -0.76127541
v -0.06346501 -0.32055303 -0.77930021
v -0.06346501 -0.32055303 0.50438142
v -0.06346501 -0.32055303 0.61739153
v -0.07800408 -0.32055303 0.81797969
v -0.06346501 -0.32055303 0.81250507
v -0.06346501 -0.34114304 0.81797969
v -0.09612212 -0.28382617 -0.76127541
v -0.06346501 -0.28382617 -0.77580178
v -0.06346501 -0.28382617 0.50458217
v -0.06346501 -0.28382617 0.61724705
v -0.06346501 -0.30476630 0.81797969
v -0.06346501 -0.28382617 0.82762051
v -0.06346501 -0.27185792 -0.76127541
v -0.06346501 -0.24709933 -0.74150234
v -0.06346501 -0.24709933 0.50463808
v -0.06346501 -0.24709933 0.61681628
v -0.06346501 -0.24709933 0.81980455
v -0.06346501 -0.21037246 -0.74160576
v -0.06346501 -0.21037246 0.50389624
v -0.06346501 -0.21037246 0.61680645
v -0.06346501 -0.21037246 0.82614523
v -0.06346501 -0.17364560 -0.74176902
v -0.06346501 -0.17364560 0.35711896
v -0.06346501 -0.19362342 0.37725735
v -0.06346501 -0.19353893 0.41398421
v -0.06346501 -0.19336164 0.45071107
v -0.06346501 -0.19391413 0.48743793
v -0.06346501 -0.17364560 0.61660779
v -0.06346501 -0.17364560 0.82342184
v -0.06346501 -0.13691874 -0.74218005
v -0.06346501 -0.13691874 0.35707581
v -0.06346501 -0.13691874 0.61725730
v -0.08261343 -0.13691874 0.81797969
v -0.06346501 -0.13691874 0.82358599
v -0.06346501 -0.10019187 -0.74218005
v -0.06346501 -0.10019187 0.31987792
v -0.06346501 -0.12037341 0.34053048
v -0.06346501 -0.10019187 0.61621356
v -0.06346501 -0.10019187 0.81330001
v -0.06346501 -0.11995884 0.81797969
v -0.06346501 -0.06346501 -0.74215579
v -0.06346501 -0.06346501 0.32016864
v -0.06346501 -0.06346501 0.61598194
v -0.06346501 -0.06346501 0.81622046
v -0.06346501 -0.02673814 -0.74236250
v -0.06346501 -0.02673814 0.32165554
v -0.06346501 -0.02673814 0.61583078
v -0.06346501 -0.02673814 0.81033981
v -0.07595502 0.00998872 -0.79800224
v -0.06346501 0.00273256 -0.79800224
v -0.06346501 0.00998872 -0.80525839
v -0.06346501 -0.00301799 -0.76127541
v -0.06346501 0.00998872 0.32077822
v -0.06346501 0.00998872 0.61636174
v -0.10016014 0.00998872 0.81797969
v -0.06346501 0.00998872 0.81105024
v -0.06410562 0.04671558 -0.79800224
v -0.06346501 0.04671558 -0.79835880
v -0.06346501 0.04671558 0.32046732
v -0.06346501 0.04671558 0.61614937
v -0.06346501 0.04671558 0.81085116
v -0.06346501 0.04742359 -0.79800224
v -0.06346501 0.08344244 -0.77989149
v -0.06346501 0.08344244 0.24680822
v -0.06346501 0.06298645 0.26707676
v -0.06346501 0.06337930 0.30380362
v -0.06346501 0.08344244 0.61640859
v -0.06346501 0.08344244 0.81353718
v -0.06346501 0.12016930 -0.77709746
v -0.06346501 0.12016930 0.24794248
v -0.06346501 0.12016930 0.61711484
v -0.06346501 0.12016930 0.80991274
v -0.06346501 0.15689617 -0.78705573
v -0.06346501 0.15689617 0.13674706
v -0.06346501 0.13619247 0.15689617
v -0.06346501 0.13668753 0.19362304
v -0.06346501 0.13776197 0.23034990
v -0.06346501 0.15689617 0.61759633
v -0.06346501 0.15364188 0.81797969
v -0.06880072 0.15689617 0.81797969
v -0.06346501 0.15689617 0.81921118
v -0.06346501 0.17005895 -0.76127541
v -0.06346501 0.19362304 -0.74257874
v -0.06346501 0.19362304 0.13675785
v -0.06346501 0.19362304 0.61835080
v -0.06346501 0.19362304 0.81313080
v -0.08067526 0.19362304 0.81797969
v -0.06346501 0.16274157 0.81797969
v -0.06346501 0.23034990 -0.74209237
v -0.06346501 0.23034990 0.13792126
v -0.06346501 0.23034990 0.61728811
v -0.06346501 0.20565259 0.81797969
v -0.06346501 0.23034990 0.82981408
v -0.06346501 0.26707676 -0.74247593
v -0.06346501 0.25054222 0.15689617
v -0.06346501 0.26707676 0.17343064
v -0.06346501 0.26707676 0.61714005
v -0.08408330 0.26707676 0.81797969
v -0.06346501 0.26707676 0.82856339
v -0.06346501 0.30380362 -0.74228609
v -0.06346501 0.30380362 0.17392765
v -0.06346501 0.30380362 0.61655527
v -0.06346501 0.30380362 0.82930565
v -0.06346501 0.34053048 -0.74196434
v -0.06346501 0.32262659 0.19362304
v -0.06346501 0.32342196 0.23034990
v -0.06346501 0.32293299 0.26707676
v -0.06346501 0.32287961 0.30380362
v -0.06346501 0.32328981 0.34053048
v -0.06346501 0.32336575 0.37725735
v -0.06346501 0.32272130 0.41398421
v -0.06346501 0.32247248 0.45071107
v -0.06346501 0.32289419 0.48743793
v -0.06346501 0.32326460 0.52416480
v -0.06346501 0.32289419 0.56089163
v -0.06346501 0.32193688 0.59761852
v -0.06346501 0.34053048 0.83549732
v -0.06346501 0.36346236 -0.76127541
v -0.06346501 0.37725735 -0.77972114
v -0.06346501 0.37725735 0.83770126
v -0.07621757 0.41398421 -0.79800224
v -0.06346501 0.40783066 -0.79800224
v -0.06346501 0.41398421 -0.80193716
v -0.06346501 0.41398421 0.83677018
v -0.09106871 0.45071107 -0.83472914
v -0.06346501 0.44366717 -0.83472914
v -0.06346501 0.45071107 -0.85373282
v -0.06346501 0.45071107 0.84082061
v -0.06346501 0.48743793 -0.84651929
v -0.08412940 0.48743793 -0.79800224
v -0.06346501 0.48743793 0.84028262
v -0.06346501 0.51666880 -0.83472914
v -0.09094591 0.52416480 -0.83472914
v -0.06346501 0.52416480 -0.82429838
v -0.09687580 0.52416480 -0.10019187
v -0.09965696 0.52416480 -0.02673814
v -0.06346501 0.52416480 0.83651978
v -0.06346501 0.56089163 -0.80093449
v -0.07868700 0.56089163 -0.79800224
v -0.06346501 0.56089163 -0.78217387
v -0.06346501 0.53391629 -0.76127541
v -0.06346501 0.56089163 -0.75100428
v -0.07159512 0.56089163 -0.57764107
v -0.06346501 0.56089163 -0.59012312
v -0.06346501 0.55639595 -0.57764107
v -0.06346501 0.55794096 -0.54091424
v -0.08163559 0.56089163 -0.54091424
v -0.09320100 0.56089163 -0.50418735
v -0.06346501 0.56089163 -0.53155941
v -0.06931713 0.56089163 -0.46746048
v -0.06346501 0.56089163 -0.47742921
v -0.06346501 0.55773979 -0.46746048
v -0.06346501 0.54900217 -0.43073362
v -0.06346501 0.55606908 -0.39400676
v -0.06346501 0.55451882 -0.35727990
v -0.06346501 0.54647124 -0.32055303
v -0.06346501 0.54467964 -0.28382617
v -0.06346501 0.53110933 -0.24709933
v -0.06346501 0.54485446 -0.21037246
v -0.06346501 0.54008949 -0.17364560
v -0.09244367 0.56089163 -0.17364560
v -0.06346501 0.54422611 -0.13691874
v -0.09188978 0.56089163 -0.13691874
v -0.06346501 0.54537356 -0.10019187
v -0.09411390 0.56089163 -0.10019187
v -0.06346501 0.54866469 -0.06346501
v -0.06583637 0.56089163 -0.02673814
v -0.06346501 0.56089163 -0.02990963
v -0.06633009 0.56089163 0.00998872
v -0.06346501 0.55979145 0.00998872
v -0.06346501 0.56089163 -0.00876952
v -0.06346501 0.55245709 0.04671558
v -0.07836169 0.56089163 0.04671558
v -0.06346501 0.53788191 0.08344244
v -0.06346501 0.54063630 0.12016930
v -0.06346501 0.54063332 0.15689617
v -0.07838698 0.56089163 0.19362304
v -0.06346501 0.56089163 0.18329100
v -0.06346501 0.55334061 0.23034990
v -0.06346501 0.56089163 0.21089226
v -0.08302918 0.56089163 0.23034990
v -0.06346501 0.56089163 0.26347613
v -0.06597255 0.56089163 0.26707676
v -0.08308046 0.56089163 0.30380362
v -0.07293071 0.56089163 0.34053048
v -0.07505998 0.56089163 0.37725735
v -0.06346501 0.56089163 0.40586376
v -0.06346501 0.55807084 0.41398421
v -0.06346501 0.55790901 0.45071107
v -0.08364892 0.56089163 0.45071107
v -0.06346501 0.56089163 0.46305683
v -0.08615541 0.56089163 0.56089163
v -0.08223739 0.56089163 0.63434535
v -0.09150331 0.56089163 0.70779908
v -0.06346501 0.56089163 0.82697886
v -0.06346501 0.57143182 -0.79800224
v -0.08774788 0.59761852 -0.72454852
v -0.06346501 0.59761852 -0.74168110
v -0.08716205 0.59761852 -0.68782169
v -0.06346501 0.59761852 -0.70726192
v -0.06346501 0.58930558 -0.68782169
v -0.06346501 0.57876277 -0.65109479
v -0.06346501 0.57770669 -0.61436796
v -0.06346501 0.56972522 -0.50418735
v -0.06346501 0.56122649 -0.02673814
v -0.06346501 0.56548715 0.19362304
v -0.06346501 0.56167144 0.26707676
v -0.06346501 0.57342279 0.30380362
v -0.06346501 0.56464916 0.34053048
v -0.06346501 0.56969750 0.37725735
v -0.06346501 0.56706452 0.48743793
v -0.06346501 0.56880444 0.52416480
v -0.06346501 0.57981086 0.56089163
v -0.06346501 0.58449924 0.59761852
v -0.06346501 0.57296407 0.63434535
v -0.06346501 0.58936483 0.67107224
v -0.06346501 0.59124863 0.70779908
v -0.06346501 0.58098453 0.74452597
v -0.06346501 0.56807733 0.78125280
v -0.06346501 0.58648002 0.81797969
v -0.06346501 0.60384309 -0.72454852
v -0.02876850 -0.68782169 -0.21037246
v -0.02673814 -0.68951863 -0.21037246
v -0.02673814 -0.68782169 -0.21410960
v -0.02673814 -0.68782169 -0.20895498
v -0.05579590 -0.68782169 0.19362304
v -0.05938083 -0.68782169 0.37725735
v -0.05378817 -0.68782169 0.41398421
v -0.05626931 -0.65109479 -0.65109479
v -0.04989719 -0.65109479 -0.61436796
v -0.03838208 -0.65109479 -0.54091424
v -0.02673814 -0.65587747 -0.54091424
v -0.02673814 -0.65109479 -0.55193919
v -0.02673814 -0.65109479 -0.53422141
v -0.03271832 -0.65109479 -0.46746048
v -0.02673814 -0.65361583 -0.46746048
v -0.02673814 -0.65109479 -0.47060227
v -0.02673814 -0.65109479 -0.46140695
v -0.05363140 -0.65109479 -0.39400676
v -0.02673814 -0.65109479 -0.21069020
v -0.02673814 -0.65109479 -0.20929661
v -0.04435105 -0.65109479 -0.17364560
v -0.05379707 -0.65109479 -0.13691874
v -0.04007619 -0.65109479 0.00998872
v -0.05446655 -0.65109479 0.04671558
v -0.05639750 -0.65109479 0.15689617
v -0.04466355 -0.65109479 0.19362304
v -0.02673814 -0.66560620 0.23034990
v -0.02673814 -0.65109479 0.20348312
v -0.04832364 -0.65109479 0.26707676
v -0.02673814 -0.65109479 0.24852769
v -0.04236216 -0.65109479 0.30380362
v -0.02673814 -0.65162319 0.41398421
v -0.02673814 -0.65109479 0.41167590
v -0.04379716 -0.65109479 0.45071107
v -0.02673814 -0.65109479 0.41566193
v -0.02673814 -0.65109479 0.46630594
v -0.02673814 -0.66425431 0.48743793
v -0.05317320 -0.65109479 0.48743793
v -0.02673814 -0.65829760 0.52416480
v -0.03867419 -0.65109479 0.56089163
v -0.02673814 -0.65109479 0.53504258
v -0.02673814 -0.65109479 0.59523761
v -0.02673814 -0.65183908 0.59761852
v -0.02673814 -0.66154277 0.63434535
v -0.02673814 -0.65109479 0.66367906
v -0.05153463 -0.65109479 0.70779908
v -0.03376579 -0.65109479 0.74452597
v -0.04735574 -0.65109479 0.78125280
v -0.02673814 -0.63474077 -0.68782169
v -0.02673814 -0.61436796 -0.69537908
v -0.02673814 -0.63118160 -0.65109479
v -0.02673814 -0.62053823 -0.61436796
v -0.02673814 -0.62523115 -0.57764107
v -0.03735990 -0.63258564 -0.55791181
v -0.02673814 -0.63670975 -0.54091424
v -0.03641470 -0.61436796 -0.54091424
v -0.02673814 -0.61436796 -0.56343985
v -0.04218521 -0.63404733 -0.51612365
v -0.02673814 -0.61760926 -0.50418735
v -0.02673814 -0.61436796 -0.51221412
v -0.02673814 -0.64022261 -0.43073362
v -0.02673814 -0.62798685 -0.39400676
v -0.02673814 -0.62493682 -0.35727990
v -0.02673814 -0.62772405 -0.32055303
v -0.05457302 -0.61436796 -0.28382617
v -0.02673814 -0.62607837 -0.28382617
v -0.02673814 -0.62308407 -0.24709933
v -0.02673814 -0.63534367 -0.17364560
v -0.02673814 -0.63357103 -0.13691874
v -0.02673814 -0.64839894 -0.10019187
v -0.02673814 -0.63288516 -0.06346501
v -0.02673814 -0.63240260 -0.02673814
v -0.02673814 -0.63383168 0.00998872
v -0.02673814 -0.63631427 0.04671558
v -0.02673814 -0.63123780 0.08344244
v -0.02673814 -0.63165808 0.12016930
v -0.02673814 -0.62796450 0.15689617
v -0.02673814 -0.63999325 0.19362304
v -0.02673814 -0.63040376 0.26707676
v -0.02673814 -0.62827563 0.30380362
v -0.02673814 -0.61938179 0.34053048
v -0.02673814 -0.64307827 0.37725735
v -0.02673814 -0.64184040 0.45071107
v -0.02673814 -0.64149678 0.56089163
v -0.02673814 -0.64797980 0.67107224
v -0.02673814 -0.61436796 0.67593783
v -0.02673814 -0.61951250 0.78125280
v -0.02673814 -0.61436796 0.78060317
v -0.02673814 -0.61436796 0.78313804
v -0.02673814 -0.59104443 -0.72454852
v -0.02673814 -0.57764107 -0.73148280
v -0.02673814 -0.60640287 -0.54091424
v -0.02673814 -0.57764107 0.68267238
v -0.02673814 -0.57764107 0.77321815
v -0.05046552 -0.57764107 0.81797969
v -0.02673814 -0.57764107 0.80331397
v -0.02673814 -0.57036471 -0.72454852
v -0.05131873 -0.54091424 -0.72454852
v -0.02673814 -0.57178497 -0.68782169
v -0.05133079 -0.54091424 -0.68782169
v -0.02673814 -0.54091424 -0.66239345
v -0.02673814 -0.55409175 0.70779908
v -0.02673814 -0.55389100 0.74452597
v -0.03170125 -0.54091424 0.81797969
v -0.02673814 -0.54091424 0.81634063
v -0.04849589 -0.50418735 -0.72454852
v -0.04942792 -0.50418735 -0.68782169
v -0.02673814 -0.50418735 -0.66466385
v -0.02673814 -0.53575534 0.81797969
v -0.02673814 -0.50418735 0.82369190
v -0.02673814 -0.48166066 -0.76127541
v -0.02673814 -0.46746048 -0.78200299
v -0.02673814 -0.48311827 -0.72454852
v -0.02673814 -0.48275203 -0.68782169
v -0.02673814 -0.46746048 0.82352746
v -0.02673814 -0.43073362 -0.78196299
v -0.04451182 -0.43073362 0.81797969
v -0.02673814 -0.43073362 0.81244552
v -0.02673814 -0.44866508 0.81797969
v -0.02673814 -0.39400676 -0.77833545
v -0.02673814 -0.40279481 0.81797969
v -0.02673814 -0.39400676 0.82034248
v -0.02673814 -0.37825498 -0.76127541
v -0.04907087 -0.35727990 -0.76127541
v -0.02673814 -0.35727990 -0.74269879
v -0.04820406 -0.35727990 0.19362304
v -0.02673814 -0.35727990 0.17368226
v -0.02673814 -0.37705296 0.19362304
v -0.02673814 -0.37694439 0.23034990
v -0.04852111 -0.35727990 0.23034990
v -0.02673814 -0.37723657 0.26707676
v -0.04837702 -0.35727990 0.26707676
v -0.02673814 -0.37600446 0.30380362
v -0.04741907 -0.35727990 0.30380362
v -0.02673814 -0.37680149 0.34053048
v -0.04741907 -0.35727990 0.34053048
v -0.02673814 -0.37760869 0.37725735
v -0.04688725 -0.35727990 0.37725735
v -0.02673814 -0.37612647 0.41398421
v -0.04739070 -0.35727990 0.41398421
v -0.02673814 -0.37614062 0.45071107
v -0.04708899 -0.35727990 0.45071107
v -0.02673814 -0.37599513 0.48743793
v -0.04619409 -0.35727990 0.48743793
v -0.02673814 -0.37611702 0.52416480
v -0.02673814 -0.37638980 0.56089163
v -0.02673814 -0.37589791 0.59761852
v -0.02673814 -0.35727990 0.61646503
v -0.04435609 -0.35727990 0.81797969
v -0.02673814 -0.35727990 0.81373698
v -0.02673814 -0.38295197 0.81797969
v -0.05111166 -0.32055303 -0.76127541
v -0.02673814 -0.32055303 -0.74331534
v -0.04882170 -0.32055303 0.19362304
v -0.02673814 -0.32055303 0.17389150
v -0.04807622 -0.32055303 0.23034990
v -0.04761423 -0.32055303 0.26707676
v -0.04794382 -0.32055303 0.30380362
v -0.04757956 -0.32055303 0.34053048
v -0.04747609 -0.32055303 0.37725735
v -0.04660522 -0.32055303 0.41398421
v -0.04718853 -0.32055303 0.45071107
v -0.04652158 -0.32055303 0.48743793
v -0.02673814 -0.32055303 0.61625499
v -0.04914512 -0.32055303 0.81797969
v -0.02673814 -0.34567779 0.81797969
v -0.02673814 -0.32055303 0.82759237
v -0.05149674 -0.28382617 -0.76127541
v -0.02673814 -0.30178618 -0.72454852
v -0.04537919 -0.28382617 -0.72454852
v -0.02673814 -0.30259281 -0.68782169
v -0.04663149 -0.28382617 -0.68782169
v -0.02673814 -0.30227971 -0.65109479
v -0.04708346 -0.28382617 -0.65109479
v -0.02673814 -0.30314225 -0.61436796
v -0.04742482 -0.28382617 -0.61436796
v -0.02673814 -0.30296040 -0.57764107
v -0.04744184 -0.28382617 -0.57764107
v -0.02673814 -0.30309770 -0.54091424
v -0.04776015 -0.28382617 -0.54091424
v -0.02673814 -0.30324697 -0.50418735
v -0.04813688 -0.28382617 -0.50418735
v -0.02673814 -0.30386791 -0.46746048
v -0.04743616 -0.28382617 -0.46746048
v -0.02673814 -0.30294582 -0.43073362
v -0.04778950 -0.28382617 -0.43073362
v -0.02673814 -0.30294582 -0.39400676
v -0.04753346 -0.28382617 -0.39400676
v -0.02673814 -0.30347013 -0.35727990
v -0.04829639 -0.28382617 -0.35727990
v -0.02673814 -0.30404568 -0.32055303
v -0.04813688 -0.28382617 -0.32055303
v -0.02673814 -0.30380934 -0.28382617
v -0.04866717 -0.28382617 -0.28382617
v -0.02673814 -0.30448440 -0.24709933
v -0.04771321 -0.28382617 -0.24709933
v -0.02673814 -0.30417150 -0.21037246
v -0.04860342 -0.28382617 -0.21037246
v -0.02673814 -0.30400771 -0.17364560
v -0.04957951 -0.28382617 -0.17364560
v -0.02673814 -0.30473709 -0.13691874
v -0.04811867 -0.28382617 -0.13691874
v -0.02673814 -0.30444476 -0.10019187
v -0.04867999 -0.28382617 -0.10019187
v -0.02673814 -0.30434915 -0.06346501
v -0.04877645 -0.28382617 -0.06346501
v -0.02673814 -0.30433232 -0.02673814
v -0.04871200 -0.28382617 -0.02673814
v -0.02673814 -0.30388394 0.00998872
v -0.04811867 -0.28382617 0.00998872
v -0.02673814 -0.30389464 0.04671558
v -0.04822249 -0.28382617 0.04671558
v -0.02673814 -0.30369326 0.08344244
v -0.04891284 -0.28382617 0.08344244
v -0.02673814 -0.30471972 0.12016930
v -0.04802788 -0.28382617 0.12016930
v -0.02673814 -0.30355769 0.15689617
v -0.04772491 -0.28382617 0.15689617
v -0.04889981 -0.28382617 0.19362304
v -0.04829015 -0.28382617 0.23034990
v -0.04808834 -0.28382617 0.26707676
v -0.04706146 -0.28382617 0.30380362
v -0.04709999 -0.28382617 0.34053048
v -0.04770152 -0.28382617 0.37725735
v -0.04630540 -0.28382617 0.41398421
v -0.04653720 -0.28382617 0.45071107
v -0.04632067 -0.28382617 0.48743793
v -0.02673814 -0.28382617 0.61620891
v -0.02673814 -0.28382617 0.83215326
v -0.04651121 -0.24709933 -0.72454852
v -0.04680661 -0.24709933 -0.68782169
v -0.04689803 -0.24709933 -0.65109479
v -0.04638722 -0.24709933 -0.61436796
v -0.04626477 -0.24709933 -0.57764107
v -0.04660522 -0.24709933 -0.54091424
v -0.04650596 -0.24709933 -0.50418735
v -0.04700668 -0.24709933 -0.46746048
v -0.04842066 -0.24709933 -0.43073362
v -0.04838942 -0.24709933 -0.39400676
v -0.04791993 -0.24709933 -0.35727990
v -0.04726110 -0.24709933 -0.32055303
v -0.04857169 -0.24709933 -0.28382617
v -0.04797380 -0.24709933 -0.24709933
v -0.04884769 -0.24709933 -0.21037246
v -0.04868636 -0.24709933 -0.17364560
v -0.04744184 -0.24709933 -0.13691874
v -0.04762005 -0.24709933 -0.10019187
v -0.04826549 -0.24709933 -0.06346501
v -0.04891942 -0.24709933 -0.02673814
v -0.04937328 -0.24709933 0.00998872
v -0.04900474 -0.24709933 0.04671558
v -0.04797976 -0.24709933 0.08344244
v -0.04903774 -0.24709933 0.12016930
v -0.04670007 -0.24709933 0.15689617
v -0.04696311 -0.24709933 0.19362304
v -0.04821632 -0.24709933 0.23034990
v -0.04673726 -0.24709933 0.26707676
v -0.04693054 -0.24709933 0.30380362
v -0.04735672 -0.24709933 0.34053048
v -0.04702860 -0.24709933 0.37725735
v -0.04696857 -0.24709933 0.41398421
v -0.04686567 -0.24709933 0.45071107
v -0.04626477 -0.24709933 0.48743793
v -0.02673814 -0.24709933 0.61677718
v -0.02673814 -0.24709933 0.82690251
v -0.04640774 -0.21037246 -0.72454852
v -0.04768982 -0.21037246 -0.68782169
v -0.04635135 -0.21037246 -0.65109479
v -0.04648522 -0.21037246 -0.61436796
v -0.04690889 -0.21037246 -0.57764107
v -0.04781906 -0.21037246 -0.54091424
v -0.04759112 -0.21037246 -0.50418735
v -0.04792589 -0.21037246 -0.46746048
v -0.04823474 -0.21037246 -0.43073362
v -0.04787237 -0.21037246 -0.39400676
v -0.04835215 -0.21037246 -0.35727990
v -0.04756225 -0.21037246 -0.32055303
v -0.04823474 -0.21037246 -0.28382617
v -0.04805807 -0.21037246 -0.24709933
v -0.04868636 -0.21037246 -0.21037246
v -0.04891284 -0.21037246 -0.17364560
v -0.04893903 -0.21037246 -0.13691874
v -0.04835215 -0.21037246 -0.10019187
v -0.04802788 -0.21037246 -0.06346501
v -0.04783083 -0.21037246 -0.02673814
v -0.04879578 -0.21037246 0.00998872
v -0.04845821 -0.21037246 0.04671558
v -0.04813688 -0.21037246 0.08344244
v -0.04720527 -0.21037246 0.12016930
v -0.04757956 -0.21037246 0.15689617
v -0.04700668 -0.21037246 0.19362304
v -0.04720527 -0.21037246 0.23034990
v -0.04698490 -0.21037246 0.26707676
v -0.04669482 -0.21037246 0.30380362
v -0.04761423 -0.21037246 0.34053048
v -0.04671597 -0.21037246 0.37725735
v -0.04663149 -0.21037246 0.41398421
v -0.04645419 -0.21037246 0.45071107
v -0.04700668 -0.21037246 0.48743793
v -0.02673814 -0.21037246 0.61652666
v -0.02673814 -0.21037246 0.82285947
v -0.04624453 -0.17364560 -0.72454852
v -0.04586261 -0.17364560 -0.68782169
v -0.04698490 -0.17364560 -0.65109479
v -0.04695225 -0.17364560 -0.61436796
v -0.04672129 -0.17364560 -0.57764107
v -0.04871845 -0.17364560 -0.54091424
v -0.04721081 -0.17364560 -0.50418735
v -0.04740205 -0.17364560 -0.46746048
v -0.04842066 -0.17364560 -0.43073362
v -0.04882821 -0.17364560 -0.39400676
v -0.04795580 -0.17364560 -0.35727990
v -0.04755644 -0.17364560 -0.32055303
v -0.04696311 -0.17364560 -0.28382617
v -0.04724429 -0.17364560 -0.24709933
v -0.04831488 -0.17364560 -0.21037246
v -0.04910408 -0.17364560 -0.17364560
v -0.04854010 -0.17364560 -0.13691874
v -0.04794985 -0.17364560 -0.10019187
v -0.04805807 -0.17364560 -0.06346501
v -0.04885420 -0.17364560 -0.02673814
v -0.04923115 -0.17364560 0.00998872
v -0.04917076 -0.17364560 0.04671558
v -0.04765486 -0.17364560 0.08344244
v -0.04726110 -0.17364560 0.12016930
v -0.04724990 -0.17364560 0.15689617
v -0.04732849 -0.17364560 0.19362304
v -0.04770152 -0.17364560 0.23034990
v -0.04779545 -0.17364560 0.26707676
v -0.04694679 -0.17364560 0.30380362
v -0.04687646 -0.17364560 0.34053048
v -0.02673814 -0.17364560 0.61669451
v -0.02673814 -0.17364560 0.82578969
v -0.04583347 -0.13691874 -0.72454852
v -0.04584804 -0.13691874 -0.68782169
v -0.04663149 -0.13691874 -0.65109479
v -0.04686567 -0.13691874 -0.61436796
v -0.04664199 -0.13691874 -0.57764107
v -0.04687646 -0.13691874 -0.54091424
v -0.04716079 -0.13691874 -0.50418735
v -0.04712759 -0.13691874 -0.46746048
v -0.04796778 -0.13691874 -0.43073362
v -0.04750474 -0.13691874 -0.39400676
v -0.04757956 -0.13691874 -0.35727990
v -0.04848959 -0.13691874 -0.32055303
v -0.04854640 -0.13691874 -0.28382617
v -0.04753346 -0.13691874 -0.24709933
v -0.04857169 -0.13691874 -0.21037246
v -0.04756225 -0.13691874 -0.17364560
v -0.04776015 -0.13691874 -0.13691874
v -0.04817961 -0.13691874 -0.10019187
v -0.04832728 -0.13691874 -0.06346501
v -0.04737935 -0.13691874 -0.02673814
v -0.04852742 -0.13691874 0.00998872
v -0.04732849 -0.13691874 0.04671558
v -0.04802788 -0.13691874 0.08344244
v -0.04780134 -0.13691874 0.12016930
v -0.04799181 -0.13691874 0.15689617
v -0.04706692 -0.13691874 0.19362304
v -0.04723316 -0.13691874 0.23034990
v -0.04782495 -0.13691874 0.26707676
v -0.04745900 -0.13691874 0.30380362
v -0.04691968 -0.13691874 0.34053048
v -0.02673814 -0.13691874 0.61699921
v -0.02673814 -0.13691874 0.82670748
v -0.04583347 -0.10019187 -0.72454852
v -0.04674791 -0.10019187 -0.68782169
v -0.04708346 -0.10019187 -0.65109479
v -0.04689264 -0.10019187 -0.61436796
v -0.04677986 -0.10019187 -0.57764107
v -0.04689264 -0.10019187 -0.54091424
v -0.04746467 -0.10019187 -0.50418735
v -0.04822858 -0.10019187 -0.46746048
v -0.04790207 -0.10019187 -0.43073362
v -0.04752772 -0.10019187 -0.39400676
v -0.04824091 -0.10019187 -0.35727990
v -0.04814907 -0.10019187 -0.32055303
v -0.02673814 -0.10019187 -0.30049530
v -0.02673814 -0.11686098 -0.28382617
v -0.02673814 -0.11660088 -0.24709933
v -0.02673814 -0.11658995 -0.21037246
v -0.04817352 -0.10019187 -0.17364560
v -0.02673814 -0.10019187 -0.19397438
v -0.04816736 -0.10019187 -0.13691874
v -0.04771321 -0.10019187 -0.10019187
v -0.04832728 -0.10019187 -0.06346501
v -0.04742482 -0.10019187 -0.02673814
v -0.04829015 -0.10019187 0.00998872
v -0.04800379 -0.10019187 0.04671558
v -0.04841442 -0.10019187 0.08344244
v -0.04816736 -0.10019187 0.12016930
v -0.04753346 -0.10019187 0.15689617
v -0.04701214 -0.10019187 0.19362304
v -0.04679590 -0.10019187 0.23034990
v -0.04805198 -0.10019187 0.26707676
v -0.04739070 -0.10019187 0.30380362
v -0.02673814 -0.10019187 0.61727792
v -0.02673814 -0.10019187 0.80738252
v -0.02673814 -0.12582658 0.81797969
v -0.04585778 -0.06346501 -0.72454852
v -0.04670007 -0.06346501 -0.68782169
v -0.04634112 -0.06346501 -0.65109479
v -0.04756800 -0.06346501 -0.61436796
v -0.04706692 -0.06346501 -0.57764107
v -0.04760267 -0.06346501 -0.54091424
v -0.04764905 -0.06346501 -0.50418735
v -0.04682266 -0.06346501 -0.46746048
v -0.04735105 -0.06346501 -0.43073362
v -0.04739070 -0.06346501 -0.39400676
v -0.04764905 -0.06346501 -0.35727990
v -0.04806410 -0.06346501 -0.32055303
v -0.02673814 -0.06346501 -0.30074880
v -0.04823474 -0.06346501 -0.17364560
v -0.02673814 -0.06346501 -0.19374622
v -0.04865442 -0.06346501 -0.13691874
v -0.04783083 -0.06346501 -0.10019187
v -0.04790803 -0.06346501 -0.06346501
v -0.04679057 -0.06346501 -0.02673814
v -0.04802788 -0.06346501 0.00998872
v -0.04745325 -0.06346501 0.04671558
v -0.04716633 -0.06346501 0.08344244
v -0.04752772 -0.06346501 0.12016930
v -0.04715526 -0.06346501 0.15689617
v -0.04676389 -0.06346501 0.19362304
v -0.04709445 -0.06346501 0.23034990
v -0.04701761 -0.06346501 0.26707676
v -0.04709999 -0.06346501 0.30380362
v -0.02673814 -0.06346501 0.61657906
v -0.02673814 -0.06346501 0.81415546
v -0.04565106 -0.02673814 -0.72454852
v -0.04595059 -0.02673814 -0.68782169
v -0.04645419 -0.02673814 -0.65109479
v -0.04749325 -0.02673814 -0.61436796
v -0.04762586 -0.02673814 -0.57764107
v -0.04716633 -0.02673814 -0.54091424
v -0.04777185 -0.02673814 -0.50418735
v -0.04728352 -0.02673814 -0.46746048
v -0.04734545 -0.02673814 -0.43073362
v -0.04832112 -0.02673814 -0.39400676
v -0.04978953 -0.02673814 -0.35727990
v -0.04898499 -0.02673814 -0.32055303
v -0.02673814 -0.02673814 -0.29960138
v -0.04862254 -0.02673814 -0.17364560
v -0.02673814 -0.02673814 -0.19385424
v -0.04835215 -0.02673814 -0.13691874
v -0.04842066 -0.02673814 -0.10019187
v -0.04777773 -0.02673814 -0.06346501
v -0.04897840 -0.02673814 -0.02673814
v -0.04838942 -0.02673814 0.00998872
v -0.04693054 -0.02673814 0.04671558
v -0.04708899 -0.02673814 0.08344244
v -0.04694679 -0.02673814 0.12016930
v -0.04687646 -0.02673814 0.15689617
v -0.04673194 -0.02673814 0.19362304
v -0.04675856 -0.02673814 0.23034990
v -0.04635135 -0.02673814 0.26707676
v -0.04561309 -0.02673814 0.30380362
v -0.02673814 -0.02673814 0.61631048
v -0.02673814 -0.02673814 0.81744224
v -0.05620885 0.00998872 -0.79800224
v -0.05045830 0.00998872 -0.76127541
v -0.04577554 0.00998872 -0.72454852
v -0.04656851 0.00998872 -0.68782169
v -0.04741907 0.00998872 -0.65109479
v -0.04740772 0.00998872 -0.61436796
v -0.04652676 0.00998872 -0.57764107
v -0.04567964 0.00998872 -0.54091424
v -0.04668949 0.00998872 -0.50418735
v -0.04761423 0.00998872 -0.46746048
v -0.04752772 0.00998872 -0.43073362
v -0.04821632 0.00998872 -0.39400676
v -0.04760267 0.00998872 -0.35727990
v -0.04951037 0.00998872 -0.32055303
v -0.02673814 -0.01096295 -0.28382617
v -0.04880874 0.00998872 -0.28382617
v -0.02673814 -0.00974281 -0.24709933
v -0.04873771 0.00998872 -0.24709933
v -0.02673814 -0.01021992 -0.21037246
v -0.04840819 0.00998872 -0.21037246
v -0.04825933 0.00998872 -0.17364560
v -0.04835215 0.00998872 -0.13691874
v -0.04879578 0.00998872 -0.10019187
v -0.04900474 0.00998872 -0.06346501
v -0.04797976 0.00998872 -0.02673814
v -0.04872489 0.00998872 0.00998872
v -0.04805807 0.00998872 0.04671558
v -0.04723869 0.00998872 0.08344244
v -0.04677986 0.00998872 0.12016930
v -0.04602443 0.00998872 0.15689617
v -0.04743049 0.00998872 0.19362304
v -0.04741907 0.00998872 0.23034990
v -0.04641804 0.00998872 0.26707676
v -0.04649040 0.00998872 0.30380362
v -0.02673814 0.00998872 0.61702919
v -0.02673814 -0.02199345 0.81797969
v -0.03976656 0.00998872 0.81797969
v -0.02673814 0.00998872 0.82190186
v -0.06310844 0.04671558 -0.79800224
v -0.05045081 0.04671558 -0.76127541
v -0.04546269 0.04671558 -0.72454852
v -0.04764323 0.04671558 -0.68782169
v -0.04707792 0.04671558 -0.65109479
v -0.04648004 0.04671558 -0.61436796
v -0.04612887 0.04671558 -0.57764107
v -0.04662617 0.04671558 -0.54091424
v -0.04730601 0.04671558 -0.50418735
v -0.04867999 0.04671558 -0.46746048
v -0.04869918 0.04671558 -0.43073362
v -0.04901133 0.04671558 -0.39400676
v -0.04880874 0.04671558 -0.35727990
v -0.04841442 0.04671558 -0.32055303
v -0.04777773 0.04671558 -0.28382617
v -0.04749900 0.04671558 -0.24709933
v -0.04823474 0.04671558 -0.21037246
v -0.04751049 0.04671558 -0.17364560
v -0.04798578 0.04671558 -0.13691874
v -0.04772491 0.04671558 -0.10019187
v -0.04850220 0.04671558 -0.06346501
v -0.04829015 0.04671558 -0.02673814
v -0.04730034 0.04671558 0.00998872
v -0.04789612 0.04671558 0.04671558
v -0.04755070 0.04671558 0.08344244
v -0.04696857 0.04671558 0.12016930
v -0.04709999 0.04671558 0.15689617
v -0.04724990 0.04671558 0.19362304
v -0.04686567 0.04671558 0.23034990
v -0.04719414 0.04671558 0.26707676
v -0.04680129 0.04671558 0.30380362
v -0.02673814 0.04671558 0.61851782
v -0.02673814 0.04671558 0.80489892
v -0.02673814 0.01628560 0.81797969
v -0.05101724 0.08344244 -0.76127541
v -0.04605910 0.08344244 -0.72454852
v -0.04647486 0.08344244 -0.68782169
v -0.04591627 0.08344244 -0.65109479
v -0.04656851 0.08344244 -0.61436796
v -0.04582380 0.08344244 -0.57764107
v -0.04648522 0.08344244 -0.54091424
v -0.04737935 0.08344244 -0.50418735
v -0.04714419 0.08344244 -0.46746048
v -0.04748183 0.08344244 -0.43073362
v -0.04771910 0.08344244 -0.39400676
v -0.04770152 0.08344244 -0.35727990
v -0.04825317 0.08344244 -0.32055303
v -0.04763167 0.08344244 -0.28382617
v -0.04771910 0.08344244 -0.24709933
v -0.04840188 0.08344244 -0.21037246
v -0.04834592 0.08344244 -0.17364560
v -0.04806410 0.08344244 -0.13691874
v -0.04805198 0.08344244 -0.10019187
v -0.04885420 0.08344244 -0.06346501
v -0.04765486 0.08344244 -0.02673814
v -0.04731161 0.08344244 0.00998872
v -0.04744184 0.08344244 0.04671558
v -0.04759686 0.08344244 0.08344244
v -0.04705600 0.08344244 0.12016930
v -0.04682266 0.08344244 0.15689617
v -0.04737935 0.08344244 0.19362304
v -0.04700668 0.08344244 0.23034990
v -0.02673814 0.08344244 0.61936373
v -0.02673814 0.08344244 0.81151748
v -0.05019932 0.12016930 -0.76127541
v -0.04508364 0.12016930 -0.72454852
v -0.04593098 0.12016930 -0.68782169
v -0.04651121 0.12016930 -0.65109479
v -0.04663674 0.12016930 -0.61436796
v -0.04703953 0.12016930 -0.57764107
v -0.04656851 0.12016930 -0.54091424
v -0.04737935 0.12016930 -0.50418735
v -0.04753346 0.12016930 -0.46746048
v -0.04847075 0.12016930 -0.43073362
v -0.04793787 0.12016930 -0.39400676
v -0.04649559 0.12016930 -0.35727990
v -0.04734545 0.12016930 -0.32055303
v -0.04764905 0.12016930 -0.28382617
v -0.04690889 0.12016930 -0.24709933
v -0.04753921 0.12016930 -0.21037246
v -0.04806410 0.12016930 -0.17364560
v -0.04704500 0.12016930 -0.13691874
v -0.04692507 0.12016930 -0.10019187
v -0.04718853 0.12016930 -0.06346501
v -0.04746467 0.12016930 -0.02673814
v -0.04700668 0.12016930 0.00998872
v -0.04709999 0.12016930 0.04671558
v -0.04763742 0.12016930 0.08344244
v -0.04707792 0.12016930 0.12016930
v -0.04744184 0.12016930 0.15689617
v -0.04694679 0.12016930 0.19362304
v -0.04587235 0.12016930 0.23034990
v -0.02673814 0.12016930 0.62141371
v -0.02673814 0.12016930 0.80834949
v -0.05030223 0.15689617 -0.76127541
v -0.04502123 0.15689617 -0.72454852
v -0.04584804 0.15689617 -0.68782169
v -0.04584804 0.15689617 -0.65109479
v -0.04631563 0.15689617 -0.61436796
v -0.04726110 0.15689617 -0.57764107
v -0.04646449 0.15689617 -0.54091424
v -0.04649040 0.15689617 -0.50418735
v -0.04701214 0.15689617 -0.46746048
v -0.04717186 0.15689617 -0.43073362
v -0.04741907 0.15689617 -0.39400676
v -0.04700122 0.15689617 -0.35727990
v -0.04619409 0.15689617 -0.32055303
v -0.04766067 0.15689617 -0.28382617
v -0.04681194 0.15689617 -0.24709933
v -0.04821023 0.15689617 -0.21037246
v -0.04829015 0.15689617 -0.17364560
v -0.04825933 0.15689617 -0.13691874
v -0.04759112 0.15689617 -0.10019187
v -0.04731161 0.15689617 -0.06346501
v -0.04679057 0.15689617 -0.02673814
v -0.04675856 0.15689617 0.00998872
v -0.04713866 0.15689617 0.04671558
v -0.04702307 0.15689617 0.08344244
v -0.04688725 0.15689617 0.12016930
v -0.02673814 0.15689617 0.63067162
v -0.05740469 0.15689617 0.81797969
v -0.02673814 0.15689617 0.81346577
v -0.04543481 0.19362304 -0.72454852
v -0.04618905 0.19362304 -0.68782169
v -0.04667366 0.19362304 -0.65109479
v -0.04639745 0.19362304 -0.61436796
v -0.04659997 0.19362304 -0.57764107
v -0.04627493 0.19362304 -0.54091424
v -0.04628509 0.19362304 -0.50418735
v -0.04648004 0.19362304 -0.46746048
v -0.04646449 0.19362304 -0.43073362
v -0.04709445 0.19362304 -0.39400676
v -0.04718853 0.19362304 -0.35727990
v -0.04727231 0.19362304 -0.32055303
v -0.04707246 0.19362304 -0.28382617
v -0.04764323 0.19362304 -0.24709933
v -0.04722195 0.19362304 -0.21037246
v -0.04739637 0.19362304 -0.17364560
v -0.04759686 0.19362304 -0.13691874
v -0.04753346 0.19362304 -0.10019187
v -0.04763742 0.19362304 -0.06346501
v -0.04717746 0.19362304 -0.02673814
v -0.04695765 0.19362304 0.00998872
v -0.04731722 0.19362304 0.04671558
v -0.04624453 0.19362304 0.08344244
v -0.04687646 0.19362304 0.12016930
v -0.02673814 0.18209574 0.63434535
v -0.02900884 0.19362304 0.63434535
v -0.02673814 0.19362304 0.63886505
v -0.04448169 0.19362304 0.81797969
v -0.02673814 0.17548405 0.81797969
v -0.02673814 0.19362304 0.82292420
v -0.04592117 0.23034990 -0.72454852
v -0.04611388 0.23034990 -0.68782169
v -0.04612887 0.23034990 -0.65109479
v -0.04683344 0.23034990 -0.61436796
v -0.04687646 0.23034990 -0.57764107
v -0.04573701 0.23034990 -0.54091424
v -0.04613889 0.23034990 -0.50418735
v -0.04642834 0.23034990 -0.46746048
v -0.04716079 0.23034990 -0.43073362
v -0.04659997 0.23034990 -0.39400676
v -0.04590163 0.23034990 -0.35727990
v -0.04712205 0.23034990 -0.32055303
v -0.04674791 0.23034990 -0.28382617
v -0.04694679 0.23034990 -0.24709933
v -0.04787237 0.23034990 -0.21037246
v -0.04706146 0.23034990 -0.17364560
v -0.04718300 0.23034990 -0.13691874
v -0.04684416 0.23034990 -0.10019187
v -0.04796182 0.23034990 -0.06346501
v -0.04651639 0.23034990 -0.02673814
v -0.04659471 0.23034990 0.00998872
v -0.04683344 0.23034990 0.04671558
v -0.04655282 0.23034990 0.08344244
v -0.04571305 0.23034990 0.12016930
v -0.02673814 0.20004082 0.63434535
v -0.02673814 0.23034990 0.62723422
v -0.02673814 0.23034990 0.83190286
v -0.04553757 0.26707676 -0.72454852
v -0.04611388 0.26707676 -0.68782169
v -0.04643352 0.26707676 -0.65109479
v -0.04707246 0.26707676 -0.61436796
v -0.04664725 0.26707676 -0.57764107
v -0.04567011 0.26707676 -0.54091424
v -0.04664199 0.26707676 -0.50418735
v -0.04673726 0.26707676 -0.46746048
v -0.04733417 0.26707676 -0.43073362
v -0.04734545 0.26707676 -0.39400676
v -0.04677986 0.26707676 -0.35727990
v -0.04703953 0.26707676 -0.32055303
v -0.04702860 0.26707676 -0.28382617
v -0.04653202 0.26707676 -0.24709933
v -0.04649040 0.26707676 -0.21037246
v -0.04658946 0.26707676 -0.17364560
v -0.04667891 0.26707676 -0.13691874
v -0.04752197 0.26707676 -0.10019187
v -0.04752772 0.26707676 -0.06346501
v -0.04644382 0.26707676 -0.02673814
v -0.04615388 0.26707676 0.00998872
v -0.04682266 0.26707676 0.04671558
v -0.04583837 0.26707676 0.08344244
v -0.04614386 0.26707676 0.12016930
v -0.04693054 0.26707676 0.15689617
v -0.02673814 0.26707676 0.62211508
v -0.02673814 0.26707676 0.83408481
v -0.04572741 0.30380362 -0.72454852
v -0.04579963 0.30380362 -0.68782169
v -0.04661040 0.30380362 -0.65109479
v -0.04677453 0.30380362 -0.61436796
v -0.04714973 0.30380362 -0.57764107
v -0.04576103 0.30380362 -0.54091424
v -0.04755644 0.30380362 -0.50418735
v -0.04716633 0.30380362 -0.46746048
v -0.04754495 0.30380362 -0.43073362
v -0.04759112 0.30380362 -0.39400676
v -0.04799776 0.30380362 -0.35727990
v -0.04747042 0.30380362 -0.32055303
v -0.04738503 0.30380362 -0.28382617
v -0.04661566 0.30380362 -0.24709933
v -0.04724990 0.30380362 -0.21037246
v -0.04664199 0.30380362 -0.17364560
v -0.04719967 0.30380362 -0.13691874
v -0.04750474 0.30380362 -0.10019187
v -0.04802788 0.30380362 -0.06346501
v -0.04639233 0.30380362 -0.02673814
v -0.04686567 0.30380362 0.00998872
v -0.04622940 0.30380362 0.04671558
v -0.04597511 0.30380362 0.08344244
v -0.04616390 0.30380362 0.12016930
v -0.04643352 0.30380362 0.15689617
v -0.02673814 0.30380362 0.61775142
v -0.02673814 0.30380362 0.83166963
v -0.02911168 0.34053048 -0.76127541
v -0.02673814 0.33815703 -0.76127541
v -0.02673814 0.34053048 -0.76365107
v -0.02673814 0.32442787 -0.72454852
v -0.02673814 0.32299155 -0.68782169
v -0.02673814 0.32297683 -0.65109479
v -0.02673814 0.32228893 -0.61436796
v -0.02673814 0.32214913 -0.57764107
v -0.02673814 0.32264075 -0.54091424
v -0.02673814 0.32352477 -0.50418735
v -0.02673814 0.32303569 -0.46746048
v -0.02673814 0.32223907 -0.43073362
v -0.02673814 0.32325956 -0.39400676
v -0.02673814 0.32388273 -0.35727990
v -0.02673814 0.32288450 -0.32055303
v -0.02673814 0.32221651 -0.28382617
v -0.02673814 0.32267380 -0.24709933
v -0.02673814 0.32342699 -0.21037246
v -0.02673814 0.32227072 -0.17364560
v -0.02673814 0.32302588 -0.13691874
v -0.02673814 0.32230714 -0.10019187
v -0.02673814 0.32293299 -0.06346501
v -0.02673814 0.32303077 -0.02673814
v -0.02673814 0.32257488 0.00998872
v -0.02673814 0.32272130 0.04671558
v -0.02673814 0.32250497 0.08344244
v -0.02673814 0.32276416 0.12016930
v -0.02673814 0.32166982 0.15689617
v -0.02673814 0.32208678 0.19362304
v -0.02673814 0.32206899 0.23034990
v -0.02673814 0.32169533 0.26707676
v -0.02673814 0.32141876 0.30380362
v -0.02673814 0.32158536 0.34053048
v -0.02673814 0.32229343 0.37725735
v -0.02673814 0.32177225 0.41398421
v -0.02673814 0.32188460 0.45071107
v -0.02673814 0.32203352 0.48743793
v -0.02673814 0.32229805 0.52416480
v -0.02673814 0.32198939 0.56089163
v -0.02673814 0.32232985 0.59761852
v -0.02673814 0.34053048 0.84244877
v -0.02673814 0.37725735 -0.77407324
v -0.02673814 0.37725735 0.83912599
v -0.02673814 0.41384634 -0.79800224
v -0.02673814 0.41398421 -0.79812121
v -0.02673814 0.41398421 0.83969915
v -0.02673814 0.44536045 -0.83472914
v -0.02673814 0.45071107 -0.85813576
v -0.02673814 0.45071107 0.84127557
v -0.02673814 0.48743793 -0.84793764
v -0.02673814 0.48743793 0.84028113
v -0.05727153 0.52416480 -0.83472914
v -0.02673814 0.52416480 -0.84174973
v -0.02673814 0.52416480 0.83417475
v -0.02673814 0.53292900 -0.83472914
v -0.02673814 0.56089163 -0.80971444
v -0.04392220 0.56089163 -0.76127541
v -0.03707998 0.56089163 -0.57764107
v -0.02673814 0.56089163 -0.55406511
v -0.02673814 0.55891162 -0.54091424
v -0.02673814 0.56089163 -0.53719640
v -0.02673814 0.56089163 -0.48781821
v -0.02673814 0.54778934 -0.46746048
v -0.02673814 0.54504669 -0.43073362
v -0.02673814 0.55138183 -0.39400676
v -0.02673814 0.55819583 -0.35727990
v -0.02673814 0.54862487 -0.32055303
v -0.02673814 0.53971064 -0.28382617
v -0.02673814 0.53134292 -0.24709933
v -0.02673814 0.55112767 -0.21037246
v -0.02934684 0.56089163 -0.17364560
v -0.02673814 0.56089163 -0.18048523
v -0.02673814 0.56089163 -0.16677101
v -0.02673814 0.54913610 -0.13691874
v -0.02673814 0.54309928 -0.10019187
v -0.02673814 0.54480219 -0.06346501
v -0.02673814 0.54279566 -0.02673814
v -0.06126688 0.56089163 -0.02673814
v -0.02673814 0.54462904 0.00998872
v -0.04739967 0.56089163 0.04671558
v -0.02673814 0.56089163 0.03206072
v -0.02673814 0.56089163 0.06234632
v -0.02673814 0.53723377 0.08344244
v -0.02673814 0.56020308 0.12016930
v -0.02673814 0.54944199 0.15689617
v -0.02673814 0.54378200 0.19362304
v -0.05580459 0.56089163 0.19362304
v -0.02673814 0.56089163 0.22437301
v -0.04126769 0.56089163 0.23034990
v -0.04860833 0.56089163 0.30380362
v -0.02673814 0.56089163 0.28593251
v -0.02673814 0.54784817 0.30380362
v -0.02673814 0.56089163 0.33614460
v -0.04209219 0.56089163 0.37725735
v -0.02673814 0.56089163 0.34991339
v -0.02673814 0.55156875 0.37725735
v -0.05418095 0.56089163 0.41398421
v -0.02673814 0.56089163 0.39419776
v -0.05685724 0.56089163 0.45071107
v -0.04749255 0.56089163 0.81797969
v -0.02673814 0.56089163 0.79912168
v -0.02673814 0.54960281 0.81797969
v -0.02673814 0.57467949 -0.79800224
v -0.02673814 0.58571702 -0.76127541
v -0.02673814 0.59274453 -0.72454852
v -0.03742694 0.59761852 -0.72454852
v -0.04186754 0.59761852 -0.68782169
v -0.02673814 0.59761852 -0.71196681
v -0.02673814 0.59761852 -0.67833102
v -0.02673814 0.57765639 -0.65109479
v -0.02673814 0.56506431 -0.61436796
v -0.02673814 0.56160927 -0.57764107
v -0.02673814 0.56913877 -0.50418735
v -0.02673814 0.56161684 -0.17364560
v -0.02673814 0.56391549 0.04671558
v -0.02673814 0.56671596 0.23034990
v -0.02673814 0.57965678 0.26707676
v -0.02673814 0.56323373 0.34053048
v -0.02673814 0.56840461 0.41398421
v -0.02673814 0.58513111 0.45071107
v -0.02673814 0.57863921 0.48743793
v -0.02673814 0.58442736 0.52416480
v -0.02673814 0.57502556 0.56089163
v -0.02673814 0.57241392 0.59761852
v -0.02673814 0.57914203 0.63434535
v -0.02673814 0.59734839 0.67107224
v -0.02740132 0.59761852 0.70779908
v -0.02673814 0.59761852 0.69905382
v -0.02673814 0.59761852 0.70867151
v -0.02673814 0.59406608 0.74452597
v -0.02673814 0.57725990 0.78125280
v -0.02673814 0.59962845 -0.68782169
v -0.02673814 0.59763628 0.70779908
v -0.02585354 -0.68782169 -0.21037246
v -0.02235064 -0.65109479 -0.54091424
v -0.02467528 -0.65109479 -0.46746048
v -0.02650487 -0.65109479 -0.21037246
v -0.01308984 -0.65109479 0.23034990
v -0.02586454 -0.65109479 0.41398421
v -0.00766552 -0.65109479 0.48743793
v -0.01612424 -0.65109479 0.52416480
v -0.02520137 -0.65109479 0.59761852
v -0.01646174 -0.65109479 0.63434535
v -0.00764450 -0.65109479 0.74452597
v 0.00998872 -0.65575111 0.74452597
v 0.00998872 -0.65109479 0.72932798
v 0.00998872 -0.65109479 0.75154841
v 0.00998872 -0.62319100 -0.68782169
v 0.00998872 -0.61436796 -0.69125468
v -0.00128507 -0.61436796 -0.65109479
v 0.00998872 -0.61436796 -0.67374760
v -0.01274694 -0.61436796 -0.61436796
v -0.01915730 -0.61436796 -0.57764107
v -0.02176411 -0.61436796 -0.50418735
v 0.00410647 -0.61436796 -0.46746048
v -0.00812169 -0.61436796 -0.43073362
v -0.00968922 -0.61436796 -0.39400676
v -0.01572208 -0.61436796 -0.35727990
v -0.00958554 -0.61436796 -0.32055303
v -0.00012474 -0.61436796 -0.28382617
v -0.01644010 -0.61436796 -0.24709933
v -0.01564558 -0.61436796 -0.21037246
v -0.01217077 -0.61436796 -0.17364560
v 0.00998872 -0.61436796 -0.15535964
v 0.00998872 -0.62764639 -0.13691874
v 0.00998872 -0.62165755 -0.10019187
v 0.00998872 -0.62525308 -0.06346501
v -0.00394735 -0.61436796 -0.02673814
v 0.00998872 -0.61436796 -0.04295374
v -0.00921841 -0.61436796 0.00998872
v 0.00998872 -0.61436796 0.02776814
v 0.00998872 -0.62189019 0.04671558
v 0.00998872 -0.61506778 0.08344244
v 0.00998872 -0.62508446 0.12016930
v 0.00998872 -0.61854172 0.15689617
v -0.00740493 -0.61436796 0.19362304
v 0.00998872 -0.61436796 0.16447371
v -0.00448591 -0.61436796 0.23034990
v -0.00556777 -0.61436796 0.26707676
v 0.00998872 -0.61436796 0.29856646
v 0.00998872 -0.61738175 0.30380362
v -0.02255617 -0.61436796 0.34053048
v 0.00998872 -0.61436796 0.30641693
v 0.00824928 -0.61436796 0.37725735
v 0.00917851 -0.61436796 0.41398421
v 0.00998872 -0.62849796 0.45071107
v 0.00998872 -0.61436796 0.41451240
v 0.00998872 -0.62885904 0.48743793
v 0.00998872 -0.62133247 0.52416480
v 0.00998872 -0.62738246 0.56089163
v 0.00998872 -0.62754017 0.59761852
v 0.00998872 -0.63414174 0.63434535
v 0.00998872 -0.63240004 0.67107224
v 0.00526210 -0.61436796 0.70779908
v 0.00998872 -0.63929194 0.70779908
v 0.00075327 -0.61436796 0.74452597
v 0.00998872 -0.62890565 0.78125280
v 0.00998872 -0.61436796 0.79337978
v 0.00998872 -0.57816005 -0.72454852
v 0.00998872 -0.57764107 -0.72482091
v 0.00998872 -0.59811372 -0.65109479
v 0.00998872 -0.59161848 -0.61436796
v 0.00998872 -0.58665794 -0.57764107
v 0.00998872 -0.58849007 -0.54091424
v 0.00998872 -0.58708924 -0.50418735
v 0.00998872 -0.60731727 -0.46746048
v 0.00998872 -0.58389771 -0.43073362
v 0.00998872 -0.58587265 -0.39400676
v 0.00887078 -0.57764107 -0.35727990
v 0.00998872 -0.57764107 -0.36199343
v 0.00998872 -0.57764107 -0.35485420
v 0.00998872 -0.59465224 -0.32055303
v 0.00998872 -0.60263216 -0.28382617
v 0.00998872 -0.58056438 -0.24709933
v 0.00998872 -0.59178317 -0.21037246
v 0.00998872 -0.59307927 -0.17364560
v 0.00998872 -0.59690094 -0.02673814
v 0.00998872 -0.60486877 0.00998872
v 0.00893256 -0.57764107 0.19362304
v 0.00998872 -0.57764107 0.19079858
v 0.00998872 -0.57764107 0.19569458
v 0.00998872 -0.59663200 0.23034990
v 0.00998872 -0.60012883 0.26707676
v 0.00998872 -0.58976138 0.34053048
v 0.00998872 -0.61148435 0.37725735
v 0.00998872 -0.61412269 0.41398421
v 0.00234791 -0.57764107 0.70779908
v -0.00097902 -0.57764107 0.74452597
v 0.00998872 -0.57764107 0.80548626
v 0.00066319 -0.54091424 -0.72454852
v 0.00998872 -0.54091424 -0.73387408
v -0.00150615 -0.54091424 -0.68782169
v 0.00998872 -0.57644433 -0.35727990
v 0.00998872 -0.57685512 0.19362304
v 0.00998872 -0.54091424 0.80636567
v -0.00150188 -0.50418735 -0.72454852
v 0.00998872 -0.50418735 -0.73603916
v -0.00285988 -0.50418735 -0.68782169
v 0.00998872 -0.52056408 0.81797969
v 0.00998872 -0.50418735 0.82355827
v 0.00998872 -0.48040721 -0.76127541
v 0.00998872 -0.46746048 -0.77672255
v 0.00998872 -0.46746048 0.81986982
v 0.00998872 -0.43073362 -0.78481954
v 0.00998872 -0.43073362 0.81320935
v 0.00998872 -0.45792994 0.81797969
v 0.00998872 -0.39400676 -0.77756417
v 0.00998872 -0.40243161 0.81797969
v 0.00998872 -0.39400676 0.81991237
v 0.00998872 -0.37893742 -0.76127541
v 0.00998872 -0.35727990 -0.74266201
v -0.00855229 -0.35727990 0.19362304
v -0.00823468 -0.35727990 0.23034990
v -0.00775841 -0.35727990 0.26707676
v -0.00846396 -0.35727990 0.30380362
v -0.00808785 -0.35727990 0.34053048
v -0.00740227 -0.35727990 0.37725735
v -0.00310744 -0.35727990 0.41398421
v -0.00311487 -0.35727990 0.45071107
v -0.00466103 -0.35727990 0.48743793
v -0.00739729 -0.35727990 0.52416480
v -0.00775364 -0.35727990 0.56089163
v -0.00846396 -0.35727990 0.59761852
v -0.00210536 -0.35727990 0.81797969
v 0.00998872 -0.35727990 0.82100928
v 0.00998872 -0.32055303 -0.74321187
v -0.00756492 -0.32055303 0.19362304
v -0.00774888 -0.32055303 0.23034990
v -0.00807861 -0.32055303 0.26707676
v -0.00689209 -0.32055303 0.30380362
v -0.00648054 -0.32055303 0.34053048
v -0.00619277 -0.32055303 0.37725735
v 0.00354228 -0.32055303 0.41398421
v 0.00692903 -0.32055303 0.45071107
v -0.00066652 -0.32055303 0.48743793
v -0.00659983 -0.32055303 0.52416480
v -0.00724689 -0.32055303 0.56089163
v -0.00840154 -0.32055303 0.59761852
v 0.00998872 -0.32055303 0.82917213
v 0.00998872 -0.30188972 -0.72454852
v 0.00998872 -0.30219859 -0.68782169
v 0.00998872 -0.30225259 -0.65109479
v 0.00998872 -0.30262560 -0.61436796
v 0.00998872 -0.30297503 -0.57764107
v 0.00998872 -0.30279633 -0.54091424
v 0.00998872 -0.30303374 -0.50418735
v 0.00998872 -0.30146614 -0.46746048
v 0.00998872 -0.30236614 -0.43073362
v 0.00998872 -0.30228424 -0.39400676
v 0.00998872 -0.30329719 -0.35727990
v 0.00998872 -0.30296040 -0.32055303
v 0.00998872 -0.30405661 -0.28382617
v 0.00998872 -0.30290699 -0.24709933
v 0.00998872 -0.30288285 -0.21037246
v 0.00998872 -0.30274385 -0.17364560
v 0.00998872 -0.30270112 -0.13691874
v 0.00998872 -0.30269635 -0.10019187
v 0.00998872 -0.30344963 -0.06346501
v 0.00998872 -0.30310756 -0.02673814
v 0.00998872 -0.30253217 0.00998872
v 0.00998872 -0.30283949 0.04671558
v 0.00998872 -0.30311248 0.08344244
v 0.00998872 -0.30308291 0.12016930
v 0.00998872 -0.30300429 0.15689617
v 0.00998872 -0.30299941 0.19362304
v 0.00998872 -0.30281544 0.23034990
v 0.00998872 -0.30248570 0.26707676
v 0.00998872 -0.30367225 0.30380362
v 0.00998872 -0.30408379 0.34053048
v 0.00998872 -0.30437157 0.37725735
v 0.00998872 -0.31410661 0.41398421
v 0.00998872 -0.31749335 0.45071107
v 0.00998872 -0.30989781 0.48743793
v 0.00998872 -0.30396450 0.52416480
v 0.00998872 -0.30331743 0.56089163
v 0.00998872 -0.30216280 0.59761852
v 0.00998872 -0.28382617 0.61665106
v 0.00998872 -0.28382617 0.83233577
v 0.00998872 -0.24709933 0.61682117
v 0.00998872 -0.24709933 0.83046514
v 0.00998872 -0.21037246 0.61730355
v -0.01116232 -0.21037246 0.81797969
v 0.00998872 -0.21037246 0.81085342
v 0.00998872 -0.22178732 0.81797969
v -0.00804617 -0.17364560 0.37725735
v 0.00998872 -0.19168049 0.37725735
v 0.00998872 -0.17364560 0.35922244
v -0.00882087 -0.17364560 0.41398421
v 0.00998872 -0.19245517 0.41398421
v -0.00653490 -0.17364560 0.45071107
v 0.00998872 -0.19016920 0.45071107
v -0.00374316 -0.17364560 0.48743793
v 0.00998872 -0.18737747 0.48743793
v 0.00998872 -0.17364560 0.50116974
v 0.00998872 -0.17364560 0.61677223
v 0.00974697 -0.17364560 0.81797969
v 0.00998872 -0.17364560 0.81792390
v -0.00770075 -0.13691874 0.37725735
v 0.00998872 -0.13691874 0.35956779
v -0.00732738 -0.13691874 0.41398421
v -0.00775841 -0.13691874 0.45071107
v -0.00411660 -0.13691874 0.48743793
v 0.00998872 -0.13691874 0.50154322
v 0.00998872 -0.13691874 0.61728293
v 0.00603827 -0.13691874 0.81797969
v 0.00998872 -0.13691874 0.81698388
v -0.01006903 -0.10019187 -0.28382617
v -0.01032913 -0.10019187 -0.24709933
v -0.01034006 -0.10019187 -0.21037246
v -0.00799020 -0.10019187 0.37725735
v 0.00998872 -0.10019187 0.35927835
v -0.00801822 -0.10019187 0.41398421
v -0.00730230 -0.10019187 0.45071107
v -0.00450447 -0.10019187 0.48743793
v 0.00998872 -0.10891552 0.52416480
v 0.00126507 -0.10019187 0.52416480
v -0.00535762 -0.10019187 0.56089163
v 0.00998872 -0.11553821 0.56089163
v 0.00998872 -0.10019187 0.57623798
v 0.00998872 -0.10019187 0.61712992
v 0.00998872 -0.10019187 0.80937672
v -0.00981552 -0.06346501 -0.28382617
v -0.01051743 -0.06346501 -0.24709933
v -0.01011191 -0.06346501 -0.21037246
v -0.00831622 -0.06346501 0.37725735
v 0.00998872 -0.06346501 0.35895234
v -0.00809710 -0.06346501 0.41398421
v -0.00791987 -0.06346501 0.45071107
v -0.00527832 -0.06346501 0.48743793
v -0.00069811 -0.06346501 0.52416480
v -0.00295802 -0.06346501 0.56089163
v 0.00998872 -0.06346501 0.57383835
v 0.00998872 -0.06346501 0.61665583
v 0.00998872 -0.06346501 0.81665015
v -0.01096295 -0.02673814 -0.28382617
v -0.00974281 -0.02673814 -0.24709933
v -0.01021992 -0.02673814 -0.21037246
v -0.00797619 -0.02673814 0.34053048
v 0.00998872 -0.04470306 0.34053048
v 0.00998872 -0.02673814 0.32256550
v -0.00771042 -0.02673814 0.37725735
v -0.00791049 -0.02673814 0.41398421
v -0.00853471 -0.02673814 0.45071107
v -0.00756976 -0.02673814 0.48743793
v -0.00436556 -0.02673814 0.52416480
v 0.00011532 -0.02673814 0.56089163
v 0.00998872 -0.04177626 0.59761852
v -0.00504940 -0.02673814 0.59761852
v 0.00998872 -0.02673814 0.81177694
v -0.00831622 0.00998872 0.34053048
v 0.00998872 0.00998872 0.32222548
v -0.00887193 0.00998872 0.37725735
v -0.00855229 0.00998872 0.41398421
v -0.00828463 0.00998872 0.45071107
v -0.00736241 0.00998872 0.48743793
v -0.00657286 0.00998872 0.52416480
v -0.00154839 0.00998872 0.56089163
v -0.00397285 0.00998872 0.59761852
v 0.00998872 -0.01252215 0.81797969
v 0.00998872 0.00998872 0.83088487
v -0.00848168 0.04671558 0.34053048
v 0.00998872 0.04671558 0.32206002
v -0.00823013 0.04671558 0.37725735
v -0.00842837 0.04671558 0.41398421
v -0.00854354 0.04671558 0.45071107
v -0.00794810 0.04671558 0.48743793
v -0.00762825 0.04671558 0.52416480
v -0.00362302 0.04671558 0.56089163
v -0.00347290 0.04671558 0.59761852
v 0.00824382 0.04671558 0.81797969
v 0.00998872 0.04671558 0.81889850
v 0.00998872 0.06518598 0.34053048
v 0.00998872 0.06493443 0.37725735
v 0.00998872 0.06513267 0.41398421
v 0.00998872 0.08344244 0.43226737
v -0.00845506 0.08344244 0.45071107
v -0.00850823 0.08344244 0.48743793
v -0.00817990 0.08344244 0.52416480
v -0.00586780 0.08344244 0.56089163
v -0.00272265 0.08344244 0.59761852
v -0.01013845 0.08344244 0.81797969
v 0.00998872 0.08344244 0.82493770
v -0.00847278 0.12016930 0.45071107
v 0.00998872 0.12016930 0.43224958
v -0.00897323 0.12016930 0.48743793
v -0.00799020 0.12016930 0.52416480
v -0.00687107 0.12016930 0.56089163
v -0.00372207 0.12016930 0.59761852
v 0.00998872 0.12016930 0.81548333
v 0.00998872 0.11165097 0.81797969
v -0.00752079 0.15689617 -0.35727990
v 0.00998872 0.13938665 -0.35727990
v 0.00998872 0.15689617 -0.37478942
v -0.00733740 0.15689617 -0.32055303
v 0.00998872 0.13957006 -0.32055303
v -0.00758930 0.15689617 -0.28382617
v 0.00998872 0.13931815 -0.28382617
v -0.00759421 0.15689617 -0.24709933
v 0.00998872 0.13931325 -0.24709933
v -0.00741719 0.15689617 -0.21037246
v 0.00998872 0.13949026 -0.21037246
v -0.00799959 0.15689617 -0.17364560
v 0.00998872 0.13890786 -0.17364560
v -0.00896482 0.15689617 -0.13691874
v 0.00998872 0.13794263 -0.13691874
v 0.00998872 0.15689617 -0.11796519
v 0.00998872 0.13863081 0.45071107
v 0.00998872 0.13913125 0.48743793
v 0.00998872 0.15689617 0.50532109
v -0.00885498 0.15689617 0.52416480
v -0.00773445 0.15689617 0.56089163
v -0.00550851 0.15689617 0.59761852
v 0.00998872 0.13099939 0.81797969
v -0.00999765 0.15689617 0.81797969
v 0.00998872 0.15689617 0.82480240
v -0.00839265 0.19362304 -0.46746048
v 0.00998872 0.17524166 -0.46746048
v 0.00998872 0.19362304 -0.48584187
v -0.00655661 0.19362304 -0.43073362
v 0.00998872 0.17707770 -0.43073362
v -0.00507440 0.19362304 -0.39400676
v 0.00998872 0.17855991 -0.39400676
v -0.00792457 0.19362304 -0.35727990
v -0.00848168 0.19362304 -0.32055303
v -0.00822102 0.19362304 -0.28382617
v -0.00740227 0.19362304 -0.24709933
v -0.00781094 0.19362304 -0.21037246
v -0.00808785 0.19362304 -0.17364560
v -0.00808323 0.19362304 -0.13691874
v 0.00998872 0.19362304 -0.11884678
v -0.00883796 0.19362304 -0.02673814
v 0.00998872 0.17479636 -0.02673814
v 0.00998872 0.19362304 -0.04556482
v -0.00818445 0.19362304 0.00998872
v 0.00998872 0.17544986 0.00998872
v -0.00883796 0.19362304 0.04671558
v 0.00998872 0.17479636 0.04671558
v -0.00878668 0.19362304 0.08344244
v 0.00998872 0.17484763 0.08344244
v -0.00838368 0.19362304 0.12016930
v 0.00998872 0.17525063 0.12016930
v -0.00792457 0.19362304 0.15689617
v 0.00998872 0.17570975 0.15689617
v -0.00800891 0.19362304 0.19362304
v 0.00998872 0.17562540 0.19362304
v -0.00904013 0.19362304 0.23034990
v 0.00998872 0.17459418 0.23034990
v -0.00904013 0.19362304 0.26707676
v 0.00998872 0.17459418 0.26707676
v -0.00874374 0.19362304 0.30380362
v 0.00998872 0.17489058 0.30380362
v 0.00998872 0.19362304 0.32253608
v -0.00775841 0.19362304 0.37725735
v 0.00998872 0.17587590 0.37725735
v 0.00998872 0.19362304 0.35951021
v -0.00839265 0.19362304 0.41398421
v 0.00998872 0.17524166 0.41398421
v -0.00878668 0.19362304 0.45071107
v 0.00998872 0.17484763 0.45071107
v -0.00851706 0.19362304 0.48743793
v 0.00998872 0.17511725 0.48743793
v -0.00895642 0.19362304 0.52416480
v -0.00846396 0.19362304 0.56089163
v -0.00507440 0.19362304 0.59761852
v -0.01392681 0.19362304 0.63434535
v 0.00998872 0.19362304 0.83113414
v -0.00790103 0.23034990 -0.46746048
v 0.00998872 0.23034990 -0.48535025
v -0.00747162 0.23034990 -0.43073362
v -0.00241982 0.23034990 -0.39400676
v -0.00702210 0.23034990 -0.35727990
v -0.00771042 0.23034990 -0.32055303
v -0.00784422 0.23034990 -0.28382617
v -0.00808323 0.23034990 -0.24709933
v -0.00834326 0.23034990 -0.21037246
v -0.00898997 0.23034990 -0.17364560
v -0.00882087 0.23034990 -0.13691874
v 0.00998872 0.23034990 -0.11810914
v -0.00868329 0.23034990 -0.02673814
v 0.00998872 0.23034990 -0.04541015
v -0.00851706 0.23034990 0.00998872
v -0.00903179 0.23034990 0.04671558
v -0.00875236 0.23034990 0.08344244
v -0.00858739 0.23034990 0.12016930
v -0.00857863 0.23034990 0.15689617
v -0.00828911 0.23034990 0.19362304
v -0.00866591 0.23034990 0.23034990
v -0.00868329 0.23034990 0.26707676
v -0.00899838 0.23034990 0.30380362
v 0.00998872 0.23034990 0.32279077
v -0.00849940 0.23034990 0.37725735
v 0.00998872 0.23034990 0.35876921
v -0.00890584 0.23034990 0.41398421
v -0.00890584 0.23034990 0.45071107
v -0.00881232 0.23034990 0.48743793
v -0.00925406 0.23034990 0.52416480
v -0.00845506 0.23034990 0.56089163
v -0.00668039 0.23034990 0.59761852
v 0.00998872 0.23034990 0.83337295
v -0.00736241 0.26707676 -0.46746048
v 0.00998872 0.26707676 -0.48481163
v -0.00714539 0.26707676 -0.43073362
v -0.00400038 0.26707676 -0.39400676
v -0.00630443 0.26707676 -0.35727990
v -0.00817072 0.26707676 -0.32055303
v 0.00998872 0.26707676 -0.30239362
v 0.00998872 0.24818289 -0.28382617
v 0.00998872 0.26707676 -0.26507825
v -0.00799020 0.26707676 -0.24709933
v -0.00886346 0.26707676 -0.21037246
v -0.00854354 0.26707676 -0.17364560
v -0.00860490 0.26707676 -0.13691874
v 0.00998872 0.24851817 -0.10019187
v -0.00856987 0.26707676 -0.10019187
v -0.00862241 0.26707676 -0.06346501
v 0.00998872 0.24846563 -0.06346501
v -0.00879523 0.26707676 -0.02673814
v -0.00862241 0.26707676 0.00998872
v -0.00895642 0.26707676 0.04671558
v -0.00874374 0.26707676 0.08344244
v -0.00827552 0.26707676 0.12016930
v -0.00843727 0.26707676 0.15689617
v -0.00914773 0.26707676 0.19362304
v -0.00831622 0.26707676 0.23034990
v -0.00851706 0.26707676 0.26707676
v -0.00857863 0.26707676 0.30380362
v 0.00998872 0.24890359 0.34053048
v -0.00818445 0.26707676 0.34053048
v -0.00853471 0.26707676 0.37725735
v -0.00873512 0.26707676 0.41398421
v -0.00874374 0.26707676 0.45071107
v -0.00882087 0.26707676 0.48743793
v -0.00913953 0.26707676 0.52416480
v -0.00845506 0.26707676 0.56089163
v -0.00784898 0.26707676 0.59761852
v 0.00998872 0.26707676 0.83339620
v -0.00652950 0.30380362 -0.46746048
v 0.00998872 0.30380362 -0.48397872
v -0.00787266 0.30380362 -0.43073362
v -0.00582724 0.30380362 -0.39400676
v -0.00601162 0.30380362 -0.35727990
v -0.00789633 0.30380362 -0.32055303
v 0.00998872 0.30380362 -0.30266801
v -0.00839265 0.30380362 -0.24709933
v 0.00998872 0.30380362 -0.26548070
v -0.00860490 0.30380362 -0.21037246
v -0.00795749 0.30380362 -0.17364560
v -0.00858739 0.30380362 -0.13691874
v -0.00882087 0.30380362 -0.10019187
v -0.00841941 0.30380362 -0.06346501
v -0.00781571 0.30380362 -0.02673814
v -0.00851706 0.30380362 0.00998872
v -0.00854354 0.30380362 0.04671558
v -0.00845506 0.30380362 0.08344244
v -0.00882087 0.30380362 0.12016930
v -0.00853471 0.30380362 0.15689617
v -0.00869190 0.30380362 0.19362304
v -0.00864854 0.30380362 0.23034990
v -0.00878668 0.30380362 0.26707676
v -0.00899838 0.30380362 0.30380362
v -0.00895642 0.30380362 0.34053048
v -0.00856112 0.30380362 0.37725735
v -0.00854354 0.30380362 0.41398421
v -0.00882941 0.30380362 0.45071107
v -0.00826193 0.30380362 0.48743793
v -0.00861366 0.30380362 0.52416480
v -0.00888048 0.30380362 0.56089163
v -0.00840154 0.30380362 0.59761852
v 0.00998872 0.30380362 0.84038293
v 0.00998872 0.33691502 -0.76127541
v 0.00998872 0.34053048 -0.76458228
v 0.00998872 0.32415441 -0.72454852
v 0.00998872 0.32172084 -0.68782169
v 0.00998872 0.32202470 -0.65109479
v 0.00998872 0.32193688 -0.61436796
v 0.00998872 0.32174647 -0.57764107
v 0.00998872 0.32422066 -0.54091424
v 0.00998872 0.32577103 -0.50418735
v 0.00998872 0.32211339 -0.28382617
v 0.00998872 0.34053048 0.83177984
v 0.00998872 0.37725735 -0.77488220
v 0.00998872 0.37725735 0.84648412
v 0.00998872 0.40845129 -0.79800224
v 0.00998872 0.41398421 -0.80248189
v 0.00998872 0.41398421 0.83483535
v 0.00998872 0.44668525 -0.83472914
v 0.00998872 0.45071107 -0.85654891
v 0.00998872 0.45071107 0.84880227
v -0.00907151 0.48743793 -0.87145597
v 0.00998872 0.46335077 -0.87145597
v 0.00998872 0.48743793 -0.87652934
v 0.00998872 0.48743793 0.84028196
v 0.00998872 0.49264270 -0.87145597
v 0.00998872 0.52416480 -0.83784235
v 0.00998872 0.52416480 0.83730185
v 0.00998872 0.52833617 -0.83472914
v 0.00998872 0.56089163 -0.80626285
v 0.00998872 0.56089163 -0.55523705
v 0.00998872 0.55214792 -0.54091424
v 0.00998872 0.56089163 -0.52133101
v 0.00998872 0.56089163 -0.49004570
v 0.00998872 0.54528540 -0.46746048
v 0.00998872 0.54642135 -0.43073362
v 0.00998872 0.55035317 -0.39400676
v -0.01452869 0.56089163 -0.35727990
v 0.00998872 0.56089163 -0.36597562
v -0.00971444 0.56089163 -0.32055303
v 0.00998872 0.56089163 -0.29801106
v 0.00998872 0.55228466 -0.28382617
v 0.00998872 0.55552602 -0.24709933
v -0.00713054 0.56089163 -0.21037246
v 0.00998872 0.56089163 -0.24009864
v 0.00998872 0.55199701 -0.17364560
v 0.00998872 0.56089163 -0.19024220
v -0.01787859 0.56089163 -0.17364560
v 0.00998872 0.56089163 -0.16297299
v -0.01347127 0.56089163 -0.13691874
v -0.01402334 0.56089163 -0.10019187
v -0.00576539 0.56089163 -0.06346501
v 0.00998872 0.56089163 -0.02876983
v 0.00998872 0.55979830 -0.02673814
v 0.00006698 0.56089163 0.00998872
v 0.00998872 0.56089163 -0.02330516
v 0.00778828 0.56089163 0.04671558
v 0.00998872 0.56089163 0.04294761
v 0.00998872 0.56014001 0.04671558
v -0.00298780 0.56089163 0.08344244
v 0.00998872 0.56089163 0.04963727
v -0.02309556 0.56089163 0.12016930
v 0.00998872 0.56089163 0.15173027
v 0.00998872 0.56038153 0.15689617
v -0.00553870 0.56089163 0.19362304
v 0.00998872 0.56089163 0.15812178
v -0.01035092 0.56089163 0.30380362
v -0.01727805 0.56089163 0.37725735
v -0.01478697 0.56089163 0.81797969
v 0.00998872 0.56089163 0.83345336
v 0.00998872 0.57336324 -0.79800224
v 0.00998872 0.58031148 -0.76127541
v 0.00998872 0.58723724 -0.72454852
v 0.00998872 0.59761852 -0.68866658
v 0.00998872 0.59761852 -0.68739504
v 0.00998872 0.57291728 -0.65109479
v 0.00998872 0.57565922 -0.61436796
v 0.00998872 0.57885677 -0.57764107
v 0.00998872 0.57174981 -0.50418735
v 0.00998872 0.56677020 -0.35727990
v 0.00998872 0.57477003 -0.32055303
v 0.00998872 0.58171540 -0.21037246
v 0.00998872 0.59056830 -0.13691874
v 0.00998872 0.59761852 -0.11416640
v 0.00917816 0.59761852 -0.10019187
v 0.00998872 0.59761852 -0.09743943
v 0.00998872 0.56971413 -0.06346501
v 0.00998872 0.57289952 0.00998872
v 0.00998872 0.56699771 0.08344244
v 0.00998872 0.59469050 0.12016930
v 0.00998872 0.59054506 0.19362304
v 0.00998872 0.57717443 0.23034990
v -0.00152436 0.59761852 0.26707676
v 0.00998872 0.59761852 0.25703174
v 0.00002565 0.59761852 0.30380362
v 0.00353051 0.59761852 0.34053048
v 0.00998872 0.59761852 0.36086696
v 0.00998872 0.58913100 0.37725735
v 0.00998872 0.59461963 0.41398421
v -0.01783292 0.59761852 0.45071107
v 0.00998872 0.59761852 0.41693574
v 0.00857551 0.59761852 0.48743793
v 0.00998872 0.59761852 0.49272257
v 0.00998872 0.59433049 0.52416480
v 0.00998872 0.58799648 0.56089163
v 0.00498911 0.59761852 0.59761852
v 0.00998872 0.59761852 0.58816093
v 0.00998872 0.59761852 0.60209632
v 0.00998872 0.58432704 0.63434535
v -0.02626782 0.59761852 0.67107224
v 0.00998872 0.59761852 0.65394831
v -0.01521512 0.59761852 0.74452597
v 0.00144825 0.59761852 0.78125280
v -0.01857399 0.59761852 0.81797969
v 0.00998872 0.59761852 0.83204144
v 0.00998872 0.59783244 -0.68782169
v 0.00998872 0.59985286 -0.10019187
v 0.00998872 0.60263091 0.26707676
v 0.00998872 0.60416269 0.30380362
v 0.00998872 0.61845809 0.34053048
v 0.00998872 0.61164957 0.45071107
v 0.00998872 0.59984994 0.48743793
v 0.00998872 0.60657161 0.59761852
v 0.00998872 0.63434535 0.61096871
v 0.00655825 0.63434535 0.63434535
v 0.00998872 0.61855447 0.63434535
v 0.00998872 0.61672461 0.67107224
v 0.00998872 0.63434535 0.65210384
v 0.00998872 0.61072516 0.70779908
v 0.00998872 0.60307646 0.74452597
v 0.00998872 0.63434535 0.77116871
v 0.00682382 0.63434535 0.78125280
v 0.00998872 0.63434535 0.79852092
v 0.00998872 0.62234217 0.81797969
v 0.00998872 0.64224082 0.63434535
v 0.00998872 0.65703350 0.78125280
v 0.00998872 0.67107224 0.79206282
v 0.00548143 0.67107224 0.81797969
v 0.00998872 0.65020001 0.81797969
v 0.00998872 0.67107224 0.82674462
v 0.00998872 0.68599743 0.81797969
v 0.01544548 -0.65109479 0.74452597
v 0.01858257 -0.61436796 -0.68782169
v 0.04671558 -0.61728102 -0.13691874
v 0.04671558 -0.61436796 -0.14628194
v 0.03693493 -0.61436796 -0.10019187
v 0.04671558 -0.61436796 -0.11760008
v 0.02321938 -0.61436796 -0.06346501
v 0.02504869 -0.61436796 0.04671558
v 0.01069469 -0.61436796 0.08344244
v 0.02360732 -0.61436796 0.12016930
v 0.01500009 -0.61436796 0.15689617
v 0.03592227 -0.61436796 0.26707676
v 0.04671558 -0.61835176 0.26707676
v 0.04671558 -0.61436796 0.25403076
v 0.01810328 -0.61436796 0.30380362
v 0.04671558 -0.61436796 0.28232235
v 0.03360548 -0.61436796 0.45071107
v 0.04671558 -0.61436796 0.48219839
v 0.04671558 -0.61598200 0.48743793
v 0.04671558 -0.63364315 0.52416480
v 0.04671558 -0.63055557 0.56089163
v 0.04671558 -0.61766887 0.59761852
v 0.04587672 -0.61436796 0.63434535
v 0.04671558 -0.61436796 0.62975061
v 0.04671558 -0.61436796 0.63874203
v 0.04671558 -0.61930346 0.67107224
v 0.04671558 -0.62215567 0.70779908
v 0.04671558 -0.62397379 0.74452597
v 0.03084001 -0.61436796 0.78125280
v 0.04671558 -0.61436796 0.76253301
v 0.01288729 -0.57764107 -0.72454852
v 0.04671558 -0.57764107 -0.70409149
v 0.04671558 -0.58802366 -0.68782169
v 0.04671558 -0.58074957 -0.65109479
v 0.02925076 -0.57764107 -0.61436796
v 0.04671558 -0.57764107 -0.64463592
v 0.02907437 -0.57764107 -0.57764107
v 0.03833595 -0.57764107 -0.54091424
v 0.04671558 -0.57764107 -0.53326744
v 0.04671558 -0.59036136 -0.50418735
v 0.03873146 -0.57764107 -0.46746048
v 0.04671558 -0.57764107 -0.47496527
v 0.04671558 -0.57764107 -0.45687342
v 0.04671558 -0.58956426 -0.43073362
v 0.02903718 -0.57764107 -0.39400676
v 0.04671558 -0.57764107 -0.41099030
v 0.04671558 -0.58100754 -0.32055303
v 0.04671558 -0.57764107 -0.33341846
v 0.04671558 -0.57951003 -0.28382617
v 0.02278401 -0.57764107 -0.24709933
v 0.04671558 -0.57764107 -0.27681115
v 0.04433560 -0.57764107 -0.21037246
v 0.04525390 -0.57764107 -0.17364560
v 0.04671558 -0.59239268 -0.13691874
v 0.04179759 -0.57764107 -0.13691874
v 0.04179114 -0.57764107 -0.10019187
v 0.03646117 -0.57764107 -0.06346501
v 0.04671558 -0.58560318 -0.02673814
v 0.04671558 -0.57764107 -0.04257561
v 0.04671558 -0.58105171 0.00998872
v 0.04243071 -0.57764107 0.04671558
v 0.04671558 -0.57764107 0.03507872
v 0.04509804 -0.57764107 0.08344244
v 0.04536157 -0.57764107 0.12016930
v 0.04649765 -0.57764107 0.15689617
v 0.01710919 -0.57764107 0.19362304
v 0.04671558 -0.58401114 0.19362304
v 0.04671558 -0.57764107 0.15751843
v 0.03250057 -0.57764107 0.23034990
v 0.04671558 -0.57764107 0.20399632
v 0.04671558 -0.59407729 0.26707676
v 0.04025471 -0.57764107 0.26707676
v 0.03179053 -0.59827268 0.29081309
v 0.04671558 -0.58745342 0.30380362
v 0.04671558 -0.57764107 0.28955135
v 0.04671558 -0.58297908 0.34053048
v 0.04018144 -0.57764107 0.37725735
v 0.04671558 -0.57764107 0.36511177
v 0.04356616 -0.57764107 0.41398421
v 0.04671558 -0.57764107 0.41903278
v 0.04671558 -0.60324097 0.45071107
v 0.04671558 -0.61292875 0.63434535
v 0.04671558 -0.60312259 0.78125280
v 0.04671558 -0.57764107 0.80237377
v 0.04671558 -0.56726688 -0.72454852
v 0.04671558 -0.54091424 -0.73208773
v 0.04671558 -0.57085001 -0.61436796
v 0.04671558 -0.57096404 -0.57764107
v 0.04671558 -0.57493192 -0.54091424
v 0.04671558 -0.57290024 -0.46746048
v 0.04671558 -0.56844020 -0.39400676
v 0.04671558 -0.56958735 -0.35727990
v 0.04671558 -0.57059741 -0.24709933
v 0.04671558 -0.57160342 -0.21037246
v 0.04671558 -0.57603234 -0.17364560
v 0.04671558 -0.57522017 -0.13691874
v 0.04671558 -0.57340086 -0.10019187
v 0.04671558 -0.56541616 -0.06346501
v 0.04671558 -0.57533741 0.04671558
v 0.04671558 -0.57590169 0.08344244
v 0.04671558 -0.57697147 0.12016930
v 0.04671558 -0.57754689 0.15689617
v 0.04671558 -0.56767261 0.23034990
v 0.04671558 -0.57333952 0.26707676
v 0.04671558 -0.57426792 0.37725735
v 0.04671558 -0.57468021 0.41398421
v 0.04671558 -0.54091424 0.80862200
v 0.04671558 -0.50418735 -0.73567408
v 0.04671558 -0.52218258 0.81797969
v 0.04671558 -0.50418735 0.82279778
v 0.04671558 -0.48021775 -0.76127541
v 0.04671558 -0.46746048 -0.77553189
v 0.04671558 -0.46746048 0.82384312
v 0.04671558 -0.43073362 -0.78203005
v 0.02304859 -0.43073362 0.81797969
v 0.04671558 -0.43073362 0.82723552
v 0.04671558 -0.39400676 -0.77823722
v 0.04671558 -0.39400676 0.82451206
v 0.04671558 -0.37822577 -0.76127541
v 0.04671558 -0.35727990 -0.74186963
v 0.04671558 -0.35727990 0.83235723
v 0.04671558 -0.32055303 -0.74322051
v 0.03311204 -0.32055303 0.41398421
v 0.04671558 -0.32055303 0.40765959
v 0.04671558 -0.32829058 0.41398421
v 0.04671558 -0.33535802 0.45071107
v 0.01872876 -0.32055303 0.45071107
v 0.04671558 -0.32055303 0.46965453
v 0.04671558 -0.32055303 0.83594888
v 0.04671558 -0.30188105 -0.72454852
v 0.04671558 -0.30212706 -0.68782169
v 0.04671558 -0.30252746 -0.65109479
v 0.04671558 -0.30206493 -0.61436796
v 0.04671558 -0.30312240 -0.57764107
v 0.04671558 -0.30235705 -0.54091424
v 0.04671558 -0.30197695 -0.50418735
v 0.04671558 -0.30259752 -0.46746048
v 0.04671558 -0.30319694 -0.43073362
v 0.04671558 -0.30217168 -0.39400676
v 0.04671558 -0.30333257 -0.35727990
v 0.04671558 -0.30231598 -0.32055303
v 0.04671558 -0.30399692 -0.28382617
v 0.04671558 -0.30537820 -0.24709933
v 0.04671558 -0.30604675 -0.21037246
v 0.04671558 -0.30444476 -0.17364560
v 0.04671558 -0.30371952 -0.13691874
v 0.04671558 -0.30322692 -0.10019187
v 0.04671558 -0.30351126 -0.06346501
v 0.04671558 -0.30326203 -0.02673814
v 0.04671558 -0.30249959 0.00998872
v 0.04671558 -0.30275339 0.04671558
v 0.04671558 -0.30206493 0.08344244
v 0.04671558 -0.30195066 0.12016930
v 0.04671558 -0.30238906 0.15689617
v 0.04671558 -0.30263975 0.19362304
v 0.04671558 -0.30258814 0.23034990
v 0.04671558 -0.30293608 0.26707676
v 0.04671558 -0.30469072 0.30380362
v 0.04671558 -0.30572334 0.34053048
v 0.04671558 -0.30675113 0.37725735
v 0.04671558 -0.31267247 0.48743793
v 0.04671558 -0.30321690 0.52416480
v 0.04671558 -0.30295065 0.56089163
v 0.04671558 -0.30263975 0.59761852
v 0.04671558 -0.28382617 0.61644626
v 0.04671558 -0.28382617 0.83278555
v 0.04671558 -0.24709933 0.61709970
v 0.04671558 -0.24709933 0.83496076
v 0.04671558 -0.21037246 0.61648393
v 0.02509590 -0.21037246 0.81797969
v 0.04671558 -0.21037246 0.83008575
v 0.04671558 -0.19104652 0.37725735
v 0.04671558 -0.17364560 0.35985640
v 0.04671558 -0.19119433 0.41398421
v 0.04671558 -0.19060464 0.45071107
v 0.04671558 -0.18772367 0.48743793
v 0.04671558 -0.17364560 0.50151604
v 0.04671558 -0.17364560 0.61665583
v 0.01010668 -0.17364560 0.81797969
v 0.04671558 -0.17364560 0.83368748
v 0.04671558 -0.13691874 0.35912549
v 0.04671558 -0.13691874 0.50229949
v 0.04671558 -0.13691874 0.61634773
v 0.02938379 -0.13691874 0.81797969
v 0.04671558 -0.13691874 0.81908143
v 0.04671558 -0.10019187 0.35876921
v 0.04671558 -0.10978920 0.52416480
v 0.04671558 -0.11602520 0.56089163
v 0.04671558 -0.10019187 0.57672501
v 0.04671558 -0.10019187 0.61598194
v 0.04671558 -0.10019187 0.81064677
v 0.04671558 -0.13420187 0.81797969
v 0.04671558 -0.06346501 0.35876039
v 0.04671558 -0.06346501 0.57396555
v 0.04671558 -0.06346501 0.61618131
v 0.04671558 -0.07923263 0.81797969
v 0.01609548 -0.06346501 0.81797969
v 0.04671558 -0.06346501 0.82605767
v 0.04671558 -0.04500238 0.34053048
v 0.04671558 -0.02673814 0.32226625
v 0.04671558 -0.04281245 0.59761852
v 0.03357178 -0.02673814 0.81797969
v 0.04671558 -0.02673814 0.82306260
v 0.04671558 0.00998872 0.32181525
v 0.04671558 0.00998872 0.82675511
v 0.04671558 0.04671558 0.32172936
v 0.04671558 0.04671558 0.82304972
v 0.04671558 0.06551662 0.34053048
v 0.04671558 0.06540489 0.37725735
v 0.04671558 0.06601503 0.41398421
v 0.04671558 0.08344244 0.43179116
v 0.04671558 0.08344244 0.83282322
v 0.04671558 0.12016930 0.43249685
v 0.01771667 0.12016930 0.81797969
v 0.04671558 0.12016930 0.82715625
v 0.04671558 0.13895465 -0.35727990
v 0.04671558 0.15689617 -0.37522143
v 0.04671558 0.13884741 -0.32055303
v 0.04671558 0.13828504 -0.28382617
v 0.04671558 0.13885665 -0.24709933
v 0.04671558 0.13846129 -0.21037246
v 0.04671558 0.13825890 -0.17364560
v 0.04671558 0.13817233 -0.13691874
v 0.04671558 0.15689617 -0.11819489
v 0.04671558 0.13838360 0.45071107
v 0.04671558 0.13876292 0.48743793
v 0.04671558 0.15689617 0.50605130
v 0.04671558 0.15689617 0.84316343
v 0.04671558 0.17581384 -0.46746048
v 0.04671558 0.19362304 -0.48526970
v 0.04671558 0.17776652 -0.43073362
v 0.04671558 0.18225153 -0.39400676
v 0.04671558 0.19362304 -0.11840413
v 0.04671558 0.17546815 -0.02673814
v 0.04671558 0.19362304 -0.04489303
v 0.04671558 0.17549574 0.00998872
v 0.04671558 0.17557427 0.04671558
v 0.04671558 0.17535879 0.08344244
v 0.04671558 0.17538597 0.12016930
v 0.04671558 0.17540874 0.15689617
v 0.04671558 0.17578533 0.19362304
v 0.04671558 0.17505568 0.23034990
v 0.04671558 0.17448659 0.26707676
v 0.04671558 0.17523277 0.30380362
v 0.04671558 0.19362304 0.32219395
v 0.04671558 0.17509960 0.37725735
v 0.04671558 0.19362304 0.35873392
v 0.04671558 0.17556033 0.41398421
v 0.04671558 0.17483054 0.45071107
v 0.04671558 0.17525063 0.48743793
v 0.04671558 0.19362304 0.83254004
v 0.04671558 0.23034990 -0.48567480
v 0.04671558 0.23034990 -0.11867264
v 0.04671558 0.23034990 -0.04438902
v 0.04671558 0.23034990 0.32162711
v 0.04671558 0.23034990 0.35918069
v 0.04671558 0.23034990 0.83821738
v 0.04671558 0.26707676 -0.48568389
v 0.04671558 0.26707676 -0.30181196
v 0.04671558 0.24890849 -0.28382617
v 0.04671558 0.26707676 -0.26586616
v 0.04671558 0.24926281 -0.10019187
v 0.04671558 0.24930091 -0.06346501
v 0.04671558 0.24952802 0.34053048
v 0.04671558 0.26707676 0.83258069
v 0.04671558 0.30380362 -0.48388597
v 0.04671558 0.30380362 -0.30203843
v 0.04671558 0.30380362 -0.26543128
v 0.04671558 0.30380362 0.83891374
v 0.04671558 0.32937011 -0.76127541
v 0.04671558 0.34053048 -0.77400166
v 0.04671558 0.32252824 -0.72454852
v 0.04671558 0.32187578 -0.68782169
v 0.04671558 0.32174647 -0.65109479
v 0.04671558 0.32175502 -0.61436796
v 0.04671558 0.32207781 -0.57764107
v 0.04671558 0.32362354 -0.54091424
v 0.04671558 0.33053309 -0.50418735
v 0.04671558 0.32206899 -0.28382617
v 0.04671558 0.34053048 0.83757460
v 0.04671558 0.37725735 -0.77841979
v 0.04671558 0.37725735 0.84336489
v 0.04671558 0.40879637 -0.79800224
v 0.04671558 0.41398421 -0.80197459
v 0.04671558 0.41398421 0.85377347
v 0.04671558 0.44565099 -0.83472914
v 0.04671558 0.45071107 -0.85264099
v 0.04671558 0.45071107 0.84413528
v 0.04067432 0.48743793 -0.87145597
v 0.04671558 0.48743793 -0.86745769
v 0.04671558 0.48743793 0.84186536
v 0.04671558 0.52416480 -0.84289247
v 0.04671558 0.52416480 0.84845799
v 0.04671558 0.53449100 -0.83472914
v 0.04671558 0.56089163 -0.80864918
v 0.02575389 0.56089163 -0.54091424
v 0.02660228 0.56089163 -0.46746048
v 0.02120135 0.56089163 -0.43073362
v 0.01746322 0.56089163 -0.39400676
v 0.02254745 0.56089163 -0.28382617
v 0.01240190 0.56089163 -0.24709933
v 0.01694793 0.56089163 -0.17364560
v 0.02057608 0.56089163 -0.02673814
v 0.01132564 0.56089163 0.04671558
v 0.01055270 0.56089163 0.15689617
v 0.04671558 0.56089163 0.84245324
v 0.04671558 0.57206297 -0.79800224
v 0.04671558 0.59094465 -0.76127541
v 0.04671558 0.58488071 -0.72454852
v 0.04671558 0.59761852 -0.69714695
v 0.04409063 0.59761852 -0.65109479
v 0.03700519 0.59761852 -0.61436796
v 0.04215527 0.59761852 -0.57764107
v 0.03092820 0.59761852 -0.54091424
v 0.04671558 0.59593475 -0.50418735
v 0.04671558 0.59761852 -0.50703090
v 0.02311843 0.59761852 -0.46746048
v 0.04671558 0.59761852 -0.50228363
v 0.04671558 0.59761852 -0.43854603
v 0.04671558 0.59064412 -0.43073362
v 0.04671558 0.59761852 -0.41174418
v 0.03872739 0.59761852 -0.39400676
v 0.03306812 0.59761852 -0.35727990
v 0.04671558 0.59761852 -0.34600997
v 0.04671558 0.58217508 -0.32055303
v 0.04671558 0.58968788 -0.28382617
v 0.04671558 0.59761852 -0.27570525
v 0.03414123 0.59761852 -0.24709933
v 0.02921707 0.59761852 -0.21037246
v 0.04671558 0.59761852 -0.19583787
v 0.04671558 0.58912361 -0.17364560
v 0.01905373 0.59761852 -0.13691874
v 0.04671558 0.59761852 -0.15818164
v 0.04671558 0.59761852 -0.06595266
v 0.04671558 0.59376490 -0.06346501
v 0.03587044 0.59761852 -0.02673814
v 0.04671558 0.59761852 -0.05974334
v 0.04671558 0.59616005 0.00998872
v 0.04671558 0.59761852 0.00498253
v 0.04671558 0.57941186 0.04671558
v 0.03233559 0.59761852 0.08344244
v 0.04671558 0.59761852 0.06179986
v 0.01050983 0.59761852 0.12016930
v 0.04671558 0.59761852 0.14661136
v 0.04671558 0.59092069 0.15689617
v 0.01974170 0.59761852 0.19362304
v 0.04671558 0.59761852 0.17261727
v 0.04671558 0.59761852 0.21910742
v 0.04671558 0.59324539 0.23034990
v 0.04671558 0.59010166 0.26707676
v 0.03522723 0.59761852 0.26707676
v 0.04671558 0.58466917 0.30380362
v 0.02274009 0.59761852 0.30380362
v 0.04671558 0.58129752 0.34053048
v 0.02249246 0.59761852 0.34053048
v 0.01550138 0.59761852 0.37725735
v 0.04671558 0.59761852 0.35147524
v 0.01285709 0.59761852 0.41398421
v 0.01369728 0.59761852 0.52416480
v 0.01782749 0.59761852 0.56089163
v 0.02788827 0.59761852 0.63434535
v 0.04671558 0.59761852 0.84487575
v 0.04671558 0.60573852 -0.68782169
v 0.04671558 0.59800774 -0.65109479
v 0.04671558 0.60781556 -0.61436796
v 0.04671558 0.61211109 -0.57764107
v 0.04671558 0.63434535 -0.56092876
v 0.04321142 0.63434535 -0.54091424
v 0.04671558 0.63434535 -0.51590550
v 0.04599700 0.63434535 -0.46746048
v 0.04671558 0.63434535 -0.47555286
v 0.04671558 0.63434535 -0.46677455
v 0.03878287 0.63434535 -0.39400676
v 0.04671558 0.63434535 -0.40567413
v 0.04671558 0.63434535 -0.37918714
v 0.04671558 0.60964626 -0.35727990
v 0.04671558 0.63434535 -0.33455834
v 0.03832726 0.63434535 -0.32055303
v 0.04671558 0.62115604 -0.32055303
v 0.04671558 0.63434535 -0.29910463
v 0.04671558 0.62512583 -0.24709933
v 0.04671558 0.63434535 -0.23802339
v 0.03863458 0.63434535 -0.21037246
v 0.04671558 0.63434535 -0.17625239
v 0.04671558 0.62470287 -0.13691874
v 0.04195289 0.63434535 -0.10019187
v 0.04671558 0.63434535 -0.12095370
v 0.04671558 0.63434535 -0.09440580
v 0.04671558 0.60635358 -0.02673814
v 0.04531778 0.63434535 0.08344244
v 0.04671558 0.63434535 0.08299076
v 0.03261692 0.63434535 0.12016930
v 0.04671558 0.63434535 0.14229959
v 0.04329254 0.63434535 0.19362304
v 0.04671558 0.63434535 0.18497041
v 0.04671558 0.63434535 0.20336151
v 0.04514161 0.63434535 0.30380362
v 0.04671558 0.63071072 0.30380362
v 0.04671558 0.63434535 0.29633451
v 0.04671558 0.63434535 0.31445992
v 0.04671558 0.63434535 0.34888503
v 0.02336508 0.63434535 0.37725735
v 0.04671558 0.63434535 0.40053400
v 0.04671558 0.62489408 0.41398421
v 0.03902567 0.63434535 0.45071107
v 0.04671558 0.63434535 0.43068996
v 0.03493435 0.63434535 0.48743793
v 0.02397011 0.63434535 0.52416480
v 0.03713303 0.63434535 0.56089163
v 0.02711729 0.63434535 0.59761852
v 0.04671558 0.63434535 0.61229599
v 0.04671558 0.61917305 0.63434535
v 0.02852230 0.63434535 0.63434535
v 0.04671558 0.63434535 0.65178275
v 0.02820063 0.63434535 0.67107224
v 0.02351282 0.63434535 0.70779908
v 0.04119585 0.63434535 0.74452597
v 0.04671558 0.63083720 0.78125280
v 0.04671558 0.63434535 0.76735079
v 0.03857819 0.63434535 0.78125280
v 0.02495979 0.63434535 0.81797969
v 0.04671558 0.63434535 0.78669119
v 0.04671558 0.63434535 0.83305901
v 0.04532752 0.67107224 -0.68782169
v 0.04671558 0.66810346 -0.68782169
v 0.04671558 0.67107224 -0.68888652
v 0.04671558 0.67107224 -0.68738145
v 0.04671558 0.63952357 -0.54091424
v 0.04671558 0.63490409 -0.46746048
v 0.04671558 0.64311576 -0.39400676
v 0.04671558 0.64531636 -0.32055303
v 0.03868641 0.67107224 -0.24709933
v 0.04671558 0.64058608 -0.24709933
v 0.04671558 0.67107224 -0.26162761
v 0.04671558 0.67107224 -0.23471950
v 0.04671558 0.64318788 -0.21037246
v 0.04671558 0.63943726 -0.10019187
v 0.04671558 0.63563812 0.08344244
v 0.04671558 0.64784938 0.12016930
v 0.04671558 0.63894731 0.19362304
v 0.04671558 0.63734806 0.30380362
v 0.04671558 0.64257735 0.37725735
v 0.04671558 0.64759845 0.45071107
v 0.04671558 0.64167523 0.48743793
v 0.04671558 0.64028615 0.52416480
v 0.04671558 0.64180690 0.56089163
v 0.04671558 0.64394712 0.59761852
v 0.04671558 0.64895803 0.67107224
v 0.04671558 0.67107224 0.70041561
v 0.04261914 0.67107224 0.70779908
v 0.04671558 0.67107224 0.71504474
v 0.04671558 0.64178967 0.74452597
v 0.03929859 0.67107224 0.81797969
v 0.04671558 0.66422278 0.81797969
v 0.04671558 0.67151242 -0.68782169
v 0.04655376 0.70779908 -0.46746048
v 0.04671558 0.70748740 -0.46746048
v 0.04671558 0.70779908 -0.46781129
v 0.04671558 0.70779908 -0.46737891
v 0.04671558 0.67481661 -0.24709933
v 0.04671558 0.67396760 0.70779908
v 0.04671558 0.70808101 -0.46746048
v 0.05228183 -0.61436796 -0.13691874
v 0.07967433 -0.61436796 0.00998872
v 0.08344244 -0.61659539 0.00998872
v 0.08344244 -0.61436796 0.00435676
v 0.08344244 -0.61436796 0.01782728
v 0.06524818 -0.61436796 0.26707676
v 0.07577418 -0.61436796 0.34053048
v 0.08344244 -0.62265110 0.34053048
v 0.08344244 -0.61436796 0.33051404
v 0.07629634 -0.61436796 0.37725735
v 0.08344244 -0.61733866 0.37725735
v 0.08344244 -0.61436796 0.38939998
v 0.05017259 -0.61436796 0.48743793
v 0.08344244 -0.61436796 0.50727272
v 0.08344244 -0.62391329 0.52416480
v 0.08344244 -0.61785835 0.56089163
v 0.06474949 -0.61436796 0.59761852
v 0.08344244 -0.61436796 0.57771325
v 0.08344244 -0.61436796 0.60784346
v 0.08344244 -0.63172269 0.63434535
v 0.04857158 -0.61436796 0.63434535
v 0.08344244 -0.63274622 0.67107224
v 0.05728255 -0.61436796 0.70779908
v 0.08344244 -0.61436796 0.68802834
v 0.05939543 -0.61436796 0.74452597
v 0.08344244 -0.61827439 0.78125280
v 0.08344244 -0.61436796 0.77437913
v 0.07257894 -0.61436796 0.78125280
v 0.08344244 -0.61436796 0.78487349
v 0.06201996 -0.57764107 -0.72454852
v 0.08344244 -0.58298731 -0.72454852
v 0.08344244 -0.57764107 -0.72847080
v 0.08344244 -0.57786256 -0.68782169
v 0.04993407 -0.57764107 -0.65109479
v 0.08344244 -0.57764107 -0.68761557
v 0.07003777 -0.57764107 -0.54091424
v 0.08344244 -0.57988071 -0.54091424
v 0.08344244 -0.57764107 -0.55214334
v 0.06994040 -0.57764107 -0.50418735
v 0.08344244 -0.57764107 -0.53333640
v 0.06767020 -0.57764107 -0.43073362
v 0.05035403 -0.57764107 -0.32055303
v 0.05369188 -0.57764107 -0.28382617
v 0.08344244 -0.57764107 -0.13894881
v 0.07349346 -0.57764107 -0.13691874
v 0.08344244 -0.57920754 -0.13691874
v 0.08344244 -0.57764107 -0.13295805
v 0.06125668 -0.57764107 -0.02673814
v 0.08344244 -0.60194671 0.00998872
v 0.05824561 -0.57764107 0.00998872
v 0.05382820 -0.57764107 0.19362304
v 0.08344244 -0.58587962 0.23034990
v 0.08344244 -0.57764107 0.21706039
v 0.06575227 -0.57764107 0.23034990
v 0.08344244 -0.60079545 0.26707676
v 0.05868806 -0.57764107 0.26707676
v 0.06075841 -0.59118646 0.28594652
v 0.08344244 -0.57764107 0.29173496
v 0.06086426 -0.57764107 0.30380362
v 0.08344244 -0.57764107 0.33939049
v 0.08344244 -0.59376538 0.37725735
v 0.08344244 -0.57764107 0.34326372
v 0.08344244 -0.57764107 0.38165933
v 0.05396557 -0.57764107 0.41398421
v 0.08344244 -0.60480022 0.41398421
v 0.07717891 -0.57764107 0.45071107
v 0.08344244 -0.57764107 0.44186419
v 0.08344244 -0.57764107 0.46379000
v 0.08344244 -0.59042764 0.48743793
v 0.08344244 -0.60809946 0.59761852
v 0.08344244 -0.59054202 0.70779908
v 0.08344244 -0.59386462 0.74452597
v 0.08344244 -0.57764107 0.80976105
v 0.08344244 -0.54091424 -0.73439795
v 0.08344244 -0.55785185 -0.65109479
v 0.08344244 -0.57108027 -0.61436796
v 0.08344244 -0.56567872 -0.57764107
v 0.08344244 -0.54091424 -0.51522571
v 0.07267751 -0.54091424 -0.50418735
v 0.08344244 -0.56306589 -0.46746048
v 0.08344244 -0.54091424 -0.48017964
v 0.08344244 -0.54268491 -0.43073362
v 0.08344244 -0.57671767 -0.39400676
v 0.08344244 -0.56670702 -0.35727990
v 0.08344244 -0.55682993 -0.32055303
v 0.08344244 -0.57226348 -0.28382617
v 0.08344244 -0.56419969 -0.24709933
v 0.08344244 -0.54445362 -0.21037246
v 0.08344244 -0.54730469 -0.17364560
v 0.08344244 -0.55856067 -0.10019187
v 0.08344244 -0.56289023 -0.06346501
v 0.08344244 -0.56446141 -0.02673814
v 0.08344244 -0.56921488 0.00998872
v 0.08344244 -0.55972260 0.04671558
v 0.08344244 -0.57532012 0.08344244
v 0.08344244 -0.56368762 0.12016930
v 0.08344244 -0.56964159 0.15689617
v 0.08344244 -0.55908227 0.19362304
v 0.08344244 -0.57298422 0.30380362
v 0.08344244 -0.57551908 0.37725735
v 0.08344244 -0.57295090 0.45071107
v 0.08344244 -0.56115198 0.81797969
v 0.06868972 -0.54091424 0.81797969
v 0.08344244 -0.54091424 0.82108253
v 0.08344244 -0.50418735 -0.73669881
v 0.08344244 -0.53476310 -0.50418735
v 0.08344244 -0.50418735 0.82328421
v 0.08344244 -0.47902709 -0.76127541
v 0.08344244 -0.46746048 -0.77322572
v 0.08344244 -0.46746048 0.82480627
v 0.08344244 -0.43073362 -0.78722435
v 0.08344244 -0.43073362 0.82316250
v 0.08344244 -0.39400676 -0.78035039
v 0.08344244 -0.39400676 0.82723075
v 0.08344244 -0.37831360 -0.76127541
v 0.08344244 -0.35727990 -0.74158001
v 0.08344244 -0.35727990 0.84625489
v 0.08344244 -0.32055303 -0.74295670
v 0.05210950 -0.32055303 0.41398421
v 0.05810432 -0.32055303 0.45071107
v 0.08344244 -0.32055303 0.83392709
v 0.08344244 -0.30214491 -0.72454852
v 0.08344244 -0.30204728 -0.68782169
v 0.08344244 -0.30223003 -0.65109479
v 0.08344244 -0.30202961 -0.61436796
v 0.08344244 -0.30231598 -0.57764107
v 0.08344244 -0.30237988 -0.54091424
v 0.08344244 -0.30212706 -0.50418735
v 0.08344244 -0.30221659 -0.46746048
v 0.08344244 -0.30257875 -0.43073362
v 0.08344244 -0.30323693 -0.39400676
v 0.08344244 -0.30288285 -0.35727990
v 0.08344244 -0.30242574 -0.32055303
v 0.08344244 -0.30309770 -0.28382617
v 0.08344244 -0.30311742 -0.24709933
v 0.08344244 -0.30376694 -0.21037246
v 0.08344244 -0.30307794 -0.17364560
v 0.08344244 -0.30291185 -0.13691874
v 0.08344244 -0.30273432 -0.10019187
v 0.08344244 -0.30238444 -0.06346501
v 0.08344244 -0.30298477 -0.02673814
v 0.08344244 -0.30245337 0.00998872
v 0.08344244 -0.30225259 0.04671558
v 0.08344244 -0.30238444 0.08344244
v 0.08344244 -0.30198568 0.12016930
v 0.08344244 -0.30266330 0.15689617
v 0.08344244 -0.30192447 0.19362304
v 0.08344244 -0.30221203 0.23034990
v 0.08344244 -0.30267274 0.26707676
v 0.08344244 -0.30301902 0.30380362
v 0.08344244 -0.30284908 0.34053048
v 0.08344244 -0.30344450 0.37725735
v 0.08344244 -0.30508581 0.41398421
v 0.08344244 -0.30611920 0.45071107
v 0.08344244 -0.30403483 0.48743793
v 0.08344244 -0.30327708 0.52416480
v 0.08344244 -0.30270588 0.56089163
v 0.08344244 -0.30194190 0.59761852
v 0.08344244 -0.28382617 0.61571687
v 0.08344244 -0.28382617 0.83765715
v 0.06487510 -0.24709933 0.34053048
v 0.08344244 -0.26566666 0.34053048
v 0.08344244 -0.24709933 0.32196307
v 0.06508798 -0.24709933 0.37725735
v 0.08344244 -0.26545379 0.37725735
v 0.06465849 -0.24709933 0.41398421
v 0.08344244 -0.26588327 0.41398421
v 0.06670406 -0.24709933 0.45071107
v 0.08344244 -0.26383770 0.45071107
v 0.06684850 -0.24709933 0.48743793
v 0.08344244 -0.26369327 0.48743793
v 0.06548222 -0.24709933 0.52416480
v 0.08344244 -0.26505953 0.52416480
v 0.06460729 -0.24709933 0.56089163
v 0.08344244 -0.26593447 0.56089163
v 0.06448890 -0.24709933 0.59761852
v 0.08344244 -0.26605287 0.59761852
v 0.08344244 -0.24709933 0.83685559
v 0.06418341 -0.21037246 0.34053048
v 0.08344244 -0.21037246 0.32127151
v 0.06484883 -0.21037246 0.37725735
v 0.06473583 -0.21037246 0.41398421
v 0.06610631 -0.21037246 0.45071107
v 0.06832959 -0.21037246 0.48743793
v 0.06602666 -0.21037246 0.52416480
v 0.06476182 -0.21037246 0.56089163
v 0.06475314 -0.21037246 0.59761852
v 0.08344244 -0.21037246 0.83300686
v 0.06514199 -0.17364560 -0.35727990
v 0.08344244 -0.19194604 -0.35727990
v 0.08344244 -0.17364560 -0.37558037
v 0.06474452 -0.17364560 -0.32055303
v 0.08344244 -0.19234352 -0.32055303
v 0.06462431 -0.17364560 -0.28382617
v 0.08344244 -0.19246373 -0.28382617
v 0.06460729 -0.17364560 -0.24709933
v 0.08344244 -0.19248074 -0.24709933
v 0.06443027 -0.17364560 -0.21037246
v 0.08344244 -0.19265777 -0.21037246
v 0.06451412 -0.17364560 -0.17364560
v 0.08344244 -0.19257392 -0.17364560
v 0.06499866 -0.17364560 -0.13691874
v 0.08344244 -0.19208938 -0.13691874
v 0.06503432 -0.17364560 -0.10019187
v 0.08344244 -0.19205372 -0.10019187
v 0.06464140 -0.17364560 -0.06346501
v 0.08344244 -0.19244663 -0.06346501
v 0.06517820 -0.17364560 -0.02673814
v 0.08344244 -0.19190983 -0.02673814
v 0.08344244 -0.17364560 -0.00847390
v 0.06448050 -0.17364560 0.08344244
v 0.08344244 -0.19260754 0.08344244
v 0.08344244 -0.17364560 0.06448050
v 0.06476182 -0.17364560 0.12016930
v 0.08344244 -0.19232622 0.12016930
v 0.06466705 -0.17364560 0.15689617
v 0.08344244 -0.19242099 0.15689617
v 0.08344244 -0.17364560 0.17567156
v 0.06455636 -0.17364560 0.26707676
v 0.08344244 -0.19253168 0.26707676
v 0.08344244 -0.17364560 0.24819061
v 0.06424856 -0.17364560 0.30380362
v 0.08344244 -0.19283947 0.30380362
v 0.06478781 -0.17364560 0.34053048
v 0.06703889 -0.17364560 0.52416480
v 0.06468420 -0.17364560 0.56089163
v 0.06385704 -0.17364560 0.59761852
v 0.08344244 -0.17364560 0.82610196
v 0.06432246 -0.13691874 -0.35727990
v 0.08344244 -0.13691874 -0.37639987
v 0.06443027 -0.13691874 -0.32055303
v 0.06464995 -0.13691874 -0.28382617
v 0.06546352 -0.13691874 -0.24709933
v 0.06498977 -0.13691874 -0.21037246
v 0.06403063 -0.13691874 -0.17364560
v 0.06460729 -0.13691874 -0.13691874
v 0.06379477 -0.13691874 -0.10019187
v 0.06492784 -0.13691874 -0.06346501
v 0.06488385 -0.13691874 -0.02673814
v 0.08344244 -0.13691874 -0.00817955
v 0.06520083 -0.13691874 0.08344244
v 0.08344244 -0.13691874 0.06520083
v 0.06485758 -0.13691874 0.12016930
v 0.06525099 -0.13691874 0.15689617
v 0.08344244 -0.13691874 0.17508763
v 0.06468420 -0.13691874 0.26707676
v 0.08344244 -0.13691874 0.24831852
v 0.06537974 -0.13691874 0.30380362
v 0.06467559 -0.13691874 0.34053048
v 0.06705536 -0.13691874 0.52416480
v 0.06514654 -0.13691874 0.56089163
v 0.06399883 -0.13691874 0.59761852
v 0.08344244 -0.13691874 0.82540512
v 0.06616648 -0.10019187 -0.72454852
v 0.08344244 -0.11746783 -0.72454852
v 0.08344244 -0.10019187 -0.74182451
v 0.06874737 -0.10019187 -0.68782169
v 0.08344244 -0.11488695 -0.68782169
v 0.07387937 -0.10019187 -0.65109479
v 0.08344244 -0.10975494 -0.65109479
v 0.08344244 -0.10019187 -0.64153177
v 0.06468420 -0.10019187 -0.43073362
v 0.08344244 -0.11895011 -0.43073362
v 0.08344244 -0.10019187 -0.44949186
v 0.06480518 -0.10019187 -0.39400676
v 0.08344244 -0.11882913 -0.39400676
v 0.06500756 -0.10019187 -0.35727990
v 0.06490143 -0.10019187 -0.32055303
v 0.06476182 -0.10019187 -0.28382617
v 0.06460729 -0.10019187 -0.24709933
v 0.06463286 -0.10019187 -0.21037246
v 0.06428134 -0.10019187 -0.17364560
v 0.06429780 -0.10019187 -0.13691874
v 0.06480518 -0.10019187 -0.10019187
v 0.06446376 -0.10019187 -0.06346501
v 0.06454789 -0.10019187 -0.02673814
v 0.08344244 -0.11851488 0.00998872
v 0.06511943 -0.10019187 0.00998872
v 0.06445535 -0.10019187 0.04671558
v 0.08344244 -0.11917897 0.04671558
v 0.06419154 -0.10019187 0.08344244
v 0.06464995 -0.10019187 0.12016930
v 0.06497204 -0.10019187 0.15689617
v 0.08344244 -0.11855081 0.19362304
v 0.06508350 -0.10019187 0.19362304
v 0.06514654 -0.10019187 0.23034990
v 0.08344244 -0.11848777 0.23034990
v 0.06480518 -0.10019187 0.26707676
v 0.06468420 -0.10019187 0.30380362
v 0.06512847 -0.10019187 0.34053048
v 0.06456476 -0.10019187 0.59761852
v 0.06906484 -0.10019187 0.81797969
v 0.08344244 -0.10019187 0.82656848
v 0.06638518 -0.06346501 -0.72454852
v 0.08344244 -0.06346501 -0.74160576
v 0.06868944 -0.06346501 -0.68782169
v 0.08344244 -0.06346501 -0.65188938
v 0.08344244 -0.06495120 -0.65109479
v 0.06453101 -0.06346501 -0.43073362
v 0.08344244 -0.06346501 -0.44964510
v 0.06461576 -0.06346501 -0.39400676
v 0.06541687 -0.06346501 -0.35727990
v 0.06491902 -0.06346501 -0.32055303
v 0.06497204 -0.06346501 -0.28382617
v 0.06461576 -0.06346501 -0.24709933
v 0.06448890 -0.06346501 -0.21037246
v 0.06430600 -0.06346501 -0.17364560
v 0.06452253 -0.06346501 -0.13691874
v 0.06426495 -0.06346501 -0.10019187
v 0.06490143 -0.06346501 -0.06346501
v 0.06388051 -0.06346501 -0.02673814
v 0.06425676 -0.06346501 0.00998872
v 0.06479650 -0.06346501 0.04671558
v 0.06464995 -0.06346501 0.08344244
v 0.06464995 -0.06346501 0.12016930
v 0.06490143 -0.06346501 0.15689617
v 0.06477044 -0.06346501 0.19362304
v 0.06508798 -0.06346501 0.23034990
v 0.06466705 -0.06346501 0.26707676
v 0.06458179 -0.06346501 0.30380362
v 0.06421599 -0.06346501 0.34053048
v 0.06526010 -0.06346501 0.59761852
v 0.08344244 -0.06346501 0.82821822
v 0.07177945 -0.02673814 -0.76127541
v 0.08344244 -0.03840113 -0.76127541
v 0.08344244 -0.02673814 -0.77451819
v 0.06697866 -0.02673814 -0.72454852
v 0.06756274 -0.02673814 -0.68782169
v 0.08344244 -0.06075719 -0.65109479
v 0.07766891 -0.02673814 -0.65109479
v 0.08344244 -0.02673814 -0.64532125
v 0.06507901 -0.02673814 -0.43073362
v 0.08344244 -0.02673814 -0.44909707
v 0.06482263 -0.02673814 -0.39400676
v 0.06458179 -0.02673814 -0.35727990
v 0.06429780 -0.02673814 -0.32055303
v 0.06486633 -0.02673814 -0.28382617
v 0.06518269 -0.02673814 -0.24709933
v 0.06488385 -0.02673814 -0.21037246
v 0.06464140 -0.02673814 -0.17364560
v 0.06452253 -0.02673814 -0.13691874
v 0.06501646 -0.02673814 -0.10019187
v 0.06466705 -0.02673814 -0.06346501
v 0.06504322 -0.02673814 -0.02673814
v 0.06438033 -0.02673814 0.00998872
v 0.06446376 -0.02673814 0.04671558
v 0.06422411 -0.02673814 0.08344244
v 0.06444702 -0.02673814 0.12016930
v 0.06439700 -0.02673814 0.15689617
v 0.06477913 -0.02673814 0.19362304
v 0.06444702 -0.02673814 0.23034990
v 0.06513295 -0.02673814 0.26707676
v 0.06420779 -0.02673814 0.30380362
v 0.08344244 -0.02673814 0.83507156
v 0.07285060 0.00998872 -0.76127541
v 0.08344244 0.00998872 -0.77423048
v 0.06648865 0.00998872 -0.72454852
v 0.06674132 0.00998872 -0.68782169
v 0.08344244 0.00998872 -0.67112052
v 0.08344244 -0.02096462 -0.65109479
v 0.08344244 0.00998872 -0.62324709
v 0.07456328 0.00998872 -0.61436796
v 0.08344244 0.00110955 -0.61436796
v 0.06772581 0.00998872 -0.57764107
v 0.08344244 -0.00572791 -0.57764107
v 0.06507901 0.00998872 -0.54091424
v 0.08344244 -0.00837471 -0.54091424
v 0.06451412 0.00998872 -0.50418735
v 0.08344244 -0.00893960 -0.50418735
v 0.08344244 0.00998872 -0.48525903
v 0.06507901 0.00998872 -0.43073362
v 0.08344244 0.00998872 -0.44909707
v 0.06479650 0.00998872 -0.39400676
v 0.06489260 0.00998872 -0.35727990
v 0.06500756 0.00998872 -0.32055303
v 0.06531971 0.00998872 -0.28382617
v 0.06438033 0.00998872 -0.24709933
v 0.06518269 0.00998872 -0.21037246
v 0.06542156 0.00998872 -0.17364560
v 0.06479650 0.00998872 -0.13691874
v 0.06536125 0.00998872 -0.10019187
v 0.06526010 0.00998872 -0.06346501
v 0.06508798 0.00998872 -0.02673814
v 0.06464995 0.00998872 0.00998872
v 0.06414299 0.00998872 0.04671558
v 0.06460729 0.00998872 0.08344244
v 0.06496315 0.00998872 0.12016930
v 0.06477044 0.00998872 0.15689617
v 0.06451412 0.00998872 0.19362304
v 0.06458179 0.00998872 0.23034990
v 0.06535663 0.00998872 0.26707676
v 0.06449731 0.00998872 0.30380362
v 0.08344244 0.00998872 0.83811682
v 0.07063945 0.04671558 -0.76127541
v 0.08344244 0.04671558 -0.77698070
v 0.06618154 0.04671558 -0.72454852
v 0.06561420 0.04671558 -0.68782169
v 0.08344244 0.04671558 -0.66999346
v 0.07158878 0.04671558 -0.61436796
v 0.08344244 0.04671558 -0.62622160
v 0.07057115 0.04671558 -0.57764107
v 0.06478781 0.04671558 -0.54091424
v 0.06485758 0.04671558 -0.50418735
v 0.08344244 0.04671558 -0.48560247
v 0.06562849 0.04671558 -0.43073362
v 0.08344244 0.04671558 -0.44854757
v 0.06517365 0.04671558 -0.39400676
v 0.06526927 0.04671558 -0.35727990
v 0.06479650 0.04671558 -0.32055303
v 0.06455636 0.04671558 -0.28382617
v 0.06573847 0.04671558 -0.24709933
v 0.06556685 0.04671558 -0.21037246
v 0.06518724 0.04671558 -0.17364560
v 0.06551971 0.04671558 -0.13691874
v 0.06539368 0.04671558 -0.10019187
v 0.06575774 0.04671558 -0.06346501
v 0.06623717 0.04671558 -0.02673814
v 0.06559998 0.04671558 0.00998872
v 0.06588880 0.04671558 0.04671558
v 0.06610133 0.04671558 0.08344244
v 0.06558576 0.04671558 0.12016930
v 0.06601671 0.04671558 0.15689617
v 0.06603163 0.04671558 0.19362304
v 0.06526472 0.04671558 0.23034990
v 0.06464140 0.04671558 0.26707676
v 0.06519635 0.04671558 0.30380362
v 0.08344244 0.04671558 0.83680940
v 0.06961957 0.08344244 -0.76127541
v 0.08344244 0.08344244 -0.78003341
v 0.08344244 0.08344244 -0.74745250
v 0.08344244 0.06397648 -0.72454852
v 0.08344244 0.06454382 -0.68782169
v 0.06840433 0.08344244 -0.61436796
v 0.08344244 0.08344244 -0.62940603
v 0.07373303 0.08344244 -0.57764107
v 0.06620684 0.08344244 -0.54091424
v 0.06448890 0.08344244 -0.50418735
v 0.08344244 0.06714376 -0.46746048
v 0.06714376 0.08344244 -0.46746048
v 0.06841057 0.08344244 -0.43073362
v 0.06492784 0.08344244 -0.39400676
v 0.06498977 0.08344244 -0.35727990
v 0.06553385 0.08344244 -0.32055303
v 0.06519179 0.08344244 -0.28382617
v 0.06572404 0.08344244 -0.24709933
v 0.06545413 0.08344244 -0.21037246
v 0.06560951 0.08344244 -0.17364560
v 0.06562849 0.08344244 -0.13691874
v 0.06630833 0.08344244 -0.10019187
v 0.06700051 0.08344244 -0.06346501
v 0.06605643 0.08344244 -0.02673814
v 0.06631345 0.08344244 0.00998872
v 0.06601181 0.08344244 0.04671558
v 0.06658266 0.08344244 0.08344244
v 0.06582548 0.08344244 0.12016930
v 0.06606141 0.08344244 0.15689617
v 0.06688633 0.08344244 0.19362304
v 0.06648339 0.08344244 0.23034990
v 0.06605146 0.08344244 0.26707676
v 0.06582548 0.08344244 0.30380362
v 0.06624221 0.08344244 0.34053048
v 0.06582548 0.08344244 0.37725735
v 0.06610133 0.08344244 0.41398421
v 0.08344244 0.08344244 0.83826250
v 0.06962651 0.12016930 -0.76127541
v 0.08344244 0.12016930 -0.77771533
v 0.08344244 0.12016930 -0.74745947
v 0.06724415 0.12016930 -0.61436796
v 0.08344244 0.12016930 -0.63056624
v 0.07113653 0.12016930 -0.57764107
v 0.06586926 0.12016930 -0.54091424
v 0.06504322 0.12016930 -0.50418735
v 0.06606141 0.12016930 -0.46746048
v 0.06941222 0.12016930 -0.43073362
v 0.06523270 0.12016930 -0.39400676
v 0.06561420 0.12016930 -0.35727990
v 0.06489260 0.12016930 -0.32055303
v 0.06516461 0.12016930 -0.28382617
v 0.06524181 0.12016930 -0.24709933
v 0.06516461 0.12016930 -0.21037246
v 0.06610631 0.12016930 -0.17364560
v 0.06628284 0.12016930 -0.13691874
v 0.06713270 0.12016930 -0.10019187
v 0.06688633 0.12016930 -0.06346501
v 0.06678405 0.12016930 -0.02673814
v 0.06661418 0.12016930 0.00998872
v 0.06653551 0.12016930 0.04671558
v 0.06600186 0.12016930 0.08344244
v 0.06644192 0.12016930 0.12016930
v 0.06727777 0.12016930 0.15689617
v 0.06720499 0.12016930 0.19362304
v 0.06687547 0.12016930 0.23034990
v 0.06658266 0.12016930 0.26707676
v 0.06703343 0.12016930 0.30380362
v 0.06680010 0.12016930 0.34053048
v 0.06636465 0.12016930 0.37725735
v 0.06639037 0.12016930 0.41398421
v 0.08344244 0.12016930 0.83632410
v 0.06886414 0.15689617 -0.76127541
v 0.08344244 0.15689617 -0.77842391
v 0.08344244 0.13985439 -0.72454852
v 0.06640066 0.15689617 -0.72454852
v 0.06462431 0.15689617 -0.68782169
v 0.08344244 0.13807803 -0.68782169
v 0.06511047 0.15689617 -0.65109479
v 0.08344244 0.13856418 -0.65109479
v 0.08344244 0.13636760 -0.61436796
v 0.08344244 0.15689617 -0.63276285
v 0.08344244 0.13247523 -0.57764107
v 0.08344244 0.13774249 -0.54091424
v 0.08344244 0.13856854 -0.50418735
v 0.08344244 0.15689617 -0.48567933
v 0.06522360 0.15689617 -0.46746048
v 0.06703343 0.15689617 -0.43073362
v 0.06722733 0.15689617 -0.39400676
v 0.06721059 0.15689617 -0.10019187
v 0.06684311 0.15689617 -0.06346501
v 0.06673067 0.15689617 -0.02673814
v 0.06695687 0.15689617 0.00998872
v 0.06677873 0.15689617 0.04671558
v 0.06672535 0.15689617 0.08344244
v 0.06627779 0.15689617 0.12016930
v 0.06735111 0.15689617 0.15689617
v 0.06741360 0.15689617 0.19362304
v 0.06783790 0.15689617 0.23034990
v 0.06694601 0.15689617 0.26707676
v 0.06702790 0.15689617 0.30380362
v 0.06735679 0.15689617 0.34053048
v 0.06722733 0.15689617 0.37725735
v 0.06696779 0.15689617 0.41398421
v 0.06682160 0.15689617 0.45071107
v 0.06672002 0.15689617 0.48743793
v 0.08344244 0.15689617 0.84295970
v 0.06778466 0.19362304 -0.76127541
v 0.08344244 0.19362304 -0.77982163
v 0.06571444 0.19362304 -0.72454852
v 0.06482263 0.19362304 -0.68782169
v 0.06528755 0.19362304 -0.65109479
v 0.08344244 0.19362304 -0.63293993
v 0.07188845 0.19362304 -0.54091424
v 0.08344244 0.18206903 -0.54091424
v 0.08344244 0.19362304 -0.55246818
v 0.06614638 0.19362304 -0.50418735
v 0.08344244 0.17632696 -0.50418735
v 0.06786760 0.19362304 -0.10019187
v 0.06704990 0.19362304 -0.06346501
v 0.06708843 0.19362304 0.34053048
v 0.08344244 0.19362304 0.84089333
v 0.06635954 0.23034990 -0.76127541
v 0.08344244 0.23034990 -0.78414619
v 0.06466705 0.23034990 -0.72454852
v 0.06487510 0.23034990 -0.68782169
v 0.06490143 0.23034990 -0.65109479
v 0.08344244 0.23034990 -0.63255382
v 0.07461490 0.23034990 -0.54091424
v 0.08344244 0.23034990 -0.54974174
v 0.06744211 0.23034990 -0.50418735
v 0.06756274 0.23034990 -0.10019187
v 0.06785569 0.23034990 -0.06346501
v 0.06847333 0.23034990 0.34053048
v 0.08344244 0.23034990 0.83958441
v 0.06605643 0.26707676 -0.76127541
v 0.08344244 0.26707676 -0.78163499
v 0.06525099 0.26707676 -0.72454852
v 0.06413487 0.26707676 -0.68782169
v 0.06390405 0.26707676 -0.65109479
v 0.08344244 0.24842206 -0.61436796
v 0.06478781 0.26707676 -0.61436796
v 0.06733416 0.26707676 -0.57764107
v 0.08344244 0.25096855 -0.57764107
v 0.07308885 0.26707676 -0.54091424
v 0.06973165 0.26707676 -0.50418735
v 0.06621692 0.26707676 -0.28382617
v 0.08344244 0.26707676 0.84028977
v 0.06586442 0.30380362 -0.76127541
v 0.08344244 0.30380362 -0.78556192
v 0.06506108 0.30380362 -0.72454852
v 0.06453101 0.30380362 -0.68782169
v 0.06470998 0.30380362 -0.65109479
v 0.06484883 0.30380362 -0.61436796
v 0.06506108 0.30380362 -0.57764107
v 0.06915493 0.30380362 -0.54091424
v 0.06933033 0.30380362 -0.50418735
v 0.06665635 0.30380362 -0.28382617
v 0.08344244 0.30380362 0.83946025
v 0.08344244 0.34053048 -0.78615320
v 0.08344244 0.34053048 0.84049714
v 0.08344244 0.37725735 -0.78404486
v 0.08344244 0.37725735 0.84627736
v 0.08344244 0.40927231 -0.79800224
v 0.08344244 0.41398421 -0.80128300
v 0.08344244 0.41398421 0.84770900
v 0.08344244 0.44127283 -0.83472914
v 0.08344244 0.45071107 -0.84490991
v 0.08344244 0.45071107 0.84590608
v 0.08344244 0.48743793 -0.84476155
v 0.08344244 0.47071466 0.85470653
v 0.06741080 0.48743793 0.85470653
v 0.08344244 0.48743793 0.86227149
v 0.08344244 0.52416480 -0.84146643
v 0.08344244 0.52416480 0.84190935
v 0.08344244 0.50527978 0.85470653
v 0.08344244 0.53203863 -0.83472914
v 0.08344244 0.56089163 -0.79872358
v 0.08344244 0.56089163 0.83321172
v 0.08344244 0.56226170 -0.79800224
v 0.05391815 0.59761852 -0.76127541
v 0.08344244 0.59761852 -0.76870495
v 0.06268565 0.59761852 -0.72454852
v 0.05060397 0.59761852 -0.50418735
v 0.06141927 0.59761852 -0.43073362
v 0.06654868 0.59761852 -0.32055303
v 0.05608244 0.59761852 -0.28382617
v 0.06698363 0.59761852 -0.24709933
v 0.08344244 0.59761852 -0.26527068
v 0.08344244 0.58043337 -0.24709933
v 0.08344244 0.59761852 -0.22412170
v 0.08344244 0.59761852 -0.19682537
v 0.08344244 0.58917946 -0.17364560
v 0.08344244 0.59761852 -0.16217643
v 0.05868196 0.59761852 -0.06346501
v 0.08344244 0.56477052 -0.02673814
v 0.08344244 0.59761852 -0.06022627
v 0.05747807 0.59761852 -0.02673814
v 0.05141243 0.59761852 0.00998872
v 0.08344244 0.59761852 -0.00134132
v 0.07208102 0.59761852 0.04671558
v 0.05583117 0.59761852 0.15689617
v 0.06316859 0.59761852 0.19362304
v 0.08344244 0.59761852 0.18068987
v 0.08344244 0.57986397 0.19362304
v 0.08344244 0.59581959 0.23034990
v 0.05685896 0.59761852 0.26707676
v 0.08344244 0.59761852 0.23429012
v 0.06640809 0.59761852 0.30380362
v 0.06325447 0.59761852 0.34053048
v 0.08344244 0.59761852 0.83081442
v 0.08098421 0.63434535 -0.76127541
v 0.08344244 0.63434535 -0.76177955
v 0.08344244 0.63434535 -0.74992388
v 0.08344244 0.62803799 -0.72454852
v 0.07099958 0.63434535 -0.68782169
v 0.08344244 0.63434535 -0.71334970
v 0.08207729 0.63434535 -0.65109479
v 0.08344244 0.63434535 -0.64119083
v 0.08344244 0.61403120 -0.61436796
v 0.08344244 0.61739808 -0.57764107
v 0.08344244 0.62792552 -0.54091424
v 0.06755860 0.63434535 -0.54091424
v 0.08344244 0.61322671 -0.50418735
v 0.08344244 0.62297010 -0.46746048
v 0.04917122 0.63434535 -0.46746048
v 0.08344244 0.60823095 -0.43073362
v 0.08344244 0.61136842 -0.39400676
v 0.05631151 0.63434535 -0.39400676
v 0.08344244 0.61620343 -0.35727990
v 0.05921925 0.63434535 -0.32055303
v 0.08344244 0.61376625 -0.32055303
v 0.08344244 0.60567552 -0.28382617
v 0.08344244 0.60117769 -0.21037246
v 0.05347367 0.63434535 -0.21037246
v 0.05363171 0.63434535 -0.17364560
v 0.08344244 0.62376893 -0.17364560
v 0.08344244 0.63434535 -0.17618445
v 0.08344244 0.63434535 -0.16799760
v 0.08344244 0.61588526 -0.13691874
v 0.08344244 0.60281235 -0.10019187
v 0.05390540 0.63434535 -0.10019187
v 0.08344244 0.60558206 -0.06346501
v 0.08344244 0.61160225 0.00998872
v 0.08344244 0.63434535 0.02169031
v 0.07577922 0.63434535 0.04671558
v 0.06067414 0.63434535 0.15689617
v 0.05648061 0.61849469 0.17944829
v 0.08344244 0.63434535 0.17276292
v 0.05133075 0.63434535 0.19362304
v 0.08344244 0.60421985 0.23034990
v 0.08344244 0.63434535 0.22376552
v 0.07043420 0.63434535 0.23034990
v 0.08344244 0.63434535 0.23972817
v 0.08344244 0.61174780 0.26707676
v 0.05269121 0.63434535 0.30380362
v 0.08344244 0.61983126 0.30380362
v 0.05881373 0.63434535 0.34053048
v 0.08344244 0.63434535 0.32246757
v 0.06558562 0.63434535 0.41398421
v 0.06067029 0.63434535 0.63434535
v 0.06930631 0.63434535 0.67107224
v 0.08344244 0.63434535 0.66013336
v 0.08344244 0.62661737 0.67107224
v 0.08344244 0.63434535 0.69666117
v 0.05308979 0.63434535 0.78125280
v 0.06792511 0.63434535 0.81797969
v 0.08344244 0.63434535 0.80074745
v 0.08344244 0.61711311 0.81797969
v 0.08344244 0.63534629 -0.76127541
v 0.05006282 0.67107224 -0.68782169
v 0.08344244 0.64788985 -0.68782169
v 0.08344244 0.63847542 -0.65109479
v 0.05786306 0.67107224 -0.24709933
v 0.08344244 0.63635135 -0.17364560
v 0.08344244 0.65664160 0.04671558
v 0.08344244 0.63841116 0.08344244
v 0.08344244 0.64377230 0.12016930
v 0.08344244 0.64860690 0.15689617
v 0.08344244 0.64633054 0.23034990
v 0.08344244 0.64609528 0.34053048
v 0.08344244 0.65788388 0.37725735
v 0.08344244 0.64420378 0.41398421
v 0.08344244 0.66504467 0.45071107
v 0.08344244 0.64885926 0.48743793
v 0.08344244 0.65224773 0.52416480
v 0.08344244 0.64603966 0.56089163
v 0.06728365 0.67107224 0.59761852
v 0.08344244 0.67107224 0.58273816
v 0.08344244 0.67107224 0.61369056
v 0.08344244 0.65132141 0.63434535
v 0.08344244 0.67107224 0.70129657
v 0.08344244 0.67107224 0.72569686
v 0.08344244 0.66234976 0.74452597
v 0.08344244 0.65169781 0.78125280
v 0.04709134 0.70779908 -0.46746048
v 0.08344244 0.67867601 0.59761852
v 0.08344244 0.67554778 0.70779908
v 0.08665841 -0.61436796 0.00998872
v 0.12004195 -0.61436796 0.08344244
v 0.12016930 -0.61450100 0.08344244
v 0.12016930 -0.61436796 0.08327075
v 0.12016930 -0.61436796 0.08400747
v 0.10737191 -0.61436796 0.34053048
v 0.08868197 -0.61436796 0.37725735
v 0.11489314 -0.61436796 0.45071107
v 0.12016930 -0.61627233 0.45071107
v 0.12016930 -0.61436796 0.44597480
v 0.10827158 -0.61436796 0.48743793
v 0.12016930 -0.62023079 0.48743793
v 0.10537588 -0.61436796 0.52416480
v 0.12016930 -0.61436796 0.50414169
v 0.08624252 -0.61436796 0.56089163
v 0.09170306 -0.61436796 0.63434535
v 0.12016930 -0.61436796 0.66670930
v 0.12016930 -0.61826432 0.67107224
v 0.10756581 -0.61436796 0.70779908
v 0.12016930 -0.62604392 0.70779908
v 0.12016930 -0.61436796 0.73844105
v 0.09473935 -0.61436796 0.78125280
v 0.09835313 -0.57764107 -0.72454852
v 0.12016930 -0.57764107 -0.70277786
v 0.12016930 -0.59676319 -0.68782169
v 0.10451741 -0.57764107 -0.65109479
v 0.12016930 -0.58703303 -0.65109479
v 0.12016930 -0.57764107 -0.62843049
v 0.12016930 -0.58317888 -0.54091424
v 0.12016930 -0.57764107 -0.55310225
v 0.12016930 -0.57764107 -0.52090567
v 0.08605527 -0.57764107 -0.13691874
v 0.12016930 -0.57764107 0.03583058
v 0.10755089 -0.57764107 0.04671558
v 0.12016930 -0.58780074 0.04671558
v 0.12016930 -0.61396617 0.08344244
v 0.12016930 -0.57764107 0.06411833
v 0.11592331 -0.57764107 0.23034990
v 0.12016930 -0.57764107 0.24281350
v 0.12016930 -0.58341199 0.26707676
v 0.12016930 -0.57764107 0.29373857
v 0.08409973 -0.57764107 0.34053048
v 0.09081355 -0.57764107 0.37725735
v 0.12016930 -0.59018409 0.37725735
v 0.12016930 -0.57764107 0.35983387
v 0.12016930 -0.58632135 0.41398421
v 0.09245688 -0.59430838 0.38797164
v 0.11294334 -0.57764107 0.45071107
v 0.12016930 -0.58778977 0.52416480
v 0.12016930 -0.59301966 0.56089163
v 0.12016930 -0.60364473 0.59761852
v 0.12016930 -0.59169835 0.63434535
v 0.12016930 -0.61174631 0.74452597
v 0.12016930 -0.60309422 0.78125280
v 0.12016930 -0.57764107 0.80053157
v 0.12016930 -0.56112659 -0.72454852
v 0.12016930 -0.54091424 -0.73200822
v 0.12016930 -0.55934834 -0.61436796
v 0.12016930 -0.56037325 -0.57764107
v 0.12016930 -0.54091424 -0.51491272
v 0.12016930 -0.56423426 -0.46746048
v 0.12016930 -0.54091424 -0.48449233
v 0.12016930 -0.55685204 -0.43073362
v 0.12016930 -0.55341363 -0.39400676
v 0.12016930 -0.54406583 -0.35727990
v 0.12016930 -0.54806685 -0.32055303
v 0.12016930 -0.55546945 -0.28382617
v 0.12016930 -0.55907547 -0.24709933
v 0.12016930 -0.56735277 -0.21037246
v 0.09530837 -0.54091424 -0.17364560
v 0.12016930 -0.54091424 -0.18738636
v 0.12016930 -0.54091424 -0.15624788
v 0.12016930 -0.55527240 -0.13691874
v 0.12016930 -0.56296074 -0.10019187
v 0.12016930 -0.55638915 -0.06346501
v 0.12016930 -0.54269099 -0.02673814
v 0.12016930 -0.55193132 0.00998872
v 0.12016930 -0.54344976 0.08344244
v 0.12016930 -0.55834603 0.12016930
v 0.12016930 -0.55672318 0.15689617
v 0.12016930 -0.57149935 0.19362304
v 0.12016930 -0.57552773 0.23034990
v 0.12016930 -0.56867945 0.30380362
v 0.12016930 -0.57026768 0.34053048
v 0.11164971 -0.54091424 0.81797969
v 0.12016930 -0.54091424 0.81547958
v 0.12016930 -0.50418735 -0.73730576
v 0.12016930 -0.53359258 -0.50418735
v 0.12016930 -0.53307855 -0.17364560
v 0.12016930 -0.53201157 0.81797969
v 0.12016930 -0.50418735 0.82110077
v 0.12016930 -0.48036203 -0.76127541
v 0.12016930 -0.46746048 -0.77560186
v 0.12016930 -0.46746048 0.82499415
v 0.12016930 -0.43073362 -0.78756547
v 0.12016930 -0.43073362 0.82355672
v 0.12016930 -0.39400676 -0.78048617
v 0.12016930 -0.39400676 0.83438826
v 0.12016930 -0.37816763 -0.76127541
v 0.12016930 -0.35727990 -0.74194449
v 0.12016930 -0.35727990 0.84453392
v 0.12016930 -0.32055303 -0.74279463
v 0.12016930 -0.32055303 0.84096313
v 0.12016930 -0.30230695 -0.72454852
v 0.12016930 -0.30220756 -0.68782169
v 0.12016930 -0.30227521 -0.65109479
v 0.12016930 -0.30258814 -0.61436796
v 0.12016930 -0.30300921 -0.57764107
v 0.12016930 -0.30226162 -0.54091424
v 0.12016930 -0.30245337 -0.50418735
v 0.12016930 -0.30228880 -0.46746048
v 0.12016930 -0.30229330 -0.43073362
v 0.12016930 -0.30255541 -0.39400676
v 0.12016930 -0.30252284 -0.35727990
v 0.12016930 -0.30195066 -0.32055303
v 0.12016930 -0.30202079 -0.28382617
v 0.12016930 -0.30300921 -0.24709933
v 0.12016930 -0.30270112 -0.21037246
v 0.12016930 -0.30245337 -0.17364560
v 0.12016930 -0.30280107 -0.13691874
v 0.12016930 -0.30226162 -0.10019187
v 0.12016930 -0.30290216 -0.06346501
v 0.12016930 -0.30227521 -0.02673814
v 0.12016930 -0.30249497 0.00998872
v 0.12016930 -0.30277720 0.04671558
v 0.12016930 -0.30279633 0.08344244
v 0.12016930 -0.30243492 0.12016930
v 0.12016930 -0.30227971 0.15689617
v 0.12016930 -0.30180335 0.19362304
v 0.12016930 -0.30223003 0.23034990
v 0.12016930 -0.30221659 0.26707676
v 0.12016930 -0.30207375 0.30380362
v 0.12016930 -0.30183783 0.34053048
v 0.12016930 -0.30228880 0.37725735
v 0.12016930 -0.30198568 0.41398421
v 0.12016930 -0.30219409 0.45071107
v 0.12016930 -0.30201203 0.48743793
v 0.12016930 -0.30176911 0.52416480
v 0.12016930 -0.30127782 0.56089163
v 0.12016930 -0.30185512 0.59761852
v 0.12016930 -0.28382617 0.61560440
v 0.12016930 -0.28382617 0.84489888
v 0.12016930 -0.26560509 0.34053048
v 0.12016930 -0.24709933 0.32202470
v 0.12016930 -0.26619449 0.37725735
v 0.12016930 -0.26620278 0.41398421
v 0.12016930 -0.26544034 0.45071107
v 0.12016930 -0.26518515 0.48743793
v 0.12016930 -0.26572791 0.52416480
v 0.12016930 -0.26616144 0.56089163
v 0.12016930 -0.26553419 0.59761852
v 0.12016930 -0.24709933 0.83635503
v 0.12016930 -0.21037246 0.32202470
v 0.12016930 -0.21037246 0.83341330
v 0.12016930 -0.19177751 -0.35727990
v 0.12016930 -0.17364560 -0.37541181
v 0.12016930 -0.19224797 -0.32055303
v 0.12016930 -0.19170830 -0.28382617
v 0.12016930 -0.19212489 -0.24709933
v 0.12016930 -0.19242099 -0.21037246
v 0.12016930 -0.19219543 -0.17364560
v 0.12016930 -0.19241245 -0.13691874
v 0.12016930 -0.19259073 -0.10019187
v 0.12016930 -0.19248074 -0.06346501
v 0.12016930 -0.19200455 -0.02673814
v 0.12016930 -0.17364560 -0.00837920
v 0.12016930 -0.19235221 0.08344244
v 0.12016930 -0.17364560 0.06473583
v 0.12016930 -0.19267444 0.12016930
v 0.12016930 -0.19295317 0.15689617
v 0.12016930 -0.17364560 0.17620374
v 0.12016930 -0.19227417 0.26707676
v 0.12016930 -0.17364560 0.24844825
v 0.12016930 -0.19220419 0.30380362
v 0.12016930 -0.17364560 0.83505797
v 0.12016930 -0.13691874 -0.37519789
v 0.12016930 -0.13691874 -0.00848749
v 0.12016930 -0.13691874 0.06498977
v 0.12016930 -0.13691874 0.17535767
v 0.12016930 -0.13691874 0.24831852
v 0.12016930 -0.13691874 0.84791720
v 0.12016930 -0.11824533 -0.72454852
v 0.12016930 -0.10019187 -0.74260193
v 0.12016930 -0.11620930 -0.68782169
v 0.12016930 -0.11221303 -0.65109479
v 0.12016930 -0.10019187 -0.63907367
v 0.12016930 -0.11842438 -0.43073362
v 0.12016930 -0.10019187 -0.44896615
v 0.12016930 -0.11807216 -0.39400676
v 0.12016930 -0.11874171 0.00998872
v 0.12016930 -0.11858213 0.04671558
v 0.12016930 -0.11800106 0.19362304
v 0.12016930 -0.11798200 0.23034990
v 0.12016930 -0.10019187 0.84187210
v 0.12016930 -0.06346501 -0.74288052
v 0.08440151 -0.06346501 -0.65109479
v 0.12016930 -0.06346501 -0.63800609
v 0.12016930 -0.06346501 -0.44839418
v 0.12016930 -0.06346501 0.85276866
v 0.12016930 -0.04362420 -0.76127541
v 0.12016930 -0.02673814 -0.79216689
v 0.12016930 -0.02673814 -0.63515747
v 0.12016930 -0.02673814 -0.44832629
v 0.12016930 -0.02673814 0.84323359
v 0.12016930 0.00998872 -0.78677005
v 0.12016930 0.00998872 -0.66897798
v 0.12016930 -0.01080086 -0.65109479
v 0.12016930 -0.00681846 -0.61436796
v 0.12016930 0.00998872 -0.63117516
v 0.12016930 -0.00848168 -0.57764107
v 0.12016930 -0.00811097 -0.54091424
v 0.12016930 -0.00834774 -0.50418735
v 0.12016930 0.00998872 -0.48585087
v 0.12016930 0.00998872 -0.44795915
v 0.12016930 0.00998872 0.83983922
v 0.11957738 0.04671558 -0.79800224
v 0.12016930 0.04566425 -0.79800224
v 0.12016930 0.04671558 -0.79833579
v 0.12016930 0.04671558 -0.66929823
v 0.12016930 0.04671558 -0.63095111
v 0.12016930 0.04671558 -0.48672706
v 0.12016930 0.04671558 -0.44820875
v 0.12016930 0.04671558 0.83602244
v 0.11678472 0.08344244 -0.79800224
v 0.12016930 0.08344244 -0.79962736
v 0.12016930 0.08344244 -0.74177635
v 0.12016930 0.06544804 -0.72454852
v 0.12016930 0.06523900 -0.68782169
v 0.12016930 0.08344244 -0.63262314
v 0.12016930 0.06544951 -0.46746048
v 0.12016930 0.08344244 0.83969742
v 0.12016930 0.10668226 -0.79800224
v 0.12016930 0.12016930 -0.79690081
v 0.12016930 0.12016930 -0.74202448
v 0.12016930 0.12016930 -0.63240749
v 0.12016930 0.12016930 0.83882940
v 0.12016930 0.15689617 -0.78884798
v 0.12016930 0.13845240 -0.72454852
v 0.12016930 0.13790907 -0.68782169
v 0.12016930 0.13864097 -0.65109479
v 0.12016930 0.15689617 -0.63283962
v 0.12016930 0.13820882 -0.61436796
v 0.12016930 0.13536265 -0.57764107
v 0.12016930 0.13766411 -0.54091424
v 0.12016930 0.13793080 -0.50418735
v 0.12016930 0.15689617 -0.48457927
v 0.12016930 0.15525733 0.85470653
v 0.11700244 0.15689617 0.85470653
v 0.12016930 0.15689617 0.85549688
v 0.12016930 0.19362304 -0.79342860
v 0.12016930 0.19362304 -0.63231939
v 0.12016930 0.17784785 -0.54091424
v 0.12016930 0.19362304 -0.55668938
v 0.12016930 0.17579010 -0.50418735
v 0.12016930 0.19362304 0.84279901
v 0.12016930 0.15914208 0.85470653
v 0.12016930 0.23034990 -0.79582679
v 0.12016930 0.23034990 -0.63184392
v 0.12016930 0.23034990 -0.55575669
v 0.12016930 0.23034990 0.83928907
v 0.12016930 0.26707676 -0.79476178
v 0.12016930 0.24953783 -0.61436796
v 0.12016930 0.24927710 -0.57764107
v 0.12016930 0.26707676 0.84575641
v 0.11406072 0.30380362 -0.79800224
v 0.12016930 0.28702319 -0.79800224
v 0.12016930 0.30380362 -0.80116910
v 0.12016930 0.30380362 0.84459865
v 0.10601019 0.34053048 -0.79800224
v 0.12016930 0.34053048 -0.80695367
v 0.12016930 0.34053048 0.84641016
v 0.12016930 0.35890836 -0.79800224
v 0.12016930 0.37725735 -0.78941983
v 0.12016930 0.36098772 0.85470653
v 0.10497750 0.37725735 0.85470653
v 0.12016930 0.37725735 0.85905254
v 0.12016930 0.40855989 -0.79800224
v 0.12016930 0.41398421 -0.79993546
v 0.12016930 0.41398421 0.84513885
v 0.12016930 0.39112574 0.85470653
v 0.12016930 0.44623622 -0.83472914
v 0.12016930 0.45071107 -0.83969462
v 0.12016930 0.45071107 0.84269559
v 0.12016930 0.48743793 -0.84746015
v 0.10862926 0.48743793 0.85470653
v 0.12016930 0.48743793 0.84957129
v 0.12016930 0.52416480 -0.83863562
v 0.12016930 0.52416480 0.84002978
v 0.12016930 0.52901918 -0.83472914
v 0.12016930 0.56089163 -0.80454397
v 0.12016930 0.56089163 0.83632505
v 0.12016930 0.57589769 -0.79800224
v 0.12016930 0.59761852 -0.77610397
v 0.12016930 0.59761852 -0.26461428
v 0.12016930 0.58943182 -0.24709933
v 0.12016930 0.59761852 -0.23637803
v 0.09932180 0.59761852 -0.17364560
v 0.12016930 0.59761852 -0.03600483
v 0.12016930 0.59347737 -0.02673814
v 0.12016930 0.59761852 -0.01838016
v 0.09914801 0.59761852 0.19362304
v 0.08625065 0.59761852 0.23034990
v 0.12016930 0.59761852 0.83473361
v 0.12016930 0.63434535 -0.76786494
v 0.12016930 0.63434535 -0.73243356
v 0.12016930 0.62702280 -0.72454852
v 0.12016930 0.62228149 -0.68782169
v 0.09951563 0.63434535 -0.68782169
v 0.12016930 0.62770945 -0.65109479
v 0.10284095 0.63434535 -0.65109479
v 0.12016930 0.63018984 -0.61436796
v 0.12016930 0.59890467 -0.57764107
v 0.12016930 0.61994416 -0.54091424
v 0.11163928 0.63434535 -0.50418735
v 0.12016930 0.63434535 -0.51486892
v 0.09248994 0.63434535 -0.46746048
v 0.12016930 0.63434535 -0.45550191
v 0.12016930 0.60703254 -0.43073362
v 0.11260352 0.63434535 -0.39400676
v 0.12016930 0.63434535 -0.40020221
v 0.11209551 0.63434535 -0.35727990
v 0.12016930 0.63434535 -0.34302014
v 0.12016930 0.61243135 -0.32055303
v 0.12016930 0.61961126 -0.28382617
v 0.12016930 0.62950754 -0.24709933
v 0.12016930 0.63434535 -0.25338393
v 0.11708363 0.63434535 -0.24709933
v 0.12016930 0.63434535 -0.24111256
v 0.12016930 0.62541765 -0.21037246
v 0.08677176 0.63434535 -0.17364560
v 0.12016930 0.60659748 -0.17364560
v 0.12016930 0.63434535 -0.14829668
v 0.10364128 0.63434535 -0.13691874
v 0.10997206 0.63434535 -0.10019187
v 0.11274860 0.63434535 -0.06346501
v 0.12016930 0.60508037 -0.02673814
v 0.10613558 0.63434535 -0.02673814
v 0.12016930 0.63434535 0.00392756
v 0.12016930 0.62751710 0.00998872
v 0.12016930 0.63434535 0.03248705
v 0.10413185 0.63434535 0.15689617
v 0.12016930 0.63434535 0.12684467
v 0.12016930 0.61329019 0.15689617
v 0.12016930 0.62780684 0.19362304
v 0.12016930 0.63434535 0.19771177
v 0.09760954 0.63434535 0.26707676
v 0.12016930 0.63434535 0.28345969
v 0.12016930 0.61742288 0.30380362
v 0.12016930 0.63434535 0.32402551
v 0.10185253 0.63434535 0.41398421
v 0.12016930 0.63434535 0.39289930
v 0.12016930 0.62912601 0.41398421
v 0.12016930 0.63434535 0.42129976
v 0.09170726 0.63434535 0.67107224
v 0.11176585 0.63434535 0.70779908
v 0.12016930 0.63434535 0.70647162
v 0.12016930 0.63332206 0.70779908
v 0.12016930 0.62086618 0.74452597
v 0.10798941 0.63434535 0.74452597
v 0.12016930 0.62821871 0.78125280
v 0.11469238 0.63434535 0.78125280
v 0.09881246 0.63434535 0.81797969
v 0.12016930 0.63434535 0.78583908
v 0.12016930 0.63434535 0.82738066
v 0.12016930 0.64684063 -0.76127541
v 0.11445154 0.67107224 -0.50418735
v 0.12016930 0.67107224 -0.51196921
v 0.12016930 0.67107224 -0.49446228
v 0.12016930 0.65160912 -0.46746048
v 0.12016930 0.64372772 -0.39400676
v 0.12016930 0.63877386 -0.35727990
v 0.12016930 0.63546211 -0.24709933
v 0.12016930 0.64312881 -0.13691874
v 0.12016930 0.64074522 -0.10019187
v 0.12016930 0.67107224 -0.06736930
v 0.11541922 0.67107224 -0.06346501
v 0.12016930 0.67107224 -0.05169435
v 0.12016930 0.65675437 -0.02673814
v 0.12016930 0.66100186 0.04671558
v 0.12016930 0.67080241 0.08344244
v 0.12016930 0.64368147 0.12016930
v 0.12016930 0.65428889 0.23034990
v 0.12016930 0.65010291 0.26707676
v 0.11115627 0.67107224 0.34053048
v 0.12016930 0.67107224 0.32592571
v 0.12016930 0.67107224 0.34587523
v 0.12016930 0.63957059 0.37725735
v 0.12016930 0.65484846 0.45071107
v 0.12016930 0.64646560 0.48743793
v 0.12016930 0.67020601 0.52416480
v 0.12016930 0.66281015 0.56089163
v 0.12016930 0.67107224 0.57738864
v 0.12016930 0.67107224 0.60338134
v 0.12016930 0.64599079 0.63434535
v 0.12016930 0.65098584 0.67107224
v 0.09112409 0.67107224 0.70779908
v 0.12016930 0.64512861 0.81797969
v 0.08475415 0.70779908 -0.72454852
v 0.12016930 0.68760538 -0.72454852
v 0.12016930 0.70779908 -0.72766089
v 0.12016930 0.70779908 -0.70622736
v 0.12016930 0.68021584 -0.50418735
v 0.12016930 0.70779908 -0.48180532
v 0.10603968 0.70779908 -0.46746048
v 0.12016930 0.69272286 -0.46746048
v 0.12016930 0.70779908 -0.45092592
v 0.12016930 0.67403597 -0.06346501
v 0.12016930 0.67405963 0.34053048
v 0.12016930 0.67317754 0.59761852
v 0.12016930 0.71723425 -0.72454852
v 0.12016930 0.71481371 -0.46746048
v 0.12033456 -0.61436796 0.08344244
v 0.12759401 -0.61436796 0.45071107
v 0.13216762 -0.61436796 0.48743793
v 0.15278818 -0.61436796 0.56089163
v 0.15689617 -0.61733449 0.56089163
v 0.15689617 -0.61436796 0.55646545
v 0.13083197 -0.61436796 0.59761852
v 0.15689617 -0.62681955 0.59761852
v 0.15689617 -0.61436796 0.62700391
v 0.13317314 -0.61436796 0.67107224
v 0.14198898 -0.61436796 0.70779908
v 0.14779145 -0.61436796 0.78125280
v 0.15689617 -0.61755639 0.78125280
v 0.15689617 -0.61436796 0.77122265
v 0.15689617 -0.61436796 0.78346211
v 0.15496276 -0.57764107 -0.68782169
v 0.15204144 -0.57764107 -0.65109479
v 0.14793630 -0.57764107 -0.57764107
v 0.15689617 -0.58214152 -0.57764107
v 0.15689617 -0.57764107 -0.59843820
v 0.15689617 -0.58216876 -0.54091424
v 0.15689617 -0.57764107 -0.53292030
v 0.13923955 -0.57764107 -0.43073362
v 0.15689617 -0.58296561 -0.43073362
v 0.15689617 -0.57764107 -0.44208404
v 0.15689617 -0.57764107 -0.41814929
v 0.13976032 -0.57764107 -0.21037246
v 0.15689617 -0.58032358 -0.21037246
v 0.15689617 -0.57764107 -0.21832387
v 0.15689617 -0.57764107 -0.20505847
v 0.13577113 -0.57764107 0.04671558
v 0.13431489 -0.57764107 0.26707676
v 0.15689617 -0.57948488 0.30380362
v 0.15689617 -0.57764107 0.29552233
v 0.13663079 -0.57764107 0.30380362
v 0.15689617 -0.57764107 0.30738840
v 0.15689617 -0.58559394 0.37725735
v 0.15689617 -0.57764107 0.36710009
v 0.15689617 -0.59054554 0.41398421
v 0.15689617 -0.58447582 0.45071107
v 0.15689617 -0.58174461 0.48743793
v 0.15689617 -0.57892764 0.52416480
v 0.15689617 -0.57764107 0.59169501
v 0.15689617 -0.58228016 0.59761852
v 0.15222454 -0.57764107 0.59761852
v 0.15689617 -0.57764107 0.60436904
v 0.15689617 -0.60407948 0.63434535
v 0.15689617 -0.60184962 0.67107224
v 0.15689617 -0.60373187 0.70779908
v 0.15689617 -0.60332179 0.74452597
v 0.15689617 -0.57764107 0.81379163
v 0.15689617 -0.57140118 -0.72454852
v 0.15689617 -0.54091424 -0.73301870
v 0.15689617 -0.57573235 -0.68782169
v 0.15689617 -0.57282203 -0.65109479
v 0.15689617 -0.57191825 -0.61436796
v 0.15689617 -0.56738961 -0.50418735
v 0.12867762 -0.54091424 -0.50418735
v 0.15689617 -0.55954760 -0.46746048
v 0.15689617 -0.56023872 -0.43073362
v 0.13585721 -0.54091424 -0.43073362
v 0.15689617 -0.54091424 -0.44268340
v 0.15689617 -0.54091424 -0.40257403
v 0.15689617 -0.54641342 -0.39400676
v 0.13039526 -0.54091424 -0.35727990
v 0.15689617 -0.54091424 -0.37886247
v 0.14747243 -0.54091424 -0.32055303
v 0.13701662 -0.54091424 -0.28382617
v 0.15689617 -0.54091424 -0.26600838
v 0.15689617 -0.55647910 -0.24709933
v 0.12920475 -0.54091424 -0.17364560
v 0.15689617 -0.55841786 -0.17364560
v 0.15071627 -0.54091424 -0.13691874
v 0.15689617 -0.54091424 -0.13942824
v 0.15689617 -0.54091424 -0.12047091
v 0.15689617 -0.55374718 -0.10019187
v 0.15689617 -0.55632603 -0.06346501
v 0.14136153 -0.54091424 -0.02673814
v 0.15689617 -0.54091424 -0.02910068
v 0.15215561 -0.54091424 0.00998872
v 0.15689617 -0.54091424 0.01327775
v 0.15689617 -0.56041521 0.04671558
v 0.15689617 -0.54924661 0.08344244
v 0.14799115 -0.54091424 0.12016930
v 0.15689617 -0.54091424 0.10081857
v 0.15689617 -0.54091424 0.12804878
v 0.15689617 -0.56240720 0.15689617
v 0.15689617 -0.55458039 0.19362304
v 0.15689617 -0.56233823 0.23034990
v 0.15689617 -0.57018673 0.26707676
v 0.15689617 -0.56518257 0.34053048
v 0.15689617 -0.57496655 0.59761852
v 0.15689617 -0.54091424 0.79100591
v 0.15689617 -0.50418735 -0.74578720
v 0.15689617 -0.52991086 -0.43073362
v 0.15689617 -0.53611797 -0.35727990
v 0.15689617 -0.53866315 -0.32055303
v 0.15689617 -0.53082651 -0.28382617
v 0.15689617 -0.53836429 -0.13691874
v 0.15689617 -0.54007852 -0.02673814
v 0.15689617 -0.53893679 0.00998872
v 0.15689617 -0.53628939 0.12016930
v 0.12321771 -0.50418735 0.81797969
v 0.15689617 -0.50418735 0.79448920
v 0.15689617 -0.48708421 -0.76127541
v 0.15689617 -0.46746048 -0.77406281
v 0.15689617 -0.47671098 0.81797969
v 0.15689617 -0.46746048 0.83042043
v 0.15689617 -0.43073362 -0.79691893
v 0.15689617 -0.43073362 0.83483547
v 0.15689617 -0.39400676 -0.79165226
v 0.15689617 -0.39400676 0.83561850
v 0.14032920 -0.35727990 -0.76127541
v 0.15689617 -0.35727990 -0.78395844
v 0.15689617 -0.35727990 0.84470946
v 0.13944571 -0.32055303 -0.76127541
v 0.15689617 -0.32055303 -0.78688818
v 0.15689617 -0.32055303 0.83818209
v 0.13978763 -0.28382617 -0.76127541
v 0.15689617 -0.28382617 -0.79678631
v 0.15689617 -0.30240276 -0.72454852
v 0.15689617 -0.28382617 -0.74416685
v 0.15689617 -0.30213594 -0.68782169
v 0.13800161 -0.28382617 -0.65109479
v 0.15689617 -0.28382617 -0.66998935
v 0.13826759 -0.28382617 -0.61436796
v 0.13880573 -0.28382617 -0.57764107
v 0.13875970 -0.28382617 -0.54091424
v 0.13833758 -0.28382617 -0.50418735
v 0.13823284 -0.28382617 -0.46746048
v 0.13874128 -0.28382617 -0.43073362
v 0.13877343 -0.28382617 -0.39400676
v 0.13825890 -0.28382617 -0.35727990
v 0.13889854 -0.28382617 -0.32055303
v 0.13867277 -0.28382617 -0.28382617
v 0.13818955 -0.28382617 -0.24709933
v 0.13811222 -0.28382617 -0.21037246
v 0.13794263 -0.28382617 -0.17364560
v 0.13772687 -0.28382617 -0.13691874
v 0.13781752 -0.28382617 -0.10019187
v 0.13752428 -0.28382617 -0.06346501
v 0.13780099 -0.28382617 -0.02673814
v 0.13791747 -0.28382617 0.00998872
v 0.13812077 -0.28382617 0.04671558
v 0.13806950 -0.28382617 0.08344244
v 0.13824153 -0.28382617 0.12016930
v 0.13812077 -0.28382617 0.15689617
v 0.13812931 -0.28382617 0.19362304
v 0.13876426 -0.28382617 0.23034990
v 0.13887060 -0.28382617 0.26707676
v 0.13944080 -0.28382617 0.30380362
v 0.13970105 -0.28382617 0.34053048
v 0.13909175 -0.28382617 0.37725735
v 0.13912033 -0.28382617 0.41398421
v 0.13970609 -0.28382617 0.45071107
v 0.13924046 -0.28382617 0.48743793
v 0.13995273 -0.28382617 0.52416480
v 0.13954504 -0.28382617 0.56089163
v 0.13994755 -0.28382617 0.59761852
v 0.15689617 -0.28382617 0.83971143
v 0.13889854 -0.24709933 -0.76127541
v 0.15689617 -0.24709933 -0.79216361
v 0.15689617 -0.24709933 -0.74327779
v 0.13804398 -0.24709933 -0.65109479
v 0.15689617 -0.24709933 -0.66994697
v 0.13920186 -0.24709933 -0.61436796
v 0.13862282 -0.24709933 -0.57764107
v 0.13977741 -0.24709933 -0.54091424
v 0.13908698 -0.24709933 -0.50418735
v 0.13846129 -0.24709933 -0.46746048
v 0.13930841 -0.24709933 -0.43073362
v 0.13914904 -0.24709933 -0.39400676
v 0.13905847 -0.24709933 -0.35727990
v 0.13965040 -0.24709933 -0.32055303
v 0.13929377 -0.24709933 -0.28382617
v 0.13847019 -0.24709933 -0.24709933
v 0.13841687 -0.24709933 -0.21037246
v 0.13891725 -0.24709933 -0.17364560
v 0.13956501 -0.24709933 -0.13691874
v 0.13837273 -0.24709933 -0.10019187
v 0.13832882 -0.24709933 -0.06346501
v 0.13819824 -0.24709933 -0.02673814
v 0.13830255 -0.24709933 0.00998872
v 0.13859123 -0.24709933 0.04671558
v 0.13832006 -0.24709933 0.08344244
v 0.13849694 -0.24709933 0.12016930
v 0.13856418 -0.24709933 0.15689617
v 0.13804398 -0.24709933 0.19362304
v 0.13904426 -0.24709933 0.23034990
v 0.13996318 -0.24709933 0.26707676
v 0.14015777 -0.24709933 0.30380362
v 0.15689617 -0.24709933 0.83923930
v 0.15533166 -0.21037246 -0.79800224
v 0.15689617 -0.21759892 -0.79800224
v 0.15689617 -0.21037246 -0.79948634
v 0.13946554 -0.21037246 -0.76127541
v 0.15689617 -0.21037246 -0.74384475
v 0.13893126 -0.21037246 -0.65109479
v 0.15689617 -0.21037246 -0.66905969
v 0.13869098 -0.21037246 -0.61436796
v 0.13814647 -0.21037246 -0.57764107
v 0.13977228 -0.21037246 -0.54091424
v 0.13881035 -0.21037246 -0.50418735
v 0.13967569 -0.21037246 -0.46746048
v 0.13930841 -0.21037246 -0.43073362
v 0.14050362 -0.21037246 -0.39400676
v 0.14039427 -0.21037246 -0.35727990
v 0.14063643 -0.21037246 -0.32055303
v 0.14015245 -0.21037246 -0.28382617
v 0.14036709 -0.21037246 -0.24709933
v 0.14018972 -0.21037246 -0.21037246
v 0.13982350 -0.21037246 -0.17364560
v 0.13919219 -0.21037246 -0.13691874
v 0.13918744 -0.21037246 -0.10019187
v 0.13878268 -0.21037246 -0.06346501
v 0.13959008 -0.21037246 -0.02673814
v 0.13910127 -0.21037246 0.00998872
v 0.13948536 -0.21037246 0.04671558
v 0.13887991 -0.21037246 0.08344244
v 0.13924046 -0.21037246 0.12016930
v 0.13918744 -0.21037246 0.15689617
v 0.13888453 -0.21037246 0.19362304
v 0.13958505 -0.21037246 0.23034990
v 0.13982861 -0.21037246 0.26707676
v 0.14029683 -0.21037246 0.30380362
v 0.15689617 -0.21037246 0.83750933
v 0.15023790 -0.17364560 -0.79800224
v 0.15689617 -0.17364560 -0.80386382
v 0.13837273 -0.17364560 -0.76127541
v 0.15689617 -0.19176833 -0.72454852
v 0.13877343 -0.17364560 -0.72454852
v 0.13995792 -0.17364560 -0.68782169
v 0.15689617 -0.19058384 -0.68782169
v 0.13870926 -0.17364560 -0.65109479
v 0.13878730 -0.17364560 -0.61436796
v 0.13800161 -0.17364560 -0.57764107
v 0.13925980 -0.17364560 -0.54091424
v 0.13902533 -0.17364560 -0.50418735
v 0.13973656 -0.17364560 -0.46746048
v 0.13987498 -0.17364560 -0.43073362
v 0.14051461 -0.17364560 -0.39400676
v 0.13952509 -0.17364560 0.00998872
v 0.13980298 -0.17364560 0.04671558
v 0.14106284 -0.17364560 0.19362304
v 0.14088441 -0.17364560 0.23034990
v 0.15689617 -0.17364560 0.84194875
v 0.15159793 -0.13691874 -0.79800224
v 0.15689617 -0.13691874 -0.80283225
v 0.13832882 -0.13691874 -0.76127541
v 0.13906324 -0.13691874 -0.72454852
v 0.13938175 -0.13691874 -0.68782169
v 0.13951015 -0.13691874 -0.65109479
v 0.13836391 -0.13691874 -0.61436796
v 0.13857771 -0.13691874 -0.57764107
v 0.13999967 -0.13691874 -0.54091424
v 0.14101072 -0.13691874 -0.50418735
v 0.13994755 -0.13691874 -0.46746048
v 0.14090726 -0.13691874 -0.43073362
v 0.14075966 -0.13691874 -0.39400676
v 0.14098760 -0.13691874 0.00998872
v 0.13987498 -0.13691874 0.04671558
v 0.14159243 -0.13691874 0.19362304
v 0.14105703 -0.13691874 0.23034990
v 0.15689617 -0.13691874 0.85114515
v 0.14852621 -0.10019187 -0.79800224
v 0.15689617 -0.10019187 -0.80637223
v 0.13816372 -0.10019187 -0.76127541
v 0.13888453 -0.10019187 -0.61436796
v 0.13901111 -0.10019187 -0.57764107
v 0.13907745 -0.10019187 -0.54091424
v 0.14045423 -0.10019187 -0.50418735
v 0.14038880 -0.10019187 -0.46746048
v 0.15689617 -0.10019187 0.85028607
v 0.14769596 -0.06346501 -0.79800224
v 0.15689617 -0.06346501 -0.80720246
v 0.13776793 -0.06346501 -0.76127541
v 0.13974679 -0.06346501 -0.61436796
v 0.13981839 -0.06346501 -0.57764107
v 0.13925496 -0.06346501 -0.54091424
v 0.14032380 -0.06346501 -0.50418735
v 0.14046523 -0.06346501 -0.46746048
v 0.15689617 -0.06346501 0.83917558
v 0.13269049 -0.02673814 -0.79800224
v 0.15689617 -0.02673814 -0.80658871
v 0.14021641 -0.02673814 -0.61436796
v 0.13911556 -0.02673814 -0.57764107
v 0.13990602 -0.02673814 -0.54091424
v 0.14068106 -0.02673814 -0.50418735
v 0.14222695 -0.02673814 -0.46746048
v 0.15689617 -0.02673814 0.84032577
v 0.13916753 0.00998872 -0.79800224
v 0.15689617 0.00998872 -0.80729693
v 0.13980298 0.00998872 -0.65109479
v 0.14110354 0.00998872 -0.46746048
v 0.15689617 0.00998872 0.83737528
v 0.15689617 0.04671558 -0.80478191
v 0.13951015 0.04671558 -0.65109479
v 0.14107439 0.04671558 -0.46746048
v 0.15689617 0.04671558 0.83689034
v 0.15689617 0.08344244 -0.80169338
v 0.13908222 0.08344244 -0.72454852
v 0.13967569 0.08344244 -0.68782169
v 0.13939156 0.08344244 -0.65109479
v 0.15689617 0.08344244 0.83954811
v 0.15689617 0.09526144 -0.79800224
v 0.15689617 0.12016930 -0.79094476
v 0.13976717 0.12016930 -0.72454852
v 0.13945068 0.12016930 -0.68782169
v 0.13981327 0.12016930 -0.65109479
v 0.15689617 0.12016930 0.83433181
v 0.15689617 0.15689617 -0.78927600
v 0.13891725 0.15689617 -0.61436796
v 0.14136903 0.15689617 -0.57764107
v 0.14188936 0.15689617 -0.54091424
v 0.14090158 0.15689617 -0.50418735
v 0.12170959 0.15689617 0.85470653
v 0.15689617 0.15689617 0.83758515
v 0.15689617 0.19362304 -0.78926009
v 0.14055322 0.19362304 -0.61436796
v 0.14001536 0.19362304 -0.57764107
v 0.15689617 0.19362304 0.84995794
v 0.15689617 0.23034990 -0.78716451
v 0.14100491 0.23034990 -0.61436796
v 0.14164749 0.23034990 -0.57764107
v 0.15689617 0.23034990 0.84409046
v 0.15689617 0.26707676 -0.78467834
v 0.15689617 0.26707676 0.83756047
v 0.12543854 0.30380362 -0.79800224
v 0.15689617 0.30380362 -0.78411770
v 0.15689617 0.30380362 0.83486998
v 0.13345523 0.34053048 -0.79800224
v 0.15689617 0.34053048 -0.78372103
v 0.15572380 0.34053048 0.15689617
v 0.15689617 0.34053048 0.15055390
v 0.15689617 0.33848289 0.15689617
v 0.15689617 0.34053048 0.16065958
v 0.15689617 0.34053048 0.84330857
v 0.15689617 0.37725735 -0.77924621
v 0.15689617 0.34249568 0.15689617
v 0.13356052 0.37725735 0.85470653
v 0.15689617 0.37725735 0.84195268
v 0.12463778 0.41398421 -0.79800224
v 0.15689617 0.41398421 -0.78663683
v 0.15689617 0.41398421 0.84471816
v 0.13875234 0.45071107 -0.83472914
v 0.15689617 0.45071107 -0.82773787
v 0.15689617 0.42905790 -0.79800224
v 0.15689617 0.45071107 0.83830369
v 0.15689617 0.46024793 -0.83472914
v 0.15689617 0.48743793 -0.84834713
v 0.15689617 0.48743793 0.83261979
v 0.15689617 0.52416480 -0.84547454
v 0.15689617 0.52416480 0.84240323
v 0.15689617 0.53821898 -0.83472914
v 0.15689617 0.56089163 -0.79988730
v 0.15689617 0.56089163 0.83067167
v 0.15689617 0.56861603 -0.79800224
v 0.15689617 0.59761852 -0.78451836
v 0.14972520 0.59761852 -0.61436796
v 0.15689617 0.59761852 -0.62755197
v 0.15689617 0.59332913 -0.61436796
v 0.15689617 0.59761852 -0.60439426
v 0.15036868 0.59761852 -0.35727990
v 0.15689617 0.59761852 -0.36199915
v 0.15689617 0.59491104 -0.35727990
v 0.15689617 0.58910424 -0.32055303
v 0.13588130 0.59761852 -0.32055303
v 0.15689617 0.59761852 -0.29870948
v 0.13608839 0.59761852 -0.24709933
v 0.15040924 0.59761852 -0.17364560
v 0.15689617 0.59761852 -0.18975331
v 0.15689617 0.59581274 -0.17364560
v 0.15689617 0.59761852 -0.17016651
v 0.15582305 0.59761852 -0.10019187
v 0.15689617 0.59761852 -0.10093161
v 0.15689617 0.59570092 -0.10019187
v 0.15689617 0.59761852 -0.09731810
v 0.13018148 0.59761852 -0.02673814
v 0.14985669 0.59761852 0.00998872
v 0.15689617 0.59761852 0.00147774
v 0.15689617 0.59348422 0.00998872
v 0.15689617 0.59382540 0.04671558
v 0.14730997 0.59761852 0.04671558
v 0.15689617 0.59761852 0.05434910
v 0.15237229 0.59761852 0.78125280
v 0.15689617 0.59761852 0.77911782
v 0.15689617 0.59481019 0.78125280
v 0.15689617 0.59761852 0.78382158
v 0.15689617 0.59761852 0.82674164
v 0.15689617 0.62483346 -0.76127541
v 0.14698340 0.63434535 -0.76127541
v 0.13033979 0.63434535 -0.72454852
v 0.15689617 0.63434535 -0.74874479
v 0.13406797 0.63434535 -0.68782169
v 0.15689617 0.63434535 -0.66842657
v 0.15689617 0.61046588 -0.65109479
v 0.15689617 0.61002481 -0.57764107
v 0.15689617 0.60779059 -0.54091424
v 0.15689617 0.60664386 -0.50418735
v 0.12767021 0.63434535 -0.50418735
v 0.15689617 0.59886932 -0.46746048
v 0.13646273 0.63434535 -0.46746048
v 0.15689617 0.60315830 -0.43073362
v 0.15689617 0.61276913 -0.39400676
v 0.12988362 0.63434535 -0.39400676
v 0.12705272 0.63434535 -0.35727990
v 0.15689617 0.60959566 -0.28382617
v 0.15689617 0.63434535 -0.25743079
v 0.15689617 0.63434535 -0.24333800
v 0.15689617 0.59953284 -0.21037246
v 0.15689617 0.61682045 -0.13691874
v 0.13580552 0.63434535 -0.13691874
v 0.15689617 0.60397017 -0.10019187
v 0.15689617 0.63434535 -0.10376292
v 0.15689617 0.60568178 -0.06346501
v 0.12388460 0.63434535 -0.06346501
v 0.15689617 0.63434535 -0.09642747
v 0.15689617 0.61340088 -0.02673814
v 0.13947009 0.63434535 -0.02673814
v 0.13629209 0.63434535 0.00998872
v 0.15689617 0.61408174 0.00998872
v 0.15689617 0.63434535 0.00196004
v 0.13749339 0.61939019 0.02826704
v 0.12327439 0.63434535 0.04671558
v 0.15689617 0.63434535 0.01576470
v 0.15689617 0.63434535 0.08296400
v 0.13680388 0.63434535 0.12016930
v 0.15689617 0.63434535 0.08656020
v 0.15689617 0.62719220 0.12016930
v 0.13514745 0.63434535 0.15689617
v 0.15689617 0.63434535 0.12589723
v 0.15689617 0.63434535 0.17393214
v 0.15689617 0.60867310 0.19362304
v 0.15689617 0.61110485 0.23034990
v 0.14380701 0.63434535 0.23034990
v 0.15689617 0.60541141 0.26707676
v 0.14010748 0.63434535 0.26707676
v 0.15689617 0.63434535 0.30369925
v 0.15682535 0.63434535 0.30380362
v 0.15689617 0.62853885 0.34053048
v 0.15689617 0.63434535 0.30435857
v 0.15198560 0.63434535 0.34053048
v 0.15689617 0.63434535 0.35240567
v 0.15689617 0.63434535 0.38624543
v 0.15689617 0.61585808 0.41398421
v 0.15689617 0.63434535 0.43938187
v 0.12936342 0.63434535 0.48743793
v 0.15689617 0.63434535 0.46301201
v 0.15689617 0.61356395 0.48743793
v 0.15689617 0.61164522 0.52416480
v 0.13392773 0.63434535 0.52416480
v 0.15689617 0.61792237 0.56089163
v 0.13573974 0.63434535 0.56089163
v 0.15689617 0.62188989 0.59761852
v 0.13256776 0.63434535 0.59761852
v 0.15689617 0.61325347 0.63434535
v 0.13168694 0.63434535 0.63434535
v 0.15689617 0.61691403 0.67107224
v 0.14046468 0.63434535 0.67107224
v 0.15689617 0.61141056 0.70779908
v 0.15689617 0.61244285 0.74452597
v 0.15689617 0.60396707 0.81797969
v 0.12515251 0.63434535 0.81797969
v 0.15689617 0.65306735 -0.72454852
v 0.15689617 0.67107224 -0.70338517
v 0.12844919 0.67107224 -0.68782169
v 0.15689617 0.67107224 -0.65638608
v 0.14401983 0.67107224 -0.50418735
v 0.15689617 0.63941872 -0.24709933
v 0.15689617 0.63608420 -0.10019187
v 0.12368810 0.67107224 -0.06346501
v 0.15689617 0.63778108 0.00998872
v 0.15689617 0.63460916 0.08344244
v 0.15689617 0.64428854 0.15689617
v 0.15689617 0.63437271 0.30380362
v 0.12287642 0.67107224 0.34053048
v 0.15689617 0.63805443 0.37725735
v 0.15689617 0.63859355 0.45071107
v 0.12202180 0.67107224 0.59761852
v 0.15689617 0.70615000 -0.72454852
v 0.15689617 0.70779908 -0.72480673
v 0.13950995 0.70779908 -0.68782169
v 0.15689617 0.70779908 -0.67529911
v 0.12843826 0.70779908 -0.46746048
v 0.15689617 0.70811141 -0.72454852
v 0.15689617 0.71784621 -0.68782169
v 0.17903191 -0.61436796 0.37725735
v 0.19362304 -0.62090790 0.37725735
v 0.19362304 -0.61436796 0.36603659
v 0.19362304 -0.61436796 0.38743225
v 0.19362304 -0.62223601 0.56089163
v 0.19362304 -0.61436796 0.54793197
v 0.19362304 -0.61794496 0.59761852
v 0.19362304 -0.61436796 0.59982681
v 0.17086734 -0.61436796 0.78125280
v 0.16358897 -0.57764107 -0.68782169
v 0.19362304 -0.58596641 -0.68782169
v 0.19362304 -0.57764107 -0.69026870
v 0.19362304 -0.57764107 -0.66355848
v 0.19362304 -0.58631587 -0.57764107
v 0.19362304 -0.57764107 -0.59501338
v 0.16126518 -0.57764107 -0.54091424
v 0.19362304 -0.57764107 -0.56637526
v 0.16458826 -0.57764107 -0.43073362
v 0.16331598 -0.57764107 -0.21037246
v 0.18843065 -0.57764107 -0.06346501
v 0.19362304 -0.57996911 -0.06346501
v 0.19362304 -0.57764107 -0.08136400
v 0.19362304 -0.57764107 -0.05632485
v 0.16237955 -0.57764107 0.30380362
v 0.16813976 -0.57764107 0.37725735
v 0.19362304 -0.59553695 0.37725735
v 0.16968901 -0.57764107 0.41398421
v 0.19362304 -0.57764107 0.44732845
v 0.19362304 -0.58169824 0.45071107
v 0.19362304 -0.59977174 0.48743793
v 0.16101706 -0.57764107 0.52416480
v 0.19362304 -0.57764107 0.51414555
v 0.19362304 -0.57764107 0.53797966
v 0.16845745 -0.57764107 0.59761852
v 0.19362304 -0.58376044 0.63434535
v 0.19362304 -0.58557510 0.67107224
v 0.19362304 -0.58484280 0.70779908
v 0.18963951 -0.57764107 0.74452597
v 0.19362304 -0.57764107 0.73511815
v 0.19362304 -0.57764107 0.75063568
v 0.19362304 -0.60329300 0.78125280
v 0.19362304 -0.57764107 0.79771715
v 0.19362304 -0.54794627 -0.72454852
v 0.19362304 -0.54091424 -0.72851652
v 0.19362304 -0.57332391 -0.65109479
v 0.19362304 -0.55089289 -0.61436796
v 0.17285405 -0.54091424 -0.54091424
v 0.19362304 -0.54091424 -0.56965584
v 0.19362304 -0.54936665 -0.50418735
v 0.19362304 -0.54091424 -0.51861244
v 0.19362304 -0.56199926 -0.46746048
v 0.19362304 -0.54091424 -0.43361095
v 0.19362304 -0.54091424 -0.42619812
v 0.19362304 -0.56553113 -0.39400676
v 0.19362304 -0.54091424 -0.36005798
v 0.16229878 -0.54091424 -0.32055303
v 0.19362304 -0.56252652 -0.32055303
v 0.19362304 -0.54091424 -0.35388383
v 0.18948470 -0.54091424 -0.28382617
v 0.19362304 -0.56330866 -0.28382617
v 0.19362304 -0.54268301 -0.24709933
v 0.17351463 -0.54091424 -0.21037246
v 0.19362304 -0.54091424 -0.24324498
v 0.19362304 -0.55808157 -0.17364560
v 0.19362304 -0.54091424 -0.19631821
v 0.19362304 -0.54091424 -0.14722063
v 0.19362304 -0.56083006 -0.10019187
v 0.19362304 -0.54091424 -0.11418202
v 0.19362304 -0.54091424 -0.03770371
v 0.16087268 -0.54091424 0.00998872
v 0.19362304 -0.56037134 0.00998872
v 0.19362304 -0.54091424 -0.01515480
v 0.19362304 -0.55043751 0.04671558
v 0.19362304 -0.56135541 0.08344244
v 0.16930212 -0.54091424 0.12016930
v 0.19362304 -0.55967414 0.12016930
v 0.18887953 -0.54091424 0.15689617
v 0.19362304 -0.54091424 0.14893019
v 0.19362304 -0.54091424 0.16354758
v 0.19362304 -0.56221837 0.19362304
v 0.19362304 -0.55472702 0.23034990
v 0.19362304 -0.56167191 0.26707676
v 0.19362304 -0.55476683 0.30380362
v 0.19362304 -0.56820160 0.34053048
v 0.19362304 -0.56031322 0.37725735
v 0.19362304 -0.56125641 0.41398421
v 0.19362304 -0.56761312 0.52416480
v 0.19362304 -0.57292134 0.74452597
v 0.19362304 -0.54091424 0.74974853
v 0.16664915 -0.54091424 0.78125280
v 0.19362304 -0.57363307 0.78125280
v 0.19362304 -0.50418735 -0.73909014
v 0.19362304 -0.52913040 -0.54091424
v 0.19362304 -0.53872782 -0.43073362
v 0.19362304 -0.53913486 -0.35727990
v 0.19362304 -0.53184122 -0.21037246
v 0.19362304 -0.50602686 -0.13691874
v 0.19362304 -0.53558248 -0.02673814
v 0.19362304 -0.53743869 0.15689617
v 0.17013250 -0.50418735 0.78125280
v 0.19362304 -0.50418735 0.75501299
v 0.19362304 -0.48262888 -0.76127541
v 0.19362304 -0.46746048 -0.77326173
v 0.19362304 -0.48334596 0.78125280
v 0.16614668 -0.46746048 0.81797969
v 0.19362304 -0.46746048 0.79713827
v 0.19362304 -0.43073362 -0.78980881
v 0.19362304 -0.44171461 0.81797969
v 0.19362304 -0.43073362 0.83412099
v 0.16904776 -0.39400676 -0.79800224
v 0.19362304 -0.41612402 -0.79800224
v 0.19362304 -0.39400676 -0.80779564
v 0.19362304 -0.39400676 0.83499658
v 0.17682293 -0.35727990 -0.79800224
v 0.19362304 -0.35727990 -0.80814677
v 0.19362304 -0.35727990 0.83813530
v 0.17484139 -0.32055303 -0.79800224
v 0.19362304 -0.32055303 -0.80818802
v 0.19362304 -0.32055303 0.84248799
v 0.16040207 -0.28382617 -0.79800224
v 0.19362304 -0.28382617 -0.80518889
v 0.17573328 -0.28382617 -0.72454852
v 0.17622210 -0.28382617 -0.68782169
v 0.19362304 -0.28382617 0.84045219
v 0.16666196 -0.24709933 -0.79800224
v 0.19362304 -0.24709933 -0.80974156
v 0.17646854 -0.24709933 -0.72454852
v 0.17626694 -0.24709933 -0.68782169
v 0.19362304 -0.24709933 0.83785564
v 0.19362304 -0.21037246 -0.81180513
v 0.17624697 -0.21037246 -0.72454852
v 0.17612332 -0.21037246 -0.68782169
v 0.19362304 -0.21037246 0.83391517
v 0.19362304 -0.17364560 -0.81276995
v 0.19362304 -0.17364560 0.83373260
v 0.19362304 -0.13691874 -0.80855256
v 0.19362304 -0.13691874 0.83232433
v 0.19362304 -0.10019187 -0.80817896
v 0.19362304 -0.10019187 0.83672661
v 0.19362304 -0.06346501 -0.80266064
v 0.19362304 -0.06346501 0.83056235
v 0.19362304 -0.03619628 -0.79800224
v 0.18849957 -0.02673814 -0.79800224
v 0.19362304 -0.02673814 -0.79632181
v 0.16799119 -0.02673814 0.81797969
v 0.19362304 -0.02673814 0.79455507
v 0.19362304 -0.05360604 0.81797969
v 0.18886314 0.00998872 -0.79800224
v 0.19362304 0.00998872 -0.79594541
v 0.19362304 -0.00154419 0.81797969
v 0.19362304 0.00998872 0.83331329
v 0.16737950 0.04671558 -0.79800224
v 0.19362304 0.04671558 -0.78267890
v 0.18722269 0.04671558 0.12016930
v 0.19362304 0.04671558 0.09527370
v 0.19362304 0.03320542 0.12016930
v 0.19362304 0.04671558 0.13409621
v 0.19004546 0.04671558 0.19362304
v 0.19362304 0.04671558 0.18586797
v 0.19362304 0.03813728 0.19362304
v 0.19362304 0.04671558 0.20127049
v 0.19362304 0.04671558 0.83343434
v 0.16212736 0.08344244 -0.79800224
v 0.19362304 0.08344244 -0.77944124
v 0.19362304 0.08131388 0.12016930
v 0.19362304 0.05537570 0.19362304
v 0.19362304 0.08344244 0.83353966
v 0.19362304 0.12016930 -0.77854860
v 0.19251692 0.12016930 0.26707676
v 0.19362304 0.12016930 0.26372272
v 0.19362304 0.11758751 0.26707676
v 0.19362304 0.12016930 0.27280369
v 0.19362304 0.12016930 0.82988483
v 0.19362304 0.15689617 -0.77490634
v 0.18207976 0.15689617 0.26707676
v 0.19362304 0.15689617 0.24617790
v 0.19362304 0.15689617 0.29312450
v 0.18782498 0.15689617 0.37725735
v 0.19362304 0.15689617 0.36668175
v 0.19362304 0.13955107 0.37725735
v 0.19362304 0.15689617 0.39224643
v 0.16765495 0.15689617 0.81797969
v 0.19362304 0.15689617 0.79217643
v 0.19362304 0.12758335 0.81797969
v 0.19362304 0.19362304 -0.77480286
v 0.19222559 0.19362304 -0.13691874
v 0.19362304 0.19362304 -0.14098960
v 0.19362304 0.19015571 -0.13691874
v 0.19362304 0.19362304 -0.11971072
v 0.18483871 0.19362304 0.12016930
v 0.19362304 0.19362304 0.09486810
v 0.19362304 0.17772435 0.12016930
v 0.19362304 0.16416571 0.15689617
v 0.18512838 0.19362304 0.15689617
v 0.19362304 0.16947962 0.19362304
v 0.19296189 0.19362304 0.19362304
v 0.19362304 0.19362304 0.19951068
v 0.19191884 0.19362304 0.26707676
v 0.19362304 0.19362304 0.25775605
v 0.19362304 0.17514122 0.30380362
v 0.18687838 0.19362304 0.30380362
v 0.19362304 0.19362304 0.33053562
v 0.19159870 0.19362304 0.37725735
v 0.19362304 0.19362304 0.35843396
v 0.19362304 0.18130660 0.41398421
v 0.18949941 0.19362304 0.41398421
v 0.19362304 0.19362304 0.42361370
v 0.18968120 0.19362304 0.56089163
v 0.19362304 0.19362304 0.54393524
v 0.19362304 0.17613755 0.56089163
v 0.19362304 0.16349356 0.59761852
v 0.17811944 0.19362304 0.59761852
v 0.19362304 0.18568268 0.63434535
v 0.19236113 0.19362304 0.63434535
v 0.19362304 0.19362304 0.64270777
v 0.19362304 0.18578118 0.81797969
v 0.19362304 0.19362304 0.82882416
v 0.19362304 0.23034990 -0.77284795
v 0.19106457 0.23034990 -0.24709933
v 0.19362304 0.23034990 -0.25829899
v 0.19362304 0.22633345 -0.24709933
v 0.19362304 0.23034990 -0.23493014
v 0.19362304 0.19989161 -0.13691874
v 0.18836507 0.23034990 -0.06346501
v 0.19362304 0.23034990 -0.09598174
v 0.19362304 0.21911764 -0.06346501
v 0.19362304 0.21034265 -0.02673814
v 0.18987061 0.23034990 -0.02673814
v 0.19362304 0.23034990 -0.00027521
v 0.18627140 0.23034990 0.08344244
v 0.19362304 0.23034990 0.07020723
v 0.19362304 0.21112525 0.08344244
v 0.18160243 0.23034990 0.12016930
v 0.17666118 0.23034990 0.15689617
v 0.18041535 0.23034990 0.19362304
v 0.19362304 0.23034990 0.22360329
v 0.19362304 0.19719255 0.26707676
v 0.19362304 0.22336498 0.30380362
v 0.19362304 0.20168351 0.37725735
v 0.19362304 0.21933256 0.41398421
v 0.18669583 0.23034990 0.56089163
v 0.19362304 0.23034990 0.54485375
v 0.17205028 0.23034990 0.59761852
v 0.18457477 0.23034990 0.63434535
v 0.19362304 0.23034990 0.64917308
v 0.19362304 0.23034990 0.83143759
v 0.19362304 0.26707676 -0.77298748
v 0.18635966 0.26707676 -0.32055303
v 0.19362304 0.26707676 -0.33135581
v 0.19362304 0.25287518 -0.32055303
v 0.19362304 0.24790829 -0.28382617
v 0.18749526 0.26707676 -0.28382617
v 0.19362304 0.24956599 -0.24709933
v 0.19362304 0.26707676 -0.25694406
v 0.18900415 0.26707676 -0.13691874
v 0.19362304 0.26707676 -0.15003724
v 0.19362304 0.25576141 -0.13691874
v 0.19362304 0.26707676 -0.11524322
v 0.18387769 0.26707676 -0.06346501
v 0.19362304 0.26707676 -0.09070452
v 0.19362304 0.26707676 -0.04289798
v 0.19362304 0.24328129 -0.02673814
v 0.19362304 0.26105881 0.00998872
v 0.19323432 0.26707676 0.00998872
v 0.19362304 0.26707676 0.00853187
v 0.19362304 0.24949579 0.04671558
v 0.18649052 0.26707676 0.04671558
v 0.18665975 0.26707676 0.08344244
v 0.17886862 0.26707676 0.12016930
v 0.18164495 0.26707676 0.15689617
v 0.19155547 0.26707676 0.19362304
v 0.19362304 0.26707676 0.20283838
v 0.18884429 0.26707676 0.26707676
v 0.19362304 0.26707676 0.25009528
v 0.19362304 0.25826728 0.26707676
v 0.19362304 0.26488978 0.30380362
v 0.19345890 0.26707676 0.30380362
v 0.19362304 0.23624131 0.34053048
v 0.18774639 0.26707676 0.34053048
v 0.19362304 0.24908291 0.37725735
v 0.18565571 0.26707676 0.37725735
v 0.19362304 0.26707676 0.40029934
v 0.19111164 0.26707676 0.45071107
v 0.19362304 0.26707676 0.43614623
v 0.19362304 0.26136032 0.45071107
v 0.19362304 0.26416516 0.48743793
v 0.19257605 0.26707676 0.48743793
v 0.19362304 0.26537663 0.52416480
v 0.19197711 0.26707676 0.52416480
v 0.18385842 0.26707676 0.56089163
v 0.18171416 0.26707676 0.59761852
v 0.18212388 0.26707676 0.63434535
v 0.19362304 0.26697770 0.67107224
v 0.19357778 0.26707676 0.67107224
v 0.19362304 0.26707676 0.67112297
v 0.19362304 0.26707676 0.82636130
v 0.19362304 0.30380362 -0.76857704
v 0.19232848 0.30380362 -0.35727990
v 0.19362304 0.30380362 -0.35983992
v 0.19362304 0.30161032 -0.35727990
v 0.19362304 0.29719850 -0.32055303
v 0.19362304 0.30380362 -0.34222028
v 0.18474926 0.30380362 -0.28382617
v 0.19362304 0.30380362 -0.31314811
v 0.19362304 0.30380362 -0.26315331
v 0.18172152 0.30380362 -0.13691874
v 0.19362304 0.30380362 -0.16055721
v 0.19362304 0.30380362 -0.10440753
v 0.19362304 0.28998312 -0.06346501
v 0.18620794 0.30380362 0.00998872
v 0.19362304 0.30380362 -0.02133084
v 0.18047790 0.30380362 0.04671558
v 0.18965045 0.30380362 0.08344244
v 0.19141082 0.30380362 0.12016930
v 0.18802989 0.30380362 0.15689617
v 0.18783410 0.30380362 0.19362304
v 0.19362304 0.29998359 0.23034990
v 0.19289884 0.30380362 0.23034990
v 0.19362304 0.29296589 0.26707676
v 0.19362304 0.30380362 0.23930450
v 0.19362304 0.26735401 0.30380362
v 0.18427530 0.30380362 0.34053048
v 0.19362304 0.30380362 0.32459879
v 0.19362304 0.30380362 0.36124468
v 0.19362304 0.28680044 0.37725735
v 0.18524529 0.30380362 0.45071107
v 0.19362304 0.30380362 0.43114066
v 0.19103998 0.30380362 0.48743793
v 0.19362304 0.30380362 0.50264812
v 0.19362304 0.27044788 0.52416480
v 0.18911365 0.30380362 0.56089163
v 0.19362304 0.30380362 0.54276711
v 0.19067816 0.30380362 0.59761852
v 0.18583204 0.30380362 0.63434535
v 0.18786561 0.30380362 0.67107224
v 0.19362304 0.30380362 0.68213624
v 0.19362304 0.30380362 0.83007693
v 0.19362304 0.34053048 -0.76276469
v 0.19362304 0.31729487 -0.35727990
v 0.19362304 0.34053048 -0.35185081
v 0.18381856 0.34053048 -0.32055303
v 0.19362304 0.30845207 -0.32055303
v 0.18978956 0.34053048 -0.28382617
v 0.19362304 0.34053048 -0.27500522
v 0.19362304 0.33683696 -0.13691874
v 0.19362304 0.34053048 -0.13380784
v 0.17661963 0.34053048 -0.10019187
v 0.19362304 0.30736318 -0.10019187
v 0.19362304 0.31723237 -0.06346501
v 0.18284702 0.34053048 -0.06346501
v 0.19362304 0.32576290 -0.02673814
v 0.19202881 0.34053048 -0.02673814
v 0.17398797 0.34053048 0.00998872
v 0.17754698 0.34053048 0.04671558
v 0.18378192 0.34053048 0.08344244
v 0.16748248 0.34053048 0.12016930
v 0.16170761 0.34053048 0.19362304
v 0.16333042 0.34053048 0.23034990
v 0.19362304 0.30439359 0.26707676
v 0.16404802 0.34053048 0.26707676
v 0.19362304 0.30777061 0.30380362
v 0.16422720 0.34053048 0.30380362
v 0.19362304 0.32152021 0.34053048
v 0.19362304 0.34053048 0.33720544
v 0.19362304 0.32954803 0.37725735
v 0.18947420 0.34053048 0.37725735
v 0.19362304 0.34053048 0.36862355
v 0.19362304 0.32900304 0.41398421
v 0.18954767 0.34053048 0.41398421
v 0.18131088 0.34053048 0.45071107
v 0.19362304 0.34053048 0.48611495
v 0.19362304 0.33585641 0.48743793
v 0.19362304 0.34053048 0.49171132
v 0.18955916 0.34053048 0.52416480
v 0.19362304 0.32440391 0.52416480
v 0.18991615 0.34053048 0.56089163
v 0.19009520 0.34053048 0.59761852
v 0.18741982 0.34053048 0.63434535
v 0.19362304 0.34053048 0.64923316
v 0.19362304 0.32313082 0.67107224
v 0.19362304 0.34053048 0.82806492
v 0.19362304 0.37725735 -0.76821679
v 0.19362304 0.35569972 -0.32055303
v 0.19362304 0.34389403 -0.28382617
v 0.19362304 0.36617094 -0.10019187
v 0.19362304 0.36777329 -0.06346501
v 0.19362304 0.34304518 -0.02673814
v 0.19362304 0.35355911 0.00998872
v 0.18923925 0.37725735 0.04671558
v 0.19362304 0.37725735 0.04038179
v 0.19362304 0.37725735 0.07044456
v 0.19362304 0.36810252 0.08344244
v 0.19146882 0.37725735 0.12016930
v 0.19362304 0.37725735 0.10720105
v 0.18030453 0.37725735 0.15689617
v 0.18788579 0.37725735 0.19362304
v 0.18049751 0.37725735 0.23034990
v 0.19317149 0.37725735 0.26707676
v 0.18662404 0.37725735 0.30380362
v 0.19362304 0.35192946 0.34053048
v 0.18099032 0.37725735 0.34053048
v 0.18489483 0.37725735 0.37725735
v 0.16936712 0.37725735 0.41398421
v 0.18337977 0.37725735 0.45071107
v 0.19362304 0.35517952 0.48743793
v 0.19273317 0.37725735 0.48743793
v 0.18328232 0.37725735 0.52416480
v 0.19362304 0.37725735 0.56068474
v 0.19362304 0.37661412 0.56089163
v 0.18493825 0.37725735 0.59761852
v 0.19362304 0.37725735 0.56109059
v 0.19241375 0.37725735 0.63434535
v 0.19362304 0.35112625 0.67107224
v 0.18030523 0.37725735 0.67107224
v 0.19362304 0.36291918 0.70779908
v 0.19226818 0.37725735 0.70779908
v 0.19362304 0.36784628 0.74452597
v 0.19060762 0.37725735 0.74452597
v 0.19362304 0.37725735 0.74906063
v 0.19362304 0.37725735 0.83118862
v 0.19362304 0.41398421 -0.78147876
v 0.19362304 0.38150215 0.04671558
v 0.19362304 0.37852302 0.12016930
v 0.19362304 0.38868362 0.15689617
v 0.19362304 0.38274765 0.19362304
v 0.19362304 0.38860855 0.23034990
v 0.19362304 0.37772501 0.26707676
v 0.19362304 0.38428947 0.30380362
v 0.19362304 0.39257705 0.34053048
v 0.19362304 0.38435769 0.37725735
v 0.19362304 0.38960958 0.41398421
v 0.19362304 0.38421384 0.45071107
v 0.19362304 0.37793782 0.48743793
v 0.19362304 0.38766104 0.52416480
v 0.19362304 0.38509169 0.59761852
v 0.19362304 0.38124016 0.63434535
v 0.19362304 0.39810857 0.67107224
v 0.19362304 0.37921610 0.70779908
v 0.19362304 0.38380191 0.74452597
v 0.19362304 0.41398421 0.82931280
v 0.19362304 0.43259141 -0.79800224
v 0.19362304 0.45071107 -0.81977719
v 0.19362304 0.45071107 0.82920575
v 0.19362304 0.46768862 -0.83472914
v 0.19362304 0.48743793 -0.84717518
v 0.19362304 0.48743793 0.83094919
v 0.19362304 0.52416480 -0.83850193
v 0.16826341 0.52416480 0.52416480
v 0.19362304 0.52416480 0.49675849
v 0.19362304 0.49714249 0.52416480
v 0.19362304 0.49809772 0.56089163
v 0.16561982 0.52416480 0.56089163
v 0.19362304 0.49998713 0.59761852
v 0.16639529 0.52416480 0.59761852
v 0.19362304 0.49878800 0.63434535
v 0.16681741 0.52416480 0.63434535
v 0.19362304 0.49824595 0.67107224
v 0.16720340 0.52416480 0.67107224
v 0.19362304 0.52416480 0.69766933
v 0.16448058 0.52416480 0.81797969
v 0.19362304 0.52416480 0.79183108
v 0.19362304 0.49620327 0.81797969
v 0.19362304 0.53414875 -0.83472914
v 0.19362304 0.56089163 -0.80843043
v 0.16467126 0.56089163 0.52416480
v 0.19362304 0.56089163 0.49391484
v 0.16596986 0.56089163 0.56089163
v 0.16678870 0.56089163 0.59761852
v 0.16544147 0.56089163 0.63434535
v 0.16276811 0.56089163 0.67107224
v 0.19362304 0.56089163 0.69833940
v 0.16204596 0.56089163 0.81797969
v 0.19362304 0.56089163 0.78604740
v 0.19362304 0.57482857 -0.79800224
v 0.19362304 0.57616121 -0.76127541
v 0.18123628 0.59761852 -0.76127541
v 0.19362304 0.59761852 -0.75191945
v 0.16943704 0.59761852 -0.61436796
v 0.17166774 0.59761852 -0.54091424
v 0.19362304 0.59761852 -0.55707949
v 0.19362304 0.58728808 -0.54091424
v 0.19362304 0.59761852 -0.51279145
v 0.17772554 0.59761852 -0.39400676
v 0.19362304 0.59761852 -0.41560358
v 0.19362304 0.58360302 -0.39400676
v 0.17247584 0.59761852 -0.35727990
v 0.19362304 0.59761852 -0.36490965
v 0.17337054 0.59761852 -0.32055303
v 0.17884684 0.59761852 -0.28382617
v 0.19362304 0.59761852 -0.29380557
v 0.19362304 0.58786017 -0.28382617
v 0.19362304 0.57401460 -0.24709933
v 0.17448546 0.59761852 -0.24709933
v 0.19362304 0.59761852 -0.22777185
v 0.19362304 0.59761852 -0.17755142
v 0.19362304 0.59570265 -0.17364560
v 0.19362304 0.58010256 -0.13691874
v 0.17988548 0.59761852 -0.13691874
v 0.19362304 0.57765150 -0.10019187
v 0.19362304 0.58912319 -0.06346501
v 0.17072213 0.59761852 -0.06346501
v 0.19362304 0.59761852 -0.03716614
v 0.16394617 0.59761852 0.00998872
v 0.16364390 0.59761852 0.04671558
v 0.18321423 0.59761852 0.12016930
v 0.19362304 0.59761852 0.08518265
v 0.19362304 0.59224170 0.12016930
v 0.19362304 0.59761852 0.13313846
v 0.18793952 0.59761852 0.23034990
v 0.19362304 0.59761852 0.20275809
v 0.19362304 0.59590662 0.23034990
v 0.19362304 0.59761852 0.25217539
v 0.17574513 0.59761852 0.30380362
v 0.19362304 0.59761852 0.27088878
v 0.19362304 0.58966869 0.30380362
v 0.19362304 0.59504443 0.34053048
v 0.18961821 0.59761852 0.34053048
v 0.19362304 0.59471196 0.37725735
v 0.18847604 0.59761852 0.37725735
v 0.19362304 0.59002823 0.41398421
v 0.18420728 0.59761852 0.41398421
v 0.19362304 0.57612789 0.45071107
v 0.16769606 0.59761852 0.45071107
v 0.19362304 0.57443070 0.48743793
v 0.16650891 0.59761852 0.48743793
v 0.17865168 0.59761852 0.52416480
v 0.19362304 0.59761852 0.54786330
v 0.19362304 0.59523326 0.56089163
v 0.16529283 0.59761852 0.59761852
v 0.19362304 0.59761852 0.56327689
v 0.16267607 0.59761852 0.63434535
v 0.16342162 0.59761852 0.67107224
v 0.19362304 0.57903165 0.70779908
v 0.17035814 0.59761852 0.70779908
v 0.19362304 0.57814437 0.74452597
v 0.17537476 0.59761852 0.74452597
v 0.19362304 0.57333636 0.78125280
v 0.16324474 0.59761852 0.81797969
v 0.19362304 0.63434535 -0.75924820
v 0.19362304 0.63434535 -0.66576910
v 0.19362304 0.61676317 -0.65109479
v 0.19362304 0.60924977 -0.61436796
v 0.19362304 0.61926889 -0.57764107
v 0.19362304 0.59901589 -0.50418735
v 0.19362304 0.59811085 -0.46746048
v 0.19362304 0.60018897 -0.43073362
v 0.19362304 0.60355419 -0.35727990
v 0.19362304 0.60694820 -0.32055303
v 0.16016804 0.63434535 -0.24709933
v 0.19362304 0.61057889 -0.21037246
v 0.15744789 0.63434535 -0.10019187
v 0.19362304 0.59850281 -0.02673814
v 0.15826546 0.63434535 0.00998872
v 0.19362304 0.60191393 0.00998872
v 0.19362304 0.60239261 0.04671558
v 0.19362304 0.59770650 0.08344244
v 0.15699649 0.63434535 0.08344244
v 0.19362304 0.60060269 0.15689617
v 0.16195622 0.63434535 0.15689617
v 0.19362304 0.59777546 0.19362304
v 0.19362304 0.59794074 0.26707676
v 0.15691283 0.63434535 0.30380362
v 0.15903966 0.63434535 0.37725735
v 0.15970030 0.63434535 0.45071107
v 0.19362304 0.60011190 0.56089163
v 0.18712294 0.67107224 -0.72454852
v 0.19362304 0.67107224 -0.72639591
v 0.19362304 0.67107224 -0.67162019
v 0.15751185 0.70779908 -0.72454852
v 0.19362304 0.67372912 -0.72454852
v 0.19362304 0.68691975 -0.68782169
v 0.16772142 0.70779908 -0.68782169
v 0.20663527 -0.61436796 0.37725735
v 0.21710789 -0.61436796 0.48743793
v 0.23034990 -0.61936420 0.48743793
v 0.23034990 -0.61436796 0.46239415
v 0.23034990 -0.61436796 0.50141114
v 0.20910680 -0.61436796 0.56089163
v 0.20289105 -0.61436796 0.59761852
v 0.23034990 -0.58329767 -0.68782169
v 0.23034990 -0.57764107 -0.68997520
v 0.23034990 -0.57764107 -0.68143791
v 0.22749560 -0.57764107 -0.61436796
v 0.23034990 -0.58004063 -0.61436796
v 0.23034990 -0.57764107 -0.61606503
v 0.22811793 -0.57764107 -0.57764107
v 0.23034990 -0.57764107 -0.59262615
v 0.22805376 -0.57764107 -0.28382617
v 0.23034990 -0.57774138 -0.28382617
v 0.23034990 -0.57764107 -0.28411451
v 0.23034990 -0.57764107 -0.28351271
v 0.20915934 -0.57764107 -0.06346501
v 0.23034990 -0.58029115 -0.02673814
v 0.23034990 -0.57764107 -0.03838922
v 0.22547799 -0.57764107 -0.02673814
v 0.23034990 -0.57764107 -0.02079334
v 0.22283287 -0.57764107 0.30380362
v 0.23034990 -0.58203173 0.30380362
v 0.23034990 -0.57764107 0.29935035
v 0.21269426 -0.57764107 0.34053048
v 0.23034990 -0.57985187 0.34053048
v 0.23034990 -0.57764107 0.34346771
v 0.21796826 -0.57764107 0.45071107
v 0.23034990 -0.57764107 0.45659268
v 0.23034990 -0.57764107 0.50704563
v 0.23034990 -0.58477575 0.56089163
v 0.23034990 -0.57764107 0.54621333
v 0.23034990 -0.60481513 0.59761852
v 0.22876269 -0.57764107 0.63434535
v 0.23034990 -0.57764107 0.63374043
v 0.23034990 -0.57764107 0.63515854
v 0.23034990 -0.60906178 0.67107224
v 0.23034990 -0.60732794 0.70779908
v 0.20232923 -0.57764107 0.74452597
v 0.23034990 -0.59835923 0.74452597
v 0.23034990 -0.57915288 0.78125280
v 0.23034990 -0.57764107 0.78510678
v 0.23034990 -0.55114037 -0.72454852
v 0.23034990 -0.54091424 -0.73137641
v 0.23034990 -0.55988598 -0.65109479
v 0.23034990 -0.57547933 -0.57764107
v 0.23034990 -0.54091424 -0.54167712
v 0.23034990 -0.54792243 -0.50418735
v 0.23034990 -0.54091424 -0.53981751
v 0.23034990 -0.56009078 -0.46746048
v 0.23034990 -0.54091424 -0.43581352
v 0.22474049 -0.54091424 -0.39400676
v 0.23034990 -0.54091424 -0.37652326
v 0.23034990 -0.55407423 -0.35727990
v 0.20434727 -0.54091424 -0.35727990
v 0.20777066 -0.54091424 -0.32055303
v 0.23034990 -0.54091424 -0.35235688
v 0.23034990 -0.57741702 -0.28382617
v 0.19824164 -0.54091424 -0.28382617
v 0.21292165 -0.54091424 -0.24709933
v 0.21033424 -0.54091424 -0.17364560
v 0.23034990 -0.54507899 -0.10019187
v 0.23034990 -0.54091424 -0.12450157
v 0.21937208 -0.54091424 -0.06346501
v 0.23034990 -0.54091424 -0.08482592
v 0.21551913 -0.56605405 -0.04504280
v 0.23034990 -0.54091424 -0.05480391
v 0.20227362 -0.54091424 -0.02673814
v 0.23034990 -0.55333394 0.00998872
v 0.20120324 -0.54091424 0.04671558
v 0.23034990 -0.54091424 0.01555875
v 0.23034990 -0.54091424 0.08004686
v 0.23034990 -0.55578727 0.08344244
v 0.22893851 -0.54091424 0.12016930
v 0.23034990 -0.54091424 0.11466092
v 0.23034990 -0.54091424 0.12110385
v 0.23034990 -0.55191690 0.15689617
v 0.19925064 -0.54091424 0.15689617
v 0.23034990 -0.55457681 0.19362304
v 0.23034990 -0.54391104 0.23034990
v 0.23034990 -0.55881417 0.26707676
v 0.20623192 -0.54091424 0.34053048
v 0.23034990 -0.54091424 0.31824377
v 0.23034990 -0.57237387 0.34053048
v 0.23034990 -0.54091424 0.36237404
v 0.23034990 -0.55051160 0.37725735
v 0.21843016 -0.54091424 0.41398421
v 0.23034990 -0.54091424 0.39297411
v 0.23034990 -0.54091424 0.42822206
v 0.23034990 -0.57573456 0.45071107
v 0.23034990 -0.57119077 0.52416480
v 0.23034990 -0.57716584 0.63434535
v 0.23034990 -0.54091424 0.75068009
v 0.23034990 -0.57717741 0.78125280
v 0.23034990 -0.50418735 -0.74143893
v 0.23034990 -0.54058421 -0.54091424
v 0.23034990 -0.53807259 -0.43073362
v 0.22586468 -0.50418735 -0.39400676
v 0.23034990 -0.50418735 -0.39795759
v 0.23034990 -0.50418735 -0.38215578
v 0.23034990 -0.51857889 -0.32055303
v 0.23034990 -0.52965814 -0.28382617
v 0.23034990 -0.54001349 -0.24709933
v 0.23034990 -0.52033913 -0.21037246
v 0.23034990 -0.52832741 -0.17364560
v 0.23034990 -0.53905684 -0.13691874
v 0.23034990 -0.53043991 -0.06346501
v 0.23034990 -0.51266772 0.04671558
v 0.23034990 -0.53966236 0.12016930
v 0.23034990 -0.53031808 0.34053048
v 0.23034990 -0.53165787 0.41398421
v 0.23034990 -0.50418735 0.75724500
v 0.23034990 -0.48466769 -0.76127541
v 0.23034990 -0.46746048 -0.77382356
v 0.23034990 -0.50230312 -0.39400676
v 0.23034990 -0.48251733 0.78125280
v 0.23034990 -0.46746048 0.79630971
v 0.23034990 -0.43073362 -0.78550816
v 0.23034990 -0.44209233 0.81797969
v 0.23034990 -0.43073362 0.83196002
v 0.23034990 -0.40540323 -0.79800224
v 0.23034990 -0.39400676 -0.80299520
v 0.23034990 -0.39400676 0.83201790
v 0.23034990 -0.35727990 -0.80561799
v 0.23034990 -0.35727990 0.83166122
v 0.23034990 -0.32055303 -0.80098963
v 0.23034990 -0.32055303 0.83369648
v 0.23034990 -0.28382617 -0.80079406
v 0.23034990 -0.28382617 0.83472538
v 0.23034990 -0.27086067 -0.79800224
v 0.22116986 -0.24709933 -0.79800224
v 0.23034990 -0.24709933 -0.79201454
v 0.23034990 -0.24709933 0.82823545
v 0.22304498 -0.21037246 -0.79800224
v 0.23034990 -0.21037246 -0.79192162
v 0.23034990 -0.21037246 0.83098716
v 0.21519969 -0.17364560 -0.79800224
v 0.23034990 -0.17364560 -0.78422052
v 0.23034990 -0.17364560 0.82662129
v 0.20888054 -0.13691874 -0.79800224
v 0.23034990 -0.13691874 -0.77998978
v 0.22673135 -0.13691874 -0.13691874
v 0.23034990 -0.13691874 -0.15360928
v 0.23034990 -0.14461739 -0.13691874
v 0.23034990 -0.13691874 -0.12890071
v 0.22594775 -0.13691874 -0.06346501
v 0.23034990 -0.13691874 -0.07315852
v 0.23034990 -0.14693189 -0.06346501
v 0.23034990 -0.13691874 -0.03547300
v 0.22986500 -0.13691874 0.59761852
v 0.23034990 -0.13691874 0.59328192
v 0.23034990 -0.13846090 0.59761852
v 0.23034990 -0.13691874 0.59879553
v 0.23034990 -0.13691874 0.82658267
v 0.20765255 -0.10019187 -0.79800224
v 0.23034990 -0.10019187 -0.77968210
v 0.23034990 -0.12187585 -0.13691874
v 0.23034990 -0.10259531 -0.10019187
v 0.22931243 -0.10019187 -0.10019187
v 0.23034990 -0.10019187 -0.10563350
v 0.23034990 -0.12125541 -0.06346501
v 0.23034990 -0.10019187 -0.09553474
v 0.23034990 -0.10019187 -0.04854598
v 0.22087452 -0.10019187 -0.02673814
v 0.23034990 -0.13188718 -0.02673814
v 0.23034990 -0.13025583 0.00998872
v 0.22640477 -0.10019187 0.00998872
v 0.23034990 -0.11115947 0.04671558
v 0.22858615 -0.10019187 0.04671558
v 0.23034990 -0.10019187 0.05942681
v 0.22663887 -0.10019187 0.30380362
v 0.23034990 -0.10019187 0.27891830
v 0.23034990 -0.11470594 0.30380362
v 0.23034990 -0.11813016 0.34053048
v 0.22234434 -0.10019187 0.34053048
v 0.23034990 -0.11275319 0.37725735
v 0.22520675 -0.10019187 0.37725735
v 0.23034990 -0.10019187 0.40889460
v 0.22777636 -0.10019187 0.45071107
v 0.23034990 -0.10019187 0.42518410
v 0.23034990 -0.10559770 0.45071107
v 0.23034990 -0.12488503 0.48743793
v 0.22863084 -0.10019187 0.48743793
v 0.23034990 -0.10019187 0.50229502
v 0.23034990 -0.13288043 0.59761852
v 0.23034990 -0.10901240 0.63434535
v 0.22555868 -0.10019187 0.63434535
v 0.23034990 -0.10019187 0.61446983
v 0.23034990 -0.10019187 0.64298701
v 0.23034990 -0.10019187 0.82555866
v 0.20034063 -0.06346501 -0.79800224
v 0.23034990 -0.06346501 -0.77979636
v 0.23034990 -0.09677002 -0.10019187
v 0.23034990 -0.08273637 -0.06346501
v 0.22233830 -0.06346501 -0.06346501
v 0.23034990 -0.06346501 -0.07957154
v 0.23034990 -0.06989793 -0.02673814
v 0.23034990 -0.06346501 -0.03479799
v 0.23034990 -0.06432138 0.00998872
v 0.23034990 -0.09442381 0.04671558
v 0.23034990 -0.09083180 0.08344244
v 0.22062683 -0.06346501 0.08344244
v 0.23034990 -0.06346501 0.06481478
v 0.23034990 -0.09951223 0.12016930
v 0.21984828 -0.06346501 0.12016930
v 0.23034990 -0.06346501 0.14873026
v 0.22491324 -0.06346501 0.19362304
v 0.23034990 -0.06346501 0.17221133
v 0.23034990 -0.08886835 0.19362304
v 0.23034990 -0.06346501 0.21387601
v 0.22076720 -0.06346501 0.26707676
v 0.23034990 -0.06346501 0.24129634
v 0.23034990 -0.09465105 0.26707676
v 0.21499556 -0.06346501 0.30380362
v 0.22821628 -0.06346501 0.34053048
v 0.21984869 -0.06346501 0.37725735
v 0.23034990 -0.09631028 0.41398421
v 0.22083530 -0.06346501 0.41398421
v 0.22334424 -0.06346501 0.45071107
v 0.23034990 -0.06346501 0.48330730
v 0.23034990 -0.07457516 0.48743793
v 0.22068329 -0.06346501 0.56089163
v 0.23034990 -0.06346501 0.53203517
v 0.23034990 -0.09758156 0.56089163
v 0.23034990 -0.06346501 0.58491349
v 0.23034990 -0.08246268 0.63434535
v 0.23034990 -0.07265947 0.67107224
v 0.22472943 -0.06346501 0.67107224
v 0.23034990 -0.06346501 0.65259141
v 0.23034990 -0.06346501 0.68118805
v 0.23034990 -0.06346501 0.81833428
v 0.23034990 -0.02673814 -0.77913225
v 0.22870693 -0.02673814 -0.10019187
v 0.23034990 -0.02673814 -0.12327820
v 0.23034990 -0.02973513 -0.10019187
v 0.23034990 -0.03593450 -0.06346501
v 0.23034990 -0.02673814 -0.09086213
v 0.23034990 -0.02673814 -0.05260018
v 0.21844138 -0.02673814 -0.02673814
v 0.23034990 -0.05387104 -0.02673814
v 0.23034990 -0.06288785 0.00998872
v 0.21932107 -0.02673814 0.00998872
v 0.23034990 -0.03702477 0.04671558
v 0.22283539 -0.02673814 0.04671558
v 0.21727629 -0.02673814 0.08344244
v 0.21997030 -0.02673814 0.12016930
v 0.23034990 -0.04550927 0.15689617
v 0.22266054 -0.02673814 0.15689617
v 0.23034990 -0.03340629 0.19362304
v 0.23034990 -0.02673814 0.18522008
v 0.23034990 -0.02673814 0.19648938
v 0.21631645 -0.02673814 0.23034990
v 0.23034990 -0.05476559 0.23034990
v 0.22017093 -0.02673814 0.26707676
v 0.22148901 -0.02673814 0.30380362
v 0.20925419 -0.02673814 0.34053048
v 0.23034990 -0.02673814 0.36629829
v 0.23034990 -0.04172610 0.37725735
v 0.21595961 -0.02673814 0.41398421
v 0.23034990 -0.02673814 0.39314532
v 0.21886560 -0.02673814 0.45071107
v 0.23034990 -0.05905397 0.48743793
v 0.22369197 -0.02673814 0.48743793
v 0.23034990 -0.04298758 0.52416480
v 0.22751717 -0.02673814 0.52416480
v 0.21855612 -0.02673814 0.56089163
v 0.23034990 -0.02673814 0.58196831
v 0.22014320 -0.02673814 0.63434535
v 0.23034990 -0.02673814 0.61274588
v 0.23034990 -0.04934015 0.63434535
v 0.21931715 -0.02673814 0.67107224
v 0.23034990 -0.02673814 0.69360429
v 0.23034990 -0.02673814 0.78954786
v 0.23034990 -0.06318802 0.81797969
v 0.23034990 0.00998872 -0.77719253
v 0.21920255 0.00998872 -0.13691874
v 0.23034990 0.00998872 -0.15416723
v 0.23034990 -0.02490456 -0.13691874
v 0.23034990 -0.02139039 -0.10019187
v 0.23034990 0.00998872 -0.11278591
v 0.23034990 -0.01578484 -0.06346501
v 0.22111633 0.00998872 -0.06346501
v 0.23034990 0.00998872 -0.08332606
v 0.20413487 0.00998872 -0.02673814
v 0.21614777 0.00998872 0.00998872
v 0.21690530 0.00998872 0.04671558
v 0.21138304 0.00998872 0.08344244
v 0.22535343 0.00998872 0.12016930
v 0.23034990 0.00998872 0.12994428
v 0.23034990 -0.01092499 0.15689617
v 0.23034990 0.00998872 0.16975549
v 0.21233237 0.00998872 0.19362304
v 0.23034990 -0.02277802 0.19362304
v 0.22286130 0.00998872 0.23034990
v 0.20188764 0.00998872 0.26707676
v 0.21081437 0.00998872 0.30380362
v 0.21045136 0.00998872 0.34053048
v 0.23034990 0.00315714 0.37725735
v 0.22685070 0.00998872 0.37725735
v 0.21526583 0.00998872 0.41398421
v 0.22625303 0.00998872 0.45071107
v 0.23034990 0.00998872 0.45942414
v 0.23034990 -0.01112547 0.48743793
v 0.22626200 0.00998872 0.52416480
v 0.23034990 0.00998872 0.51775402
v 0.22371860 0.00998872 0.56089163
v 0.23034990 -0.00983675 0.59761852
v 0.21657942 0.00998872 0.59761852
v 0.22114912 0.00998872 0.63434535
v 0.22125056 0.00998872 0.67107224
v 0.23034990 0.00643770 0.70779908
v 0.22954865 0.00998872 0.70779908
v 0.23034990 -0.00938541 0.74452597
v 0.22353815 0.00998872 0.74452597
v 0.23034990 0.00998872 0.75392258
v 0.23034990 0.00547800 0.81797969
v 0.23034990 0.00998872 0.82310265
v 0.23034990 0.04671558 -0.77262759
v 0.22347972 0.04671558 -0.17364560
v 0.23034990 0.04671558 -0.19036415
v 0.23034990 0.03221567 -0.17364560
v 0.22205222 0.04671558 -0.13691874
v 0.23034990 0.01806041 -0.10019187
v 0.21120553 0.04671558 -0.10019187
v 0.23034990 0.02912159 -0.06346501
v 0.23034990 0.04671558 -0.07204926
v 0.21484174 0.04671558 -0.02673814
v 0.23034990 0.04671558 -0.05092029
v 0.21185799 0.04671558 0.00998872
v 0.20362182 0.04671558 0.04671558
v 0.20166740 0.04671558 0.08344244
v 0.23034990 0.02813030 0.15689617
v 0.21866049 0.04671558 0.15689617
v 0.21557951 0.04671558 0.23034990
v 0.21147621 0.04671558 0.26707676
v 0.21100546 0.04671558 0.30380362
v 0.22873354 0.04671558 0.34053048
v 0.22024925 0.04671558 0.37725735
v 0.22198847 0.04671558 0.41398421
v 0.23034990 0.04671558 0.42550436
v 0.23034990 0.01873100 0.45071107
v 0.23034990 0.02997474 0.48743793
v 0.21375273 0.04671558 0.48743793
v 0.23034990 0.04671558 0.47065696
v 0.20286331 0.04671558 0.52416480
v 0.20790291 0.04671558 0.56089163
v 0.20370406 0.04671558 0.59761852
v 0.20263103 0.04671558 0.63434535
v 0.22042423 0.04671558 0.67107224
v 0.21588172 0.04671558 0.70779908
v 0.23034990 0.04671558 0.73489076
v 0.23034990 0.03037557 0.74452597
v 0.23034990 0.04671558 0.81907755
v 0.23034990 0.08344244 -0.77037078
v 0.22954753 0.08344244 -0.28382617
v 0.23034990 0.08344244 -0.28566235
v 0.23034990 0.08141804 -0.28382617
v 0.23034990 0.08344244 -0.28095725
v 0.22961996 0.08344244 -0.21037246
v 0.23034990 0.08344244 -0.21273591
v 0.23034990 0.08070751 -0.21037246
v 0.22666255 0.08344244 -0.17364560
v 0.22207379 0.08344244 -0.13691874
v 0.21769322 0.08344244 -0.10019187
v 0.23034990 0.05196604 -0.06346501
v 0.20534620 0.08344244 -0.06346501
v 0.20546921 0.08344244 -0.02673814
v 0.19921114 0.08344244 0.00998872
v 0.20794368 0.08344244 0.04671558
v 0.21081325 0.08344244 0.08344244
v 0.19500500 0.08344244 0.12016930
v 0.20819573 0.08344244 0.15689617
v 0.20695512 0.08344244 0.19362304
v 0.20237547 0.08344244 0.23034990
v 0.20620432 0.08344244 0.26707676
v 0.20165829 0.08344244 0.30380362
v 0.21450423 0.08344244 0.34053048
v 0.20108892 0.08344244 0.37725735
v 0.20684907 0.08344244 0.41398421
v 0.23034990 0.06892054 0.45071107
v 0.22155178 0.08344244 0.45071107
v 0.21514772 0.08344244 0.48743793
v 0.21698502 0.08344244 0.52416480
v 0.23034990 0.08344244 0.55331075
v 0.23034990 0.07763599 0.56089163
v 0.20438397 0.08344244 0.59761852
v 0.23034990 0.08344244 0.56410462
v 0.19751240 0.08344244 0.63434535
v 0.21434592 0.08344244 0.67107224
v 0.21485014 0.08344244 0.70779908
v 0.23034990 0.06918519 0.74452597
v 0.22523911 0.08344244 0.74452597
v 0.23034990 0.08344244 0.75659055
v 0.22911672 0.08344244 0.81797969
v 0.23034990 0.08344244 0.81535977
v 0.23034990 0.07443053 0.81797969
v 0.23034990 0.12016930 -0.76605070
v 0.23034990 0.08726884 -0.28382617
v 0.23034990 0.10738991 -0.24709933
v 0.22435479 0.12016930 -0.24709933
v 0.23034990 0.12016930 -0.26262680
v 0.23034990 0.10174458 -0.21037246
v 0.23034990 0.12016930 -0.21459043
v 0.21527731 0.12016930 -0.17364560
v 0.23034990 0.12016930 -0.20911323
v 0.22218266 0.12016930 -0.13691874
v 0.21575983 0.12016930 -0.10019187
v 0.22128138 0.12016930 -0.06346501
v 0.20011829 0.12016930 -0.02673814
v 0.19852884 0.12016930 0.00998872
v 0.19843146 0.12016930 0.04671558
v 0.20407379 0.12016930 0.08344244
v 0.20786999 0.12016930 0.12016930
v 0.19767772 0.12016930 0.15689617
v 0.20161809 0.12016930 0.19362304
v 0.20488302 0.12016930 0.23034990
v 0.19989343 0.12016930 0.30380362
v 0.20817317 0.12016930 0.34053048
v 0.20163280 0.12016930 0.37725735
v 0.20577267 0.12016930 0.41398421
v 0.21008976 0.12016930 0.45071107
v 0.20885770 0.12016930 0.48743793
v 0.19748971 0.12016930 0.52416480
v 0.23034990 0.08941870 0.56089163
v 0.19858362 0.12016930 0.56089163
v 0.19704236 0.12016930 0.59761852
v 0.20025195 0.12016930 0.63434535
v 0.21376254 0.12016930 0.67107224
v 0.22380055 0.12016930 0.70779908
v 0.22990815 0.12016930 0.74452597
v 0.23034990 0.12016930 0.74578565
v 0.23034990 0.08636399 0.81797969
v 0.23034990 0.12016930 0.82233632
v 0.23034990 0.15689617 -0.76901788
v 0.22427185 0.15689617 -0.32055303
v 0.23034990 0.15689617 -0.34135655
v 0.23034990 0.14217734 -0.32055303
v 0.23034990 0.13372010 -0.28382617
v 0.22009906 0.15689617 -0.28382617
v 0.21717528 0.15689617 -0.24709933
v 0.23034990 0.12261724 -0.21037246
v 0.22104433 0.15689617 -0.21037246
v 0.21565910 0.15689617 -0.17364560
v 0.21605445 0.15689617 -0.13691874
v 0.20602009 0.15689617 -0.10019187
v 0.21695895 0.15689617 -0.06346501
v 0.21167837 0.15689617 -0.02673814
v 0.20342582 0.15689617 0.00998872
v 0.20516518 0.15689617 0.04671558
v 0.20365265 0.15689617 0.08344244
v 0.20510480 0.15689617 0.12016930
v 0.19654247 0.15689617 0.15689617
v 0.19442582 0.15689617 0.19362304
v 0.20115057 0.15689617 0.23034990
v 0.20036544 0.15689617 0.30380362
v 0.20946561 0.15689617 0.34053048
v 0.21577552 0.15689617 0.41398421
v 0.20704353 0.15689617 0.45071107
v 0.21450801 0.15689617 0.48743793
v 0.20003760 0.15689617 0.52416480
v 0.19973344 0.15689617 0.56089163
v 0.19963396 0.15689617 0.59761852
v 0.19785944 0.15689617 0.63434535
v 0.20819265 0.15689617 0.67107224
v 0.23034990 0.15689617 0.69875443
v 0.23034990 0.14088190 0.70779908
v 0.23034990 0.12181802 0.74452597
v 0.23034990 0.15689617 0.78447378
v 0.23034990 0.12367143 0.81797969
v 0.23034990 0.19362304 -0.77182019
v 0.22635433 0.19362304 -0.50418735
v 0.23034990 0.19362304 -0.51314181
v 0.23034990 0.18634285 -0.50418735
v 0.23034990 0.19362304 -0.47111234
v 0.22802798 0.19362304 -0.39400676
v 0.23034990 0.19362304 -0.41116434
v 0.23034990 0.18651076 -0.39400676
v 0.23034990 0.19362304 -0.38861531
v 0.21707636 0.19362304 -0.32055303
v 0.23034990 0.19362304 -0.33865911
v 0.20926274 0.19362304 -0.28382617
v 0.21126816 0.19362304 -0.24709933
v 0.21192734 0.19362304 -0.21037246
v 0.21894532 0.19362304 -0.17364560
v 0.19814861 0.19362304 -0.10019187
v 0.20828147 0.19362304 -0.06346501
v 0.20165731 0.19362304 -0.02673814
v 0.20246276 0.19362304 0.00998872
v 0.20738678 0.19362304 0.04671558
v 0.19799028 0.19362304 0.08344244
v 0.19732873 0.19362304 0.23034990
v 0.19565970 0.19362304 0.34053048
v 0.20454538 0.19362304 0.45071107
v 0.20705655 0.19362304 0.48743793
v 0.19886298 0.19362304 0.52416480
v 0.20026007 0.19362304 0.67107224
v 0.23034990 0.16636319 0.70779908
v 0.21787816 0.19362304 0.70779908
v 0.23034990 0.19362304 0.74125850
v 0.22648014 0.19362304 0.78125280
v 0.23034990 0.19362304 0.75187135
v 0.23034990 0.18118030 0.78125280
v 0.23034990 0.19004035 0.81797969
v 0.23034990 0.19362304 0.79274958
v 0.23034990 0.19362304 0.82238549
v 0.23034990 0.23034990 -0.76235622
v 0.23034990 0.20614561 -0.50418735
v 0.23034990 0.23034990 -0.47660798
v 0.22752698 0.23034990 -0.46746048
v 0.23034990 0.19901906 -0.46746048
v 0.23034990 0.20723981 -0.43073362
v 0.22562020 0.23034990 -0.43073362
v 0.22000113 0.23034990 -0.39400676
v 0.23034990 0.21730472 -0.35727990
v 0.22070485 0.23034990 -0.35727990
v 0.23034990 0.22457783 -0.32055303
v 0.23034990 0.23034990 -0.32964811
v 0.20563732 0.23034990 -0.28382617
v 0.23034990 0.23034990 -0.31315804
v 0.19964026 0.23034990 -0.21037246
v 0.20789619 0.23034990 -0.17364560
v 0.20666553 0.23034990 -0.13691874
v 0.19458722 0.23034990 -0.10019187
v 0.19525675 0.23034990 0.00998872
v 0.19927754 0.23034990 0.04671558
v 0.19712432 0.23034990 0.23034990
v 0.20833555 0.23034990 0.26707676
v 0.19578131 0.23034990 0.30380362
v 0.19539742 0.23034990 0.34053048
v 0.20201387 0.23034990 0.37725735
v 0.19657610 0.23034990 0.41398421
v 0.20838949 0.23034990 0.45071107
v 0.20433508 0.23034990 0.48743793
v 0.20554598 0.23034990 0.52416480
v 0.20488946 0.23034990 0.67107224
v 0.21822548 0.23034990 0.70779908
v 0.23034990 0.19715528 0.74452597
v 0.22085267 0.23034990 0.74452597
v 0.22500305 0.23034990 0.78125280
v 0.23034990 0.23034990 0.79479706
v 0.23034990 0.23034990 0.82297683
v 0.23034990 0.26707676 -0.76877624
v 0.22499506 0.26707676 -0.46746048
v 0.23034990 0.26707676 -0.49246642
v 0.23034990 0.26707676 -0.44406551
v 0.23034990 0.25356308 -0.43073362
v 0.21765541 0.26707676 -0.39400676
v 0.23034990 0.26707676 -0.42113993
v 0.20905638 0.26707676 -0.35727990
v 0.23034990 0.23506656 -0.32055303
v 0.19657050 0.26707676 -0.24709933
v 0.20717859 0.26707676 -0.21037246
v 0.20170158 0.26707676 -0.17364560
v 0.19679144 0.26707676 -0.10019187
v 0.20412970 0.26707676 -0.02673814
v 0.19728936 0.26707676 0.23034990
v 0.19831125 0.26707676 0.41398421
v 0.21033648 0.26707676 0.70779908
v 0.21913768 0.26707676 0.74452597
v 0.23034990 0.26707676 0.75752574
v 0.23034990 0.24048276 0.78125280
v 0.23034990 0.25854763 0.81797969
v 0.22414015 0.26707676 0.81797969
v 0.23034990 0.26707676 0.81192839
v 0.23034990 0.30380362 -0.76337284
v 0.21780728 0.30380362 -0.50418735
v 0.23034990 0.30380362 -0.52485293
v 0.23034990 0.27556005 -0.50418735
v 0.23034990 0.29056287 -0.46746048
v 0.23034990 0.30380362 -0.47720751
v 0.23034990 0.30380362 -0.46037251
v 0.21438500 0.30380362 -0.43073362
v 0.23034990 0.27422643 -0.43073362
v 0.21047196 0.30380362 -0.39400676
v 0.19605492 0.30380362 -0.32055303
v 0.20608257 0.30380362 -0.24709933
v 0.20294289 0.30380362 -0.21037246
v 0.19882712 0.30380362 -0.17364560
v 0.19541088 0.30380362 -0.10019187
v 0.19765684 0.30380362 -0.06346501
v 0.19486965 0.30380362 -0.02673814
v 0.19590165 0.30380362 0.26707676
v 0.20467006 0.30380362 0.30380362
v 0.19853640 0.30380362 0.37725735
v 0.20124023 0.30380362 0.41398421
v 0.19797334 0.30380362 0.52416480
v 0.21557377 0.30380362 0.70779908
v 0.21316122 0.30380362 0.74452597
v 0.23034990 0.28480482 0.78125280
v 0.21366082 0.30380362 0.78125280
v 0.22469370 0.30380362 0.81797969
v 0.23034990 0.31269056 -0.76127541
v 0.20162341 0.34053048 -0.76127541
v 0.23034990 0.34053048 -0.75121725
v 0.23011102 0.34053048 -0.54091424
v 0.23034990 0.34053048 -0.54133892
v 0.23034990 0.33972812 -0.54091424
v 0.22458050 0.34053048 -0.50418735
v 0.23034990 0.34053048 -0.49042943
v 0.21090698 0.34053048 -0.43073362
v 0.23034990 0.34053048 -0.45673746
v 0.20290659 0.34053048 -0.39400676
v 0.19657750 0.34053048 -0.35727990
v 0.19874893 0.34053048 -0.24709933
v 0.20199537 0.34053048 -0.21037246
v 0.19902213 0.34053048 -0.17364560
v 0.19560617 0.34053048 -0.13691874
v 0.20224069 0.34053048 0.34053048
v 0.19412361 0.34053048 0.48743793
v 0.20007570 0.34053048 0.67107224
v 0.19592491 0.34053048 0.70779908
v 0.20114972 0.34053048 0.74452597
v 0.20637062 0.34053048 0.78125280
v 0.20755196 0.34053048 0.81797969
v 0.21313557 0.37725735 -0.76127541
v 0.23034990 0.37725735 -0.74912322
v 0.23034990 0.34088144 -0.54091424
v 0.22416972 0.37725735 -0.50418735
v 0.23034990 0.37725735 -0.51475430
v 0.23034990 0.37514293 -0.46746048
v 0.22992104 0.37725735 -0.46746048
v 0.22657919 0.37725735 -0.43073362
v 0.21796405 0.37725735 -0.39400676
v 0.21361627 0.37725735 -0.35727990
v 0.21551073 0.37725735 -0.32055303
v 0.20891444 0.37725735 -0.28382617
v 0.20594765 0.37725735 -0.24709933
v 0.21603176 0.37725735 -0.21037246
v 0.20842493 0.37725735 -0.17364560
v 0.21284977 0.37725735 -0.13691874
v 0.20090076 0.37725735 -0.10019187
v 0.19720165 0.37725735 -0.06346501
v 0.20539817 0.37725735 -0.02673814
v 0.20841807 0.37725735 0.00998872
v 0.19603461 0.37725735 0.08344244
v 0.19370317 0.37725735 0.56089163
v 0.21183123 0.37725735 0.78125280
v 0.20778733 0.37725735 0.81797969
v 0.23034990 0.38715833 -0.76127541
v 0.23034990 0.41398421 -0.78798819
v 0.23034990 0.38306764 -0.50418735
v 0.23034990 0.37788346 -0.46746048
v 0.23034990 0.38148493 -0.43073362
v 0.23034990 0.39152715 -0.39400676
v 0.23034990 0.39882827 -0.35727990
v 0.23034990 0.39201945 -0.32055303
v 0.23034990 0.39744994 -0.28382617
v 0.23034990 0.39591008 -0.24709933
v 0.23034990 0.38768947 -0.21037246
v 0.23034990 0.39099124 -0.17364560
v 0.23034990 0.39632365 -0.13691874
v 0.23034990 0.39804482 -0.10019187
v 0.23034990 0.39690873 -0.06346501
v 0.23034990 0.39932618 -0.02673814
v 0.23034990 0.39844424 0.00998872
v 0.23034990 0.39590421 0.04671558
v 0.23034990 0.40231413 0.08344244
v 0.23034990 0.39497924 0.12016930
v 0.23034990 0.39893475 0.15689617
v 0.23034990 0.39893994 0.19362304
v 0.23034990 0.40027523 0.23034990
v 0.23034990 0.40619749 0.26707676
v 0.23034990 0.40040147 0.30380362
v 0.23034990 0.39626834 0.34053048
v 0.23034990 0.40378830 0.37725735
v 0.23034990 0.40439156 0.41398421
v 0.23034990 0.40012097 0.45071107
v 0.22736278 0.41398421 0.48743793
v 0.23034990 0.41398421 0.48099115
v 0.23034990 0.41398421 0.49293622
v 0.23034990 0.40241992 0.52416480
v 0.22257452 0.41398421 0.56089163
v 0.23034990 0.41398421 0.55154967
v 0.23034990 0.41115582 0.59761852
v 0.23034990 0.41398421 0.58688015
v 0.20312040 0.41398421 0.63434535
v 0.23034990 0.41398421 0.60156685
v 0.20770481 0.41398421 0.67107224
v 0.21215683 0.41398421 0.70779908
v 0.21122935 0.41398421 0.74452597
v 0.23034990 0.41398421 0.76088077
v 0.23034990 0.39696002 0.78125280
v 0.21495046 0.41398421 0.81797969
v 0.23034990 0.41398421 0.79959649
v 0.23034990 0.42760757 -0.79800224
v 0.23034990 0.45071107 -0.81483114
v 0.23034990 0.41814888 0.48743793
v 0.23034990 0.41984734 0.56089163
v 0.23034990 0.42445767 0.63434535
v 0.23034990 0.42645845 0.67107224
v 0.23034990 0.42832574 0.70779908
v 0.23034990 0.42636502 0.74452597
v 0.21391188 0.45071107 0.81797969
v 0.23034990 0.45071107 0.80042887
v 0.23034990 0.47838846 -0.83472914
v 0.23034990 0.48743793 -0.83943474
v 0.20936838 0.48743793 0.81797969
v 0.23034990 0.48743793 0.78859472
v 0.23034990 0.52416480 -0.83729702
v 0.21745633 0.52416480 -0.39400676
v 0.23034990 0.52416480 -0.40442652
v 0.23034990 0.50707978 -0.39400676
v 0.23034990 0.52261794 -0.35727990
v 0.22832066 0.52416480 -0.35727990
v 0.23034990 0.52416480 -0.35508528
v 0.23034990 0.52416480 0.49493170
v 0.23034990 0.49866766 0.52416480
v 0.23034990 0.49440253 0.56089163
v 0.23034990 0.49449641 0.59761852
v 0.23034990 0.49605700 0.63434535
v 0.23034990 0.49679336 0.67107224
v 0.23034990 0.52416480 0.69810909
v 0.23034990 0.52416480 0.78361452
v 0.23034990 0.53009588 -0.83472914
v 0.23034990 0.56089163 -0.81367868
v 0.23034990 0.54674965 -0.39400676
v 0.22950228 0.56089163 -0.35727990
v 0.23034990 0.56089163 -0.36009070
v 0.23034990 0.54644281 -0.32055303
v 0.21517266 0.56089163 -0.32055303
v 0.23034990 0.56089163 -0.30068779
v 0.21034041 0.56089163 -0.24709933
v 0.23034990 0.56089163 -0.26382670
v 0.23034990 0.55134344 -0.24709933
v 0.23034990 0.56089163 -0.22893511
v 0.23023053 0.56089163 -0.13691874
v 0.23034990 0.56089163 -0.13701169
v 0.23034990 0.56086057 -0.13691874
v 0.23034990 0.56089163 -0.13645051
v 0.22417365 0.56089163 0.15689617
v 0.23034990 0.56089163 0.14444314
v 0.23034990 0.55599624 0.15689617
v 0.23034990 0.55289966 0.19362304
v 0.21516776 0.56089163 0.19362304
v 0.23034990 0.54620969 0.23034990
v 0.21267955 0.56089163 0.23034990
v 0.23034990 0.54204965 0.26707676
v 0.21093751 0.56089163 0.26707676
v 0.23034990 0.53722131 0.30380362
v 0.20818269 0.56089163 0.30380362
v 0.23034990 0.53987402 0.34053048
v 0.20841247 0.56089163 0.34053048
v 0.23034990 0.54470891 0.37725735
v 0.21552362 0.56089163 0.37725735
v 0.23034990 0.54338902 0.41398421
v 0.21799642 0.56089163 0.41398421
v 0.23034990 0.53053480 0.45071107
v 0.21326265 0.56089163 0.45071107
v 0.23034990 0.53844750 0.48743793
v 0.20636922 0.56089163 0.48743793
v 0.23034990 0.53870499 0.70779908
v 0.20787840 0.56089163 0.70779908
v 0.23034990 0.53689653 0.74452597
v 0.20917799 0.56089163 0.74452597
v 0.23034990 0.52826500 0.78125280
v 0.20153445 0.56089163 0.78125280
v 0.21539809 0.59761852 -0.79800224
v 0.23034990 0.59761852 -0.80206609
v 0.20651521 0.59761852 -0.76127541
v 0.22161329 0.59761852 -0.65109479
v 0.23034990 0.59761852 -0.65544671
v 0.23034990 0.59304446 -0.65109479
v 0.23034990 0.58516377 -0.61436796
v 0.21156238 0.59761852 -0.61436796
v 0.23034990 0.57293022 -0.57764107
v 0.21009691 0.59761852 -0.57764107
v 0.23034990 0.56706315 -0.54091424
v 0.23034990 0.56495321 -0.50418735
v 0.19821389 0.59761852 -0.50418735
v 0.23034990 0.57226807 -0.46746048
v 0.19484290 0.59761852 -0.46746048
v 0.23034990 0.57282859 -0.43073362
v 0.20055036 0.59761852 -0.43073362
v 0.23034990 0.57671529 -0.39400676
v 0.20064284 0.59761852 -0.35727990
v 0.19933358 0.59761852 -0.32055303
v 0.23034990 0.57355338 -0.28382617
v 0.23034990 0.56688589 -0.21037246
v 0.20115981 0.59761852 -0.21037246
v 0.23034990 0.57280731 -0.17364560
v 0.23034990 0.56432778 -0.10019187
v 0.23034990 0.57036829 -0.06346501
v 0.23034990 0.56519127 -0.02673814
v 0.19549942 0.59761852 -0.02673814
v 0.23034990 0.57030761 0.00998872
v 0.20323668 0.59761852 0.00998872
v 0.23034990 0.57199615 0.04671558
v 0.20308299 0.59761852 0.04671558
v 0.23034990 0.56732583 0.08344244
v 0.19372769 0.59761852 0.08344244
v 0.23034990 0.56365126 0.12016930
v 0.19754267 0.59761852 0.15689617
v 0.19378708 0.59761852 0.19362304
v 0.19397902 0.59761852 0.26707676
v 0.19621029 0.59761852 0.56089163
v 0.23034990 0.60200495 -0.79800224
v 0.23034990 0.63434535 -0.76912969
v 0.19601233 0.63434535 -0.76127541
v 0.22139739 0.63434535 -0.72454852
v 0.23034990 0.63434535 -0.73473662
v 0.23034990 0.62313735 -0.72454852
v 0.23034990 0.63434535 -0.70381463
v 0.23034990 0.63434535 -0.67932039
v 0.23034990 0.64574111 -0.76127541
v 0.20244622 0.67107224 -0.72454852
v 0.23034990 0.64106983 -0.68782169
v 0.20485961 0.67107224 -0.68782169
v 0.24097158 -0.61436796 0.48743793
v 0.24559675 -0.57764107 -0.68782169
v 0.23159386 -0.57764107 -0.61436796
v 0.23042835 -0.57764107 -0.28382617
v 0.23233472 -0.57764107 -0.02673814
v 0.26368910 -0.57764107 0.26707676
v 0.26707676 -0.57854271 0.26707676
v 0.26707676 -0.57764107 0.26487365
v 0.23470706 -0.57764107 0.30380362
v 0.26707676 -0.57764107 0.27038890
v 0.23676039 -0.57764107 0.34053048
v 0.23292762 -0.57764107 0.45071107
v 0.26707676 -0.59226930 0.45071107
v 0.26707676 -0.57764107 0.43721533
v 0.26707676 -0.58093357 0.48743793
v 0.26707676 -0.57764107 0.49511734
v 0.26360404 -0.57764107 0.56089163
v 0.25539240 -0.57764107 0.59761852
v 0.26707676 -0.57764107 0.61016619
v 0.26707676 -0.60510278 0.63434535
v 0.23102154 -0.57764107 0.63434535
v 0.26707676 -0.59580243 0.67107224
v 0.26707676 -0.59149599 0.70779908
v 0.26707676 -0.59552002 0.74452597
v 0.23679948 -0.57764107 0.78125280
v 0.26707676 -0.57764107 0.77207464
v 0.25683096 -0.54091424 -0.72454852
v 0.26707676 -0.54091424 -0.71262139
v 0.26707676 -0.56954724 -0.68782169
v 0.26707676 -0.55606204 -0.65109479
v 0.25944975 -0.54091424 -0.61436796
v 0.26707676 -0.54091424 -0.62274623
v 0.24368563 -0.54091424 -0.57764107
v 0.26707676 -0.54116589 -0.54091424
v 0.26707676 -0.54091424 -0.54120451
v 0.25249061 -0.54091424 -0.54091424
v 0.24471468 -0.54091424 -0.50418735
v 0.26707676 -0.54091424 -0.54044199
v 0.24922791 -0.54091424 -0.46746048
v 0.26707676 -0.54091424 -0.43886834
v 0.26707676 -0.55038428 -0.43073362
v 0.24407539 -0.54091424 -0.43073362
v 0.26707676 -0.54091424 -0.41332355
v 0.25224724 -0.54091424 -0.35727990
v 0.26707676 -0.54294777 -0.32055303
v 0.26707676 -0.54091424 -0.33949721
v 0.26338732 -0.54091424 -0.32055303
v 0.26707676 -0.54091424 -0.31734800
v 0.26707676 -0.55279320 -0.24709933
v 0.26707676 -0.54091424 -0.25835708
v 0.23343942 -0.54091424 -0.24709933
v 0.26707676 -0.54091424 -0.23345515
v 0.26707676 -0.54641634 -0.10019187
v 0.26707676 -0.54091424 -0.11351864
v 0.23852302 -0.54091424 -0.06346501
v 0.26707676 -0.55884451 -0.06346501
v 0.26707676 -0.54765821 -0.02673814
v 0.25093520 -0.54091424 0.00998872
v 0.26707676 -0.54091424 -0.00268546
v 0.26707676 -0.55500156 0.04671558
v 0.26707676 -0.54091424 0.02078819
v 0.25782877 -0.54091424 0.04671558
v 0.26707676 -0.54471165 0.08344244
v 0.23497872 -0.54091424 0.12016930
v 0.26707676 -0.54390430 0.12016930
v 0.26106581 -0.54091424 0.15689617
v 0.26707676 -0.54091424 0.13781948
v 0.26707676 -0.54091424 0.16207510
v 0.26707676 -0.56370693 0.19362304
v 0.23625085 -0.54091424 0.23034990
v 0.26707676 -0.54091424 0.22242293
v 0.26707676 -0.54091424 0.24885862
v 0.26707676 -0.55983359 0.30380362
v 0.24627668 -0.54091424 0.34053048
v 0.26707676 -0.56377870 0.34053048
v 0.26707676 -0.54302520 0.37725735
v 0.26707676 -0.54091424 0.38447049
v 0.26707676 -0.57353908 0.45071107
v 0.23577562 -0.54091424 0.45071107
v 0.23950975 -0.54091424 0.48743793
v 0.26707676 -0.57697314 0.48743793
v 0.23657224 -0.54091424 0.52416480
v 0.23718435 -0.54091424 0.56089163
v 0.26707676 -0.54091424 0.59157354
v 0.26707676 -0.56624633 0.59761852
v 0.23631333 -0.54091424 0.70779908
v 0.26707676 -0.54091424 0.67830527
v 0.26707676 -0.57331419 0.70779908
v 0.26707676 -0.57203400 0.74452597
v 0.23650400 -0.54091424 0.74452597
v 0.26707676 -0.53401786 -0.72454852
v 0.26707676 -0.50418735 -0.73776537
v 0.26707676 -0.53474492 -0.61436796
v 0.26707676 -0.52761060 -0.57764107
v 0.26707676 -0.52943486 -0.50418735
v 0.26707676 -0.52544695 -0.46746048
v 0.23441985 -0.50418735 -0.39400676
v 0.26707676 -0.53581536 -0.39400676
v 0.26707676 -0.53738689 -0.35727990
v 0.26707676 -0.52269506 -0.28382617
v 0.26675817 -0.50418735 -0.24709933
v 0.26707676 -0.50418735 -0.24760319
v 0.26707676 -0.50532502 -0.24709933
v 0.26707676 -0.50418735 -0.24642663
v 0.26707676 -0.52266675 -0.21037246
v 0.26707676 -0.51937991 -0.17364560
v 0.26707676 -0.53603518 -0.13691874
v 0.26707676 -0.53747672 0.00998872
v 0.26707676 -0.52415276 0.15689617
v 0.26707676 -0.53720611 0.23034990
v 0.26707676 -0.53878695 0.41398421
v 0.24286799 -0.50418735 0.45071107
v 0.26707676 -0.50418735 0.42638490
v 0.24324389 -0.50418735 0.48743793
v 0.24289909 -0.50418735 0.52416480
v 0.24097802 -0.50418735 0.56089163
v 0.26707676 -0.50418735 0.58564204
v 0.24294561 -0.50418735 0.70779908
v 0.26707676 -0.50418735 0.68301201
v 0.24306890 -0.50418735 0.74452597
v 0.26707676 -0.47988757 -0.76127541
v 0.26707676 -0.46746048 -0.77075374
v 0.26707676 -0.50392061 -0.24709933
v 0.24532524 -0.46746048 0.45071107
v 0.26707676 -0.46746048 0.42678729
v 0.24413088 -0.46746048 0.48743793
v 0.24388318 -0.46746048 0.52416480
v 0.24405368 -0.46746048 0.56089163
v 0.26707676 -0.49221095 0.59761852
v 0.24455678 -0.46746048 0.59761852
v 0.26707676 -0.49161482 0.63434535
v 0.24424925 -0.46746048 0.63434535
v 0.26707676 -0.49224764 0.67107224
v 0.24501267 -0.46746048 0.67107224
v 0.26707676 -0.48115715 0.70779908
v 0.26707676 -0.46746048 0.69410247
v 0.26707676 -0.48192075 0.74452597
v 0.26707676 -0.48156580 0.78125280
v 0.26707676 -0.46746048 0.79535812
v 0.26707676 -0.43073362 -0.77878737
v 0.24546899 -0.43073362 0.37725735
v 0.26707676 -0.43073362 0.35342449
v 0.26707676 -0.45469561 0.37725735
v 0.26707676 -0.45465750 0.41398421
v 0.24541925 -0.43073362 0.41398421
v 0.24531893 -0.43073362 0.45071107
v 0.24519873 -0.43073362 0.48743793
v 0.24545035 -0.43073362 0.52416480
v 0.24548146 -0.43073362 0.56089163
v 0.24569021 -0.43073362 0.59761852
v 0.26707676 -0.43073362 0.62159586
v 0.26707676 -0.44348326 0.63434535
v 0.26707676 -0.44350615 0.67107224
v 0.24170865 -0.43073362 0.81797969
v 0.26707676 -0.43073362 0.79431927
v 0.23819560 -0.39400676 -0.79800224
v 0.26707676 -0.39400676 -0.78139251
v 0.24584110 -0.39400676 0.37725735
v 0.26707676 -0.39400676 0.35292333
v 0.24642980 -0.39400676 0.41398421
v 0.24623534 -0.39400676 0.45071107
v 0.24640711 -0.39400676 0.48743793
v 0.24638441 -0.39400676 0.52416480
v 0.24599591 -0.39400676 0.56089163
v 0.24567802 -0.39400676 0.59761852
v 0.26707676 -0.39400676 0.62524635
v 0.24102314 -0.39400676 0.81797969
v 0.26707676 -0.39400676 0.79361415
v 0.24553147 -0.35727990 -0.79800224
v 0.26707676 -0.35727990 -0.78589070
v 0.24658728 -0.35727990 -0.02673814
v 0.26707676 -0.35727990 -0.04935290
v 0.26707676 -0.37931821 -0.02673814
v 0.26707676 -0.35727990 -0.00365139
v 0.24592474 -0.35727990 0.34053048
v 0.26707676 -0.35727990 0.31511083
v 0.26707676 -0.38161400 0.34053048
v 0.24580508 -0.35727990 0.37725735
v 0.24564146 -0.35727990 0.41398421
v 0.24432519 -0.35727990 0.45071107
v 0.24462403 -0.35727990 0.48743793
v 0.24459714 -0.35727990 0.52416480
v 0.24370301 -0.35727990 0.56089163
v 0.24324389 -0.35727990 0.59761852
v 0.26707676 -0.35727990 0.62860048
v 0.24047491 -0.35727990 0.81797969
v 0.26707676 -0.35727990 0.79191262
v 0.23476043 -0.32055303 -0.79800224
v 0.26707676 -0.32055303 -0.77985448
v 0.24596635 -0.32055303 -0.02673814
v 0.26707676 -0.32055303 -0.05228292
v 0.26707676 -0.32055303 -0.00166594
v 0.24172574 -0.32055303 0.34053048
v 0.26707676 -0.32055303 0.31050986
v 0.24227732 -0.32055303 0.37725735
v 0.24291465 -0.32055303 0.41398421
v 0.24251620 -0.32055303 0.45071107
v 0.24058741 -0.32055303 0.48743793
v 0.24139245 -0.32055303 0.52416480
v 0.24147986 -0.32055303 0.56089163
v 0.24051246 -0.32055303 0.59761852
v 0.26707676 -0.32055303 0.63341469
v 0.24126019 -0.32055303 0.81797969
v 0.26707676 -0.32055303 0.79111183
v 0.23455057 -0.28382617 -0.79800224
v 0.26707676 -0.28382617 -0.77996320
v 0.24221583 -0.28382617 -0.24709933
v 0.26707676 -0.28382617 -0.28176233
v 0.26707676 -0.31448615 -0.24709933
v 0.26707676 -0.31225270 -0.21037246
v 0.24168722 -0.28382617 -0.21037246
v 0.26707676 -0.31233355 -0.17364560
v 0.24335653 -0.28382617 -0.17364560
v 0.26707676 -0.30950615 -0.13691874
v 0.24401838 -0.28382617 -0.13691874
v 0.26707676 -0.30946678 -0.10019187
v 0.24353474 -0.28382617 -0.10019187
v 0.26707676 -0.30937096 -0.06346501
v 0.24336410 -0.28382617 -0.06346501
v 0.24389032 -0.28382617 -0.02673814
v 0.26707676 -0.28382617 0.00204739
v 0.24384744 -0.28382617 0.19362304
v 0.26707676 -0.28382617 0.16491987
v 0.26707676 -0.31213501 0.19362304
v 0.26707676 -0.31497180 0.23034990
v 0.24333411 -0.28382617 0.23034990
v 0.26707676 -0.31014872 0.26707676
v 0.24307661 -0.28382617 0.26707676
v 0.26707676 -0.31384680 0.30380362
v 0.24260011 -0.28382617 0.30380362
v 0.24123804 -0.28382617 0.34053048
v 0.24200454 -0.28382617 0.37725735
v 0.24213751 -0.28382617 0.41398421
v 0.24056864 -0.28382617 0.45071107
v 0.23990315 -0.28382617 0.48743793
v 0.23982443 -0.28382617 0.52416480
v 0.23929077 -0.28382617 0.56089163
v 0.24086888 -0.28382617 0.59761852
v 0.26707676 -0.31962228 0.63434535
v 0.24120246 -0.28382617 0.63434535
v 0.26707676 -0.31947756 0.67107224
v 0.24067569 -0.28382617 0.67107224
v 0.26707676 -0.28382617 0.70099729
v 0.24192077 -0.28382617 0.81797969
v 0.26707676 -0.28382617 0.79091358
v 0.26707676 -0.24709933 -0.77954984
v 0.26684657 -0.24709933 -0.28382617
v 0.26707676 -0.24709933 -0.28461832
v 0.26707676 -0.24846111 -0.28382617
v 0.24215823 -0.24709933 -0.24709933
v 0.24137928 -0.24709933 -0.21037246
v 0.24198367 -0.24709933 -0.17364560
v 0.24216650 -0.24709933 -0.13691874
v 0.24187860 -0.24709933 -0.10019187
v 0.24261609 -0.24709933 -0.06346501
v 0.24277413 -0.24709933 -0.02673814
v 0.26707676 -0.27588487 0.00998872
v 0.24270323 -0.24709933 0.00998872
v 0.26707676 -0.27679399 0.04671558
v 0.24175124 -0.24709933 0.04671558
v 0.26707676 -0.27595666 0.08344244
v 0.24368128 -0.24709933 0.08344244
v 0.26707676 -0.27944359 0.12016930
v 0.24442117 -0.24709933 0.12016930
v 0.26707676 -0.27580246 0.15689617
v 0.24355687 -0.24709933 0.15689617
v 0.24285245 -0.24709933 0.19362304
v 0.24287584 -0.24709933 0.23034990
v 0.24252419 -0.24709933 0.26707676
v 0.24286799 -0.24709933 0.30380362
v 0.24041831 -0.24709933 0.34053048
v 0.24074040 -0.24709933 0.37725735
v 0.24118018 -0.24709933 0.41398421
v 0.23512064 -0.24709933 0.45071107
v 0.23817514 -0.24709933 0.48743793
v 0.23758294 -0.24709933 0.52416480
v 0.23841192 -0.24709933 0.56089163
v 0.23956524 -0.24709933 0.59761852
v 0.24012704 -0.24709933 0.63434535
v 0.23946422 -0.24709933 0.67107224
v 0.26707676 -0.27702439 0.70779908
v 0.24218710 -0.24709933 0.70779908
v 0.26707676 -0.27767205 0.74452597
v 0.24346833 -0.24709933 0.74452597
v 0.26707676 -0.27416539 0.78125280
v 0.24406768 -0.24709933 0.78125280
v 0.23887929 -0.24709933 0.81797969
v 0.26707676 -0.21037246 -0.77896821
v 0.26692966 -0.21037246 -0.28382617
v 0.26707676 -0.21037246 -0.28415591
v 0.23946422 -0.21037246 -0.24709933
v 0.23939306 -0.21037246 -0.21037246
v 0.23918262 -0.21037246 -0.17364560
v 0.24070342 -0.21037246 -0.13691874
v 0.24134411 -0.21037246 -0.10019187
v 0.24240749 -0.21037246 -0.06346501
v 0.24253231 -0.21037246 -0.02673814
v 0.24175979 -0.21037246 0.00998872
v 0.24252026 -0.21037246 0.04671558
v 0.24209197 -0.21037246 0.08344244
v 0.24253623 -0.21037246 0.12016930
v 0.24226920 -0.21037246 0.15689617
v 0.24192497 -0.21037246 0.19362304
v 0.24176413 -0.21037246 0.23034990
v 0.24334911 -0.21037246 0.26707676
v 0.24312998 -0.21037246 0.30380362
v 0.24219117 -0.21037246 0.34053048
v 0.23936251 -0.21037246 0.37725735
v 0.23840645 -0.21037246 0.41398421
v 0.23490545 -0.21037246 0.45071107
v 0.23753950 -0.21037246 0.48743793
v 0.23591180 -0.21037246 0.52416480
v 0.23813619 -0.21037246 0.56089163
v 0.23768380 -0.21037246 0.59761852
v 0.23745222 -0.21037246 0.63434535
v 0.24005923 -0.21037246 0.67107224
v 0.24127349 -0.21037246 0.70779908
v 0.24346833 -0.21037246 0.74452597
v 0.24366671 -0.21037246 0.78125280
v 0.24112205 -0.21037246 0.81797969
v 0.26707676 -0.17364560 -0.77294838
v 0.25807410 -0.17364560 -0.28382617
v 0.26707676 -0.17364560 -0.31492689
v 0.23401999 -0.17364560 -0.24709933
v 0.23671080 -0.17364560 -0.21037246
v 0.23514447 -0.17364560 -0.17364560
v 0.23643550 -0.17364560 -0.13691874
v 0.23666470 -0.17364560 -0.10019187
v 0.23596336 -0.17364560 -0.06346501
v 0.23915151 -0.17364560 -0.02673814
v 0.23824155 -0.17364560 0.00998872
v 0.24024725 -0.17364560 0.04671558
v 0.23974022 -0.17364560 0.08344244
v 0.23981938 -0.17364560 0.12016930
v 0.24151461 -0.17364560 0.15689617
v 0.24051246 -0.17364560 0.19362304
v 0.24042784 -0.17364560 0.23034990
v 0.24065718 -0.17364560 0.26707676
v 0.24125136 -0.17364560 0.30380362
v 0.24088261 -0.17364560 0.34053048
v 0.23936754 -0.17364560 0.37725735
v 0.23740837 -0.17364560 0.41398421
v 0.23346226 -0.17364560 0.45071107
v 0.23408332 -0.17364560 0.48743793
v 0.23726140 -0.17364560 0.52416480
v 0.23607235 -0.17364560 0.56089163
v 0.23566452 -0.17364560 0.59761852
v 0.23322968 -0.17364560 0.63434535
v 0.23825808 -0.17364560 0.67107224
v 0.24089172 -0.17364560 0.70779908
v 0.24274275 -0.17364560 0.74452597
v 0.24398293 -0.17364560 0.78125280
v 0.23896895 -0.17364560 0.81797969
v 0.26707676 -0.13691874 -0.77213454
v 0.25409687 -0.13691874 -0.32055303
v 0.26707676 -0.13691874 -0.34191248
v 0.26707676 -0.16813511 -0.32055303
v 0.26707676 -0.15267052 -0.28382617
v 0.26707676 -0.13691874 -0.29935822
v 0.23656285 -0.13691874 -0.24709933
v 0.26707676 -0.13691874 -0.28141350
v 0.23518509 -0.13691874 -0.21037246
v 0.23253408 -0.13691874 -0.17364560
v 0.23617743 -0.13691874 -0.10019187
v 0.23110896 -0.13691874 -0.02673814
v 0.23091871 -0.13691874 0.00998872
v 0.23285435 -0.13691874 0.04671558
v 0.23445894 -0.13691874 0.08344244
v 0.23820835 -0.13691874 0.12016930
v 0.23801318 -0.13691874 0.15689617
v 0.23753656 -0.13691874 0.19362304
v 0.23608202 -0.13691874 0.23034990
v 0.23770678 -0.13691874 0.26707676
v 0.23358765 -0.13691874 0.30380362
v 0.23568413 -0.13691874 0.34053048
v 0.23608202 -0.13691874 0.37725735
v 0.23641364 -0.13691874 0.41398421
v 0.23657840 -0.13691874 0.45071107
v 0.23080760 -0.13691874 0.48743793
v 0.23071584 -0.13691874 0.52416480
v 0.23227741 -0.13691874 0.56089163
v 0.23707114 -0.13691874 0.63434535
v 0.23594402 -0.13691874 0.67107224
v 0.23870921 -0.13691874 0.70779908
v 0.24114895 -0.13691874 0.74452597
v 0.24231809 -0.13691874 0.78125280
v 0.23753376 -0.13691874 0.81797969
v 0.26707676 -0.10019187 -0.76966703
v 0.26360574 -0.10019187 -0.39400676
v 0.26707676 -0.10019187 -0.39968383
v 0.26707676 -0.10777222 -0.39400676
v 0.26707676 -0.12059084 -0.35727990
v 0.25887716 -0.10019187 -0.35727990
v 0.26707676 -0.10530279 -0.32055303
v 0.26707676 -0.10019187 -0.32615143
v 0.26707676 -0.10098912 -0.28382617
v 0.26662493 -0.10019187 -0.28382617
v 0.26707676 -0.10019187 -0.28718287
v 0.23876721 -0.10019187 -0.24709933
v 0.24952494 -0.10019187 -0.21037246
v 0.23267628 -0.10019187 -0.17364560
v 0.23294164 -0.10019187 -0.13691874
v 0.23341154 -0.10019187 -0.06346501
v 0.23239174 -0.10019187 0.08344244
v 0.23050219 -0.10019187 0.12016930
v 0.23353903 -0.10019187 0.15689617
v 0.23174097 -0.10019187 0.19362304
v 0.23418434 -0.10019187 0.23034990
v 0.23142168 -0.10019187 0.26707676
v 0.23090918 -0.10019187 0.41398421
v 0.23169838 -0.10019187 0.52416480
v 0.23066765 -0.10019187 0.56089163
v 0.23242970 -0.10019187 0.59761852
v 0.23722006 -0.10019187 0.67107224
v 0.23578542 -0.10019187 0.70779908
v 0.24102314 -0.10019187 0.74452597
v 0.24046077 -0.10019187 0.78125280
v 0.23755392 -0.10019187 0.81797969
v 0.26707676 -0.06346501 -0.77670085
v 0.25780606 -0.06346501 -0.39400676
v 0.26707676 -0.06346501 -0.42529228
v 0.25693533 -0.06346501 -0.35727990
v 0.26707676 -0.09310041 -0.32055303
v 0.25798500 -0.06346501 -0.32055303
v 0.24365775 -0.06346501 -0.28382617
v 0.23597988 -0.06346501 -0.24709933
v 0.24002112 -0.06346501 -0.21037246
v 0.23138888 -0.06346501 -0.17364560
v 0.23156373 -0.06346501 -0.13691874
v 0.23453306 -0.06346501 -0.10019187
v 0.23135820 -0.06346501 -0.02673814
v 0.23041196 -0.06346501 0.00998872
v 0.23561198 -0.06346501 0.04671558
v 0.23253211 -0.06346501 0.15689617
v 0.23281148 -0.06346501 0.23034990
v 0.23075773 -0.06346501 0.48743793
v 0.23145810 -0.06346501 0.52416480
v 0.23243965 -0.06346501 0.59761852
v 0.23293981 -0.06346501 0.63434535
v 0.23652573 -0.06346501 0.70779908
v 0.23955010 -0.06346501 0.74452597
v 0.23886879 -0.06346501 0.78125280
v 0.23062688 -0.06346501 0.81797969
v 0.26707676 -0.05192370 -0.76127541
v 0.24440071 -0.02673814 -0.76127541
v 0.26707676 -0.02673814 -0.73741227
v 0.26707676 -0.04465976 -0.39400676
v 0.24935120 -0.02673814 -0.35727990
v 0.26707676 -0.02673814 -0.38444412
v 0.26422653 -0.02673814 -0.32055303
v 0.25874546 -0.02673814 -0.28382617
v 0.24159895 -0.02673814 -0.24709933
v 0.24452358 -0.02673814 -0.21037246
v 0.23292230 -0.02673814 -0.17364560
v 0.23059605 -0.02673814 -0.13691874
v 0.23154174 -0.02673814 -0.06346501
v 0.23105559 -0.02673814 0.19362304
v 0.23455422 -0.02673814 0.37725735
v 0.23322786 -0.02673814 0.59761852
v 0.23346226 -0.02673814 0.70779908
v 0.23375452 -0.02673814 0.74452597
v 0.23864490 -0.02673814 0.78125280
v 0.24415189 0.00998872 -0.76127541
v 0.26707676 0.00998872 -0.73655343
v 0.25632519 0.00998872 -0.43073362
v 0.26707676 0.00998872 -0.45272419
v 0.26707676 -0.01239157 -0.43073362
v 0.26707676 -0.00212533 -0.39400676
v 0.26220500 0.00998872 -0.39400676
v 0.26707676 0.00411411 -0.35727990
v 0.26707676 0.00998872 -0.37650916
v 0.26259461 0.00998872 -0.32055303
v 0.26707676 0.00998872 -0.33629811
v 0.26707676 0.00998872 -0.29665270
v 0.26707676 -0.00230445 -0.28382617
v 0.23591824 0.00998872 -0.24709933
v 0.26707676 0.00998872 -0.28303173
v 0.23132052 0.00998872 -0.21037246
v 0.23500142 0.00998872 -0.17364560
v 0.23265667 0.00998872 -0.10019187
v 0.23330002 0.00998872 0.15689617
v 0.23402728 0.00998872 0.48743793
v 0.23949966 0.00998872 0.78125280
v 0.23486061 0.00998872 0.81797969
v 0.24123804 0.04671558 -0.76127541
v 0.26707676 0.04671558 -0.73543221
v 0.26707676 0.02617847 -0.43073362
v 0.26707676 0.02373089 -0.39400676
v 0.25030041 0.04671558 -0.32055303
v 0.26707676 0.04671558 -0.34219375
v 0.26707676 0.04671558 -0.29752105
v 0.23454356 0.04671558 -0.24709933
v 0.26707676 0.04671558 -0.28046039
v 0.23408514 0.04671558 -0.21037246
v 0.23283488 0.04671558 -0.06346501
v 0.23401272 0.04671558 0.45071107
v 0.23342653 0.04671558 0.74452597
v 0.23724669 0.04671558 0.78125280
v 0.23135078 0.04671558 0.81797969
v 0.23748431 0.08344244 -0.76127541
v 0.26707676 0.08344244 -0.73621571
v 0.26201642 0.08344244 -0.46746048
v 0.26707676 0.08344244 -0.49469352
v 0.26707676 0.05423947 -0.46746048
v 0.26707676 0.08344244 -0.45218316
v 0.25585741 0.08344244 -0.39400676
v 0.26707676 0.08344244 -0.41502562
v 0.26707676 0.06178725 -0.39400676
v 0.26707676 0.05962393 -0.35727990
v 0.24749206 0.08344244 -0.35727990
v 0.25400832 0.08344244 -0.32055303
v 0.26707676 0.07922622 -0.28382617
v 0.23464528 0.08344244 -0.24709933
v 0.23176478 0.08344244 0.56089163
v 0.23424360 0.08344244 0.78125280
v 0.23486748 0.12016930 -0.76127541
v 0.26707676 0.12016930 -0.73564357
v 0.26582089 0.12016930 -0.57764107
v 0.26707676 0.12016930 -0.57998323
v 0.26707676 0.11423711 -0.57764107
v 0.26707676 0.12016930 -0.56462443
v 0.25704265 0.12016930 -0.50418735
v 0.26707676 0.12016930 -0.53544623
v 0.26707676 0.08783905 -0.50418735
v 0.25600001 0.12016930 -0.46746048
v 0.26707676 0.09864189 -0.43073362
v 0.25726095 0.12016930 -0.43073362
v 0.24843593 0.12016930 -0.39400676
v 0.24603164 0.12016930 -0.35727990
v 0.24186739 0.12016930 -0.32055303
v 0.24805275 0.12016930 -0.28382617
v 0.23068361 0.12016930 -0.21037246
v 0.23456472 0.12016930 0.78125280
v 0.23385201 0.12016930 0.81797969
v 0.23713391 0.15689617 -0.76127541
v 0.26707676 0.15689617 -0.73503548
v 0.25914630 0.15689617 -0.57764107
v 0.26707676 0.15689617 -0.60282022
v 0.26707676 0.12527762 -0.54091424
v 0.25571057 0.15689617 -0.54091424
v 0.25685269 0.15689617 -0.50418735
v 0.24709640 0.15689617 -0.46746048
v 0.23686533 0.15689617 -0.43073362
v 0.24618420 0.15689617 -0.39400676
v 0.23603354 0.15689617 -0.35727990
v 0.23189074 0.15689617 0.70779908
v 0.23362674 0.15689617 0.74452597
v 0.23357083 0.15689617 0.78125280
v 0.26707676 0.18332967 -0.76127541
v 0.26707676 0.19362304 -0.77935541
v 0.26661932 0.19362304 -0.65109479
v 0.26707676 0.19362304 -0.65175259
v 0.26707676 0.19244358 -0.65109479
v 0.26707676 0.17182052 -0.61436796
v 0.26186776 0.19362304 -0.61436796
v 0.25620386 0.19362304 -0.57764107
v 0.25365710 0.19362304 -0.54091424
v 0.23200016 0.19362304 -0.46746048
v 0.23187532 0.19362304 -0.43073362
v 0.23699310 0.19362304 -0.35727990
v 0.23079668 0.19362304 0.74452597
v 0.23393258 0.19362304 0.81797969
v 0.26707676 0.23034990 -0.77115583
v 0.26448837 0.23034990 -0.65109479
v 0.26707676 0.23034990 -0.65572947
v 0.24938302 0.23034990 -0.61436796
v 0.24953391 0.23034990 -0.57764107
v 0.23670520 0.23034990 -0.54091424
v 0.24044368 0.23034990 -0.50418735
v 0.23176380 0.23034990 -0.32055303
v 0.23473242 0.23034990 0.81797969
v 0.26707676 0.26707676 -0.77491283
v 0.26707676 0.24654314 -0.65109479
v 0.26707676 0.26059201 -0.61436796
v 0.25014025 0.26707676 -0.57764107
v 0.26707676 0.26707676 -0.60713768
v 0.24525337 0.26707676 -0.54091424
v 0.23366876 0.26707676 -0.50418735
v 0.23185781 0.26707676 -0.43073362
v 0.23666778 0.26707676 0.78125280
v 0.26707676 0.30380362 -0.79264838
v 0.25666481 0.30380362 -0.65109479
v 0.26707676 0.30380362 -0.67048174
v 0.26707676 0.27779847 -0.65109479
v 0.26707676 0.27227327 -0.61436796
v 0.24982280 0.30380362 -0.61436796
v 0.24412386 0.30380362 -0.57764107
v 0.24024935 0.30380362 -0.54091424
v 0.23597890 0.30380362 -0.46746048
v 0.26645386 0.34053048 -0.79800224
v 0.26707676 0.33518195 -0.79800224
v 0.26707676 0.34053048 -0.79862243
v 0.25144461 0.34053048 -0.76127541
v 0.25933683 0.34053048 -0.65109479
v 0.26707676 0.34053048 -0.67676145
v 0.25832319 0.34053048 -0.61436796
v 0.24346988 0.34053048 -0.57764107
v 0.23801206 0.34053048 -0.46746048
v 0.26707676 0.34323320 -0.79800224
v 0.26707676 0.36168334 -0.76127541
v 0.26707676 0.37725735 -0.75046390
v 0.25891063 0.37725735 -0.68782169
v 0.26707676 0.37725735 -0.70180136
v 0.26707676 0.34954897 -0.68782169
v 0.25326818 0.37725735 -0.65109479
v 0.25269657 0.37725735 -0.61436796
v 0.24421717 0.37725735 -0.57764107
v 0.24705102 0.37725735 -0.54091424
v 0.26707676 0.38620538 -0.76127541
v 0.26707676 0.41398421 -0.79758036
v 0.26707676 0.39106143 -0.68782169
v 0.26707676 0.39936206 -0.65109479
v 0.26707676 0.40276247 -0.61436796
v 0.26707676 0.40100431 -0.57764107
v 0.26707676 0.39484826 -0.54091424
v 0.26707676 0.40168986 -0.50418735
v 0.26707676 0.40722051 -0.46746048
v 0.26707676 0.40466630 -0.43073362
v 0.26635060 0.41398421 -0.39400676
v 0.26707676 0.41398421 -0.39544860
v 0.26707676 0.41398421 -0.39274138
v 0.26707676 0.40531877 -0.35727990
v 0.26707676 0.40745041 -0.32055303
v 0.23843923 0.41398421 -0.28382617
v 0.26707676 0.41398421 -0.31647229
v 0.23988844 0.41398421 -0.24709933
v 0.24005923 0.41398421 -0.21037246
v 0.24148855 0.41398421 -0.17364560
v 0.23657224 0.41398421 -0.13691874
v 0.23677188 0.41398421 -0.10019187
v 0.23845549 0.41398421 -0.06346501
v 0.23667087 0.41398421 -0.02673814
v 0.23792870 0.41398421 0.00998872
v 0.23923935 0.41398421 0.04671558
v 0.23597625 0.41398421 0.08344244
v 0.23936754 0.41398421 0.12016930
v 0.23625337 0.41398421 0.15689617
v 0.23839553 0.41398421 0.19362304
v 0.23544988 0.41398421 0.23034990
v 0.23318206 0.41398421 0.26707676
v 0.23457173 0.41398421 0.30380362
v 0.23975016 0.41398421 0.34053048
v 0.23449789 0.41398421 0.37725735
v 0.23362674 0.41398421 0.41398421
v 0.23492604 0.41398421 0.45071107
v 0.23574297 0.41398421 0.52416480
v 0.23121978 0.41398421 0.59761852
v 0.23713391 0.41398421 0.78125280
v 0.26707676 0.41429901 -0.79800224
v 0.26707676 0.45071107 -0.82427871
v 0.26707676 0.41481474 -0.39400676
v 0.26707676 0.44124648 -0.28382617
v 0.26707676 0.44334844 -0.24709933
v 0.26707676 0.44124648 -0.21037246
v 0.26707676 0.44213417 -0.17364560
v 0.26707676 0.44216582 -0.13691874
v 0.26707676 0.44168317 -0.10019187
v 0.26707676 0.44086653 -0.06346501
v 0.26707676 0.44166288 -0.02673814
v 0.24100058 0.45071107 0.00998872
v 0.26707676 0.45071107 -0.01768988
v 0.24067105 0.45071107 0.04671558
v 0.24154067 0.45071107 0.08344244
v 0.24090993 0.45071107 0.12016930
v 0.23967549 0.45071107 0.15689617
v 0.24077263 0.45071107 0.19362304
v 0.24355687 0.45071107 0.23034990
v 0.24160989 0.45071107 0.26707676
v 0.24448238 0.45071107 0.30380362
v 0.24302281 0.45071107 0.34053048
v 0.24334168 0.45071107 0.37725735
v 0.24088709 0.45071107 0.41398421
v 0.24105480 0.45071107 0.45071107
v 0.23738497 0.45071107 0.48743793
v 0.24066643 0.45071107 0.52416480
v 0.23902136 0.45071107 0.56089163
v 0.24135728 0.45071107 0.59761852
v 0.24267158 0.45071107 0.63434535
v 0.24002042 0.45071107 0.67107224
v 0.24019442 0.45071107 0.70779908
v 0.24002533 0.45071107 0.74452597
v 0.23856406 0.45071107 0.78125280
v 0.25454521 0.48743793 -0.83472914
v 0.26707676 0.48743793 -0.82768834
v 0.24189121 0.48743793 0.00998872
v 0.26707676 0.48743793 -0.02342789
v 0.24046077 0.48743793 0.04671558
v 0.24073578 0.48743793 0.08344244
v 0.23933183 0.48743793 0.12016930
v 0.23967046 0.48743793 0.15689617
v 0.23947431 0.48743793 0.19362304
v 0.24003990 0.48743793 0.23034990
v 0.24089172 0.48743793 0.26707676
v 0.24297658 0.48743793 0.30380362
v 0.24049845 0.48743793 0.34053048
v 0.24055940 0.48743793 0.37725735
v 0.24039477 0.48743793 0.41398421
v 0.23939809 0.48743793 0.45071107
v 0.23871987 0.48743793 0.48743793
v 0.24157962 0.48743793 0.52416480
v 0.23731449 0.48743793 0.56089163
v 0.23740837 0.48743793 0.59761852
v 0.23896895 0.48743793 0.63434535
v 0.23970534 0.48743793 0.67107224
v 0.24220769 0.48743793 0.70779908
v 0.24051723 0.48743793 0.74452597
v 0.23382078 0.48743793 0.78125280
v 0.23285827 0.52416480 -0.83472914
v 0.26707676 0.49527425 -0.79800224
v 0.23263691 0.52416480 -0.79800224
v 0.26707676 0.49900025 -0.76127541
v 0.23838459 0.52416480 -0.76127541
v 0.26707676 0.52416480 -0.73461699
v 0.25073513 0.52416480 -0.61436796
v 0.26707676 0.52416480 -0.63567388
v 0.26707676 0.50609601 -0.61436796
v 0.26707676 0.51298243 -0.57764107
v 0.26310697 0.52416480 -0.57764107
v 0.26707676 0.51718855 -0.54091424
v 0.26015782 0.52416480 -0.54091424
v 0.26707676 0.51537114 -0.50418735
v 0.25634328 0.52416480 -0.50418735
v 0.26707676 0.52416480 -0.49236754
v 0.24786866 0.52416480 -0.39400676
v 0.23522964 0.52416480 -0.35727990
v 0.24720906 0.52416480 -0.32055303
v 0.26707676 0.52416480 -0.34771860
v 0.26707676 0.50946558 -0.32055303
v 0.26707676 0.51470906 -0.28382617
v 0.24564271 0.52416480 -0.28382617
v 0.26707676 0.50604486 -0.24709933
v 0.25351530 0.52416480 -0.24709933
v 0.26707676 0.52344984 -0.21037246
v 0.26644826 0.52416480 -0.21037246
v 0.26707676 0.52416480 -0.20313150
v 0.25315133 0.52416480 -0.13691874
v 0.26707676 0.52416480 -0.17049855
v 0.26707676 0.50298953 -0.13691874
v 0.26707676 0.52416480 -0.12000640
v 0.25132257 0.52416480 -0.02673814
v 0.26707676 0.52416480 -0.06244745
v 0.26707676 0.49836111 -0.02673814
v 0.23911873 0.52416480 0.00998872
v 0.24994230 0.52416480 0.04671558
v 0.23883165 0.52416480 0.08344244
v 0.23948440 0.52416480 0.12016930
v 0.23694491 0.52416480 0.15689617
v 0.24126901 0.52416480 0.19362304
v 0.24025202 0.52416480 0.23034990
v 0.23854782 0.52416480 0.26707676
v 0.23727331 0.52416480 0.30380362
v 0.23847188 0.52416480 0.34053048
v 0.23856406 0.52416480 0.37725735
v 0.23483302 0.52416480 0.41398421
v 0.23194622 0.52416480 0.45071107
v 0.23784366 0.52416480 0.48743793
v 0.24003990 0.52416480 0.70779908
v 0.23543994 0.52416480 0.74452597
v 0.23271158 0.52416480 0.78125280
v 0.23846094 0.56089163 -0.79800224
v 0.23387948 0.56089163 -0.76127541
v 0.26707676 0.56089163 -0.73358661
v 0.25913718 0.56089163 -0.65109479
v 0.26707676 0.56089163 -0.66654789
v 0.26707676 0.55110019 -0.65109479
v 0.23823608 0.56089163 -0.61436796
v 0.23702112 0.56089163 -0.57764107
v 0.23741397 0.56089163 -0.54091424
v 0.23470524 0.56089163 -0.50418735
v 0.26707676 0.53771222 -0.46746048
v 0.24378076 0.56089163 -0.46746048
v 0.26707676 0.54316527 -0.43073362
v 0.25205797 0.56089163 -0.43073362
v 0.26707676 0.53317291 -0.39400676
v 0.23609926 0.56089163 -0.39400676
v 0.26707676 0.53055793 -0.35727990
v 0.23607963 0.56089163 -0.28382617
v 0.23432319 0.56089163 -0.21037246
v 0.26707676 0.52533901 -0.17364560
v 0.23628068 0.56089163 -0.17364560
v 0.26707676 0.53901869 -0.10019187
v 0.23250186 0.56089163 -0.10019187
v 0.26707676 0.52451760 -0.06346501
v 0.23758629 0.56089163 -0.06346501
v 0.23546235 0.56089163 -0.02673814
v 0.23561801 0.56089163 0.00998872
v 0.23696494 0.56089163 0.04671558
v 0.23591502 0.56089163 0.08344244
v 0.23261128 0.56089163 0.12016930
v 0.23457523 0.59761852 -0.79800224
v 0.23646982 0.59761852 -0.76127541
v 0.26707676 0.59275407 -0.72454852
v 0.26048678 0.59761852 -0.72454852
v 0.26707676 0.59761852 -0.70552695
v 0.26707676 0.59761852 -0.67987394
v 0.23794566 0.63434535 -0.76127541
v 0.26679376 0.63434535 -0.72454852
v 0.26707676 0.63378131 -0.72454852
v 0.26707676 0.63434535 -0.72457707
v 0.23773256 0.63434535 -0.68782169
v 0.26707676 0.60244095 -0.68782169
v 0.26707676 0.63434535 -0.72445577
v 0.26707676 0.63448393 -0.72454852
v 0.26885408 -0.57764107 0.26707676
v 0.27887613 -0.57764107 0.45071107
v 0.27029687 -0.57764107 0.48743793
v 0.28037748 -0.57764107 0.63434535
v 0.27394456 -0.57764107 0.67107224
v 0.28271073 -0.57764107 0.70779908
v 0.28525540 -0.57764107 0.74452597
v 0.27770880 -0.54091424 -0.72454852
v 0.30380362 -0.55211049 -0.72454852
v 0.30380362 -0.54091424 -0.73306930
v 0.30380362 -0.55787188 -0.68782169
v 0.30380362 -0.55905151 -0.65109479
v 0.27711168 -0.54091424 -0.61436796
v 0.30380362 -0.55414236 -0.61436796
v 0.30380362 -0.54091424 -0.59965163
v 0.26747295 -0.54091424 -0.54091424
v 0.27663255 -0.54091424 -0.43073362
v 0.27023563 -0.54091424 -0.35727990
v 0.30380362 -0.57382023 -0.35727990
v 0.30380362 -0.54091424 -0.38682634
v 0.27473697 -0.54091424 -0.32055303
v 0.30380362 -0.54091424 -0.33067393
v 0.30380362 -0.54989892 -0.24709933
v 0.30380362 -0.54091424 -0.25949174
v 0.28041136 -0.54091424 -0.21037246
v 0.30380362 -0.55872691 -0.21037246
v 0.30380362 -0.54091424 -0.19328830
v 0.30380362 -0.54893422 -0.10019187
v 0.30380362 -0.54091424 -0.10971858
v 0.28246611 -0.54091424 -0.06346501
v 0.30380362 -0.54091424 -0.09317858
v 0.27858654 -0.54091424 -0.02673814
v 0.27922344 -0.54091424 0.04671558
v 0.30380362 -0.54091424 0.08231154
v 0.30380362 -0.54151154 0.08344244
v 0.28045622 -0.54091424 0.12016930
v 0.30380362 -0.54091424 0.08676538
v 0.30380362 -0.54091424 0.13452849
v 0.30380362 -0.54746515 0.15689617
v 0.27752528 -0.54091424 0.15689617
v 0.30380362 -0.54235947 0.19362304
v 0.28048718 -0.54091424 0.23034990
v 0.30380362 -0.55374360 0.23034990
v 0.30380362 -0.54172081 0.26707676
v 0.30380362 -0.55088890 0.30380362
v 0.30380362 -0.55019003 0.34053048
v 0.30380362 -0.55918235 0.37725735
v 0.27377039 -0.54091424 0.41398421
v 0.30380362 -0.55333620 0.41398421
v 0.30380362 -0.54091424 0.41851217
v 0.29197273 -0.54091424 0.59761852
v 0.30380362 -0.54091424 0.62557137
v 0.30380362 -0.54418331 0.63434535
v 0.30030724 -0.54091424 0.67107224
v 0.30380362 -0.54091424 0.65390193
v 0.30380362 -0.50418735 -0.73969740
v 0.30380362 -0.51148856 -0.57764107
v 0.30380362 -0.52018237 -0.54091424
v 0.30380362 -0.54035926 -0.50418735
v 0.30380362 -0.53308374 -0.46746048
v 0.30380362 -0.53453195 -0.43073362
v 0.30380362 -0.53508586 -0.39400676
v 0.30380362 -0.53319114 -0.32055303
v 0.30380362 -0.52300787 -0.28382617
v 0.26744059 -0.50418735 -0.24709933
v 0.30380362 -0.51992244 -0.17364560
v 0.30380362 -0.52980620 -0.13691874
v 0.30380362 -0.52656502 -0.06346501
v 0.30380362 -0.53177917 -0.02673814
v 0.30380362 -0.53639185 0.00998872
v 0.30380362 -0.52971697 0.04671558
v 0.30380362 -0.53599828 0.12016930
v 0.30380362 -0.50418735 0.42254528
v 0.30279109 -0.50418735 0.59761852
v 0.30380362 -0.50418735 0.60116309
v 0.30380362 -0.50852776 0.67107224
v 0.30380362 -0.50418735 0.67119873
v 0.30141068 -0.46746048 -0.76127541
v 0.30380362 -0.46746048 -0.75954646
v 0.30380362 -0.46746048 0.41821304
v 0.30380362 -0.50000769 0.63434535
v 0.30380362 -0.50406075 0.67107224
v 0.30380362 -0.47507313 0.70779908
v 0.30380362 -0.46746048 0.70018655
v 0.30380362 -0.47558245 0.74452597
v 0.30380362 -0.47341132 0.78125280
v 0.30380362 -0.46746048 0.78720367
v 0.30380362 -0.46594191 -0.76127541
v 0.30380362 -0.43073362 -0.77888608
v 0.30380362 -0.43073362 0.34361470
v 0.30380362 -0.46413910 0.37725735
v 0.30380362 -0.46323162 0.41398421
v 0.29921135 -0.43073362 0.63434535
v 0.30017918 -0.43073362 0.67107224
v 0.30380362 -0.43073362 0.69429821
v 0.29730821 -0.43073362 0.78125280
v 0.30380362 -0.43073362 0.76745361
v 0.30380362 -0.44470018 0.78125280
v 0.30380362 -0.39400676 -0.78032160
v 0.29888690 -0.39400676 -0.32055303
v 0.30380362 -0.39400676 -0.34496319
v 0.30380362 -0.40929976 -0.32055303
v 0.30380362 -0.39400676 -0.29327053
v 0.29523399 -0.39400676 -0.24709933
v 0.30380362 -0.39400676 -0.27782443
v 0.30380362 -0.41194314 -0.24709933
v 0.30380362 -0.39400676 -0.22192889
v 0.29604715 -0.39400676 0.34053048
v 0.30380362 -0.39400676 0.32411432
v 0.30380362 -0.41596818 0.34053048
v 0.28485373 -0.39400676 0.63434535
v 0.29478863 -0.39400676 0.67107224
v 0.30380362 -0.39400676 0.69409335
v 0.29664722 -0.39400676 0.74452597
v 0.30380362 -0.39400676 0.72145611
v 0.30380362 -0.40856019 0.74452597
v 0.30380362 -0.41362846 0.78125280
v 0.30380362 -0.39400676 0.76242512
v 0.30380362 -0.39400676 0.78565276
v 0.30380362 -0.35727990 -0.78013474
v 0.29880366 -0.35727990 -0.39400676
v 0.30380362 -0.35727990 -0.41443488
v 0.30380362 -0.36747497 -0.39400676
v 0.30380362 -0.35727990 -0.35886753
v 0.29458675 -0.35727990 -0.32055303
v 0.30380362 -0.35727990 -0.35609969
v 0.30380362 -0.38721597 -0.28382617
v 0.29449973 -0.35727990 -0.28382617
v 0.30380362 -0.36450824 -0.24709933
v 0.30380362 -0.35727990 -0.25523525
v 0.30380362 -0.35727990 -0.05551269
v 0.30380362 -0.38571182 -0.02673814
v 0.30380362 -0.35727990 -0.00010807
v 0.29162371 -0.35727990 0.15689617
v 0.30380362 -0.35727990 0.12236484
v 0.30380362 -0.37338468 0.15689617
v 0.30380362 -0.35727990 0.19236863
v 0.30226123 -0.35727990 0.23034990
v 0.30380362 -0.35727990 0.20457606
v 0.30380362 -0.36236113 0.23034990
v 0.30380362 -0.36931348 0.26707676
v 0.29965031 -0.35727990 0.26707676
v 0.30380362 -0.35727990 0.27991444
v 0.30380362 -0.35727990 0.30735156
v 0.28302988 -0.35727990 0.63434535
v 0.28806162 -0.35727990 0.67107224
v 0.30380362 -0.38893446 0.70779908
v 0.27907914 -0.35727990 0.70779908
v 0.30026731 -0.35727990 0.74452597
v 0.30380362 -0.36551455 0.78125280
v 0.30058071 -0.35727990 0.78125280
v 0.30380362 -0.32055303 -0.77562040
v 0.30285960 -0.32055303 -0.39400676
v 0.30380362 -0.32055303 -0.39623022
v 0.30380362 -0.32055303 -0.38992056
v 0.29436496 -0.32055303 -0.32055303
v 0.30380362 -0.32055303 -0.34170094
v 0.30380362 -0.32055303 -0.28704017
v 0.30380362 -0.32325938 -0.28382617
v 0.30380362 -0.32055303 -0.28158006
v 0.28728518 -0.32055303 -0.24709933
v 0.30380362 -0.35033920 -0.24709933
v 0.30380362 -0.34583884 -0.21037246
v 0.28428212 -0.32055303 -0.21037246
v 0.30380362 -0.32055303 -0.17917962
v 0.29749399 -0.32055303 -0.13691874
v 0.30380362 -0.32055303 -0.15906085
v 0.30380362 -0.33084333 -0.13691874
v 0.30380362 -0.32055303 -0.11030428
v 0.30148968 -0.32055303 -0.06346501
v 0.30380362 -0.32055303 -0.08053222
v 0.30380362 -0.32408810 -0.06346501
v 0.30380362 -0.32055303 0.00518063
v 0.28465283 -0.32055303 0.15689617
v 0.30380362 -0.32055303 0.12285142
v 0.30380362 -0.35394213 0.19362304
v 0.29527745 -0.32055303 0.19362304
v 0.30380362 -0.33176443 0.23034990
v 0.30380362 -0.32055303 0.22690941
v 0.29243857 -0.32055303 0.26707676
v 0.30380362 -0.32055303 0.23218074
v 0.30380362 -0.32171455 0.30380362
v 0.30323830 -0.32055303 0.30380362
v 0.26865485 -0.32055303 0.63434535
v 0.27088207 -0.32055303 0.67107224
v 0.27533254 -0.32055303 0.70779908
v 0.30263895 -0.32055303 0.74452597
v 0.28741589 -0.32055303 0.78125280
v 0.30380362 -0.28382617 -0.77574664
v 0.29760608 -0.28382617 -0.61436796
v 0.30380362 -0.28382617 -0.62593782
v 0.30380362 -0.29961586 -0.61436796
v 0.30380362 -0.28382617 -0.59694278
v 0.29919147 -0.28382617 -0.50418735
v 0.30380362 -0.28382617 -0.52657056
v 0.30380362 -0.30089718 -0.50418735
v 0.30380362 -0.30177948 -0.46746048
v 0.29415199 -0.28382617 -0.46746048
v 0.30380362 -0.29796267 -0.43073362
v 0.29097226 -0.28382617 -0.43073362
v 0.28664380 -0.28382617 -0.39400676
v 0.30380362 -0.30922750 -0.35727990
v 0.28283906 -0.28382617 -0.35727990
v 0.29397869 -0.28382617 -0.32055303
v 0.30380362 -0.31939369 -0.28382617
v 0.27278942 -0.28382617 -0.28382617
v 0.30380362 -0.31851420 -0.17364560
v 0.30380362 -0.31934866 -0.10019187
v 0.30380362 -0.28543755 0.00998872
v 0.30290586 -0.28382617 0.00998872
v 0.30380362 -0.28651783 0.04671558
v 0.30201605 -0.28382617 0.04671558
v 0.30380362 -0.28382617 0.06633292
v 0.30075094 -0.28382617 0.12016930
v 0.30380362 -0.28382617 0.10042629
v 0.30380362 -0.29400352 0.12016930
v 0.29496753 -0.28382617 0.15689617
v 0.30380362 -0.32021490 0.23034990
v 0.27715415 -0.28382617 0.70779908
v 0.28216839 -0.28382617 0.74452597
v 0.28453848 -0.28382617 0.78125280
v 0.30380362 -0.24709933 -0.77956074
v 0.29536906 -0.24709933 -0.61436796
v 0.30380362 -0.24709933 -0.62941039
v 0.30380362 -0.24709933 -0.58020449
v 0.29441035 -0.24709933 -0.54091424
v 0.30380362 -0.24709933 -0.57355213
v 0.30380362 -0.27338636 -0.54091424
v 0.30305323 -0.24709933 -0.50418735
v 0.28551698 -0.24709933 -0.46746048
v 0.28053170 -0.24709933 -0.43073362
v 0.28438383 -0.24709933 -0.39400676
v 0.28401452 -0.24709933 -0.35727990
v 0.28194198 -0.24709933 -0.32055303
v 0.30380362 -0.28344217 0.08344244
v 0.30380362 -0.21037246 -0.77989858
v 0.29159585 -0.21037246 -0.61436796
v 0.30380362 -0.21037246 -0.63383907
v 0.30380362 -0.21037246 -0.58702326
v 0.30380362 -0.21181530 -0.54091424
v 0.30380362 -0.24209391 -0.50418735
v 0.30380362 -0.21611978 -0.46746048
v 0.30380362 -0.21123625 -0.43073362
v 0.29402480 -0.21037246 -0.39400676
v 0.30380362 -0.21037246 -0.42510906
v 0.27909958 -0.21037246 -0.35727990
v 0.27732912 -0.21037246 -0.32055303
v 0.30380362 -0.17364560 -0.77878040
v 0.29656693 -0.17364560 -0.61436796
v 0.30380362 -0.17364560 -0.63686562
v 0.30380362 -0.19855998 -0.57764107
v 0.29161686 -0.17364560 -0.57764107
v 0.30380362 -0.17364560 -0.54435939
v 0.29635972 -0.17364560 -0.50418735
v 0.30380362 -0.17364560 -0.53431302
v 0.30380362 -0.19619919 -0.50418735
v 0.30380362 -0.20597501 -0.46746048
v 0.28529099 -0.17364560 -0.46746048
v 0.30380362 -0.20992854 -0.43073362
v 0.27875608 -0.17364560 -0.43073362
v 0.29666179 -0.17364560 -0.39400676
v 0.27224261 -0.17364560 -0.35727990
v 0.26901674 -0.17364560 -0.32055303
v 0.30380362 -0.13691874 -0.77507293
v 0.29240423 -0.13691874 -0.61436796
v 0.30380362 -0.13691874 -0.63741893
v 0.29405266 -0.13691874 -0.57764107
v 0.30380362 -0.13691874 -0.55893946
v 0.28836998 -0.13691874 -0.50418735
v 0.30380362 -0.13691874 -0.52024430
v 0.29847372 -0.13691874 -0.46746048
v 0.29142058 -0.13691874 -0.43073362
v 0.27741346 -0.13691874 -0.39400676
v 0.27104220 -0.13691874 -0.35727990
v 0.27297926 -0.13691874 -0.28382617
v 0.30380362 -0.10019187 -0.77648419
v 0.29844052 -0.10019187 -0.65109479
v 0.30380362 -0.10019187 -0.67068946
v 0.30380362 -0.11755266 -0.65109479
v 0.29317772 -0.10019187 -0.61436796
v 0.29102409 -0.10019187 -0.57764107
v 0.30380362 -0.10452613 -0.54091424
v 0.30032235 -0.10019187 -0.54091424
v 0.29064035 -0.10019187 -0.50418735
v 0.28096226 -0.10019187 -0.46746048
v 0.28040940 -0.10019187 -0.43073362
v 0.26840058 -0.10019187 -0.32055303
v 0.30380362 -0.06346501 -0.77863348
v 0.29152158 -0.06346501 -0.65109479
v 0.30380362 -0.06346501 -0.67345637
v 0.30182987 -0.06346501 -0.61436796
v 0.28234869 -0.06346501 -0.57764107
v 0.29030326 -0.06346501 -0.54091424
v 0.27707204 -0.06346501 -0.50418735
v 0.28247800 -0.06346501 -0.46746048
v 0.27007198 -0.06346501 -0.43073362
v 0.30380362 -0.05429002 -0.76127541
v 0.30380362 -0.02673814 -0.73184216
v 0.29557067 -0.02673814 -0.65109479
v 0.30380362 -0.02673814 -0.67374361
v 0.28985843 -0.02673814 -0.61436796
v 0.29380187 -0.02673814 -0.57764107
v 0.29101583 -0.02673814 -0.54091424
v 0.28076330 -0.02673814 -0.50418735
v 0.27886450 -0.02673814 -0.46746048
v 0.27931899 -0.02673814 -0.43073362
v 0.28043267 -0.02673814 -0.39400676
v 0.30380362 0.00998872 -0.73464060
v 0.29869395 0.00998872 -0.65109479
v 0.30380362 0.00998872 -0.66314346
v 0.28470352 0.00998872 -0.61436796
v 0.29021218 0.00998872 -0.57764107
v 0.28408092 0.00998872 -0.54091424
v 0.28732806 0.00998872 -0.50418735
v 0.27903935 0.00998872 -0.46746048
v 0.27377027 0.00998872 -0.35727990
v 0.27150229 0.00998872 -0.28382617
v 0.30380362 0.04191709 -0.72454852
v 0.29942909 0.04671558 -0.72454852
v 0.30380362 0.04671558 -0.71467638
v 0.30139428 0.04671558 -0.65109479
v 0.30380362 0.04671558 -0.65668327
v 0.29257697 0.04671558 -0.61436796
v 0.29830405 0.04671558 -0.57764107
v 0.28350034 0.04671558 -0.54091424
v 0.27704653 0.04671558 -0.50418735
v 0.26854980 0.04671558 -0.46746048
v 0.29137811 0.04671558 -0.43073362
v 0.27850121 0.04671558 -0.39400676
v 0.28581735 0.04671558 -0.35727990
v 0.27922106 0.04671558 -0.28382617
v 0.30380362 0.07812005 -0.72454852
v 0.30380362 0.08344244 -0.72489959
v 0.30249771 0.08344244 -0.65109479
v 0.30380362 0.08344244 -0.65394223
v 0.27154896 0.08344244 -0.61436796
v 0.28269672 0.08344244 -0.57764107
v 0.27925301 0.08344244 -0.54091424
v 0.27279824 0.08344244 -0.50418735
v 0.27455232 0.08344244 -0.43073362
v 0.30380362 0.12016930 -0.72546166
v 0.30380362 0.09937266 -0.65109479
v 0.28062209 0.12016930 -0.61436796
v 0.30380362 0.12016930 -0.64999855
v 0.27186194 0.12016930 -0.54091424
v 0.30380362 0.15689617 -0.72774333
v 0.28460419 0.15689617 -0.65109479
v 0.30380362 0.15689617 -0.68473220
v 0.30380362 0.12214005 -0.65109479
v 0.27308893 0.15689617 -0.61436796
v 0.29021695 0.19362304 -0.76127541
v 0.30380362 0.19362304 -0.73749751
v 0.29579681 0.19362304 -0.68782169
v 0.30380362 0.19362304 -0.70411688
v 0.30380362 0.16297574 -0.68782169
v 0.28615597 0.23034990 -0.76127541
v 0.30380362 0.23034990 -0.73446870
v 0.28954321 0.23034990 -0.68782169
v 0.30380362 0.23034990 -0.71399814
v 0.29815778 0.26707676 -0.79800224
v 0.30380362 0.25978389 -0.79800224
v 0.30380362 0.26707676 -0.80097508
v 0.30380362 0.26707676 -0.78186435
v 0.29345402 0.26707676 -0.76127541
v 0.30380362 0.26110983 -0.72454852
v 0.30166581 0.26707676 -0.72454852
v 0.29666528 0.26707676 -0.68782169
v 0.27059960 0.26707676 -0.65109479
v 0.26984811 0.26707676 -0.61436796
v 0.27362359 0.30380362 -0.79800224
v 0.30380362 0.30380362 -0.80641496
v 0.28944066 0.28817442 -0.78083450
v 0.30380362 0.30380362 -0.76868820
v 0.29770973 0.30380362 -0.76127541
v 0.28472665 0.30380362 -0.72454852
v 0.29533571 0.30380362 -0.68782169
v 0.30380362 0.34053048 -0.81308961
v 0.30380362 0.34053048 -0.77313614
v 0.28595898 0.34053048 -0.76127541
v 0.28393045 0.34053048 -0.72454852
v 0.27110454 0.34053048 -0.68782169
v 0.30203986 0.37725735 -0.79800224
v 0.30380362 0.37725735 -0.79850626
v 0.30380362 0.37725735 -0.79714447
v 0.28070503 0.37725735 -0.72454852
v 0.30380362 0.37802538 -0.79800224
v 0.30120122 0.41398421 -0.76127541
v 0.30380362 0.41398421 -0.75459152
v 0.30380362 0.40636083 -0.72454852
v 0.30070302 0.41398421 -0.68782169
v 0.30380362 0.41398421 -0.69424474
v 0.28613693 0.41398421 -0.65109479
v 0.28147811 0.41398421 -0.61436796
v 0.30380362 0.41398421 -0.59740937
v 0.30380362 0.40052924 -0.57764107
v 0.30380362 0.40092713 -0.54091424
v 0.30380362 0.40843156 -0.50418735
v 0.30380362 0.41090253 -0.46746048
v 0.28128141 0.41398421 -0.43073362
v 0.30380362 0.41398421 -0.46125770
v 0.28716946 0.41398421 -0.35727990
v 0.28363693 0.41398421 -0.32055303
v 0.29796514 0.45071107 -0.79800224
v 0.30380362 0.45071107 -0.79343355
v 0.30380362 0.41548625 -0.76127541
v 0.30380362 0.41610169 -0.68782169
v 0.30380362 0.43666515 -0.65109479
v 0.28784698 0.45071107 -0.61436796
v 0.30380362 0.45071107 -0.63879448
v 0.30380362 0.45071107 -0.57785994
v 0.30380362 0.44599217 -0.43073362
v 0.29868892 0.45071107 -0.39400676
v 0.30380362 0.45071107 -0.41420782
v 0.30380362 0.45071107 -0.38128215
v 0.30380362 0.43739888 -0.35727990
v 0.29915082 0.45071107 -0.32055303
v 0.30380362 0.45071107 -0.33085424
v 0.30380362 0.44830427 -0.28382617
v 0.30380362 0.45071107 -0.30820468
v 0.28419819 0.45071107 -0.24709933
v 0.30380362 0.45071107 -0.27661633
v 0.30380362 0.45071107 -0.21593997
v 0.30380362 0.44891888 -0.21037246
v 0.29993343 0.45071107 -0.17364560
v 0.30380362 0.45071107 -0.18876314
v 0.28843698 0.45071107 -0.13691874
v 0.29109359 0.45071107 -0.10019187
v 0.28828984 0.45071107 -0.06346501
v 0.28507060 0.45071107 -0.02673814
v 0.30380362 0.46341410 -0.79800224
v 0.30380362 0.48743793 -0.80857044
v 0.29567406 0.48743793 -0.65109479
v 0.30380362 0.48743793 -0.66807592
v 0.30380362 0.46776089 -0.65109479
v 0.28941727 0.48743793 -0.61436796
v 0.30380362 0.48743793 -0.57864577
v 0.28116274 0.48743793 -0.54091424
v 0.30380362 0.48743793 -0.57728410
v 0.30380362 0.45330268 -0.54091424
v 0.30380362 0.47269556 -0.50418735
v 0.30097020 0.48743793 -0.50418735
v 0.30380362 0.46916810 -0.46746048
v 0.29482028 0.48743793 -0.46746048
v 0.30380362 0.46620339 -0.43073362
v 0.29837427 0.48743793 -0.43073362
v 0.29117846 0.48743793 -0.39400676
v 0.30380362 0.46296424 -0.35727990
v 0.28984499 0.48743793 -0.35727990
v 0.29402310 0.48743793 -0.32055303
v 0.30380362 0.45929679 -0.28382617
v 0.28981277 0.48743793 -0.28382617
v 0.27458256 0.48743793 -0.24709933
v 0.30380362 0.45651731 -0.21037246
v 0.28557047 0.48743793 -0.21037246
v 0.28336641 0.48743793 -0.17364560
v 0.27953854 0.48743793 -0.13691874
v 0.28425816 0.48743793 -0.10019187
v 0.28399378 0.48743793 -0.06346501
v 0.27262115 0.48743793 -0.02673814
v 0.30380362 0.49143168 -0.79800224
v 0.30380362 0.49626547 -0.76127541
v 0.30380362 0.52416480 -0.73041415
v 0.29250860 0.52416480 -0.65109479
v 0.30380362 0.52416480 -0.66373086
v 0.30380362 0.48781440 -0.57764107
v 0.28206444 0.52416480 -0.46746048
v 0.27675134 0.52416480 -0.43073362
v 0.27774692 0.52416480 -0.39400676
v 0.27206397 0.52416480 -0.35727990
v 0.26803309 0.52416480 -0.17364560
v 0.28034890 0.52416480 -0.10019187
v 0.26751807 0.52416480 -0.06346501
v 0.30380362 0.56089163 -0.72592407
v 0.28029943 0.56089163 -0.68782169
v 0.30380362 0.56089163 -0.71571827
v 0.30380362 0.54207516 -0.68782169
v 0.30380362 0.57944423 -0.72454852
v 0.27430418 0.59761852 -0.68782169
v 0.26717567 0.63434535 -0.72454852
v 0.34053048 -0.54991412 -0.72454852
v 0.34053048 -0.54091424 -0.73192292
v 0.32082304 -0.54091424 -0.68782169
v 0.34053048 -0.54091424 -0.70554405
v 0.31651157 -0.54091424 -0.65109479
v 0.32038525 -0.54091424 -0.61436796
v 0.31744814 -0.54091424 -0.35727990
v 0.30706364 -0.54091424 -0.24709933
v 0.31121191 -0.54091424 -0.21037246
v 0.30534557 -0.54091424 -0.10019187
v 0.30397370 -0.54091424 0.08344244
v 0.30629829 -0.54091424 0.15689617
v 0.30437130 -0.54091424 0.19362304
v 0.30666435 -0.54091424 0.23034990
v 0.30400676 -0.54091424 0.26707676
v 0.30870283 -0.54091424 0.30380362
v 0.30787903 -0.54091424 0.34053048
v 0.31185472 -0.54091424 0.37725735
v 0.30833158 -0.54091424 0.41398421
v 0.30485213 -0.54091424 0.63434535
v 0.34053048 -0.50418735 -0.73949391
v 0.34053048 -0.51216960 -0.68782169
v 0.33727759 -0.50418735 -0.65109479
v 0.34053048 -0.50418735 -0.66529346
v 0.34053048 -0.50418735 -0.64023918
v 0.34053048 -0.51584685 -0.61436796
v 0.31588531 -0.50418735 -0.57764107
v 0.34053048 -0.50418735 -0.59867042
v 0.34053048 -0.50418735 -0.56435347
v 0.34053048 -0.53211284 -0.54091424
v 0.33034453 -0.50418735 -0.50418735
v 0.34053048 -0.50418735 -0.51507998
v 0.33281228 -0.50418735 -0.46746048
v 0.33869082 -0.50418735 -0.43073362
v 0.32081997 -0.50418735 -0.39400676
v 0.31370097 -0.50418735 -0.35727990
v 0.31643772 -0.50418735 -0.32055303
v 0.30995157 -0.50418735 -0.28382617
v 0.31165659 -0.50418735 -0.24709933
v 0.31182739 -0.50418735 -0.21037246
v 0.31037146 -0.50418735 -0.17364560
v 0.31202859 -0.50418735 -0.13691874
v 0.31009993 -0.50418735 -0.10019187
v 0.31205016 -0.50418735 -0.06346501
v 0.31389096 -0.50418735 -0.02673814
v 0.31320879 -0.50418735 0.00998872
v 0.31299877 -0.50418735 0.04671558
v 0.31091475 -0.50418735 0.08344244
v 0.31233835 -0.50418735 0.12016930
v 0.31240687 -0.50418735 0.15689617
v 0.31335688 -0.50418735 0.19362304
v 0.31030786 -0.50418735 0.23034990
v 0.31336668 -0.50418735 0.26707676
v 0.31417564 -0.50418735 0.30380362
v 0.31385788 -0.50418735 0.34053048
v 0.31122917 -0.50418735 0.37725735
v 0.31236470 -0.50418735 0.41398421
v 0.30798328 -0.50418735 0.63434535
v 0.30393013 -0.50418735 0.67107224
v 0.34053048 -0.46746048 -0.73158073
v 0.34053048 -0.49596387 -0.65109479
v 0.32915127 -0.46746048 -0.57764107
v 0.34053048 -0.46746048 -0.60658568
v 0.34053048 -0.46746048 -0.55120009
v 0.33303294 -0.46746048 -0.50418735
v 0.34053048 -0.46746048 -0.52980262
v 0.31446788 -0.46746048 -0.46746048
v 0.31376779 -0.46746048 -0.43073362
v 0.31397557 -0.46746048 -0.39400676
v 0.31342050 -0.46746048 -0.35727990
v 0.30991724 -0.46746048 -0.32055303
v 0.31374875 -0.46746048 -0.28382617
v 0.31141058 -0.46746048 -0.24709933
v 0.31309420 -0.46746048 -0.21037246
v 0.31275472 -0.46746048 -0.17364560
v 0.31412479 -0.46746048 -0.13691874
v 0.31142753 -0.46746048 -0.10019187
v 0.31142753 -0.46746048 -0.06346501
v 0.31465170 -0.46746048 -0.02673814
v 0.31421262 -0.46746048 0.00998872
v 0.31312418 -0.46746048 0.04671558
v 0.31508085 -0.46746048 0.08344244
v 0.31332242 -0.46746048 0.12016930
v 0.31190920 -0.46746048 0.15689617
v 0.31332731 -0.46746048 0.19362304
v 0.30898654 -0.46746048 0.23034990
v 0.30976382 -0.46746048 0.26707676
v 0.30996391 -0.46746048 0.30380362
v 0.31086209 -0.46746048 0.34053048
v 0.30712500 -0.46746048 0.37725735
v 0.30803245 -0.46746048 0.41398421
v 0.31141618 -0.46746048 0.70779908
v 0.31192559 -0.46746048 0.74452597
v 0.30975443 -0.46746048 0.78125280
v 0.31681025 -0.43073362 -0.76127541
v 0.34053048 -0.43073362 -0.73345858
v 0.31055778 -0.43073362 -0.61436796
v 0.34053048 -0.43073362 -0.64327514
v 0.34053048 -0.46640563 -0.61436796
v 0.31230137 -0.43073362 -0.57764107
v 0.34053048 -0.46595359 -0.54091424
v 0.31369621 -0.43073362 -0.54091424
v 0.31389570 -0.43073362 -0.50418735
v 0.31338140 -0.43073362 -0.46746048
v 0.31185472 -0.43073362 -0.43073362
v 0.31389096 -0.43073362 -0.39400676
v 0.30938807 -0.43073362 -0.35727990
v 0.30778670 -0.43073362 -0.32055303
v 0.30655158 -0.43073362 -0.28382617
v 0.30890024 -0.43073362 -0.24709933
v 0.30623984 -0.43073362 -0.21037246
v 0.31053382 -0.43073362 -0.17364560
v 0.31037453 -0.43073362 -0.13691874
v 0.31192559 -0.43073362 -0.10019187
v 0.31405038 -0.43073362 -0.06346501
v 0.31459817 -0.43073362 -0.02673814
v 0.31268287 -0.43073362 0.00998872
v 0.31246975 -0.43073362 0.04671558
v 0.31325334 -0.43073362 0.08344244
v 0.31155083 -0.43073362 0.12016930
v 0.30824527 -0.43073362 0.15689617
v 0.31300384 -0.43073362 0.19362304
v 0.30585542 -0.43073362 0.23034990
v 0.31013384 -0.43073362 0.26707676
v 0.30702639 -0.43073362 0.30380362
v 0.30688784 -0.43073362 0.34053048
v 0.30500907 -0.43073362 0.70779908
v 0.30985168 -0.43073362 0.74452597
v 0.31823090 -0.39400676 -0.76127541
v 0.34053048 -0.39400676 -0.72996449
v 0.33413708 -0.39400676 -0.65109479
v 0.34053048 -0.39400676 -0.66150737
v 0.34053048 -0.40143147 -0.65109479
v 0.30971661 -0.39400676 -0.61436796
v 0.31377733 -0.39400676 -0.57764107
v 0.31321371 -0.39400676 -0.54091424
v 0.31406438 -0.39400676 -0.50418735
v 0.31300887 -0.39400676 -0.46746048
v 0.31280601 -0.39400676 -0.43073362
v 0.31084752 -0.39400676 -0.39400676
v 0.30534446 -0.39400676 -0.35727990
v 0.30487484 -0.39400676 -0.28382617
v 0.30622613 -0.39400676 -0.21037246
v 0.30830747 -0.39400676 -0.17364560
v 0.31259486 -0.39400676 -0.13691874
v 0.31126335 -0.39400676 -0.10019187
v 0.31192014 -0.39400676 -0.06346501
v 0.31209862 -0.39400676 -0.02673814
v 0.31421262 -0.39400676 0.00998872
v 0.31037146 -0.39400676 0.04671558
v 0.31225890 -0.39400676 0.08344244
v 0.31275472 -0.39400676 0.12016930
v 0.31282127 -0.39400676 0.15689617
v 0.30925861 -0.39400676 0.19362304
v 0.30807799 -0.39400676 0.23034990
v 0.30767757 -0.39400676 0.26707676
v 0.30910507 -0.39400676 0.30380362
v 0.30641666 -0.39400676 0.70779908
v 0.30820352 -0.39400676 0.78125280
v 0.33512971 -0.35727990 -0.76127541
v 0.34053048 -0.35727990 -0.75110203
v 0.34053048 -0.37485904 -0.65109479
v 0.34053048 -0.36054000 -0.61436796
v 0.33425364 -0.35727990 -0.57764107
v 0.34053048 -0.35727990 -0.58904785
v 0.32542092 -0.35727990 -0.54091424
v 0.33234754 -0.35727990 -0.50418735
v 0.32754683 -0.35727990 -0.46746048
v 0.30629450 -0.35727990 -0.43073362
v 0.30395436 -0.35727990 -0.35727990
v 0.30513752 -0.35727990 -0.24709933
v 0.30859131 -0.35727990 -0.21037246
v 0.30499223 -0.35727990 -0.17364560
v 0.31065291 -0.35727990 -0.13691874
v 0.31231719 -0.35727990 -0.10019187
v 0.31175593 -0.35727990 -0.06346501
v 0.31390047 -0.35727990 0.00998872
v 0.30900967 -0.35727990 0.04671558
v 0.31127468 -0.35727990 0.08344244
v 0.30438769 -0.35727990 0.12016930
v 0.30413076 -0.35727990 0.19362304
v 0.30735156 -0.35727990 0.30380362
v 0.33079171 -0.32055303 -0.76127541
v 0.34053048 -0.32055303 -0.74043471
v 0.32666993 -0.32055303 -0.65109479
v 0.34053048 -0.32055303 -0.67362416
v 0.34053048 -0.34672955 -0.65109479
v 0.34053048 -0.32055303 -0.61438417
v 0.32287106 -0.32055303 -0.57764107
v 0.34053048 -0.32055303 -0.61435550
v 0.33898741 -0.32055303 -0.54091424
v 0.32238209 -0.32055303 -0.50418735
v 0.31304711 -0.32055303 -0.46746048
v 0.30879349 -0.32055303 -0.43073362
v 0.30655339 -0.32055303 -0.35727990
v 0.30418652 -0.32055303 -0.28382617
v 0.30584252 -0.32055303 -0.17364560
v 0.30500808 -0.32055303 -0.10019187
v 0.30861163 -0.32055303 0.00998872
v 0.30868268 -0.32055303 0.04671558
v 0.30702275 -0.32055303 0.08344244
v 0.30494392 -0.32055303 0.12016930
v 0.30414182 -0.32055303 0.23034990
v 0.31950539 -0.28382617 -0.76127541
v 0.34053048 -0.28382617 -0.73244327
v 0.33303320 -0.28382617 -0.68782169
v 0.34053048 -0.28382617 -0.70006955
v 0.34053048 -0.30128729 -0.68782169
v 0.32453492 -0.28382617 -0.65109479
v 0.34053048 -0.32054463 -0.61436796
v 0.31245869 -0.28382617 -0.57764107
v 0.30656293 -0.28382617 -0.54091424
v 0.30418763 -0.28382617 0.08344244
v 0.31969592 -0.24709933 -0.76127541
v 0.34053048 -0.24709933 -0.72924834
v 0.32659119 -0.24709933 -0.68782169
v 0.34053048 -0.24709933 -0.71353400
v 0.32385585 -0.24709933 -0.65109479
v 0.30553249 -0.24709933 -0.57764107
v 0.31803685 -0.21037246 -0.76127541
v 0.34053048 -0.23340274 -0.72454852
v 0.33071256 -0.21037246 -0.72454852
v 0.34053048 -0.22614709 -0.68782169
v 0.34053048 -0.21037246 -0.70659131
v 0.34053048 -0.21835189 -0.65109479
v 0.34053048 -0.21037246 -0.64776093
v 0.30962023 -0.21037246 -0.57764107
v 0.30413145 -0.21037246 -0.54091424
v 0.30813110 -0.21037246 -0.50418735
v 0.30504674 -0.21037246 -0.46746048
v 0.30392691 -0.21037246 -0.43073362
v 0.31782082 -0.17364560 -0.76127541
v 0.32577550 -0.17364560 -0.72454852
v 0.34053048 -0.17364560 -0.69103837
v 0.31315625 -0.17364560 -0.65109479
v 0.34053048 -0.17364560 -0.68224567
v 0.34053048 -0.20238364 -0.65109479
v 0.30510825 -0.17364560 -0.54091424
v 0.31642932 -0.13691874 -0.76127541
v 0.32667005 -0.13691874 -0.72454852
v 0.34053048 -0.16721758 -0.68782169
v 0.32460609 -0.13691874 -0.68782169
v 0.30948448 -0.13691874 -0.65109479
v 0.31185275 -0.13691874 -0.54091424
v 0.31182739 -0.10019187 -0.76127541
v 0.32166463 -0.10019187 -0.72454852
v 0.30848497 -0.10019187 -0.68782169
v 0.31297860 -0.06346501 -0.76127541
v 0.32238856 -0.06346501 -0.72454852
v 0.34053048 -0.06346501 -0.69609505
v 0.34053048 -0.07170629 -0.68782169
v 0.34053048 -0.06346501 -0.68132108
v 0.31415001 -0.02673814 -0.72454852
v 0.34053048 -0.05094431 -0.68782169
v 0.31428507 -0.02673814 -0.68782169
v 0.32008934 0.00998872 -0.72454852
v 0.32004395 0.00998872 -0.68782169
v 0.32073912 0.04671558 -0.68782169
v 0.30424157 0.08344244 -0.72454852
v 0.31846851 0.08344244 -0.68782169
v 0.30466902 0.12016930 -0.72454852
v 0.30895361 0.12016930 -0.68782169
v 0.30565843 0.12016930 -0.65109479
v 0.30722085 0.15689617 -0.72454852
v 0.30509394 0.15689617 -0.68782169
v 0.30870187 0.19362304 -0.72454852
v 0.30656683 0.23034990 -0.72454852
v 0.31020194 0.26707676 -0.79800224
v 0.31765017 0.30380362 -0.79800224
v 0.31374776 0.34053048 -0.79800224
v 0.30410105 0.37725735 -0.79800224
v 0.30908629 0.41398421 -0.72454852
v 0.31812707 0.41398421 -0.57764107
v 0.30954206 0.41398421 -0.54091424
v 0.30646697 0.41398421 -0.50418735
v 0.30570087 0.41398421 -0.46746048
v 0.31527305 0.45071107 -0.76127541
v 0.34053048 0.45071107 -0.72541636
v 0.34053048 0.44907200 -0.72454852
v 0.33001429 0.45071107 -0.68782169
v 0.34053048 0.45071107 -0.71842611
v 0.31715882 0.45071107 -0.65109479
v 0.30391893 0.45071107 -0.57764107
v 0.30589870 0.45071107 -0.54091424
v 0.30703422 0.45071107 -0.50418735
v 0.30703017 0.45071107 -0.46746048
v 0.30519986 0.45071107 -0.43073362
v 0.30687088 0.45071107 -0.35727990
v 0.30621043 0.45071107 -0.28382617
v 0.30559582 0.45071107 -0.21037246
v 0.30779737 0.48743793 -0.79800224
v 0.31263116 0.48743793 -0.76127541
v 0.34053048 0.47130099 -0.72454852
v 0.33899453 0.48743793 -0.72454852
v 0.33388656 0.48743793 -0.68782169
v 0.30404320 0.48743793 -0.57764107
v 0.32485029 0.52416480 -0.72454852
v 0.32574356 0.52416480 -0.68782169
v 0.30638751 0.56089163 -0.72454852
v 0.34596601 -0.54091424 -0.72454852
v 0.35136527 -0.50418735 -0.72454852
v 0.34211138 -0.50418735 -0.68782169
v 0.34285492 -0.50418735 -0.61436796
v 0.34558716 -0.50418735 -0.54091424
v 0.34756261 -0.46746048 -0.72454852
v 0.34579256 -0.46746048 -0.68782169
v 0.34381658 -0.46746048 -0.65109479
v 0.34158531 -0.46746048 -0.61436796
v 0.34203741 -0.46746048 -0.54091424
v 0.34944054 -0.43073362 -0.72454852
v 0.34711036 -0.43073362 -0.68782169
v 0.34835014 -0.43073362 -0.65109479
v 0.34594640 -0.39400676 -0.72454852
v 0.34595299 -0.39400676 -0.68782169
v 0.34893253 -0.35727990 -0.72454852
v 0.34244385 -0.35727990 -0.68782169
v 0.34270471 -0.35727990 -0.65109479
v 0.34379050 -0.35727990 -0.61436796
v 0.34520933 -0.32055303 -0.72454852
v 0.34382036 -0.32055303 -0.68782169
v 0.34053299 -0.32055303 -0.61436796
v 0.34943172 -0.28382617 -0.72454852
v 0.34334737 -0.24709933 -0.72454852
v 0.35416168 -0.21037246 -0.68782169
v 0.34433046 -0.21037246 -0.65109479
v 0.34288880 -0.17364560 -0.68782169
v 0.34383324 -0.06346501 -0.68782169
v 0.34139827 0.45071107 -0.72454852
f 3 2 1
f 4 1 2
f 5 3 1
f 5 1 4
f 8 7 6
f 10 9 6
f 10 6 7
f 12 11 9
f 12 9 10
f 13 11 12
f 16 15 14
f 18 17 14
f 18 14 15
f 17 18 8
f 6 17 8
f 19 17 6
f 9 21 20
f 19 9 20
f 6 9 19
f 23 22 21
f 9 23 21
f 11 23 9
f 11 13 24
f 11 24 23
f 25 16 14
f 27 26 25
f 14 27 25
f 17 27 14
f 28 17 19
f 27 17 28
f 19 20 29
f 30 19 29
f 28 19 30
f 30 32 31
f 30 23 32
f 30 29 22
f 23 30 22
f 32 23 24
f 35 34 33
f 36 33 34
f 26 27 37
f 26 37 38
f 39 27 28
f 37 27 39
f 40 28 30
f 39 28 40
f 30 31 41
f 30 41 40
f 44 43 42
f 46 45 42
f 46 42 43
f 45 48 47
f 45 33 48
f 45 46 35
f 33 45 35
f 33 49 48
f 33 50 49
f 33 36 51
f 50 33 51
f 50 51 38
f 37 50 38
f 52 50 37
f 53 37 39
f 52 37 53
f 54 39 40
f 53 39 54
f 40 41 55
f 40 55 54
f 56 44 42
f 56 42 45
f 56 45 57
f 45 58 57
f 45 59 58
f 45 47 60
f 59 45 60
f 59 60 49
f 50 59 49
f 61 59 50
f 52 63 62
f 61 52 62
f 50 52 61
f 63 52 53
f 63 53 64
f 64 53 54
f 64 54 65
f 65 54 55
f 66 58 59
f 66 59 61
f 66 61 67
f 67 61 62
f 70 69 68
f 72 71 68
f 72 68 69
f 73 71 72
f 74 70 68
f 74 68 71
f 74 71 75
f 75 71 73
f 78 77 76
f 80 79 76
f 80 76 77
f 81 79 80
f 78 76 82
f 78 82 83
f 84 76 79
f 82 76 84
f 79 81 85
f 79 85 84
f 88 87 86
f 86 87 83
f 82 86 83
f 89 86 82
f 90 82 84
f 89 82 90
f 84 85 91
f 92 84 91
f 90 84 92
f 93 92 91
f 96 95 94
f 98 97 94
f 98 94 95
f 97 98 88
f 86 97 88
f 99 97 86
f 100 86 89
f 99 86 100
f 101 89 90
f 100 89 101
f 102 90 92
f 101 90 102
f 92 93 103
f 92 103 102
f 96 94 104
f 96 104 105
f 97 107 106
f 104 97 106
f 94 97 104
f 109 108 107
f 97 109 107
f 99 109 97
f 110 99 100
f 109 99 110
f 111 100 101
f 110 100 111
f 102 113 112
f 111 102 112
f 101 102 111
f 113 102 103
f 105 104 114
f 105 114 115
f 104 106 116
f 117 104 116
f 114 104 117
f 117 116 108
f 109 117 108
f 118 117 109
f 119 109 110
f 118 109 119
f 120 110 111
f 119 110 120
f 111 112 121
f 122 111 121
f 120 111 122
f 123 122 121
f 126 125 124
f 115 114 127
f 125 128 124
f 130 129 127
f 114 130 127
f 117 130 114
f 131 117 118
f 130 117 131
f 119 133 132
f 131 119 132
f 118 119 131
f 135 134 133
f 119 135 133
f 120 135 119
f 122 137 136
f 135 122 136
f 120 122 135
f 137 122 123
f 138 126 124
f 138 124 128
f 129 130 139
f 129 139 140
f 141 130 131
f 139 130 141
f 131 132 142
f 143 131 142
f 141 131 143
f 143 142 134
f 135 143 134
f 144 143 135
f 135 136 145
f 146 135 145
f 144 135 146
f 147 146 145
f 140 139 148
f 140 148 149
f 150 139 141
f 148 139 150
f 151 141 143
f 150 141 151
f 152 143 144
f 151 143 152
f 153 144 146
f 152 144 153
f 146 147 154
f 146 154 153
f 157 156 155
f 155 156 149
f 148 155 149
f 158 155 148
f 159 148 150
f 158 148 159
f 160 150 151
f 159 150 160
f 161 151 152
f 160 151 161
f 162 152 153
f 161 152 162
f 153 154 163
f 153 163 162
f 157 155 164
f 157 164 165
f 166 155 158
f 164 155 166
f 167 158 159
f 166 158 167
f 168 159 160
f 167 159 168
f 169 160 161
f 168 160 169
f 3 169 2
f 169 162 2
f 169 161 162
f 4 2 162
f 163 4 162
f 170 4 163
f 173 172 171
f 174 171 172
f 165 164 175
f 165 175 176
f 177 164 166
f 175 164 177
f 178 166 167
f 177 166 178
f 179 167 168
f 178 167 179
f 180 168 169
f 179 168 180
f 5 181 3
f 181 169 3
f 181 180 169
f 4 170 182
f 181 4 182
f 183 181 182
f 5 4 181
f 184 183 182
f 187 186 185
f 189 188 185
f 189 185 186
f 191 190 188
f 191 188 189
f 193 192 190
f 193 190 191
f 195 194 192
f 195 192 193
f 194 195 173
f 171 194 173
f 196 194 171
f 171 174 197
f 198 171 197
f 196 171 198
f 198 197 176
f 175 198 176
f 199 198 175
f 200 175 177
f 199 175 200
f 201 177 178
f 200 177 201
f 202 178 179
f 201 178 202
f 8 202 7
f 202 180 7
f 202 179 180
f 7 180 10
f 10 180 181
f 10 203 12
f 203 10 204
f 181 204 10
f 204 181 205
f 183 205 181
f 183 184 205
f 12 203 13
f 208 207 206
f 210 209 206
f 210 206 207
f 209 210 187
f 185 209 187
f 211 209 185
f 212 185 188
f 211 185 212
f 213 188 190
f 212 188 213
f 214 190 192
f 213 190 214
f 215 192 194
f 214 192 215
f 216 194 196
f 215 194 216
f 217 196 198
f 216 196 217
f 218 198 199
f 217 198 218
f 219 199 200
f 218 199 219
f 16 219 15
f 219 201 15
f 219 200 201
f 15 201 18
f 18 201 202
f 18 202 8
f 220 20 21
f 21 22 220
f 204 221 203
f 222 203 221
f 222 24 13
f 222 13 203
f 225 224 223
f 226 223 224
f 229 228 227
f 231 230 227
f 231 227 228
f 230 231 208
f 206 230 208
f 232 230 206
f 233 206 209
f 232 206 233
f 234 209 211
f 233 209 234
f 235 211 212
f 234 211 235
f 236 212 213
f 235 212 236
f 237 213 214
f 236 213 237
f 238 214 215
f 237 214 238
f 239 215 216
f 238 215 239
f 240 216 217
f 239 216 240
f 241 217 218
f 240 217 241
f 242 218 219
f 241 218 242
f 25 243 16
f 243 219 16
f 243 242 219
f 26 243 25
f 220 29 20
f 220 22 29
f 221 32 222
f 32 221 31
f 244 31 221
f 31 244 245
f 32 24 222
f 245 244 246
f 225 223 247
f 225 247 248
f 223 226 249
f 223 249 247
f 252 251 250
f 253 250 251
f 256 255 254
f 258 257 254
f 258 254 255
f 257 258 229
f 227 257 229
f 259 257 227
f 260 227 230
f 259 227 260
f 261 230 232
f 260 230 261
f 262 232 233
f 261 232 262
f 263 233 234
f 262 233 263
f 264 234 235
f 263 234 264
f 265 235 236
f 264 235 265
f 266 236 237
f 265 236 266
f 267 237 238
f 266 237 267
f 268 238 239
f 267 238 268
f 269 239 240
f 268 239 269
f 270 240 241
f 269 240 270
f 35 270 34
f 270 242 34
f 270 241 242
f 34 242 36
f 242 271 36
f 242 243 271
f 38 271 26
f 26 271 243
f 273 272 245
f 272 31 245
f 272 41 31
f 273 245 246
f 276 275 274
f 278 277 274
f 278 274 275
f 279 277 278
f 248 247 280
f 248 280 281
f 247 249 282
f 283 247 282
f 280 247 283
f 283 282 252
f 250 283 252
f 284 283 250
f 250 253 285
f 286 250 285
f 284 250 286
f 287 286 285
f 256 254 288
f 256 288 289
f 257 291 290
f 288 257 290
f 254 257 288
f 293 292 291
f 257 293 291
f 259 293 257
f 294 259 260
f 293 259 294
f 295 260 261
f 294 260 295
f 296 261 262
f 295 261 296
f 297 262 263
f 296 262 297
f 298 263 264
f 297 263 298
f 299 264 265
f 298 264 299
f 300 265 266
f 299 265 300
f 301 266 267
f 300 266 301
f 302 267 268
f 301 267 302
f 44 302 43
f 302 269 43
f 302 268 269
f 43 269 46
f 46 269 270
f 46 270 35
f 303 47 48
f 36 271 51
f 303 48 49
f 51 271 38
f 272 55 41
f 304 55 272
f 305 276 274
f 305 274 277
f 305 277 306
f 306 277 279
f 307 281 280
f 307 280 283
f 307 283 308
f 308 283 284
f 308 284 309
f 309 284 286
f 309 286 310
f 310 286 287
f 311 289 288
f 311 288 290
f 312 292 293
f 312 293 294
f 312 294 313
f 313 294 295
f 313 295 314
f 314 295 296
f 314 296 315
f 315 296 297
f 315 297 316
f 318 317 316
f 297 318 316
f 298 318 297
f 299 320 319
f 318 299 319
f 298 299 318
f 320 299 300
f 320 300 321
f 321 300 301
f 321 301 322
f 322 301 302
f 322 302 323
f 323 302 44
f 56 323 44
f 324 323 56
f 325 56 57
f 325 324 56
f 303 60 47
f 325 57 326
f 58 326 57
f 60 303 49
f 329 328 327
f 62 63 328
f 63 327 328
f 63 330 327
f 332 330 331
f 330 64 331
f 330 63 64
f 331 64 333
f 64 334 333
f 64 65 334
f 65 55 304
f 65 304 334
f 335 317 318
f 335 318 319
f 336 326 58
f 336 58 66
f 67 328 329
f 336 67 329
f 66 67 336
f 328 67 62
f 337 332 331
f 337 331 333
f 340 339 338
f 341 338 339
f 344 343 342
f 346 345 342
f 346 342 343
f 348 347 345
f 348 345 346
f 349 347 348
f 352 351 350
f 353 350 351
f 340 338 354
f 340 354 355
f 338 341 356
f 357 338 356
f 354 338 357
f 359 358 357
f 359 357 356
f 344 342 360
f 359 361 358
f 360 342 345
f 360 345 362
f 362 345 347
f 362 347 363
f 363 347 349
f 366 365 364
f 367 364 365
f 370 369 368
f 371 368 369
f 372 352 350
f 372 350 353
f 373 355 354
f 373 354 357
f 373 357 374
f 374 357 358
f 374 358 375
f 375 358 361
f 376 366 364
f 376 364 367
f 377 370 368
f 377 368 371
f 380 379 378
f 381 378 379
f 384 383 382
f 385 382 383
f 388 387 386
f 389 386 387
f 390 380 378
f 390 378 381
f 393 392 391
f 391 392 384
f 382 391 384
f 394 391 382
f 382 385 395
f 382 395 394
f 396 388 386
f 396 386 389
f 393 391 397
f 393 397 398
f 394 400 399
f 397 394 399
f 391 394 397
f 400 394 395
f 403 402 401
f 404 401 402
f 407 406 405
f 405 409 408
f 405 397 409
f 405 406 398
f 397 405 398
f 397 410 409
f 397 411 410
f 397 399 412
f 411 397 412
f 413 411 412
f 414 403 401
f 414 401 404
f 407 405 415
f 407 415 416
f 405 408 417
f 418 405 417
f 415 405 418
f 418 417 410
f 411 418 410
f 419 418 411
f 411 413 420
f 421 411 420
f 419 411 421
f 422 421 420
f 425 424 423
f 426 423 424
f 429 428 427
f 431 430 427
f 431 427 428
f 430 431 416
f 415 430 416
f 432 430 415
f 433 415 418
f 432 415 433
f 434 418 419
f 433 418 434
f 435 419 421
f 434 419 435
f 421 422 436
f 421 436 435
f 425 423 437
f 425 437 438
f 423 426 439
f 440 423 439
f 437 423 440
f 441 440 439
f 429 427 442
f 429 442 443
f 444 427 430
f 442 427 444
f 445 430 432
f 444 430 445
f 446 432 433
f 445 432 446
f 447 433 434
f 446 433 447
f 448 434 435
f 447 434 448
f 435 436 449
f 435 449 448
f 450 438 437
f 450 437 440
f 450 440 451
f 451 440 441
f 452 443 442
f 454 453 452
f 442 454 452
f 444 454 442
f 455 444 445
f 454 444 455
f 456 445 446
f 455 445 456
f 457 446 447
f 456 446 457
f 458 447 448
f 457 447 458
f 448 449 459
f 448 459 458
f 453 454 460
f 453 460 461
f 462 454 455
f 460 454 462
f 463 455 456
f 462 455 463
f 464 456 457
f 463 456 464
f 465 457 458
f 464 457 465
f 458 459 466
f 458 466 465
f 461 460 467
f 461 467 468
f 469 460 462
f 467 460 469
f 70 469 69
f 469 463 69
f 469 462 463
f 69 463 72
f 72 463 464
f 72 464 73
f 464 470 73
f 464 465 470
f 465 466 471
f 465 471 470
f 474 473 472
f 475 472 473
f 478 477 476
f 480 479 476
f 480 476 477
f 482 481 479
f 482 479 480
f 484 483 481
f 484 481 482
f 486 485 483
f 486 483 484
f 485 486 468
f 467 485 468
f 487 485 467
f 488 467 469
f 487 467 488
f 74 489 70
f 489 469 70
f 489 488 469
f 75 490 74
f 74 490 489
f 73 470 75
f 470 490 75
f 470 491 490
f 470 471 492
f 470 492 491
f 493 474 472
f 496 495 494
f 475 493 472
f 498 497 495
f 498 495 496
f 499 497 498
f 478 476 500
f 478 500 501
f 502 476 479
f 500 476 502
f 481 504 503
f 502 481 503
f 479 481 502
f 506 505 504
f 481 506 504
f 483 506 481
f 507 483 485
f 506 483 507
f 508 485 487
f 507 485 508
f 509 487 488
f 508 487 509
f 78 509 77
f 509 489 77
f 509 488 489
f 77 489 80
f 80 489 490
f 80 490 81
f 490 510 81
f 490 491 510
f 491 492 511
f 491 511 510
f 514 513 512
f 512 513 494
f 495 512 494
f 515 512 495
f 497 517 516
f 515 497 516
f 495 497 515
f 517 497 499
f 520 519 518
f 522 521 518
f 522 518 519
f 523 521 522
f 526 525 524
f 524 525 501
f 500 524 501
f 527 524 500
f 528 500 502
f 527 500 528
f 502 503 529
f 530 502 529
f 528 502 530
f 530 529 505
f 506 530 505
f 531 530 506
f 532 506 507
f 531 506 532
f 533 507 508
f 532 507 533
f 534 508 509
f 533 508 534
f 83 534 78
f 78 534 509
f 535 85 510
f 510 85 81
f 510 511 536
f 510 536 535
f 537 514 512
f 537 512 515
f 537 515 538
f 515 539 538
f 515 540 539
f 515 516 541
f 540 515 541
f 542 540 541
f 543 520 518
f 543 518 521
f 543 521 544
f 544 521 523
f 547 546 545
f 549 548 545
f 549 545 546
f 548 549 526
f 524 548 526
f 550 548 524
f 551 524 527
f 550 524 551
f 552 527 528
f 551 527 552
f 553 528 530
f 552 528 553
f 554 530 531
f 553 530 554
f 555 531 532
f 554 531 555
f 556 532 533
f 555 532 556
f 88 556 87
f 556 534 87
f 556 533 534
f 87 534 83
f 535 91 85
f 93 91 535
f 536 93 535
f 557 93 536
f 560 559 558
f 561 558 559
f 539 540 562
f 539 562 563
f 540 542 564
f 540 564 562
f 567 566 565
f 568 565 566
f 571 570 569
f 572 569 570
f 573 547 545
f 573 545 548
f 573 548 574
f 576 575 574
f 548 576 574
f 550 576 548
f 577 550 551
f 576 550 577
f 578 551 552
f 577 551 578
f 579 552 553
f 578 552 579
f 580 553 554
f 579 553 580
f 96 580 95
f 580 555 95
f 580 554 555
f 95 555 98
f 98 555 556
f 98 556 88
f 557 103 93
f 581 103 557
f 582 560 558
f 585 584 583
f 561 582 558
f 584 587 586
f 584 562 587
f 584 585 563
f 562 584 563
f 587 562 564
f 588 567 565
f 588 565 568
f 591 590 589
f 571 569 592
f 590 593 589
f 592 569 572
f 596 595 594
f 598 597 594
f 598 594 595
f 597 598 575
f 576 597 575
f 599 597 576
f 600 576 577
f 599 576 600
f 601 577 578
f 600 577 601
f 602 578 579
f 601 578 602
f 603 579 580
f 602 579 603
f 105 603 96
f 96 603 580
f 604 106 107
f 108 604 107
f 605 112 113
f 606 605 113
f 103 606 113
f 581 606 103
f 609 608 607
f 583 584 610
f 608 611 607
f 610 584 586
f 614 613 612
f 615 612 613
f 616 591 589
f 616 589 593
f 619 618 617
f 617 618 596
f 594 617 596
f 620 617 594
f 621 594 597
f 620 594 621
f 622 597 599
f 621 597 622
f 623 599 600
f 622 599 623
f 624 600 601
f 623 600 624
f 625 601 602
f 624 601 625
f 626 602 603
f 625 602 626
f 115 626 105
f 105 626 603
f 604 116 106
f 116 604 108
f 605 121 112
f 123 121 605
f 606 123 605
f 627 123 606
f 609 607 628
f 609 628 629
f 607 611 630
f 631 607 630
f 628 607 631
f 632 631 630
f 635 634 633
f 636 633 634
f 639 638 637
f 640 637 638
f 641 614 612
f 641 612 615
f 619 617 642
f 619 642 643
f 620 645 644
f 642 620 644
f 617 620 642
f 647 646 645
f 620 647 645
f 621 647 620
f 648 621 622
f 647 621 648
f 649 622 623
f 648 622 649
f 650 623 624
f 649 623 650
f 651 624 625
f 650 624 651
f 126 651 125
f 651 626 125
f 651 625 626
f 128 125 652
f 125 626 652
f 115 127 652
f 115 652 626
f 129 652 127
f 653 132 133
f 134 653 133
f 654 136 137
f 655 654 137
f 123 655 137
f 627 655 123
f 629 628 656
f 629 656 657
f 658 628 631
f 656 628 658
f 631 632 659
f 660 631 659
f 658 631 660
f 661 660 659
f 662 635 633
f 662 633 636
f 663 639 637
f 663 637 640
f 666 665 664
f 667 664 665
f 643 642 668
f 643 668 669
f 642 644 670
f 671 642 670
f 668 642 671
f 671 670 646
f 647 671 646
f 672 671 647
f 673 647 648
f 672 647 673
f 674 648 649
f 673 648 674
f 675 649 650
f 674 649 675
f 676 650 651
f 675 650 676
f 138 677 126
f 677 651 126
f 677 676 651
f 128 652 138
f 652 677 138
f 652 678 677
f 140 678 129
f 129 678 652
f 653 142 132
f 142 653 134
f 654 145 136
f 147 145 654
f 655 147 654
f 679 147 655
f 657 656 680
f 657 680 681
f 682 656 658
f 680 656 682
f 660 684 683
f 682 660 683
f 658 660 682
f 684 660 661
f 666 664 685
f 666 685 686
f 664 667 687
f 664 687 685
f 690 689 688
f 688 689 669
f 668 688 669
f 691 688 668
f 692 668 671
f 691 668 692
f 693 671 672
f 692 671 693
f 694 672 673
f 693 672 694
f 695 673 674
f 694 673 695
f 696 674 675
f 695 674 696
f 697 675 676
f 696 675 697
f 698 676 677
f 697 676 698
f 699 677 678
f 698 677 699
f 149 699 140
f 140 699 678
f 701 154 700
f 154 679 700
f 154 147 679
f 702 701 700
f 681 680 703
f 681 703 704
f 705 680 682
f 703 680 705
f 682 683 706
f 707 682 706
f 705 682 707
f 708 707 706
f 709 686 685
f 709 685 687
f 712 711 710
f 713 710 711
f 690 688 714
f 690 714 715
f 716 688 691
f 714 688 716
f 717 691 692
f 716 691 717
f 718 692 693
f 717 692 718
f 719 693 694
f 718 693 719
f 720 694 695
f 719 694 720
f 721 695 696
f 720 695 721
f 722 696 697
f 721 696 722
f 723 697 698
f 722 697 723
f 157 723 156
f 723 699 156
f 723 698 699
f 156 699 149
f 725 724 701
f 724 154 701
f 724 163 154
f 725 701 702
f 704 703 726
f 704 726 727
f 728 703 705
f 726 703 728
f 707 730 729
f 728 707 729
f 705 707 728
f 730 707 708
f 733 732 731
f 735 734 731
f 735 731 732
f 736 734 735
f 739 738 737
f 737 738 712
f 710 737 712
f 740 737 710
f 710 713 741
f 742 710 741
f 740 710 742
f 742 741 715
f 714 742 715
f 743 742 714
f 744 714 716
f 743 714 744
f 745 716 717
f 744 716 745
f 746 717 718
f 745 717 746
f 747 718 719
f 746 718 747
f 748 719 720
f 747 719 748
f 749 720 721
f 748 720 749
f 750 721 722
f 749 721 750
f 751 722 723
f 750 722 751
f 165 751 157
f 157 751 723
f 724 170 163
f 752 170 724
f 727 726 753
f 727 753 754
f 755 726 728
f 753 726 755
f 728 729 756
f 728 756 755
f 759 758 757
f 760 757 758
f 763 762 761
f 764 761 762
f 765 733 731
f 765 731 734
f 765 734 766
f 766 734 736
f 769 768 767
f 771 770 767
f 771 767 768
f 770 771 739
f 737 770 739
f 772 770 737
f 773 737 740
f 772 737 773
f 742 775 774
f 773 742 774
f 740 742 773
f 777 776 775
f 742 777 775
f 743 777 742
f 778 743 744
f 777 743 778
f 779 744 745
f 778 744 779
f 780 745 746
f 779 745 780
f 781 746 747
f 780 746 781
f 782 747 748
f 781 747 782
f 783 748 749
f 782 748 783
f 173 783 172
f 783 750 172
f 783 749 750
f 172 750 174
f 750 784 174
f 750 751 784
f 176 784 165
f 165 784 751
f 752 785 170
f 170 785 182
f 184 182 785
f 184 785 786
f 787 754 753
f 789 788 787
f 753 789 787
f 755 789 753
f 755 756 790
f 791 755 790
f 789 755 791
f 791 790 759
f 757 791 759
f 792 791 757
f 757 760 793
f 794 757 793
f 792 757 794
f 794 793 763
f 761 794 763
f 795 794 761
f 761 764 796
f 761 796 795
f 799 798 797
f 800 797 798
f 803 802 801
f 805 804 801
f 805 801 802
f 807 806 804
f 807 804 805
f 809 808 806
f 809 806 807
f 811 810 808
f 811 808 809
f 813 812 810
f 813 810 811
f 815 814 812
f 815 812 813
f 817 816 814
f 817 814 815
f 819 818 816
f 819 816 817
f 821 820 818
f 821 818 819
f 823 822 820
f 823 820 821
f 825 824 822
f 825 822 823
f 824 825 769
f 767 824 769
f 826 824 767
f 827 767 770
f 826 767 827
f 828 770 772
f 827 770 828
f 829 772 773
f 828 772 829
f 773 774 830
f 831 773 830
f 829 773 831
f 831 830 776
f 777 831 776
f 832 831 777
f 833 777 778
f 832 777 833
f 187 833 186
f 833 779 186
f 833 778 779
f 186 779 189
f 189 779 780
f 189 780 191
f 191 780 781
f 191 781 193
f 193 781 782
f 193 782 195
f 195 782 783
f 195 783 173
f 784 197 174
f 197 784 176
f 835 834 205
f 205 834 204
f 205 184 786
f 205 786 835
f 838 837 836
f 836 837 788
f 789 836 788
f 839 836 789
f 840 789 791
f 839 789 840
f 841 791 792
f 840 791 841
f 842 792 794
f 841 792 842
f 843 794 795
f 842 794 843
f 795 796 844
f 845 795 844
f 843 795 845
f 845 844 799
f 797 845 799
f 846 845 797
f 797 800 847
f 848 797 847
f 846 797 848
f 848 847 803
f 801 848 803
f 849 848 801
f 850 801 804
f 849 801 850
f 851 804 806
f 850 804 851
f 852 806 808
f 851 806 852
f 853 808 810
f 852 808 853
f 854 810 812
f 853 810 854
f 855 812 814
f 854 812 855
f 856 814 816
f 855 814 856
f 857 816 818
f 856 816 857
f 858 818 820
f 857 818 858
f 859 820 822
f 858 820 859
f 860 822 824
f 859 822 860
f 861 824 826
f 860 824 861
f 862 826 827
f 861 826 862
f 863 827 828
f 862 827 863
f 864 828 829
f 863 828 864
f 865 829 831
f 864 829 865
f 208 865 207
f 865 832 207
f 865 831 832
f 207 832 210
f 210 832 833
f 210 833 187
f 867 221 866
f 221 834 866
f 221 204 834
f 868 867 866
f 838 836 869
f 838 869 870
f 871 836 839
f 869 836 871
f 872 839 840
f 871 839 872
f 873 840 841
f 872 840 873
f 874 841 842
f 873 841 874
f 875 842 843
f 874 842 875
f 876 843 845
f 875 843 876
f 877 845 846
f 876 845 877
f 878 846 848
f 877 846 878
f 879 848 849
f 878 848 879
f 880 849 850
f 879 849 880
f 881 850 851
f 880 850 881
f 882 851 852
f 881 851 882
f 883 852 853
f 882 852 883
f 884 853 854
f 883 853 884
f 885 854 855
f 884 854 885
f 886 855 856
f 885 855 886
f 889 888 887
f 224 225 857
f 886 857 225
f 857 886 856
f 889 890 888
f 226 224 891
f 857 891 224
f 891 857 858
f 892 858 859
f 891 858 892
f 893 859 860
f 892 859 893
f 894 860 861
f 893 860 894
f 895 861 862
f 894 861 895
f 896 862 863
f 895 862 896
f 229 896 228
f 896 864 228
f 896 863 864
f 228 864 231
f 231 864 865
f 231 865 208
f 898 244 897
f 244 221 897
f 897 221 867
f 899 897 867
f 867 868 899
f 244 898 246
f 870 869 900
f 870 900 901
f 902 869 871
f 900 869 902
f 903 871 872
f 902 871 903
f 904 872 873
f 903 872 904
f 905 873 874
f 904 873 905
f 906 874 875
f 905 874 906
f 907 875 876
f 906 875 907
f 908 876 877
f 907 876 908
f 909 877 878
f 908 877 909
f 910 878 879
f 909 878 910
f 911 879 880
f 910 879 911
f 912 880 881
f 911 880 912
f 913 881 882
f 912 881 913
f 914 882 883
f 913 882 914
f 915 883 884
f 914 883 915
f 916 884 885
f 915 884 916
f 917 885 886
f 916 885 917
f 889 887 918
f 917 225 248
f 225 917 886
f 918 890 889
f 249 226 919
f 891 919 226
f 252 919 251
f 919 892 251
f 919 891 892
f 251 892 253
f 892 920 253
f 892 893 920
f 921 893 894
f 920 893 921
f 256 921 255
f 921 895 255
f 921 894 895
f 255 895 258
f 258 895 896
f 258 896 229
f 898 897 273
f 897 272 273
f 897 922 272
f 898 273 246
f 901 900 923
f 901 923 924
f 925 900 902
f 923 900 925
f 926 902 903
f 925 902 926
f 927 903 904
f 926 903 927
f 928 904 905
f 927 904 928
f 929 905 906
f 928 905 929
f 930 906 907
f 929 906 930
f 908 932 931
f 930 908 931
f 907 908 930
f 934 933 932
f 908 934 932
f 909 934 908
f 935 909 910
f 934 909 935
f 936 910 911
f 935 910 936
f 937 911 912
f 936 911 937
f 938 912 913
f 937 912 938
f 939 913 914
f 938 913 939
f 276 939 275
f 939 915 275
f 939 914 915
f 275 915 278
f 278 915 916
f 278 916 279
f 916 940 279
f 916 917 940
f 281 940 248
f 248 940 917
f 919 282 249
f 282 919 252
f 920 285 253
f 285 920 287
f 920 941 287
f 920 921 941
f 289 941 256
f 256 941 921
f 942 290 291
f 292 942 291
f 922 304 272
f 943 304 922
f 924 923 944
f 924 944 945
f 925 947 946
f 944 925 946
f 923 925 944
f 949 948 947
f 925 949 947
f 926 949 925
f 950 926 927
f 949 926 950
f 951 927 928
f 950 927 951
f 952 928 929
f 951 928 952
f 953 929 930
f 952 929 953
f 930 931 954
f 930 954 953
f 933 934 955
f 933 955 956
f 935 958 957
f 955 935 957
f 934 935 955
f 958 935 936
f 958 936 959
f 959 936 937
f 959 937 960
f 962 961 960
f 937 962 960
f 938 962 937
f 963 938 939
f 962 938 963
f 963 939 276
f 964 963 276
f 305 964 276
f 965 963 964
f 966 305 306
f 966 964 305
f 306 279 940
f 967 306 940
f 966 306 967
f 967 940 281
f 307 967 281
f 968 967 307
f 969 307 308
f 969 968 307
f 970 308 309
f 970 969 308
f 971 309 310
f 971 970 309
f 310 287 941
f 972 310 941
f 971 310 972
f 972 941 289
f 311 972 289
f 973 972 311
f 311 290 942
f 974 311 942
f 973 311 974
f 974 942 292
f 312 974 292
f 975 974 312
f 976 312 313
f 976 975 312
f 978 976 977
f 976 314 977
f 976 313 314
f 315 979 314
f 314 979 977
f 979 315 980
f 315 981 980
f 315 316 981
f 316 317 981
f 981 317 982
f 983 319 320
f 321 984 320
f 320 984 983
f 322 985 321
f 321 985 984
f 985 322 986
f 322 987 986
f 322 323 987
f 988 323 324
f 988 987 323
f 990 988 989
f 988 325 989
f 988 324 325
f 989 325 326
f 993 992 991
f 329 327 994
f 993 991 995
f 330 996 327
f 327 996 994
f 332 996 330
f 998 997 334
f 334 997 333
f 334 304 943
f 334 943 998
f 999 945 944
f 999 944 946
f 1000 948 949
f 1000 949 950
f 1000 950 1001
f 1001 950 951
f 1001 951 1002
f 1002 951 952
f 1002 952 1003
f 1003 952 953
f 1003 953 1004
f 1004 953 954
f 1005 956 955
f 1005 955 957
f 1006 961 962
f 1006 962 963
f 1006 963 1007
f 1007 963 965
f 1008 978 977
f 1008 977 979
f 1008 979 1009
f 1009 979 980
f 1010 982 317
f 1010 317 335
f 335 319 983
f 1011 335 983
f 1010 335 1011
f 1011 983 984
f 1011 984 1012
f 1012 984 985
f 1012 985 1013
f 1013 985 986
f 1014 990 989
f 1014 991 992
f 1014 336 991
f 1014 989 326
f 336 1014 326
f 995 991 1015
f 336 1015 991
f 1015 336 1016
f 329 1016 336
f 1016 329 994
f 996 1018 1017
f 1016 996 1017
f 994 996 1016
f 1018 996 332
f 337 1018 332
f 1019 1018 337
f 337 333 997
f 337 997 1019
f 1020 1015 1016
f 1020 1016 1017
f 1023 1022 1021
f 1025 1024 1021
f 1025 1021 1022
f 1026 1024 1025
f 1029 1028 1027
f 1031 1030 1027
f 1031 1027 1028
f 1032 1030 1031
f 1035 1034 1033
f 1037 1036 1033
f 1037 1033 1034
f 1039 1038 1036
f 1039 1036 1037
f 1040 1038 1039
f 1043 1042 1041
f 1045 1044 1041
f 1045 1041 1042
f 1047 1046 1044
f 1047 1044 1045
f 1049 1048 1046
f 1049 1046 1047
f 1051 1050 1048
f 1051 1048 1049
f 1050 1051 1023
f 1021 1050 1023
f 1052 1050 1021
f 340 1052 339
f 1052 1024 339
f 1052 1021 1024
f 1054 1053 341
f 1054 341 339
f 1026 1054 339
f 1024 1026 339
f 1056 1055 1053
f 1056 1053 1054
f 343 344 1055
f 1056 343 1055
f 1057 343 1056
f 1027 346 1029
f 346 1057 1029
f 346 343 1057
f 346 1027 348
f 348 1027 1030
f 1059 1058 349
f 1059 349 348
f 1032 1059 348
f 1030 1032 348
f 1060 1058 1059
f 1063 1062 1061
f 1065 1064 1061
f 1065 1061 1062
f 1066 1064 1065
f 1069 1068 1067
f 1070 1067 1068
f 1073 1072 1071
f 1075 1074 1071
f 1075 1071 1072
f 1076 1074 1075
f 1079 1078 1077
f 1080 1077 1078
f 1083 1082 1081
f 1085 1084 1081
f 1085 1081 1082
f 1087 1086 1084
f 1087 1084 1085
f 1089 1088 1086
f 1089 1086 1087
f 1091 1090 1088
f 1091 1088 1089
f 1093 1092 1090
f 1093 1090 1091
f 1092 1093 1035
f 1033 1092 1035
f 1094 1092 1033
f 1095 1033 1036
f 1094 1033 1095
f 1096 1036 1038
f 1095 1036 1096
f 1038 1040 1097
f 1098 1038 1097
f 1096 1038 1098
f 1098 1097 1043
f 1098 1043 1041
f 352 1098 1041
f 351 352 1041
f 351 1041 353
f 1041 1099 353
f 1041 1044 1099
f 1100 1044 1046
f 1099 1044 1100
f 1101 1046 1048
f 1100 1046 1101
f 1102 1048 1050
f 1101 1048 1102
f 1103 1050 1052
f 1102 1050 1103
f 355 1103 340
f 340 1103 1052
f 1053 356 341
f 356 1053 359
f 359 1053 1055
f 361 359 1104
f 359 1055 1104
f 344 360 1104
f 344 1104 1055
f 362 1105 360
f 360 1105 1104
f 363 1106 362
f 362 1106 1105
f 349 1058 363
f 1058 1106 363
f 1058 1107 1106
f 1058 1060 1108
f 1058 1108 1107
f 1063 1061 1109
f 1063 1109 1110
f 1111 1061 1064
f 1109 1061 1111
f 1112 365 366
f 1064 1112 366
f 1111 1064 366
f 1112 1064 1066
f 367 365 1112
f 367 1112 1113
f 1116 1115 1114
f 1118 1117 1114
f 1118 1114 1115
f 1120 1119 1117
f 1120 1117 1118
f 1122 1121 1119
f 1122 1119 1120
f 1121 1122 1069
f 1067 1121 1069
f 1123 1121 1067
f 1067 1070 1124
f 1125 1067 1124
f 1123 1067 1125
f 1127 1126 1125
f 1127 1125 1124
f 1129 1128 1126
f 1129 1126 1127
f 369 370 1128
f 1129 369 1128
f 1130 369 1129
f 1071 1131 371
f 1130 1071 371
f 369 1130 371
f 1073 1071 1130
f 1132 1071 1074
f 1131 1071 1132
f 1074 1076 1133
f 1134 1074 1133
f 1132 1074 1134
f 1134 1133 1079
f 1077 1134 1079
f 1135 1134 1077
f 1077 1080 1136
f 1137 1077 1136
f 1135 1077 1137
f 1083 1081 1138
f 1136 1139 1137
f 1141 1140 1138
f 1081 1141 1138
f 1084 1141 1081
f 1142 1084 1086
f 1141 1084 1142
f 1143 1086 1088
f 1142 1086 1143
f 1144 1088 1090
f 1143 1088 1144
f 1145 1090 1092
f 1144 1090 1145
f 1146 1092 1094
f 1145 1092 1146
f 1147 1094 1095
f 1146 1094 1147
f 1148 1095 1096
f 1147 1095 1148
f 1149 1096 1098
f 1148 1096 1149
f 372 1150 352
f 1150 1098 352
f 1150 1149 1098
f 353 1099 372
f 1099 1150 372
f 1099 1151 1150
f 1152 1099 1100
f 1151 1099 1152
f 1153 1100 1101
f 1152 1100 1153
f 1154 1101 1102
f 1153 1101 1154
f 1155 1102 1103
f 1154 1102 1155
f 373 1156 355
f 1156 1103 355
f 1156 1155 1103
f 374 1157 373
f 373 1157 1156
f 375 1158 374
f 374 1158 1157
f 361 1104 375
f 1104 1158 375
f 1104 1159 1158
f 1160 1104 1105
f 1159 1104 1160
f 1161 1105 1106
f 1160 1105 1161
f 1162 1106 1107
f 1161 1106 1162
f 1107 1108 1163
f 1107 1163 1162
f 1166 1165 1164
f 1164 1165 1110
f 1109 1164 1110
f 1167 1164 1109
f 1168 1109 1111
f 1167 1109 1168
f 376 1169 366
f 1169 1111 366
f 1169 1168 1111
f 367 1113 1170
f 1169 367 1170
f 1171 1169 1170
f 376 367 1169
f 1171 1170 1116
f 1114 1171 1116
f 1172 1171 1114
f 1173 1114 1117
f 1172 1114 1173
f 1174 1117 1119
f 1173 1117 1174
f 1175 1119 1121
f 1174 1119 1175
f 1176 1121 1123
f 1175 1121 1176
f 1177 1123 1125
f 1176 1123 1177
f 1178 1125 1126
f 1177 1125 1178
f 1179 1126 1128
f 1178 1126 1179
f 377 1180 370
f 1180 1128 370
f 1180 1179 1128
f 371 1131 377
f 1131 1180 377
f 1131 1181 1180
f 1132 1183 1182
f 1181 1132 1182
f 1131 1132 1181
f 1183 1132 1134
f 1183 1134 1184
f 1186 1185 1184
f 1134 1186 1184
f 1135 1186 1134
f 1187 1135 1137
f 1186 1135 1187
f 1137 1139 1188
f 1137 1188 1187
f 1140 1141 1189
f 1140 1189 1190
f 1191 1141 1142
f 1189 1141 1191
f 1192 1142 1143
f 1191 1142 1192
f 1193 1143 1144
f 1192 1143 1193
f 1145 1195 1194
f 1193 1145 1194
f 1144 1145 1193
f 1197 1196 1195
f 1145 1197 1195
f 1146 1197 1145
f 1198 1146 1147
f 1197 1146 1198
f 1199 1147 1148
f 1198 1147 1199
f 1200 1148 1149
f 1199 1148 1200
f 1201 1149 1150
f 1200 1149 1201
f 1202 1150 1151
f 1201 1150 1202
f 1203 1151 1152
f 1202 1151 1203
f 1204 1152 1153
f 1203 1152 1204
f 1205 1153 1154
f 1204 1153 1205
f 1206 1154 1155
f 1205 1154 1206
f 1207 1155 1156
f 1206 1155 1207
f 1208 1156 1157
f 1207 1156 1208
f 380 1208 379
f 1208 1158 379
f 1208 1157 1158
f 379 1158 381
f 1158 1209 381
f 1158 1159 1209
f 1210 1159 1160
f 1209 1159 1210
f 384 1210 383
f 1210 1161 383
f 1210 1160 1161
f 383 1161 385
f 1161 1211 385
f 1161 1162 1211
f 1162 1163 1212
f 1162 1212 1211
f 1213 1166 1164
f 1215 1214 1213
f 1164 1215 1213
f 1167 1215 1164
f 1216 1167 1168
f 1215 1167 1216
f 1217 1168 1169
f 1216 1168 1217
f 1218 1169 1171
f 1217 1169 1218
f 1219 1171 1172
f 1218 1171 1219
f 1220 1172 1173
f 1219 1172 1220
f 1221 1173 1174
f 1220 1173 1221
f 1222 1174 1175
f 1221 1174 1222
f 1176 1224 1223
f 1222 1176 1223
f 1175 1176 1222
f 1224 1176 1177
f 1224 1177 1225
f 1225 1177 1178
f 1225 1178 1226
f 1228 1227 1226
f 1178 1228 1226
f 1179 1228 1178
f 1180 1230 1229
f 1228 1180 1229
f 1179 1180 1228
f 1230 1180 1181
f 1230 1181 1231
f 1231 1181 1182
f 1232 1185 1186
f 1232 1186 1187
f 1232 1187 1233
f 1233 1187 1188
f 1234 1190 1189
f 1236 1235 1234
f 1189 1236 1234
f 1191 1236 1189
f 1192 1238 1237
f 1236 1192 1237
f 1191 1192 1236
f 1238 1192 1193
f 1238 1193 1239
f 1239 1193 1194
f 1196 1197 1240
f 1196 1240 1241
f 1242 1197 1198
f 1240 1197 1242
f 1243 1198 1199
f 1242 1198 1243
f 1200 1245 1244
f 1243 1200 1244
f 1199 1200 1243
f 388 1246 387
f 1246 1200 387
f 1200 1201 387
f 1246 1245 1200
f 387 1201 389
f 1201 1247 389
f 1201 1202 1247
f 1248 1202 1203
f 1247 1202 1248
f 1249 1203 1204
f 1248 1203 1249
f 1250 1204 1205
f 1249 1204 1250
f 1251 1205 1206
f 1250 1205 1251
f 1252 1206 1207
f 1251 1206 1252
f 1253 1207 1208
f 1252 1207 1253
f 390 1254 380
f 1254 1208 380
f 1254 1253 1208
f 381 1209 390
f 1209 1254 390
f 1209 1255 1254
f 393 1255 392
f 1255 1210 392
f 1255 1209 1210
f 392 1210 384
f 1256 395 1211
f 1211 395 385
f 1211 1212 1257
f 1211 1257 1256
f 1214 1215 1258
f 1214 1258 1259
f 1260 1215 1216
f 1258 1215 1260
f 1261 1216 1217
f 1260 1216 1261
f 1262 1217 1218
f 1261 1217 1262
f 1263 1218 1219
f 1262 1218 1263
f 1264 1219 1220
f 1263 1219 1264
f 1221 1266 1265
f 1264 1221 1265
f 1220 1221 1264
f 1266 1221 1222
f 1266 1222 1267
f 1267 1222 1223
f 1270 1269 1268
f 1271 1268 1269
f 1272 1227 1228
f 1272 1228 1229
f 1273 1235 1236
f 1236 1274 1273
f 1236 1275 1274
f 1236 1237 1276
f 1275 1236 1276
f 1277 1275 1276
f 1278 1241 1240
f 1280 1279 1278
f 1240 1280 1278
f 1242 1280 1240
f 1243 1282 1281
f 1280 1243 1281
f 1242 1243 1280
f 1282 1243 1244
f 388 396 1283
f 1284 388 1283
f 1246 388 1284
f 1285 1283 396
f 1285 396 389
f 1286 1285 389
f 1247 1286 389
f 1288 1287 1286
f 1247 1288 1286
f 1248 1288 1247
f 1289 1248 1249
f 1288 1248 1289
f 1290 1249 1250
f 1289 1249 1290
f 1251 1292 1291
f 1290 1251 1291
f 1250 1251 1290
f 1294 1293 1292
f 1251 1294 1292
f 1252 1294 1251
f 1295 1252 1253
f 1294 1252 1295
f 1296 1253 1254
f 1295 1253 1296
f 1297 1254 1255
f 1296 1254 1297
f 398 1297 393
f 393 1297 1255
f 1298 399 400
f 395 1256 400
f 1256 1298 400
f 1256 1299 1298
f 1256 1257 1300
f 1256 1300 1299
f 1259 1258 1301
f 1259 1301 1302
f 403 1301 402
f 1301 1260 402
f 1301 1258 1260
f 402 1260 404
f 1260 1303 404
f 1260 1261 1303
f 1304 1261 1262
f 1303 1261 1304
f 1305 1262 1263
f 1304 1262 1305
f 1264 1307 1306
f 1305 1264 1306
f 1263 1264 1305
f 1307 1264 1265
f 1308 1270 1268
f 1308 1268 1271
f 1311 1310 1309
f 1313 1312 1309
f 1313 1309 1310
f 1314 1312 1313
f 1274 1275 1315
f 1274 1315 1316
f 1275 1277 1317
f 1275 1317 1315
f 1318 1279 1280
f 1318 1280 1281
f 1284 1283 1319
f 1284 1319 1320
f 1283 1285 1321
f 1283 1321 1319
f 1322 1287 1288
f 1324 1323 1322
f 1288 1324 1322
f 1289 1324 1288
f 1290 1326 1325
f 1324 1290 1325
f 1289 1290 1324
f 1290 1327 1326
f 1290 1328 1327
f 1290 1291 1329
f 1328 1290 1329
f 1328 1329 1293
f 1294 1328 1293
f 1330 1328 1294
f 1331 1294 1295
f 1330 1294 1331
f 1332 1295 1296
f 1331 1295 1332
f 407 1332 406
f 1332 1297 406
f 1332 1296 1297
f 406 1297 398
f 1333 408 409
f 399 1298 412
f 1333 409 410
f 412 1298 413
f 1298 1334 413
f 1298 1299 1334
f 1299 1300 1335
f 1299 1335 1334
f 1302 1301 1336
f 1302 1336 1337
f 414 1338 403
f 1338 1301 403
f 1338 1336 1301
f 404 1303 414
f 1303 1338 414
f 1303 1339 1338
f 1340 1303 1304
f 1339 1303 1340
f 1341 1304 1305
f 1340 1304 1341
f 1305 1306 1342
f 1343 1305 1342
f 1341 1305 1343
f 1344 1343 1342
f 1347 1346 1345
f 1348 1345 1346
f 1349 1311 1309
f 1349 1309 1312
f 1349 1312 1350
f 1350 1312 1314
f 1351 1316 1315
f 1351 1315 1317
f 1354 1353 1352
f 1355 1352 1353
f 1356 1320 1319
f 1356 1319 1321
f 1359 1358 1357
f 1323 1324 1360
f 1358 1361 1357
f 1364 1363 1362
f 1325 1360 1324
f 1363 1364 1327
f 1328 1363 1327
f 1365 1363 1328
f 1366 1328 1330
f 1365 1328 1366
f 1367 1330 1331
f 1366 1330 1367
f 1368 1331 1332
f 1367 1331 1368
f 416 1368 407
f 407 1368 1332
f 1333 417 408
f 417 1333 410
f 1334 420 413
f 422 420 1334
f 1335 422 1334
f 1369 422 1335
f 1337 1336 1370
f 1337 1370 1371
f 425 1370 424
f 1370 1338 424
f 1370 1336 1338
f 424 1338 426
f 1338 1372 426
f 1338 1339 1372
f 1373 1339 1340
f 1372 1339 1373
f 1374 1340 1341
f 1373 1340 1374
f 1375 1341 1343
f 1374 1341 1375
f 1343 1344 1376
f 1343 1376 1375
f 1377 1347 1345
f 1377 1345 1348
f 1380 1379 1378
f 1381 1378 1379
f 1382 1354 1352
f 1382 1352 1355
f 1385 1384 1383
f 1383 1387 1386
f 1383 1357 1387
f 1383 1384 1359
f 1357 1383 1359
f 1357 1388 1387
f 1357 1389 1388
f 1357 1361 1390
f 1389 1357 1390
f 1389 1392 1391
f 1389 1363 1392
f 1389 1390 1362
f 1363 1389 1362
f 1394 1393 1392
f 1363 1394 1392
f 1365 1394 1363
f 1395 1365 1366
f 1394 1365 1395
f 429 1395 428
f 1395 1367 428
f 1395 1366 1367
f 428 1367 431
f 431 1367 1368
f 431 1368 416
f 1369 436 422
f 1396 436 1369
f 1371 1370 1397
f 1371 1397 1398
f 438 1397 425
f 425 1397 1370
f 1372 439 426
f 439 1372 441
f 1372 1399 441
f 1372 1373 1399
f 1400 1373 1374
f 1399 1373 1400
f 1375 1402 1401
f 1400 1375 1401
f 1374 1375 1400
f 1405 1404 1403
f 1376 1402 1375
f 1406 1404 1405
f 1407 1380 1378
f 1407 1378 1381
f 1408 1385 1383
f 1383 1409 1408
f 1383 1410 1409
f 1383 1386 1411
f 1410 1383 1411
f 1410 1411 1388
f 1389 1410 1388
f 1412 1410 1389
f 1389 1391 1413
f 1414 1389 1413
f 1412 1389 1414
f 1414 1413 1393
f 1394 1414 1393
f 1415 1414 1394
f 1416 1394 1395
f 1415 1394 1416
f 443 1416 429
f 429 1416 1395
f 1396 449 436
f 1417 449 1396
f 1398 1397 1418
f 1398 1418 1419
f 450 1420 438
f 1420 1397 438
f 1420 1418 1397
f 451 1421 450
f 450 1421 1420
f 1422 1421 451
f 1422 451 441
f 1423 1422 441
f 1399 1423 441
f 1425 1424 1423
f 1399 1425 1423
f 1400 1425 1399
f 1400 1401 1426
f 1427 1400 1426
f 1425 1400 1427
f 1427 1429 1428
f 1427 1404 1429
f 1427 1426 1403
f 1404 1427 1403
f 1404 1430 1429
f 1404 1431 1430
f 1404 1406 1432
f 1431 1404 1432
f 1433 1431 1432
f 1436 1435 1434
f 1434 1435 1409
f 1410 1434 1409
f 1437 1434 1410
f 1438 1410 1412
f 1437 1410 1438
f 1439 1412 1414
f 1438 1412 1439
f 1440 1414 1415
f 1439 1414 1440
f 1441 1415 1416
f 1440 1415 1441
f 452 1442 443
f 1442 1416 443
f 1442 1441 1416
f 453 1442 452
f 1417 459 449
f 1443 459 1417
f 1419 1418 1444
f 1419 1444 1445
f 1446 1418 1420
f 1444 1418 1446
f 1447 1420 1421
f 1446 1420 1447
f 1421 1422 1448
f 1449 1421 1448
f 1447 1421 1449
f 1449 1448 1424
f 1425 1449 1424
f 1450 1449 1425
f 1451 1425 1427
f 1450 1425 1451
f 1427 1428 1452
f 1427 1452 1451
f 1453 1430 1431
f 1453 1431 1433
f 1456 1455 1454
f 1457 1454 1455
f 1460 1459 1458
f 1461 1458 1459
f 1436 1434 1462
f 1436 1462 1463
f 1464 1434 1437
f 1462 1434 1464
f 1465 1437 1438
f 1464 1437 1465
f 1466 1438 1439
f 1465 1438 1466
f 1467 1439 1440
f 1466 1439 1467
f 1468 1440 1441
f 1467 1440 1468
f 1469 1441 1442
f 1468 1441 1469
f 461 1469 453
f 453 1469 1442
f 1471 466 1470
f 466 1443 1470
f 466 459 1443
f 1472 1471 1470
f 1445 1444 1473
f 1445 1473 1474
f 1475 1444 1446
f 1473 1444 1475
f 1476 1446 1447
f 1475 1446 1476
f 1477 1447 1449
f 1476 1447 1477
f 1478 1449 1450
f 1477 1449 1478
f 1479 1450 1451
f 1478 1450 1479
f 1451 1452 1480
f 1451 1480 1479
f 1483 1482 1481
f 1485 1484 1481
f 1485 1481 1482
f 1486 1484 1485
f 1487 1456 1454
f 1487 1454 1457
f 1490 1489 1488
f 1491 1488 1489
f 1494 1493 1492
f 1495 1492 1493
f 1498 1497 1496
f 1499 1496 1497
f 1460 1458 1500
f 1460 1500 1501
f 1458 1461 1502
f 1503 1458 1502
f 1500 1458 1503
f 1505 1504 1503
f 1505 1503 1502
f 1504 1505 1463
f 1462 1504 1463
f 1506 1504 1462
f 1507 1462 1464
f 1506 1462 1507
f 1508 1464 1465
f 1507 1464 1508
f 1509 1465 1466
f 1508 1465 1509
f 1510 1466 1467
f 1509 1466 1510
f 1511 1467 1468
f 1510 1467 1511
f 1512 1468 1469
f 1511 1468 1512
f 468 1512 461
f 461 1512 1469
f 1514 1513 1471
f 1513 466 1471
f 1513 471 466
f 1514 1471 1472
f 1474 1473 473
f 474 1474 473
f 1515 1474 474
f 473 1473 475
f 1473 1516 475
f 1473 1475 1516
f 1517 1475 1476
f 1516 1475 1517
f 1518 1476 1477
f 1517 1476 1518
f 1519 1477 1478
f 1518 1477 1519
f 1520 1478 1479
f 1519 1478 1520
f 1479 1480 1521
f 1522 1479 1521
f 1520 1479 1522
f 1522 1521 1483
f 1481 1522 1483
f 1523 1522 1481
f 1524 1481 1484
f 1523 1481 1524
f 1484 1486 1525
f 1526 1484 1525
f 1524 1484 1526
f 1528 1527 1526
f 1528 1526 1525
f 1530 1529 1527
f 1530 1527 1528
f 1531 1529 1530
f 1532 1490 1488
f 1488 1533 1532
f 1488 1534 1533
f 1488 1491 1535
f 1534 1488 1535
f 1536 1534 1535
f 1494 1492 1537
f 1494 1537 1538
f 1492 1495 1539
f 1540 1492 1539
f 1537 1492 1540
f 1540 1539 1498
f 1496 1540 1498
f 1541 1540 1496
f 1496 1499 1542
f 1543 1496 1542
f 1541 1496 1543
f 1543 1542 1501
f 1500 1543 1501
f 1544 1543 1500
f 1545 1500 1503
f 1544 1500 1545
f 1546 1503 1504
f 1545 1503 1546
f 1547 1504 1506
f 1546 1504 1547
f 1548 1506 1507
f 1547 1506 1548
f 478 1548 477
f 1548 1508 477
f 1548 1507 1508
f 477 1508 480
f 480 1508 1509
f 480 1509 482
f 482 1509 1510
f 482 1510 484
f 484 1510 1511
f 484 1511 486
f 486 1511 1512
f 486 1512 468
f 1513 492 471
f 1549 492 1513
f 474 493 1550
f 1551 474 1550
f 1515 474 1551
f 493 475 1550
f 475 1516 1550
f 496 494 1550
f 496 1550 1516
f 496 1516 498
f 498 1516 1517
f 498 1517 499
f 1517 1552 499
f 1517 1518 1552
f 1553 1518 1519
f 1552 1518 1553
f 1554 1519 1520
f 1553 1519 1554
f 1555 1520 1522
f 1554 1520 1555
f 1556 1522 1523
f 1555 1522 1556
f 1557 1523 1524
f 1556 1523 1557
f 1526 1559 1558
f 1557 1526 1558
f 1524 1526 1557
f 1561 1560 1559
f 1526 1561 1559
f 1527 1561 1526
f 1562 1527 1529
f 1561 1527 1562
f 1529 1531 1563
f 1529 1563 1562
f 1566 1565 1564
f 1567 1564 1565
f 1570 1569 1568
f 1572 1571 1568
f 1572 1568 1569
f 1573 1571 1572
f 1574 1533 1534
f 1574 1534 1536
f 1577 1576 1575
f 1538 1537 1578
f 1576 1579 1575
f 1578 1537 1540
f 1578 1540 1580
f 1582 1581 1580
f 1540 1582 1580
f 1541 1582 1540
f 1583 1541 1543
f 1582 1541 1583
f 1584 1543 1544
f 1583 1543 1584
f 1585 1544 1545
f 1584 1544 1585
f 1586 1545 1546
f 1585 1545 1586
f 1587 1546 1547
f 1586 1546 1587
f 1588 1547 1548
f 1587 1547 1588
f 501 1588 478
f 478 1588 1548
f 1589 503 504
f 505 1589 504
f 1549 511 492
f 1590 511 1549
f 1551 1550 513
f 514 1551 513
f 1591 1551 514
f 513 1550 494
f 1592 516 517
f 499 1552 517
f 1552 1592 517
f 1552 1593 1592
f 520 1593 519
f 1593 1553 519
f 1593 1552 1553
f 519 1553 522
f 522 1553 1554
f 522 1554 523
f 1554 1594 523
f 1554 1555 1594
f 1595 1555 1556
f 1594 1555 1595
f 1596 1556 1557
f 1595 1556 1596
f 1557 1558 1597
f 1598 1557 1597
f 1596 1557 1598
f 1598 1600 1599
f 1598 1561 1600
f 1598 1597 1560
f 1561 1598 1560
f 1600 1561 1562
f 1600 1562 1601
f 1601 1562 1563
f 1566 1564 1602
f 1566 1602 1603
f 1564 1567 1604
f 1564 1604 1602
f 1605 1570 1568
f 1605 1568 1571
f 1605 1571 1606
f 1606 1571 1573
f 1609 1608 1607
f 1607 1608 1577
f 1575 1607 1577
f 1610 1607 1575
f 1575 1579 1611
f 1612 1575 1611
f 1610 1575 1612
f 1614 1613 1612
f 1614 1612 1611
f 1613 1614 1581
f 1582 1613 1581
f 1615 1613 1582
f 1616 1582 1583
f 1615 1582 1616
f 1617 1583 1584
f 1616 1583 1617
f 1618 1584 1585
f 1617 1584 1618
f 1619 1585 1586
f 1618 1585 1619
f 1620 1586 1587
f 1619 1586 1620
f 526 1620 525
f 1620 1588 525
f 1620 1587 1588
f 525 1588 501
f 1589 529 503
f 529 1589 505
f 1590 536 511
f 1621 536 1590
f 514 537 1622
f 1623 514 1622
f 1591 514 1623
f 538 1624 537
f 537 1624 1622
f 516 1592 541
f 1624 538 539
f 541 1592 542
f 1592 1625 542
f 1592 1593 1625
f 543 1626 520
f 1626 1593 520
f 1626 1625 1593
f 544 1627 543
f 543 1627 1626
f 523 1594 544
f 1594 1627 544
f 1594 1628 1627
f 1629 1594 1595
f 1628 1594 1629
f 1630 1595 1596
f 1629 1595 1630
f 1598 1632 1631
f 1630 1598 1631
f 1596 1598 1630
f 1632 1598 1599
f 1635 1634 1633
f 1603 1602 1636
f 1634 1637 1633
f 1636 1602 1604
f 1640 1639 1638
f 1642 1641 1638
f 1642 1638 1639
f 1643 1641 1642
f 1644 1609 1607
f 1644 1607 1610
f 1644 1610 1645
f 1647 1646 1645
f 1610 1647 1645
f 1612 1647 1610
f 1648 1612 1613
f 1647 1612 1648
f 1649 1613 1615
f 1648 1613 1649
f 1650 1615 1616
f 1649 1615 1650
f 1651 1616 1617
f 1650 1616 1651
f 1652 1617 1618
f 1651 1617 1652
f 547 1652 546
f 1652 1619 546
f 1652 1618 1619
f 546 1619 549
f 549 1619 1620
f 549 1620 526
f 1621 557 536
f 1653 557 1621
f 1623 1622 559
f 560 1623 559
f 1654 1623 560
f 559 1622 561
f 1622 1655 561
f 1622 1624 1655
f 563 1655 539
f 539 1655 1624
f 1656 564 1625
f 1625 564 542
f 1657 1625 1626
f 1656 1625 1657
f 1658 1626 1627
f 1657 1626 1658
f 567 1658 566
f 1658 1628 566
f 1658 1627 1628
f 566 1628 568
f 1628 1659 568
f 1628 1629 1659
f 1660 1629 1630
f 1659 1629 1660
f 1630 1631 1661
f 1630 1661 1660
f 1664 1663 1662
f 1635 1633 1665
f 1663 1666 1662
f 1669 1668 1667
f 1637 1665 1633
f 1670 1668 1669
f 1671 1640 1638
f 1671 1638 1641
f 1671 1641 1672
f 1672 1641 1643
f 1675 1674 1673
f 1673 1674 1646
f 1647 1673 1646
f 1676 1673 1647
f 1648 1678 1677
f 1676 1648 1677
f 1647 1648 1676
f 1680 1679 1678
f 1648 1680 1678
f 1649 1680 1648
f 1681 1649 1650
f 1680 1649 1681
f 571 1681 570
f 1681 1651 570
f 1681 1650 1651
f 570 1651 572
f 1651 1682 572
f 1651 1652 1682
f 573 1683 547
f 1683 1652 547
f 1683 1682 1652
f 574 1684 573
f 573 1684 1683
f 575 1684 574
f 1686 581 1685
f 581 1653 1685
f 581 557 1653
f 1687 1686 1685
f 560 582 1688
f 1689 560 1688
f 1654 560 1689
f 582 561 1688
f 561 1655 1688
f 585 583 1688
f 585 1688 1655
f 585 1655 563
f 1690 586 587
f 564 1656 587
f 1656 1690 587
f 1656 1691 1690
f 1692 1656 1657
f 1691 1656 1692
f 1693 1657 1658
f 1692 1657 1693
f 588 1694 567
f 1694 1658 567
f 1694 1693 1658
f 568 1659 588
f 1659 1694 588
f 1659 1695 1694
f 1696 1659 1660
f 1695 1659 1696
f 1660 1661 1697
f 1660 1697 1696
f 1700 1699 1698
f 1698 1699 1664
f 1662 1698 1664
f 1701 1698 1662
f 1662 1666 1702
f 1662 1702 1701
f 1667 1668 1703
f 1667 1703 1704
f 1668 1670 1705
f 1668 1705 1703
f 1708 1707 1706
f 1710 1709 1706
f 1710 1706 1707
f 1711 1709 1710
f 1714 1713 1712
f 1712 1713 1675
f 1673 1712 1675
f 1715 1712 1673
f 1716 1673 1676
f 1715 1673 1716
f 1676 1677 1717
f 1718 1676 1717
f 1716 1676 1718
f 1718 1717 1679
f 1680 1718 1679
f 1719 1718 1680
f 591 1719 590
f 1719 1681 590
f 1719 1680 1681
f 593 590 1720
f 590 1681 1720
f 571 592 1720
f 571 1720 1681
f 572 1682 592
f 1682 1720 592
f 1682 1721 1720
f 596 1721 595
f 1721 1683 595
f 1721 1682 1683
f 595 1683 598
f 598 1683 1684
f 598 1684 575
f 1723 1722 1686
f 1722 581 1686
f 1722 606 581
f 1723 1686 1687
f 1689 1688 608
f 609 1689 608
f 1724 1689 609
f 611 608 1725
f 608 1688 1725
f 583 610 1725
f 583 1725 1688
f 586 1690 610
f 1690 1725 610
f 1690 1726 1725
f 1727 1690 1691
f 1726 1690 1727
f 1728 1691 1692
f 1727 1691 1728
f 1729 1692 1693
f 1728 1692 1729
f 1730 1693 1694
f 1729 1693 1730
f 1731 1694 1695
f 1730 1694 1731
f 1732 1695 1696
f 1731 1695 1732
f 1696 1697 1733
f 1734 1696 1733
f 1732 1696 1734
f 1734 1736 1735
f 1734 1698 1736
f 1734 1733 1700
f 1698 1734 1700
f 1738 1737 1736
f 1698 1738 1736
f 1701 1738 1698
f 1701 1702 1739
f 1701 1739 1738
f 1704 1703 1740
f 1704 1740 1741
f 1703 1705 1742
f 1703 1742 1740
f 1743 1708 1706
f 1743 1706 1709
f 1743 1709 1744
f 1747 1746 1745
f 1711 1744 1709
f 1746 1747 1714
f 1712 1746 1714
f 1748 1746 1712
f 1749 1712 1715
f 1748 1712 1749
f 614 1749 613
f 1749 1716 613
f 1749 1715 1716
f 613 1716 615
f 1716 1750 615
f 1716 1718 1750
f 1751 1718 1719
f 1750 1718 1751
f 616 1752 591
f 1752 1719 591
f 1752 1751 1719
f 593 1720 616
f 1720 1752 616
f 1720 1753 1752
f 619 1753 618
f 1753 1721 618
f 1753 1720 1721
f 618 1721 596
f 1722 627 606
f 1754 627 1722
f 629 1724 609
f 629 1755 1724
f 1725 630 611
f 630 1725 632
f 1725 1756 632
f 1725 1726 1756
f 1757 1726 1727
f 1756 1726 1757
f 635 1757 634
f 1757 1728 634
f 1757 1727 1728
f 634 1728 636
f 1728 1758 636
f 1728 1729 1758
f 639 1758 638
f 1758 1730 638
f 1758 1729 1730
f 638 1730 640
f 1730 1759 640
f 1730 1731 1759
f 1760 1731 1732
f 1759 1731 1760
f 1734 1762 1761
f 1760 1734 1761
f 1732 1734 1760
f 1734 1763 1762
f 1734 1764 1763
f 1734 1735 1765
f 1764 1734 1765
f 1764 1765 1737
f 1738 1764 1737
f 1766 1764 1738
f 1738 1739 1767
f 1768 1738 1767
f 1766 1738 1768
f 1768 1767 1741
f 1740 1768 1741
f 1769 1768 1740
f 1740 1742 1770
f 1740 1770 1769
f 1773 1772 1771
f 1771 1775 1774
f 1771 1746 1775
f 1771 1772 1745
f 1746 1771 1745
f 1775 1746 1748
f 1775 1748 1776
f 1778 1777 1776
f 1748 1778 1776
f 1749 1778 1748
f 641 1779 614
f 1779 1749 614
f 1779 1778 1749
f 615 1750 641
f 1750 1779 641
f 1750 1780 1779
f 1781 1750 1751
f 1780 1750 1781
f 1782 1751 1752
f 1781 1751 1782
f 1783 1752 1753
f 1782 1752 1783
f 643 1783 619
f 619 1783 1753
f 1784 644 645
f 646 1784 645
f 1754 655 627
f 1785 655 1754
f 1788 1787 1786
f 1787 1755 1786
f 1755 657 1786
f 1755 629 657
f 1756 659 632
f 659 1756 661
f 1756 1789 661
f 1756 1757 1789
f 662 1790 635
f 1790 1757 635
f 1790 1789 1757
f 636 1758 662
f 1758 1790 662
f 1758 1791 1790
f 663 1792 639
f 1792 1758 639
f 1792 1791 1758
f 640 1759 663
f 1759 1792 663
f 1759 1793 1792
f 1794 1759 1760
f 1793 1759 1794
f 1760 1761 1795
f 1796 1760 1795
f 1794 1760 1796
f 1796 1795 1763
f 1764 1796 1763
f 1797 1796 1764
f 1798 1764 1766
f 1797 1764 1798
f 1799 1766 1768
f 1798 1766 1799
f 1800 1768 1769
f 1799 1768 1800
f 1769 1770 1801
f 1802 1769 1801
f 1800 1769 1802
f 1803 1802 1801
f 1806 1805 1804
f 1804 1805 1773
f 1771 1804 1773
f 1807 1804 1771
f 1771 1774 1808
f 1771 1808 1807
f 1811 1810 1809
f 1809 1813 1812
f 1809 1778 1813
f 1809 1810 1777
f 1778 1809 1777
f 666 1814 665
f 1814 1778 665
f 1778 1779 665
f 1814 1813 1778
f 665 1779 667
f 1779 1815 667
f 1779 1780 1815
f 1816 1780 1781
f 1815 1780 1816
f 1817 1781 1782
f 1816 1781 1817
f 1818 1782 1783
f 1817 1782 1818
f 669 1818 643
f 643 1818 1783
f 1784 670 644
f 670 1784 646
f 1820 679 1819
f 679 1785 1819
f 679 655 1785
f 1821 1820 1819
f 1822 1788 1786
f 1786 657 1822
f 657 1823 1822
f 657 681 1823
f 1824 683 684
f 661 1789 684
f 1789 1824 684
f 1789 1825 1824
f 1826 1789 1790
f 1825 1789 1826
f 1827 1790 1791
f 1826 1790 1827
f 1828 1791 1792
f 1827 1791 1828
f 1829 1792 1793
f 1828 1792 1829
f 1830 1793 1794
f 1829 1793 1830
f 1831 1794 1796
f 1830 1794 1831
f 1832 1796 1797
f 1831 1796 1832
f 1833 1797 1798
f 1832 1797 1833
f 1799 1835 1834
f 1833 1799 1834
f 1798 1799 1833
f 1837 1836 1835
f 1799 1837 1835
f 1800 1837 1799
f 1802 1839 1838
f 1837 1802 1838
f 1800 1802 1837
f 1802 1840 1839
f 1802 1841 1840
f 1802 1803 1842
f 1841 1802 1842
f 1844 1843 1841
f 1844 1841 1842
f 1843 1844 1806
f 1804 1843 1806
f 1845 1843 1804
f 1846 1804 1807
f 1845 1804 1846
f 1807 1808 1847
f 1848 1807 1847
f 1846 1807 1848
f 1848 1847 1811
f 1809 1848 1811
f 1849 1848 1809
f 1809 1812 1850
f 1809 1850 1849
f 686 1814 666
f 686 1851 1814
f 1852 687 1815
f 1815 687 667
f 1853 1815 1816
f 1852 1815 1853
f 1854 1816 1817
f 1853 1816 1854
f 690 1854 689
f 1854 1818 689
f 1854 1817 1818
f 689 1818 669
f 700 679 1820
f 1857 1856 1855
f 702 1855 1856
f 702 1821 1855
f 702 700 1820
f 1821 702 1820
f 704 1823 681
f 704 1858 1823
f 1824 706 683
f 706 1824 708
f 1824 1859 708
f 1824 1825 1859
f 1860 1825 1826
f 1859 1825 1860
f 1861 1826 1827
f 1860 1826 1861
f 1862 1827 1828
f 1861 1827 1862
f 1863 1828 1829
f 1862 1828 1863
f 1864 1829 1830
f 1863 1829 1864
f 1865 1830 1831
f 1864 1830 1865
f 1866 1831 1832
f 1865 1831 1866
f 1867 1832 1833
f 1866 1832 1867
f 1833 1834 1868
f 1869 1833 1868
f 1867 1833 1869
f 1869 1868 1836
f 1837 1869 1836
f 1870 1869 1837
f 1837 1838 1871
f 1872 1837 1871
f 1870 1837 1872
f 1840 1841 1873
f 1871 1874 1872
f 1873 1841 1843
f 1873 1843 1875
f 1877 1876 1875
f 1843 1877 1875
f 1845 1877 1843
f 1878 1845 1846
f 1877 1845 1878
f 1879 1846 1848
f 1878 1846 1879
f 1880 1848 1849
f 1879 1848 1880
f 1849 1850 1881
f 1882 1849 1881
f 1880 1849 1882
f 1883 1882 709
f 1882 1851 709
f 1851 686 709
f 1851 1882 1881
f 687 1852 709
f 1852 1883 709
f 1852 1884 1883
f 712 1884 711
f 1884 1853 711
f 1884 1852 1853
f 711 1853 713
f 1853 1885 713
f 1853 1854 1885
f 715 1885 690
f 690 1885 1854
f 1886 724 725
f 1857 1887 1856
f 1888 1856 1887
f 1888 702 1856
f 1888 1886 725
f 702 1888 725
f 727 1858 704
f 727 1889 1858
f 1890 729 730
f 708 1859 730
f 1859 1890 730
f 1859 1891 1890
f 1892 1859 1860
f 1891 1859 1892
f 1893 1860 1861
f 1892 1860 1893
f 1894 1861 1862
f 1893 1861 1894
f 1895 1862 1863
f 1894 1862 1895
f 733 1895 732
f 1895 1864 732
f 1895 1863 1864
f 732 1864 735
f 735 1864 1865
f 735 1865 736
f 1865 1896 736
f 1865 1866 1896
f 1897 1866 1867
f 1896 1866 1897
f 1898 1867 1869
f 1897 1867 1898
f 1899 1869 1870
f 1898 1869 1899
f 1900 1870 1872
f 1899 1870 1900
f 1872 1874 1901
f 1872 1901 1900
f 1904 1903 1902
f 1902 1903 1876
f 1877 1902 1876
f 1905 1902 1877
f 1906 1877 1878
f 1905 1877 1906
f 1907 1878 1879
f 1906 1878 1907
f 1908 1879 1880
f 1907 1879 1908
f 1909 1880 1882
f 1908 1880 1909
f 1910 1882 1883
f 1909 1882 1910
f 739 1910 738
f 1910 1884 738
f 1910 1883 1884
f 738 1884 712
f 1885 741 713
f 741 1885 715
f 1911 752 1886
f 1886 752 724
f 1886 1888 1912
f 1886 1912 1911
f 1915 1914 1913
f 1914 1889 1913
f 1889 754 1913
f 1889 727 754
f 1916 756 1890
f 1890 756 729
f 759 1916 758
f 1916 1891 758
f 1916 1890 1891
f 758 1891 760
f 1891 1917 760
f 1891 1892 1917
f 763 1917 762
f 1917 1893 762
f 1917 1892 1893
f 762 1893 764
f 1893 1918 764
f 1893 1894 1918
f 1919 1894 1895
f 1918 1894 1919
f 765 1920 733
f 1920 1895 733
f 1920 1919 1895
f 766 1921 765
f 765 1921 1920
f 736 1896 766
f 1896 1921 766
f 1896 1922 1921
f 1923 1896 1897
f 1922 1896 1923
f 1898 1925 1924
f 1923 1898 1924
f 1897 1898 1923
f 1927 1926 1925
f 1898 1927 1925
f 1899 1927 1898
f 1928 1899 1900
f 1927 1899 1928
f 1900 1901 1929
f 1930 1900 1929
f 1928 1900 1930
f 1930 1929 1904
f 1902 1930 1904
f 1931 1930 1902
f 1932 1902 1905
f 1931 1902 1932
f 1933 1905 1906
f 1932 1905 1933
f 1934 1906 1907
f 1933 1906 1934
f 1935 1907 1908
f 1934 1907 1935
f 769 1935 768
f 1935 1909 768
f 1935 1908 1909
f 768 1909 771
f 771 1909 1910
f 771 1910 739
f 1936 774 775
f 776 1936 775
f 785 752 1911
f 1939 1938 1937
f 786 1937 1938
f 786 1912 1937
f 786 785 1911
f 1912 786 1911
f 1915 1913 1940
f 1915 1940 1941
f 787 1942 754
f 1942 1913 754
f 1942 1940 1913
f 788 1942 787
f 1916 790 756
f 790 1916 759
f 1917 793 760
f 793 1917 763
f 1943 796 1918
f 1918 796 764
f 799 1943 798
f 1943 1919 798
f 1943 1918 1919
f 798 1919 800
f 1919 1944 800
f 1919 1920 1944
f 803 1944 802
f 1944 1921 802
f 1944 1920 1921
f 802 1921 805
f 805 1921 1922
f 805 1922 807
f 807 1922 1923
f 1924 1945 1923
f 1945 807 1923
f 1945 809 807
f 1927 811 1926
f 811 1945 1926
f 811 809 1945
f 811 1927 813
f 813 1927 1928
f 813 1928 815
f 815 1928 1930
f 815 1930 817
f 817 1930 1931
f 817 1931 819
f 819 1931 1932
f 819 1932 821
f 821 1932 1933
f 821 1933 823
f 823 1933 1934
f 823 1934 825
f 825 1934 1935
f 825 1935 769
f 1936 830 774
f 830 1936 776
f 1938 1939 835
f 1939 834 835
f 1939 1946 834
f 1938 835 786
f 1941 1940 1947
f 1941 1947 1948
f 838 1947 837
f 1947 1942 837
f 1947 1940 1942
f 837 1942 788
f 1943 844 796
f 844 1943 799
f 1944 847 800
f 847 1944 803
f 866 834 1949
f 834 1950 1949
f 834 1946 1950
f 1949 868 866
f 1948 1947 1951
f 1948 1951 1952
f 870 1951 838
f 838 1951 1947
f 1953 887 888
f 890 1953 888
f 1954 897 899
f 1950 1955 1949
f 1956 1949 1955
f 1956 868 1949
f 1956 1954 899
f 868 1956 899
f 1959 1958 1957
f 1957 1958 1952
f 1951 1957 1952
f 1960 1957 1951
f 901 1960 870
f 870 1960 1951
f 1953 918 887
f 918 1953 890
f 1961 922 1954
f 1954 922 897
f 1954 1956 1962
f 1954 1962 1961
f 1963 1959 1957
f 1965 1964 1963
f 1957 1965 1963
f 1960 1965 1957
f 924 1965 901
f 901 1965 1960
f 1966 931 932
f 933 1966 932
f 1969 1968 1967
f 1967 1970 1969
f 1973 1972 1971
f 1971 1974 1973
f 1975 943 1961
f 1961 943 922
f 1961 1962 1976
f 1961 1976 1975
f 1964 1965 1977
f 1964 1977 1978
f 945 1977 924
f 924 1977 1965
f 1979 946 947
f 948 1979 947
f 1982 1981 1980
f 1980 1983 1982
f 1985 1984 1966
f 1984 931 1966
f 1984 954 931
f 933 956 1966
f 956 1986 1966
f 1986 1985 1966
f 1986 956 1987
f 957 958 1987
f 958 1986 1987
f 958 1988 1986
f 1989 958 959
f 1989 1988 958
f 1990 959 960
f 1990 1989 959
f 960 961 1990
f 1990 961 1991
f 1993 1992 964
f 964 1992 965
f 1994 964 966
f 1994 1993 964
f 1996 1994 1995
f 1994 967 1995
f 1994 966 967
f 1995 967 1997
f 967 1998 1997
f 967 968 1998
f 1999 968 969
f 1999 1998 968
f 2000 969 970
f 2000 1999 969
f 2001 970 971
f 2001 2000 970
f 2003 2001 2002
f 2001 972 2002
f 2001 971 972
f 2002 972 2004
f 972 2005 2004
f 972 973 2005
f 2007 2005 2006
f 2005 974 2006
f 2005 973 974
f 2006 974 2008
f 974 2009 2008
f 974 975 2009
f 976 1967 1968
f 2009 976 1968
f 975 976 2009
f 2011 2010 978
f 978 2010 976
f 2010 1970 976
f 1970 1967 976
f 2010 2011 1972
f 2011 1971 1972
f 2011 2012 1971
f 2013 980 981
f 1971 2014 1974
f 2014 1971 2012
f 982 2013 981
f 2017 2016 2015
f 2015 2018 2017
f 2021 2020 2019
f 986 987 2022
f 2021 2019 2023
f 2022 987 2024
f 987 2025 2024
f 987 988 2025
f 988 990 2025
f 2025 990 2026
f 2028 2027 993
f 993 2027 992
f 2030 2029 995
f 2029 993 995
f 2029 2028 993
f 2030 2031 2029
f 2033 2032 998
f 998 2032 997
f 998 943 1975
f 2034 998 1975
f 2033 998 2034
f 2034 1975 1976
f 2035 1978 1977
f 2035 1977 945
f 999 2035 945
f 2036 2035 999
f 2036 999 946
f 2037 2036 946
f 1979 2037 946
f 2036 2037 2038
f 2037 1979 948
f 2039 2037 948
f 1000 2039 948
f 2040 2037 2039
f 2041 1000 1001
f 2041 2039 1000
f 2044 2043 2042
f 2041 1980 1981
f 1980 2041 1002
f 1001 1002 2041
f 2042 2045 2044
f 1983 1980 2046
f 1002 2046 1980
f 2046 1002 1003
f 2047 1003 1004
f 2047 2046 1003
f 1004 954 1984
f 1004 1984 2047
f 1005 1987 956
f 1987 1005 957
f 961 1006 2048
f 2049 961 2048
f 1991 961 2049
f 2048 1006 2050
f 1006 2051 2050
f 1006 1007 2051
f 1007 965 1992
f 1007 1992 2051
f 2052 1996 1995
f 1995 2053 2052
f 1995 2054 2053
f 1995 1997 2055
f 2054 1995 2055
f 2056 2054 2055
f 2057 2003 2002
f 2057 2002 2004
f 2058 2007 2006
f 2058 2006 2008
f 1008 2011 978
f 2011 1008 1009
f 2011 1009 2012
f 1009 2014 2012
f 1009 2059 2014
f 1009 980 2013
f 2059 1009 2013
f 2059 2013 982
f 1010 2059 982
f 2060 2059 1010
f 1011 2015 2016
f 2060 1011 2016
f 1010 1011 2060
f 2061 2018 2015
f 1011 2061 2015
f 1012 2061 1011
f 1013 2019 2020
f 2061 1013 2020
f 1012 1013 2061
f 1013 2023 2019
f 1013 2062 2023
f 1013 986 2022
f 2062 1013 2022
f 2062 2022 2024
f 2063 2026 990
f 2063 990 1014
f 1014 992 2027
f 1014 2027 2063
f 2065 2064 2030
f 995 2065 2030
f 1015 2065 995
f 2064 2031 2030
f 1018 2066 1017
f 2066 1018 2067
f 2068 1018 1019
f 2068 2067 1018
f 2071 2070 2069
f 997 2032 1019
f 2068 1019 2032
f 2072 2071 2069
f 2073 2038 2037
f 2073 2037 2040
f 2074 2043 2044
f 2074 2044 2045
f 2075 2049 2048
f 2075 2048 2050
f 2076 2053 2054
f 2076 2054 2056
f 2077 2065 1015
f 2077 1015 1020
f 1020 1017 2066
f 1020 2066 2077
f 2078 2070 2071
f 2078 2071 2072
f 2081 2080 2079
f 2082 2079 2080
f 2085 2084 2083
f 2086 2083 2084
f 2089 2088 2087
f 2090 2087 2088
f 2093 2092 2091
f 2094 2091 2092
f 2081 2079 2095
f 2081 2095 2096
f 2079 2082 2097
f 2098 2079 2097
f 2095 2079 2098
f 2100 2099 2098
f 2100 2098 2097
f 2102 2101 2099
f 2102 2099 2100
f 2104 2103 2101
f 2104 2101 2102
f 2106 2105 2103
f 2106 2103 2104
f 2108 2107 2105
f 2108 2105 2106
f 2110 2109 2107
f 2110 2107 2108
f 2109 2110 2085
f 2083 2109 2085
f 2111 2109 2083
f 2083 2086 2112
f 2113 2083 2112
f 2111 2083 2113
f 1022 1023 2113
f 2112 1022 2113
f 2114 1022 2112
f 1022 2115 1025
f 2114 2115 1022
f 2117 2116 1026
f 1025 2117 1026
f 2115 2117 1025
f 2119 2118 2116
f 2119 2116 2117
f 2121 2120 2118
f 2121 2118 2119
f 1028 1029 2120
f 2121 1028 2120
f 2122 1028 2121
f 1028 2123 1031
f 2122 2123 1028
f 2125 2124 1032
f 1031 2125 1032
f 2123 2125 1031
f 2126 2124 2125
f 2129 2128 2127
f 2131 2130 2127
f 2131 2127 2128
f 2133 2132 2130
f 2133 2130 2131
f 2135 2134 2132
f 2135 2132 2133
f 2137 2136 2134
f 2137 2134 2135
f 2139 2138 2136
f 2139 2136 2137
f 2138 2139 2089
f 2087 2138 2089
f 2140 2138 2087
f 2087 2090 2141
f 2142 2087 2141
f 2140 2087 2142
f 2144 2143 2142
f 2144 2142 2141
f 2146 2145 2143
f 2146 2143 2144
f 2148 2147 2145
f 2148 2145 2146
f 2150 2149 2147
f 2150 2147 2148
f 2151 2149 2150
f 2154 2153 2152
f 2156 2155 2152
f 2156 2152 2153
f 2158 2157 2155
f 2158 2155 2156
f 2160 2159 2157
f 2160 2157 2158
f 2162 2161 2159
f 2162 2159 2160
f 2164 2163 2161
f 2164 2161 2162
f 2166 2165 2163
f 2166 2163 2164
f 2165 2166 2093
f 2091 2165 2093
f 2167 2165 2091
f 2091 2094 2168
f 2169 2091 2168
f 2167 2091 2169
f 2171 2170 2169
f 2171 2169 2168
f 2170 2171 2096
f 2095 2170 2096
f 2172 2170 2095
f 1035 2172 1034
f 2172 2098 1034
f 2172 2095 2098
f 1034 2098 1037
f 1037 2098 2099
f 1037 2099 1039
f 1039 2099 2101
f 1039 2101 1040
f 2101 2173 1040
f 2101 2103 2173
f 1043 2173 1042
f 2173 2105 1042
f 2173 2103 2105
f 1042 2105 1045
f 1045 2105 2107
f 1045 2107 1047
f 1047 2107 2109
f 1047 2109 1049
f 1049 2109 2111
f 1049 2111 1051
f 1051 2111 2113
f 1051 2113 1023
f 2116 1054 1026
f 1054 2116 1056
f 1056 2116 2118
f 1056 2118 1057
f 1057 2118 2120
f 1057 2120 1029
f 2124 1059 1032
f 1060 1059 2124
f 2126 1060 2124
f 2174 1060 2126
f 2177 2176 2175
f 2175 2176 2129
f 2175 2129 2127
f 1063 2175 2127
f 1062 1063 2127
f 1062 2127 1065
f 1065 2127 2130
f 1065 2130 1066
f 2130 2178 1066
f 2130 2132 2178
f 2179 2132 2134
f 2178 2132 2179
f 2180 2134 2136
f 2179 2134 2180
f 2181 2136 2138
f 2180 2136 2181
f 2182 2138 2140
f 2181 2138 2182
f 2183 2140 2142
f 2182 2140 2183
f 1069 2183 1068
f 2183 2143 1068
f 2183 2142 2143
f 1068 2143 1070
f 2143 2184 1070
f 2143 2145 2184
f 2185 2145 2147
f 2184 2145 2185
f 2186 2147 2149
f 2185 2147 2186
f 2149 2151 2187
f 2188 2149 2187
f 2186 2149 2188
f 2188 2187 2154
f 2188 2154 2152
f 1073 2188 2152
f 1072 1073 2152
f 1072 2152 1075
f 1075 2152 2155
f 1075 2155 1076
f 2155 2189 1076
f 2155 2157 2189
f 1079 2189 1078
f 2189 2159 1078
f 2189 2157 2159
f 1078 2159 1080
f 2159 2190 1080
f 2159 2161 2190
f 1083 2190 1082
f 2190 2163 1082
f 2190 2161 2163
f 1082 2163 1085
f 1085 2163 2165
f 1085 2165 1087
f 1087 2165 2167
f 1087 2167 1089
f 1089 2167 2169
f 1089 2169 1091
f 1091 2169 2170
f 1091 2170 1093
f 1093 2170 2172
f 1093 2172 1035
f 2173 1097 1040
f 1097 2173 1043
f 2174 1108 1060
f 2191 1108 2174
f 2177 2175 2192
f 2177 2192 2193
f 1110 2192 1063
f 1063 2192 2175
f 2178 1112 1066
f 1112 2178 1113
f 2178 2194 1113
f 2178 2179 2194
f 1116 2194 1115
f 2194 2180 1115
f 2194 2179 2180
f 1115 2180 1118
f 1118 2180 2181
f 1118 2181 1120
f 1120 2181 2182
f 1120 2182 1122
f 1122 2182 2183
f 1122 2183 1069
f 2184 1124 1070
f 1124 2184 1127
f 1127 2184 2185
f 1127 2185 1129
f 1129 2185 2186
f 1129 2186 1130
f 1130 2186 2188
f 1130 2188 1073
f 2189 1133 1076
f 1133 2189 1079
f 2190 1136 1080
f 1139 1136 2195
f 1136 2190 2195
f 1083 1138 2195
f 1083 2195 2190
f 1140 2195 1138
f 2197 1163 2196
f 1163 2191 2196
f 1163 1108 2191
f 2198 2197 2196
f 2201 2200 2199
f 2199 2200 2193
f 2199 2193 2192
f 1166 2199 2192
f 1165 1166 2192
f 1165 2192 1110
f 2194 1170 1113
f 1170 2194 1116
f 2202 1182 1183
f 1184 2203 1183
f 1183 2203 2202
f 1185 2203 1184
f 2204 1188 2195
f 2195 1188 1139
f 1190 2204 1140
f 1140 2204 2195
f 2205 1194 1195
f 1196 2205 1195
f 2207 2206 2197
f 2206 1163 2197
f 2206 1212 1163
f 2207 2197 2198
f 2208 2201 2199
f 2210 2208 2209
f 2209 2208 1213
f 2208 2199 1213
f 2199 1166 1213
f 1214 2209 1213
f 2211 1223 1224
f 1225 2212 1224
f 1224 2212 2211
f 1226 2213 1225
f 1225 2213 2212
f 1227 2213 1226
f 2214 1229 1230
f 1231 2215 1230
f 1230 2215 2214
f 1182 2202 1231
f 2202 2215 1231
f 2202 2216 2215
f 2217 2202 2203
f 2216 2202 2217
f 1232 2218 1185
f 2218 2203 1185
f 2218 2217 2203
f 1233 2219 1232
f 1232 2219 2218
f 1188 2204 1233
f 2204 2219 1233
f 2204 2220 2219
f 1234 2221 1190
f 2221 2204 1190
f 2221 2220 2204
f 1235 2221 1234
f 2222 1237 1238
f 1239 2223 1238
f 1238 2223 2222
f 1194 2205 1239
f 2205 2223 1239
f 2205 2224 2223
f 1241 2224 1196
f 1196 2224 2205
f 2225 1244 1245
f 1246 2225 1245
f 2227 1257 2226
f 1257 2206 2226
f 1257 1212 2206
f 2228 2227 2226
f 2210 2209 2229
f 2210 2229 2230
f 1259 2229 1214
f 1214 2229 2209
f 2231 1265 1266
f 1267 2232 1266
f 1266 2232 2231
f 1223 2211 1267
f 2211 2232 1267
f 2211 2233 2232
f 1270 2233 1269
f 2233 2212 1269
f 2233 2211 2212
f 1269 2212 1271
f 2212 2234 1271
f 2212 2213 2234
f 1272 2235 1227
f 2235 2213 1227
f 2235 2234 2213
f 1229 2214 1272
f 2214 2235 1272
f 2214 2236 2235
f 2237 2214 2215
f 2236 2214 2237
f 2238 2215 2216
f 2237 2215 2238
f 2239 2216 2217
f 2238 2216 2239
f 2240 2217 2218
f 2239 2217 2240
f 2241 2218 2219
f 2240 2218 2241
f 2242 2219 2220
f 2241 2219 2242
f 2243 2220 2221
f 2242 2220 2243
f 1273 2244 1235
f 2244 2221 1235
f 2244 2243 2221
f 1237 2222 1276
f 2244 1273 1274
f 1276 2222 1277
f 2222 2245 1277
f 2222 2223 2245
f 2246 2223 2224
f 2245 2223 2246
f 1278 2247 1241
f 2247 2224 1241
f 2247 2246 2224
f 1279 2247 1278
f 2248 1281 1282
f 1244 2225 1282
f 2225 2248 1282
f 2225 2249 2248
f 1284 2249 1246
f 1246 2249 2225
f 2250 1285 1286
f 1287 2250 1286
f 2251 1291 1292
f 1293 2251 1292
f 2252 1300 2227
f 2227 1300 1257
f 2227 2228 2253
f 2227 2253 2252
f 2230 2229 2254
f 2230 2254 2255
f 1302 2254 1259
f 1259 2254 2229
f 2256 1306 1307
f 1265 2231 1307
f 2231 2256 1307
f 2231 2257 2256
f 2258 2231 2232
f 2257 2231 2258
f 2259 2232 2233
f 2258 2232 2259
f 1308 2260 1270
f 2260 2233 1270
f 2260 2259 2233
f 1271 2234 1308
f 2234 2260 1308
f 2234 2261 2260
f 2262 2234 2235
f 2261 2234 2262
f 2263 2235 2236
f 2262 2235 2263
f 2264 2236 2237
f 2263 2236 2264
f 2265 2237 2238
f 2264 2237 2265
f 2266 2238 2239
f 2265 2238 2266
f 2240 2268 2267
f 2266 2240 2267
f 2239 2240 2266
f 2270 2269 2268
f 2240 2270 2268
f 2241 2270 2240
f 1311 2270 1310
f 2270 2242 1310
f 2270 2241 2242
f 1310 2242 1313
f 1313 2242 2243
f 1313 2243 1314
f 2243 2271 1314
f 2243 2244 2271
f 1316 2271 1274
f 1274 2271 2244
f 2272 1317 2245
f 2245 1317 1277
f 2273 2245 2246
f 2272 2245 2273
f 2274 2246 2247
f 2273 2246 2274
f 1318 2275 1279
f 2275 2247 1279
f 2275 2274 2247
f 1281 2248 1318
f 2248 2275 1318
f 2248 2276 2275
f 2277 2248 2249
f 2276 2248 2277
f 1320 2277 1284
f 1284 2277 2249
f 2278 1321 2250
f 2250 1321 1285
f 1322 2279 1287
f 2279 2250 1287
f 2279 2278 2250
f 1323 2279 1322
f 2280 1325 1326
f 1291 2251 1329
f 2280 1326 1327
f 1329 2251 1293
f 2282 2281 2252
f 2281 1300 2252
f 2281 1335 1300
f 2282 2252 2253
f 2255 2254 2283
f 2255 2283 2284
f 1337 2283 1302
f 1302 2283 2254
f 2256 1342 1306
f 1342 2256 1344
f 2256 2285 1344
f 2256 2257 2285
f 2286 2257 2258
f 2285 2257 2286
f 2287 2258 2259
f 2286 2258 2287
f 2288 2259 2260
f 2287 2259 2288
f 1347 2288 1346
f 2288 2261 1346
f 2288 2260 2261
f 1346 2261 1348
f 2261 2289 1348
f 2261 2262 2289
f 2263 2291 2290
f 2289 2263 2290
f 2262 2263 2289
f 2293 2292 2291
f 2263 2293 2291
f 2264 2293 2263
f 2294 2264 2265
f 2293 2264 2294
f 2295 2265 2266
f 2294 2265 2295
f 2266 2267 2296
f 2297 2266 2296
f 2295 2266 2297
f 2297 2296 2269
f 2270 2297 2269
f 2298 2297 2270
f 1349 2299 1311
f 2299 2270 1311
f 2299 2298 2270
f 1350 2300 1349
f 1349 2300 2299
f 1314 2271 1350
f 2271 2300 1350
f 2271 2301 2300
f 1351 2302 1316
f 2302 2271 1316
f 2302 2301 2271
f 1317 2272 1351
f 2272 2302 1351
f 2272 2303 2302
f 2304 2272 2273
f 2303 2272 2304
f 2305 2273 2274
f 2304 2273 2305
f 1354 2305 1353
f 2305 2275 1353
f 2305 2274 2275
f 1353 2275 1355
f 2275 2306 1355
f 2275 2276 2306
f 2307 2276 2277
f 2306 2276 2307
f 1356 2308 1320
f 2308 2277 1320
f 2308 2307 2277
f 1321 2278 1356
f 2278 2308 1356
f 2278 2309 2308
f 1359 2309 1358
f 2309 2279 1358
f 2309 2278 2279
f 1361 1358 2310
f 1358 2279 2310
f 1323 1360 2310
f 1323 2310 2279
f 1360 1325 2310
f 1325 2280 2310
f 1364 1362 2310
f 1364 2310 2280
f 1364 2280 1327
f 2281 1369 1335
f 2311 1369 2281
f 2284 2283 2312
f 2284 2312 2313
f 1371 2312 1337
f 1337 2312 2283
f 2314 1376 2285
f 2285 1376 1344
f 2315 2285 2286
f 2314 2285 2315
f 2316 2286 2287
f 2315 2286 2316
f 2317 2287 2288
f 2316 2287 2317
f 1377 2318 1347
f 2318 2288 1347
f 2318 2317 2288
f 1348 2289 1377
f 2289 2318 1377
f 2289 2319 2318
f 2289 2290 2320
f 2321 2289 2320
f 2319 2289 2321
f 2321 2320 2292
f 2293 2321 2292
f 2322 2321 2293
f 2323 2293 2294
f 2322 2293 2323
f 2324 2294 2295
f 2323 2294 2324
f 2325 2295 2297
f 2324 2295 2325
f 2326 2297 2298
f 2325 2297 2326
f 2327 2298 2299
f 2326 2298 2327
f 2328 2299 2300
f 2327 2299 2328
f 2329 2300 2301
f 2328 2300 2329
f 1380 2329 1379
f 2329 2302 1379
f 2329 2301 2302
f 1379 2302 1381
f 2302 2330 1381
f 2302 2303 2330
f 2331 2303 2304
f 2330 2303 2331
f 2332 2304 2305
f 2331 2304 2332
f 1382 2333 1354
f 2333 2305 1354
f 2333 2332 2305
f 1355 2306 1382
f 2306 2333 1382
f 2306 2334 2333
f 2335 2306 2307
f 2334 2306 2335
f 2336 2307 2308
f 2335 2307 2336
f 1385 2336 1384
f 2336 2309 1384
f 2336 2308 2309
f 1384 2309 1359
f 2337 1386 1387
f 1361 2310 1390
f 2337 1387 1388
f 1390 2310 1362
f 2338 1391 1392
f 1393 2338 1392
f 2340 1396 2339
f 1396 2311 2339
f 1396 1369 2311
f 2341 2340 2339
f 2313 2312 2342
f 2313 2342 2343
f 1398 2342 1371
f 1371 2342 2312
f 2344 1401 1402
f 1402 1376 2344
f 1376 2314 2344
f 1405 1403 2344
f 1405 2344 2314
f 1405 2314 1406
f 2314 2345 1406
f 2314 2315 2345
f 2346 2315 2316
f 2345 2315 2346
f 2347 2316 2317
f 2346 2316 2347
f 2348 2317 2318
f 2347 2317 2348
f 2349 2318 2319
f 2348 2318 2349
f 2350 2319 2321
f 2349 2319 2350
f 2351 2321 2322
f 2350 2321 2351
f 2352 2322 2323
f 2351 2322 2352
f 2353 2323 2324
f 2352 2323 2353
f 2354 2324 2325
f 2353 2324 2354
f 2355 2325 2326
f 2354 2325 2355
f 2356 2326 2327
f 2355 2326 2356
f 2357 2327 2328
f 2356 2327 2357
f 2358 2328 2329
f 2357 2328 2358
f 1407 2359 1380
f 2359 2329 1380
f 2359 2358 2329
f 1381 2330 1407
f 2330 2359 1407
f 2330 2360 2359
f 2361 2330 2331
f 2360 2330 2361
f 2362 2331 2332
f 2361 2331 2362
f 2363 2332 2333
f 2362 2332 2363
f 2364 2333 2334
f 2363 2333 2364
f 2365 2334 2335
f 2364 2334 2365
f 2366 2335 2336
f 2365 2335 2366
f 1408 2367 1385
f 2367 2336 1385
f 2367 2366 2336
f 1386 2337 1411
f 2367 1408 1409
f 1411 2337 1388
f 2338 1413 1391
f 1413 2338 1393
f 2369 2368 2340
f 2368 1396 2340
f 2368 1417 1396
f 2369 2340 2341
f 2343 2342 2370
f 2343 2370 2371
f 1419 2370 1398
f 1398 2370 2342
f 2372 1422 1423
f 1424 2372 1423
f 2344 1426 1401
f 1426 2344 1403
f 2373 1428 1429
f 1406 2345 1432
f 2373 1429 1430
f 1432 2345 1433
f 2345 2374 1433
f 2345 2346 2374
f 2375 2346 2347
f 2374 2346 2375
f 2376 2347 2348
f 2375 2347 2376
f 2377 2348 2349
f 2376 2348 2377
f 2378 2349 2350
f 2377 2349 2378
f 2379 2350 2351
f 2378 2350 2379
f 2380 2351 2352
f 2379 2351 2380
f 2381 2352 2353
f 2380 2352 2381
f 2382 2353 2354
f 2381 2353 2382
f 2383 2354 2355
f 2382 2354 2383
f 2384 2355 2356
f 2383 2355 2384
f 2385 2356 2357
f 2384 2356 2385
f 2386 2357 2358
f 2385 2357 2386
f 2387 2358 2359
f 2386 2358 2387
f 2388 2359 2360
f 2387 2359 2388
f 2389 2360 2361
f 2388 2360 2389
f 2390 2361 2362
f 2389 2361 2390
f 2391 2362 2363
f 2390 2362 2391
f 2392 2363 2364
f 2391 2363 2392
f 2393 2364 2365
f 2392 2364 2393
f 2394 2365 2366
f 2393 2365 2394
f 1436 2394 1435
f 2394 2367 1435
f 2394 2366 2367
f 1435 2367 1409
f 2368 1443 1417
f 2395 1443 2368
f 2371 2370 2396
f 2371 2396 2397
f 1445 2396 1419
f 1419 2396 2370
f 2372 1448 1422
f 1448 2372 1424
f 2398 1452 2373
f 2373 1452 1428
f 1453 2399 1430
f 2399 2373 1430
f 2399 2398 2373
f 1433 2374 1453
f 2374 2399 1453
f 2374 2400 2399
f 2401 2374 2375
f 2400 2374 2401
f 2402 2375 2376
f 2401 2375 2402
f 2403 2376 2377
f 2402 2376 2403
f 2404 2377 2378
f 2403 2377 2404
f 2405 2378 2379
f 2404 2378 2405
f 1456 2405 1455
f 2405 2380 1455
f 2405 2379 2380
f 1455 2380 1457
f 2380 2406 1457
f 2380 2381 2406
f 2407 2381 2382
f 2406 2381 2407
f 2408 2382 2383
f 2407 2382 2408
f 2409 2383 2384
f 2408 2383 2409
f 2410 2384 2385
f 2409 2384 2410
f 2411 2385 2386
f 2410 2385 2411
f 2412 2386 2387
f 2411 2386 2412
f 2413 2387 2388
f 2412 2387 2413
f 2414 2388 2389
f 2413 2388 2414
f 2415 2389 2390
f 2414 2389 2415
f 2416 2390 2391
f 2415 2390 2416
f 1460 2416 1459
f 2416 2392 1459
f 2416 2391 2392
f 1459 2392 1461
f 2392 2417 1461
f 2392 2393 2417
f 2418 2393 2394
f 2417 2393 2418
f 1463 2418 1436
f 1436 2418 2394
f 2395 2419 1443
f 1443 2419 1470
f 1472 1470 2419
f 1472 2419 2420
f 2397 2396 2421
f 2397 2421 2422
f 1474 2421 1445
f 1445 2421 2396
f 2423 1480 2398
f 2398 1480 1452
f 1483 2423 1482
f 2423 2399 1482
f 2423 2398 2399
f 1482 2399 1485
f 1485 2399 2400
f 1485 2400 1486
f 2400 2424 1486
f 2400 2401 2424
f 2425 2401 2402
f 2424 2401 2425
f 2426 2402 2403
f 2425 2402 2426
f 2427 2403 2404
f 2426 2403 2427
f 2428 2404 2405
f 2427 2404 2428
f 1487 2429 1456
f 2429 2405 1456
f 2429 2428 2405
f 1457 2406 1487
f 2406 2429 1487
f 2406 2430 2429
f 2431 2406 2407
f 2430 2406 2431
f 1490 2431 1489
f 2431 2408 1489
f 2431 2407 2408
f 1489 2408 1491
f 2408 2432 1491
f 2408 2409 2432
f 2433 2409 2410
f 2432 2409 2433
f 2434 2410 2411
f 2433 2410 2434
f 2435 2411 2412
f 2434 2411 2435
f 1494 2435 1493
f 2435 2413 1493
f 2435 2412 2413
f 1493 2413 1495
f 2413 2436 1495
f 2413 2414 2436
f 1498 2436 1497
f 2436 2415 1497
f 2436 2414 2415
f 1497 2415 1499
f 2415 2437 1499
f 2415 2416 2437
f 1501 2437 1460
f 1460 2437 2416
f 2417 1502 1461
f 1502 2417 1505
f 1505 2417 2418
f 1505 2418 1463
f 2439 2438 1514
f 1514 2438 1513
f 1514 1472 2420
f 1514 2420 2439
f 2422 2421 2440
f 2422 2440 2441
f 1515 2440 1474
f 1474 2440 2421
f 2423 1521 1480
f 1521 2423 1483
f 2424 1525 1486
f 1525 2424 1528
f 1528 2424 2425
f 1528 2425 1530
f 1530 2425 2426
f 1530 2426 1531
f 2426 2442 1531
f 2426 2427 2442
f 2443 2427 2428
f 2442 2427 2443
f 2444 2428 2429
f 2443 2428 2444
f 2445 2429 2430
f 2444 2429 2445
f 2446 2430 2431
f 2445 2430 2446
f 1532 2447 1490
f 2447 2431 1490
f 2447 2446 2431
f 1491 2432 1535
f 2447 1532 1533
f 1535 2432 1536
f 2432 2448 1536
f 2432 2433 2448
f 2449 2433 2434
f 2448 2433 2449
f 2450 2434 2435
f 2449 2434 2450
f 1538 2450 1494
f 1494 2450 2435
f 2436 1539 1495
f 1539 2436 1498
f 2437 1542 1499
f 1542 2437 1501
f 2438 1549 1513
f 2451 1549 2438
f 2441 2440 2452
f 2441 2452 2453
f 1551 2452 1515
f 1515 2452 2440
f 2454 1558 1559
f 1560 2454 1559
f 2455 1563 2442
f 2442 1563 1531
f 1566 2455 1565
f 2455 2443 1565
f 2455 2442 2443
f 1565 2443 1567
f 2443 2456 1567
f 2443 2444 2456
f 1570 2456 1569
f 2456 2445 1569
f 2456 2444 2445
f 1569 2445 1572
f 1572 2445 2446
f 1572 2446 1573
f 2446 2457 1573
f 2446 2447 2457
f 1574 2458 1533
f 2458 2447 1533
f 2458 2457 2447
f 1536 2448 1574
f 2448 2458 1574
f 2448 2459 2458
f 2460 2448 2449
f 2459 2448 2460
f 1577 2460 1576
f 2460 2450 1576
f 2460 2449 2450
f 1579 1576 2461
f 1576 2450 2461
f 1538 1578 2461
f 1538 2461 2450
f 1580 2462 1578
f 1578 2462 2461
f 1581 2462 1580
f 2451 1590 1549
f 2463 1590 2451
f 2453 2452 2464
f 2453 2464 2465
f 1591 2464 1551
f 1551 2464 2452
f 2454 1597 1558
f 1597 2454 1560
f 2466 1599 1600
f 1601 2467 1600
f 1600 2467 2466
f 1563 2455 1601
f 2455 2467 1601
f 2455 2468 2467
f 1603 2468 1566
f 1566 2468 2455
f 2469 1604 2456
f 2456 1604 1567
f 1605 2470 1570
f 2470 2456 1570
f 2470 2469 2456
f 1606 2471 1605
f 1605 2471 2470
f 1573 2457 1606
f 2457 2471 1606
f 2457 2472 2471
f 2473 2457 2458
f 2472 2457 2473
f 2474 2458 2459
f 2473 2458 2474
f 1609 2474 1608
f 2474 2460 1608
f 2474 2459 2460
f 1608 2460 1577
f 2461 1611 1579
f 1611 2461 1614
f 1614 2461 2462
f 1614 2462 1581
f 2476 1621 2475
f 1621 2463 2475
f 1621 1590 2463
f 2477 2476 2475
f 2465 2464 2478
f 2465 2478 2479
f 1623 2478 1591
f 1591 2478 2464
f 2480 1631 1632
f 1599 2466 1632
f 2466 2480 1632
f 2466 2481 2480
f 2482 2466 2467
f 2481 2466 2482
f 1635 2482 1634
f 2482 2468 1634
f 2482 2467 2468
f 1637 1634 2483
f 1634 2468 2483
f 1603 1636 2483
f 1603 2483 2468
f 1604 2469 1636
f 2469 2483 1636
f 2469 2484 2483
f 1640 2484 1639
f 2484 2470 1639
f 2484 2469 2470
f 1639 2470 1642
f 1642 2470 2471
f 1642 2471 1643
f 2471 2485 1643
f 2471 2472 2485
f 2486 2472 2473
f 2485 2472 2486
f 2487 2473 2474
f 2486 2473 2487
f 1644 2488 1609
f 2488 2474 1609
f 2488 2487 2474
f 1645 2489 1644
f 1644 2489 2488
f 1646 2489 1645
f 2491 2490 2476
f 2490 1621 2476
f 2490 1653 1621
f 2491 2476 2477
f 2479 2478 2492
f 2479 2492 2493
f 1654 2492 1623
f 1623 2492 2478
f 2494 1661 2480
f 2480 1661 1631
f 2495 2480 2481
f 2494 2480 2495
f 1664 2495 1663
f 2495 2482 1663
f 2495 2481 2482
f 1666 1663 2496
f 1663 2482 2496
f 1635 1665 2496
f 1635 2496 2482
f 1665 1637 2496
f 1637 2483 2496
f 1669 1667 2496
f 1669 2496 2483
f 1669 2483 1670
f 2483 2497 1670
f 2483 2484 2497
f 1671 2498 1640
f 2498 2484 1640
f 2498 2497 2484
f 1672 2499 1671
f 1671 2499 2498
f 1643 2485 1672
f 2485 2499 1672
f 2485 2500 2499
f 2501 2485 2486
f 2500 2485 2501
f 2502 2486 2487
f 2501 2486 2502
f 2503 2487 2488
f 2502 2487 2503
f 1675 2503 1674
f 2503 2489 1674
f 2503 2488 2489
f 1674 2489 1646
f 2504 1677 1678
f 1679 2504 1678
f 2490 2505 1653
f 1653 2505 1685
f 1687 1685 2505
f 1687 2505 2506
f 2493 2492 2507
f 2493 2507 2508
f 1689 2507 1654
f 1654 2507 2492
f 2509 1697 2494
f 2494 1697 1661
f 1700 2509 1699
f 2509 2495 1699
f 2509 2494 2495
f 1699 2495 1664
f 2510 1702 2496
f 2496 1702 1666
f 1704 2510 1667
f 1667 2510 2496
f 2511 1705 2497
f 2497 1705 1670
f 2512 2497 2498
f 2511 2497 2512
f 2513 2498 2499
f 2512 2498 2513
f 1708 2513 1707
f 2513 2500 1707
f 2513 2499 2500
f 1707 2500 1710
f 1710 2500 2501
f 1710 2501 1711
f 2501 2514 1711
f 2501 2502 2514
f 1714 2514 1713
f 2514 2503 1713
f 2514 2502 2503
f 1713 2503 1675
f 2504 1717 1677
f 1717 2504 1679
f 2516 2515 1723
f 1723 2515 1722
f 1723 1687 2506
f 1723 2506 2516
f 2508 2507 2517
f 2508 2517 2518
f 1724 2517 1689
f 1689 2517 2507
f 2509 1733 1697
f 1733 2509 1700
f 2519 1735 1736
f 1737 2519 1736
f 2520 1739 2510
f 2510 1739 1702
f 1741 2520 1704
f 1704 2520 2510
f 2521 1742 2511
f 2511 1742 1705
f 2522 2511 2512
f 2521 2511 2522
f 2523 2512 2513
f 2522 2512 2523
f 1743 2524 1708
f 2524 2513 1708
f 2524 2523 2513
f 1744 2525 1743
f 1743 2525 2524
f 1744 1711 2525
f 1711 2514 2525
f 1747 1745 2525
f 1747 2525 2514
f 1747 2514 1714
f 2515 1754 1722
f 2526 1754 2515
f 2518 2517 2527
f 2518 2527 2528
f 1755 2527 1724
f 1724 2527 2517
f 2529 1761 1762
f 1735 2519 1765
f 2529 1762 1763
f 1765 2519 1737
f 2520 1767 1739
f 1767 2520 1741
f 2530 1770 2521
f 2521 1770 1742
f 2531 2521 2522
f 2530 2521 2531
f 2532 2522 2523
f 2531 2522 2532
f 2533 2523 2524
f 2532 2523 2533
f 1773 2533 1772
f 2533 2525 1772
f 2533 2524 2525
f 1772 2525 1745
f 2534 1774 1775
f 1776 2535 1775
f 1775 2535 2534
f 1777 2535 1776
f 2537 1785 2536
f 1785 2526 2536
f 1785 1754 2526
f 2538 2537 2536
f 2528 2527 1787
f 1788 2528 1787
f 2539 2528 1788
f 1787 2527 1755
f 2529 1795 1761
f 1795 2529 1763
f 2530 1801 1770
f 1801 2530 1803
f 2530 2540 1803
f 2530 2531 2540
f 2541 2531 2532
f 2540 2531 2541
f 1806 2541 1805
f 2541 2533 1805
f 2541 2532 2533
f 1805 2533 1773
f 2542 1808 2534
f 2534 1808 1774
f 1811 2542 1810
f 2542 2535 1810
f 2542 2534 2535
f 1810 2535 1777
f 2543 1812 1813
f 1814 2543 1813
f 2545 1819 2544
f 1819 1785 2544
f 2544 1785 2537
f 2546 2544 2537
f 2537 2538 2546
f 1819 2545 1821
f 1788 1822 2547
f 2548 1788 2547
f 2539 1788 2548
f 1823 2547 1822
f 2549 1834 1835
f 1836 2549 1835
f 2550 1838 1839
f 1803 2540 1842
f 2550 1839 1840
f 1842 2540 1844
f 1844 2540 2541
f 1844 2541 1806
f 2542 1847 1808
f 1847 2542 1811
f 2551 1850 2543
f 2543 1850 1812
f 1851 2551 1814
f 1814 2551 2543
f 2553 2552 2544
f 2552 1857 2544
f 1855 2545 2544
f 1855 2544 1857
f 1855 1821 2545
f 2552 2553 2554
f 2548 2547 2555
f 2548 2555 2556
f 1858 2555 1823
f 1823 2555 2547
f 2549 1868 1834
f 1868 2549 1836
f 2550 1871 1838
f 1874 1871 2557
f 1871 2550 2557
f 1840 1873 2557
f 1840 2557 2550
f 1875 2558 1873
f 1873 2558 2557
f 1876 2558 1875
f 2551 1881 1850
f 1881 2551 1851
f 2552 1887 1857
f 1888 1887 2552
f 2554 1888 2552
f 2559 1888 2554
f 2556 2555 2560
f 2556 2560 2561
f 1889 2560 1858
f 1858 2560 2555
f 2562 1901 2557
f 2557 1901 1874
f 1904 2562 1903
f 2562 2558 1903
f 2562 2557 2558
f 1903 2558 1876
f 2565 2564 2563
f 2559 2565 2563
f 1912 2559 2563
f 1888 2559 1912
f 2561 2560 1914
f 1915 2561 1914
f 2566 2561 1915
f 1914 2560 1889
f 2567 1924 1925
f 1926 2567 1925
f 2562 1929 1901
f 1929 2562 1904
f 2563 2564 1937
f 2564 1939 1937
f 2564 2568 1939
f 2563 1937 1912
f 1941 2566 1915
f 1941 2569 2566
f 2567 1945 1924
f 1945 2567 1926
f 2571 1946 2570
f 1946 2568 2570
f 1946 1939 2568
f 2572 2571 2570
f 1948 2569 1941
f 1948 2573 2569
f 2574 1950 2571
f 2571 1950 1946
f 2571 2572 2575
f 2571 2575 2574
f 2578 2577 2576
f 2580 2579 2576
f 2580 2576 2577
f 2580 2573 2579
f 2573 1952 2579
f 2573 1948 1952
f 2574 1955 1950
f 1956 1955 2574
f 2575 1956 2574
f 2581 1956 2575
f 2578 2576 2582
f 2578 2582 2583
f 1959 2582 1958
f 2582 2579 1958
f 2582 2576 2579
f 1958 2579 1952
f 2581 1962 1956
f 2584 1962 2581
f 2583 2582 2585
f 2583 2585 2586
f 2585 2582 1959
f 2587 2585 1959
f 1963 2587 1959
f 2588 2585 2587
f 1963 1964 2587
f 2587 1964 2589
f 2590 1968 1969
f 1970 2590 1969
f 2591 1972 1973
f 1974 2591 1973
f 2584 1976 1962
f 2592 1976 2584
f 2586 2585 2593
f 2586 2593 2594
f 2585 2588 2595
f 2585 2595 2593
f 1978 2589 1964
f 1978 2596 2589
f 2597 1981 1982
f 1983 2597 1982
f 2599 2598 1985
f 1985 2598 1984
f 2600 1985 1986
f 2600 2599 1985
f 2601 1986 1988
f 2601 2600 1986
f 2602 1988 1989
f 2602 2601 1988
f 2603 1989 1990
f 2603 2602 1989
f 2605 2604 1991
f 2604 1990 1991
f 2604 2603 1990
f 2605 2606 2604
f 2608 2607 1993
f 1993 2607 1992
f 2609 1993 1994
f 2609 2608 1993
f 2611 2610 1996
f 2610 1994 1996
f 2610 2609 1994
f 1997 1998 2611
f 1998 2610 2611
f 1998 2612 2610
f 2614 2612 2613
f 2612 1999 2613
f 2612 1998 1999
f 2000 2615 1999
f 1999 2615 2613
f 2001 2616 2000
f 2000 2616 2615
f 2003 2616 2001
f 2617 2004 2005
f 2619 2617 2618
f 2617 2005 2618
f 2007 2620 2618
f 2007 2618 2005
f 2008 2009 2620
f 2009 2618 2620
f 2009 2621 2618
f 2009 1968 2590
f 2622 2009 2590
f 2621 2009 2622
f 2624 2622 2623
f 2623 2622 2010
f 2622 2590 2010
f 2590 1970 2010
f 2625 2623 2010
f 2625 2010 1972
f 2626 2625 1972
f 2591 2626 1972
f 2591 1974 2626
f 1974 2627 2626
f 1974 2014 2627
f 2630 2629 2628
f 2016 2017 2628
f 2017 2630 2628
f 2017 2631 2630
f 2633 2632 2018
f 2632 2017 2018
f 2632 2631 2017
f 2633 2020 2632
f 2020 2021 2632
f 2635 2634 2632
f 2635 2632 2021
f 2023 2635 2021
f 2637 2636 2025
f 2025 2636 2024
f 2025 2026 2637
f 2637 2026 2638
f 2639 2027 2028
f 2029 2640 2028
f 2028 2640 2639
f 2031 2640 2029
f 2641 2032 2033
f 2641 2033 2642
f 2033 2643 2642
f 2033 2034 2643
f 2034 1976 2592
f 2034 2592 2643
f 2644 2594 2593
f 2644 2593 2595
f 1978 2035 2645
f 2646 1978 2645
f 2596 1978 2646
f 2036 2647 2035
f 2035 2647 2645
f 2038 2647 2036
f 2649 2648 2039
f 2039 2648 2040
f 2651 2649 2650
f 2649 2041 2650
f 2649 2039 2041
f 2597 2652 1981
f 2650 1981 2652
f 1981 2650 2041
f 2653 2650 2652
f 2042 2043 2654
f 2654 2045 2042
f 2046 2597 1983
f 2597 2046 2652
f 2655 2652 2046
f 2656 2046 2047
f 2656 2655 2046
f 2047 1984 2598
f 2047 2598 2656
f 2049 2657 2605
f 2049 2605 1991
f 2606 2659 2658
f 2659 2606 2051
f 2605 2051 2606
f 2051 2605 2050
f 2657 2050 2605
f 2660 2659 2051
f 1992 2660 2051
f 2607 2660 1992
f 2052 2611 1996
f 2661 2052 2053
f 2661 2611 2052
f 2661 2055 1997
f 2611 2661 1997
f 2613 2662 2614
f 2056 2055 2661
f 2662 2613 2615
f 2662 2615 2663
f 2663 2615 2616
f 2663 2616 2664
f 2664 2616 2003
f 2057 2664 2003
f 2665 2664 2057
f 2057 2004 2617
f 2666 2057 2617
f 2665 2057 2666
f 2007 2058 2620
f 2617 2619 2666
f 2620 2058 2008
f 2667 2624 2623
f 2670 2669 2668
f 2625 2667 2623
f 2672 2671 2059
f 2669 2059 2671
f 2059 2669 2014
f 2670 2014 2669
f 2014 2670 2627
f 2060 2628 2629
f 2672 2060 2629
f 2059 2060 2672
f 2628 2060 2016
f 2061 2633 2018
f 2635 2673 2634
f 2020 2633 2061
f 2673 2635 2023
f 2062 2673 2023
f 2674 2673 2062
f 2062 2024 2636
f 2062 2636 2674
f 2675 2638 2026
f 2675 2026 2063
f 2063 2027 2639
f 2676 2063 2639
f 2675 2063 2676
f 2677 2064 2065
f 2639 2678 2676
f 2678 2639 2640
f 2679 2031 2064
f 2679 2064 2677
f 2679 2677 2066
f 2679 2066 2067
f 2679 2067 2680
f 2679 2680 2678
f 2679 2678 2640
f 2679 2640 2031
f 2681 2067 2068
f 2681 2680 2067
f 2069 2070 2682
f 2032 2641 2068
f 2683 2068 2641
f 2068 2683 2681
f 2641 2642 2683
f 2069 2682 2072
f 2684 2646 2645
f 2684 2645 2647
f 2684 2647 2685
f 2685 2647 2038
f 2073 2685 2038
f 2686 2685 2073
f 2073 2040 2648
f 2073 2648 2686
f 2687 2651 2650
f 2043 2074 2654
f 2650 2653 2687
f 2654 2074 2045
f 2075 2657 2049
f 2659 2688 2658
f 2050 2657 2075
f 2688 2659 2660
f 2076 2661 2053
f 2661 2076 2056
f 2689 2668 2669
f 2689 2669 2671
f 2077 2677 2065
f 2677 2077 2066
f 2078 2682 2070
f 2682 2078 2072
f 2692 2691 2690
f 2694 2693 2690
f 2694 2690 2691
f 2695 2693 2694
f 2081 2696 2080
f 2696 2082 2080
f 2699 2698 2697
f 2701 2700 2697
f 2701 2697 2698
f 2703 2702 2700
f 2703 2700 2701
f 2705 2704 2702
f 2705 2702 2703
f 2707 2706 2704
f 2707 2704 2705
f 2084 2085 2706
f 2707 2084 2706
f 2708 2084 2707
f 2710 2709 2086
f 2084 2710 2086
f 2708 2710 2084
f 2712 2711 2709
f 2712 2709 2710
f 2714 2713 2711
f 2714 2711 2712
f 2716 2715 2713
f 2716 2713 2714
f 2717 2715 2716
f 2720 2719 2718
f 2722 2721 2718
f 2722 2718 2719
f 2724 2723 2721
f 2724 2721 2722
f 2726 2725 2723
f 2726 2723 2724
f 2727 2725 2726
f 2730 2729 2728
f 2732 2731 2728
f 2732 2728 2729
f 2733 2731 2732
f 2736 2735 2734
f 2088 2089 2734
f 2735 2088 2734
f 2737 2088 2735
f 2090 2088 2737
f 2090 2737 2738
f 2741 2740 2739
f 2743 2742 2739
f 2743 2739 2740
f 2742 2743 2692
f 2690 2742 2692
f 2744 2742 2690
f 2745 2690 2693
f 2744 2690 2745
f 2693 2695 2746
f 2747 2693 2746
f 2745 2693 2747
f 2749 2748 2747
f 2749 2747 2746
f 2751 2750 2748
f 2751 2748 2749
f 2753 2752 2750
f 2753 2750 2751
f 2755 2754 2752
f 2755 2752 2753
f 2757 2756 2754
f 2757 2754 2755
f 2759 2758 2756
f 2759 2756 2757
f 2761 2760 2758
f 2761 2758 2759
f 2092 2093 2760
f 2761 2092 2760
f 2762 2092 2761
f 2764 2763 2094
f 2092 2764 2094
f 2762 2764 2092
f 2766 2765 2763
f 2766 2763 2764
f 2766 2767 2696
f 2096 2766 2696
f 2081 2096 2696
f 2765 2766 2096
f 2696 2767 2082
f 2767 2097 2082
f 2767 2768 2097
f 2097 2769 2100
f 2768 2769 2097
f 2697 2102 2699
f 2102 2769 2699
f 2102 2100 2769
f 2102 2697 2104
f 2104 2697 2700
f 2104 2700 2106
f 2106 2700 2702
f 2106 2702 2108
f 2108 2702 2704
f 2108 2704 2110
f 2110 2704 2706
f 2110 2706 2085
f 2709 2112 2086
f 2112 2709 2114
f 2114 2709 2711
f 2114 2711 2115
f 2115 2711 2713
f 2115 2713 2117
f 2117 2713 2715
f 2717 2770 2715
f 2770 2117 2715
f 2770 2119 2117
f 2718 2121 2720
f 2121 2770 2720
f 2121 2119 2770
f 2121 2718 2122
f 2122 2718 2721
f 2122 2721 2123
f 2123 2721 2723
f 2123 2723 2125
f 2125 2723 2725
f 2126 2125 2725
f 2727 2126 2725
f 2771 2126 2727
f 2774 2773 2772
f 2128 2129 2772
f 2773 2128 2772
f 2775 2128 2773
f 2728 2131 2730
f 2131 2775 2730
f 2131 2128 2775
f 2131 2728 2133
f 2133 2728 2731
f 2733 2776 2731
f 2776 2133 2731
f 2776 2135 2133
f 2135 2777 2137
f 2776 2777 2135
f 2734 2139 2736
f 2139 2777 2736
f 2139 2137 2777
f 2139 2734 2089
f 2738 2778 2090
f 2090 2778 2141
f 2739 2144 2741
f 2144 2778 2741
f 2144 2141 2778
f 2144 2739 2146
f 2146 2739 2742
f 2146 2742 2148
f 2148 2742 2744
f 2148 2744 2150
f 2150 2744 2745
f 2150 2745 2151
f 2745 2779 2151
f 2745 2747 2779
f 2154 2779 2153
f 2779 2748 2153
f 2779 2747 2748
f 2153 2748 2156
f 2156 2748 2750
f 2156 2750 2158
f 2158 2750 2752
f 2158 2752 2160
f 2160 2752 2754
f 2160 2754 2162
f 2162 2754 2756
f 2162 2756 2164
f 2164 2756 2758
f 2164 2758 2166
f 2166 2758 2760
f 2166 2760 2093
f 2763 2168 2094
f 2168 2763 2171
f 2171 2763 2765
f 2171 2765 2096
f 2771 2174 2126
f 2780 2174 2771
f 2774 2772 2176
f 2177 2774 2176
f 2781 2774 2177
f 2176 2772 2129
f 2779 2187 2151
f 2187 2779 2154
f 2783 2191 2782
f 2191 2780 2782
f 2191 2174 2780
f 2784 2783 2782
f 2193 2781 2177
f 2193 2785 2781
f 2783 2196 2191
f 2198 2196 2783
f 2784 2198 2783
f 2786 2198 2784
f 2788 2787 2200
f 2788 2200 2201
f 2193 2200 2785
f 2785 2200 2787
f 2789 2206 2207
f 2790 2789 2207
f 2198 2790 2207
f 2786 2790 2198
f 2201 2208 2791
f 2792 2201 2791
f 2788 2201 2792
f 2210 2791 2208
f 2789 2226 2206
f 2228 2226 2789
f 2790 2228 2789
f 2793 2228 2790
f 2794 2792 2791
f 2791 2210 2794
f 2210 2795 2794
f 2210 2230 2795
f 2793 2253 2228
f 2796 2253 2793
f 2255 2795 2230
f 2255 2797 2795
f 2798 2267 2268
f 2269 2798 2268
f 2799 2281 2282
f 2800 2799 2282
f 2253 2800 2282
f 2796 2800 2253
f 2284 2797 2255
f 2284 2801 2797
f 2802 2290 2291
f 2292 2802 2291
f 2798 2296 2267
f 2296 2798 2269
f 2803 2311 2799
f 2799 2311 2281
f 2799 2800 2804
f 2799 2804 2803
f 2313 2801 2284
f 2313 2805 2801
f 2802 2320 2290
f 2320 2802 2292
f 2803 2339 2311
f 2341 2339 2803
f 2804 2341 2803
f 2806 2341 2804
f 2343 2805 2313
f 2343 2807 2805
f 2808 2368 2369
f 2809 2808 2369
f 2341 2809 2369
f 2806 2809 2341
f 2371 2807 2343
f 2371 2810 2807
f 2811 2395 2808
f 2808 2395 2368
f 2808 2809 2812
f 2808 2812 2811
f 2397 2810 2371
f 2397 2813 2810
f 2811 2419 2395
f 2420 2419 2811
f 2812 2420 2811
f 2814 2420 2812
f 2422 2813 2397
f 2422 2815 2813
f 2817 2816 2439
f 2439 2816 2438
f 2439 2420 2814
f 2439 2814 2817
f 2441 2815 2422
f 2441 2818 2815
f 2816 2451 2438
f 2819 2451 2816
f 2453 2818 2441
f 2453 2820 2818
f 2819 2463 2451
f 2821 2463 2819
f 2465 2820 2453
f 2465 2822 2820
f 2475 2463 2823
f 2463 2824 2823
f 2463 2821 2824
f 2823 2477 2475
f 2479 2822 2465
f 2479 2825 2822
f 2823 2824 2491
f 2824 2490 2491
f 2824 2826 2490
f 2823 2491 2477
f 2493 2825 2479
f 2493 2827 2825
f 2826 2828 2490
f 2490 2828 2505
f 2506 2505 2828
f 2506 2828 2829
f 2508 2827 2493
f 2508 2830 2827
f 2831 2515 2516
f 2832 2831 2516
f 2506 2832 2516
f 2829 2832 2506
f 2518 2830 2508
f 2518 2833 2830
f 2835 2834 2831
f 2834 2515 2831
f 2834 2526 2515
f 2835 2831 2832
f 2528 2833 2518
f 2528 2836 2833
f 2536 2526 2837
f 2526 2838 2837
f 2526 2834 2838
f 2837 2538 2536
f 2539 2836 2528
f 2539 2839 2836
f 2837 2838 2546
f 2838 2544 2546
f 2838 2840 2544
f 2837 2546 2538
f 2548 2839 2539
f 2548 2841 2839
f 2553 2544 2842
f 2544 2843 2842
f 2544 2840 2843
f 2842 2554 2553
f 2556 2841 2548
f 2556 2844 2841
f 2842 2843 2845
f 2845 2843 2846
f 2845 2559 2554
f 2845 2554 2842
f 2561 2844 2556
f 2561 2847 2844
f 2849 2848 2846
f 2848 2564 2846
f 2565 2845 2846
f 2565 2846 2564
f 2565 2559 2845
f 2848 2849 2850
f 2566 2847 2561
f 2566 2851 2847
f 2852 2568 2848
f 2848 2568 2564
f 2848 2850 2853
f 2848 2853 2852
f 2569 2851 2566
f 2569 2854 2851
f 2852 2570 2568
f 2572 2570 2852
f 2853 2572 2852
f 2855 2572 2853
f 2573 2854 2569
f 2573 2856 2854
f 2855 2575 2572
f 2857 2575 2855
f 2578 2858 2577
f 2577 2858 2859
f 2860 2577 2859
f 2580 2577 2860
f 2573 2580 2856
f 2856 2580 2860
f 2857 2581 2575
f 2861 2581 2857
f 2583 2862 2858
f 2583 2858 2578
f 2859 2858 2863
f 2863 2858 2862
f 2861 2584 2581
f 2864 2584 2861
f 2866 2865 2862
f 2583 2866 2862
f 2586 2866 2583
f 2865 2863 2862
f 2587 2867 2588
f 2867 2587 2868
f 2587 2589 2868
f 2868 2589 2869
f 2864 2592 2584
f 2870 2592 2864
f 2594 2872 2871
f 2866 2594 2871
f 2586 2594 2866
f 2875 2874 2873
f 2872 2875 2873
f 2871 2872 2873
f 2867 2871 2873
f 2588 2867 2873
f 2595 2588 2873
f 2876 2595 2873
f 2874 2876 2873
f 2874 2869 2876
f 2869 2596 2876
f 2869 2589 2596
f 2878 2877 2599
f 2599 2877 2598
f 2879 2599 2600
f 2879 2878 2599
f 2881 2879 2880
f 2879 2601 2880
f 2879 2600 2601
f 2602 2882 2601
f 2601 2882 2880
f 2882 2602 2883
f 2602 2884 2883
f 2602 2603 2884
f 2886 2884 2885
f 2884 2604 2885
f 2884 2603 2604
f 2606 2885 2604
f 2888 2887 2608
f 2608 2887 2607
f 2890 2888 2889
f 2888 2609 2889
f 2888 2608 2609
f 2610 2891 2609
f 2609 2891 2889
f 2612 2892 2610
f 2610 2892 2891
f 2892 2612 2614
f 2895 2894 2893
f 2897 2896 2893
f 2893 2896 2895
f 2897 2898 2896
f 2899 2619 2618
f 2621 2900 2618
f 2618 2900 2899
f 2900 2621 2901
f 2621 2902 2901
f 2621 2622 2902
f 2904 2903 2624
f 2903 2622 2624
f 2903 2902 2622
f 2625 2626 2905
f 2903 2904 2906
f 2627 2905 2626
f 2907 2629 2630
f 2907 2630 2908
f 2630 2909 2908
f 2630 2631 2909
f 2910 2631 2632
f 2910 2909 2631
f 2632 2634 2910
f 2910 2634 2911
f 2912 2636 2637
f 2912 2637 2638
f 2915 2914 2913
f 2913 2916 2915
f 2919 2918 2917
f 2917 2920 2919
f 2923 2922 2921
f 2921 2924 2923
f 2925 2642 2643
f 2926 2925 2643
f 2592 2926 2643
f 2870 2926 2592
f 2644 2872 2594
f 2875 2872 2927
f 2644 2927 2872
f 2927 2644 2928
f 2595 2928 2644
f 2928 2595 2876
f 2646 2929 2596
f 2930 2596 2929
f 2596 2930 2876
f 2931 2876 2930
f 2876 2931 2928
f 2929 2932 2930
f 2935 2934 2933
f 2648 2649 2936
f 2935 2933 2937
f 2936 2649 2651
f 2940 2939 2938
f 2653 2652 2941
f 2940 2938 2942
f 2941 2652 2943
f 2652 2944 2943
f 2652 2655 2944
f 2945 2655 2656
f 2945 2944 2655
f 2656 2598 2877
f 2656 2877 2945
f 2881 2880 2946
f 2881 2946 2947
f 2882 2949 2948
f 2946 2882 2948
f 2880 2882 2946
f 2949 2882 2883
f 2886 2885 2950
f 2886 2950 2951
f 2658 2952 2606
f 2953 2606 2952
f 2606 2953 2885
f 2954 2885 2953
f 2885 2954 2950
f 2887 2953 2952
f 2660 2887 2952
f 2607 2887 2660
f 2955 2890 2889
f 2955 2889 2891
f 2955 2891 2956
f 2956 2891 2892
f 2956 2892 2957
f 2614 2662 2958
f 2892 2614 2958
f 2957 2892 2958
f 2959 2957 2958
f 2960 2959 2958
f 2961 2960 2958
f 2894 2961 2958
f 2893 2894 2958
f 2662 2893 2958
f 2960 2961 2962
f 2897 2662 2663
f 2662 2897 2893
f 2963 2898 2897
f 2663 2963 2897
f 2664 2963 2663
f 2964 2664 2665
f 2964 2963 2664
f 2965 2665 2666
f 2965 2964 2665
f 2666 2619 2899
f 2966 2666 2899
f 2965 2666 2966
f 2966 2899 2900
f 2966 2900 2967
f 2967 2900 2901
f 2667 2904 2624
f 2969 2668 2968
f 2969 2968 2970
f 2969 2970 2906
f 2969 2906 2904
f 2969 2904 2667
f 2969 2667 2625
f 2969 2625 2905
f 2969 2905 2670
f 2969 2670 2668
f 2905 2627 2670
f 2672 2968 2671
f 2968 2672 2970
f 2971 2970 2672
f 2672 2629 2907
f 2972 2672 2907
f 2971 2672 2972
f 2972 2907 2908
f 2973 2911 2634
f 2973 2634 2673
f 2974 2673 2674
f 2974 2973 2673
f 2674 2636 2912
f 2975 2674 2912
f 2974 2674 2975
f 2975 2913 2914
f 2975 2675 2913
f 2975 2912 2638
f 2675 2975 2638
f 2976 2916 2913
f 2675 2976 2913
f 2676 2976 2675
f 2678 2917 2918
f 2976 2678 2918
f 2676 2678 2976
f 2977 2920 2917
f 2678 2977 2917
f 2680 2977 2678
f 2681 2921 2922
f 2977 2681 2922
f 2680 2681 2977
f 2978 2924 2921
f 2681 2978 2921
f 2683 2978 2681
f 2683 2642 2925
f 2979 2683 2925
f 2978 2683 2979
f 2979 2925 2926
f 2980 2927 2928
f 2646 2684 2929
f 2928 2931 2980
f 2981 2932 2929
f 2684 2981 2929
f 2685 2981 2684
f 2686 2933 2934
f 2981 2686 2934
f 2685 2686 2981
f 2686 2937 2933
f 2686 2982 2937
f 2686 2648 2936
f 2982 2686 2936
f 2982 2938 2939
f 2982 2687 2938
f 2982 2936 2651
f 2687 2982 2651
f 2687 2942 2938
f 2687 2983 2942
f 2687 2653 2941
f 2983 2687 2941
f 2983 2941 2943
f 2984 2947 2946
f 2984 2946 2948
f 2985 2951 2950
f 2658 2688 2952
f 2950 2954 2985
f 2952 2688 2660
f 2986 2959 2960
f 2986 2960 2962
f 2689 2968 2668
f 2968 2689 2671
f 2989 2988 2987
f 2990 2987 2988
f 2692 2991 2691
f 2992 2694 2691
f 2992 2691 2991
f 2992 2695 2694
f 2995 2994 2993
f 2996 2993 2994
f 2999 2998 2997
f 3001 3000 2997
f 3001 2997 2998
f 3003 3002 3000
f 3003 3000 3001
f 3005 3004 3002
f 3005 3002 3003
f 3006 3004 3005
f 3008 3007 2698
f 3008 2698 2699
f 2698 3009 2701
f 3007 3009 2698
f 2987 2703 2989
f 2703 3009 2989
f 2703 2701 3009
f 2990 3010 2987
f 3010 2703 2987
f 3010 2705 2703
f 2705 3011 2707
f 3010 3011 2705
f 2707 3012 2708
f 3011 3012 2707
f 2708 3013 2710
f 3012 3013 2708
f 3013 3015 3014
f 2712 3013 3014
f 2710 3013 2712
f 2712 3014 3016
f 3017 2712 3016
f 2714 2712 3017
f 2714 3018 2716
f 3017 3018 2714
f 3020 3019 2717
f 2716 3020 2717
f 3018 3020 2716
f 2719 2720 3019
f 3020 2719 3019
f 3021 2719 3020
f 2719 3022 2722
f 3021 3022 2719
f 2722 3023 2724
f 3022 3023 2722
f 2724 3024 2726
f 3023 3024 2724
f 2727 2726 3024
f 2727 3024 3025
f 3028 3027 3026
f 2729 2730 3026
f 3027 2729 3026
f 3029 2729 3027
f 2729 3030 2732
f 3029 3030 2729
f 3032 3031 2733
f 2732 3032 2733
f 3030 3032 2732
f 3034 3033 3031
f 3034 3031 3032
f 2735 2736 3033
f 3034 2735 3033
f 3035 2735 3034
f 2735 3036 2737
f 3035 3036 2735
f 3038 3037 2738
f 2737 3038 2738
f 3036 3038 2737
f 2740 2741 3037
f 3038 2740 3037
f 3039 2740 3038
f 2740 3040 2743
f 3039 3040 2740
f 2692 2743 2991
f 2743 3041 2991
f 2743 3040 3041
f 2991 3041 2992
f 2992 3041 3042
f 2992 3042 2695
f 3042 2746 2695
f 3042 3043 2746
f 2746 3044 2749
f 3043 3044 2746
f 2749 3045 2751
f 3044 3045 2749
f 2751 3046 2753
f 3045 3046 2751
f 2993 2755 2995
f 2755 3046 2995
f 2755 2753 3046
f 2996 3047 2993
f 3047 2755 2993
f 3047 2757 2755
f 2757 3048 2759
f 3047 3048 2757
f 2759 3049 2761
f 3048 3049 2759
f 2761 3050 2762
f 3049 3050 2761
f 2997 2764 2999
f 2764 3050 2999
f 2764 2762 3050
f 2764 2997 2766
f 2766 2997 3000
f 2766 3000 2767
f 2767 3000 3002
f 2767 3002 2768
f 2768 3002 3004
f 3006 3051 3004
f 3051 2768 3004
f 3051 2769 2768
f 2699 2769 3008
f 3008 2769 3051
f 3015 3052 3014
f 3014 3052 3016
f 3019 2770 2717
f 2770 3019 2720
f 3055 3054 3053
f 3057 3056 3053
f 3053 3056 3055
f 3057 3058 3056
f 3025 2771 2727
f 3059 2771 3025
f 3061 3060 2773
f 3061 2773 2774
f 3026 2775 3028
f 2775 3060 3028
f 2775 2773 3060
f 2775 3026 2730
f 3031 2776 2733
f 2776 3031 2777
f 2777 3031 3033
f 2777 3033 2736
f 3037 2778 2738
f 2778 3037 2741
f 3053 3054 3062
f 3062 3054 3063
f 3053 3064 3057
f 3053 3062 3064
f 3058 3057 3065
f 3065 3057 3064
f 3067 2780 3066
f 2780 3059 3066
f 2780 2771 3059
f 3068 3067 3066
f 2781 3061 2774
f 2781 3069 3061
f 3063 3070 3062
f 3062 3070 3064
f 3064 3070 3071
f 3064 3071 3065
f 3067 2782 2780
f 2784 2782 3067
f 3068 2784 3067
f 3072 2784 3068
f 2785 3069 2781
f 2785 3073 3069
f 3072 2786 2784
f 3074 2786 3072
f 3076 3075 2787
f 3076 2787 2788
f 2785 2787 3073
f 3073 2787 3075
f 3074 2790 2786
f 3077 2790 3074
f 2792 3076 2788
f 2792 3078 3076
f 3077 2793 2790
f 3079 2793 3077
f 2792 2794 3080
f 3081 2792 3080
f 3078 2792 3081
f 2795 3080 2794
f 3079 2796 2793
f 3082 2796 3079
f 3081 3080 3083
f 3081 3083 3084
f 2797 3083 2795
f 2795 3083 3080
f 3087 3086 3085
f 3089 3088 3085
f 3085 3088 3087
f 3091 3090 3089
f 3089 3090 3088
f 3091 3092 3090
f 3082 2800 2796
f 3093 2800 3082
f 3094 3084 3083
f 3083 2797 3094
f 2797 3095 3094
f 2797 2801 3095
f 3085 3086 3096
f 3096 3086 3097
f 3085 3098 3089
f 3085 3096 3098
f 3089 3099 3091
f 3089 3098 3099
f 3092 3091 3100
f 3100 3091 3099
f 3093 2804 2800
f 3101 2804 3093
f 2805 3095 2801
f 2805 3102 3095
f 3096 3097 3103
f 3103 3097 3104
f 3096 3105 3098
f 3096 3103 3105
f 3098 3106 3099
f 3098 3105 3106
f 3100 3099 3107
f 3107 3099 3106
f 3101 2806 2804
f 3108 2806 3101
f 2807 3102 2805
f 2807 3109 3102
f 3103 3104 3110
f 3110 3104 3111
f 3103 3112 3105
f 3103 3110 3112
f 3105 3113 3106
f 3105 3112 3113
f 3107 3106 3114
f 3114 3106 3113
f 3108 2809 2806
f 3115 2809 3108
f 2810 3109 2807
f 2810 3116 3109
f 3110 3111 3117
f 3117 3111 3118
f 3110 3119 3112
f 3110 3117 3119
f 3112 3120 3113
f 3112 3119 3120
f 3114 3113 3121
f 3121 3113 3120
f 3115 2812 2809
f 3122 2812 3115
f 2813 3116 2810
f 2813 3123 3116
f 3126 3125 3124
f 3128 3127 3124
f 3124 3127 3126
f 3130 3129 3128
f 3128 3129 3127
f 3132 3131 3130
f 3130 3131 3129
f 3131 3132 3118
f 3132 3117 3118
f 3132 3133 3117
f 3117 3134 3119
f 3117 3133 3134
f 3119 3135 3120
f 3119 3134 3135
f 3121 3120 3136
f 3136 3120 3135
f 3122 2814 2812
f 3137 2814 3122
f 2815 3123 2813
f 2815 3138 3123
f 3124 3125 3139
f 3139 3125 3140
f 3124 3141 3128
f 3124 3139 3141
f 3128 3142 3130
f 3128 3141 3142
f 3130 3143 3132
f 3130 3142 3143
f 3132 3144 3133
f 3132 3143 3144
f 3133 3145 3134
f 3133 3144 3145
f 3134 3146 3135
f 3134 3145 3146
f 3136 3135 3147
f 3147 3135 3146
f 3149 3148 2817
f 2817 3148 2816
f 2817 2814 3137
f 2817 3137 3149
f 2818 3138 2815
f 2818 3150 3138
f 3153 3152 3151
f 3153 3151 3140
f 3151 3139 3140
f 3151 3154 3139
f 3139 3155 3141
f 3139 3154 3155
f 3141 3156 3142
f 3141 3155 3156
f 3142 3157 3143
f 3142 3156 3157
f 3143 3158 3144
f 3143 3157 3158
f 3144 3159 3145
f 3144 3158 3159
f 3145 3160 3146
f 3145 3159 3160
f 3147 3146 3161
f 3161 3146 3160
f 3148 2819 2816
f 3162 2819 3148
f 2820 3150 2818
f 2820 3163 3150
f 3151 3152 3164
f 3164 3152 3165
f 3151 3166 3154
f 3151 3164 3166
f 3154 3167 3155
f 3154 3166 3167
f 3155 3168 3156
f 3155 3167 3168
f 3156 3169 3157
f 3156 3168 3169
f 3157 3170 3158
f 3157 3169 3170
f 3158 3171 3159
f 3158 3170 3171
f 3159 3172 3160
f 3159 3171 3172
f 3161 3160 3173
f 3173 3160 3172
f 3162 2821 2819
f 3174 2821 3162
f 2822 3163 2820
f 2822 3175 3163
f 3164 3165 3176
f 3176 3165 3177
f 3164 3178 3166
f 3164 3176 3178
f 3166 3179 3167
f 3166 3178 3179
f 3167 3180 3168
f 3167 3179 3180
f 3168 3181 3169
f 3168 3180 3181
f 3169 3182 3170
f 3169 3181 3182
f 3170 3183 3171
f 3170 3182 3183
f 3171 3184 3172
f 3171 3183 3184
f 3173 3172 3185
f 3185 3172 3184
f 3174 2824 2821
f 3186 2824 3174
f 3189 3188 3187
f 3188 3175 3187
f 3175 2825 3187
f 3175 2822 2825
f 3176 3177 3190
f 3190 3177 3191
f 3176 3192 3178
f 3176 3190 3192
f 3178 3193 3179
f 3178 3192 3193
f 3179 3194 3180
f 3179 3193 3194
f 3180 3195 3181
f 3180 3194 3195
f 3181 3196 3182
f 3181 3195 3196
f 3182 3197 3183
f 3182 3196 3197
f 3183 3198 3184
f 3183 3197 3198
f 3185 3184 3199
f 3199 3184 3198
f 3201 2826 3200
f 2826 3186 3200
f 2826 2824 3186
f 3202 3201 3200
f 3189 3187 3203
f 3189 3203 3204
f 2827 3203 2825
f 2825 3203 3187
f 3190 3191 3205
f 3205 3191 3206
f 3190 3207 3192
f 3190 3205 3207
f 3192 3208 3193
f 3192 3207 3208
f 3193 3209 3194
f 3193 3208 3209
f 3194 3210 3195
f 3194 3209 3210
f 3195 3211 3196
f 3195 3210 3211
f 3196 3212 3197
f 3196 3211 3212
f 3197 3213 3198
f 3197 3212 3213
f 3199 3198 3214
f 3214 3198 3213
f 3216 2828 3215
f 2828 2826 3215
f 3215 2826 3201
f 3217 3215 3201
f 3201 3202 3217
f 2828 3216 2829
f 3204 3203 3218
f 3204 3218 3219
f 2830 3218 2827
f 2827 3218 3203
f 3222 3221 3220
f 3224 3223 3220
f 3220 3223 3222
f 3223 3224 3206
f 3224 3205 3206
f 3224 3225 3205
f 3205 3226 3207
f 3205 3225 3226
f 3207 3227 3208
f 3207 3226 3227
f 3208 3228 3209
f 3208 3227 3228
f 3209 3229 3210
f 3209 3228 3229
f 3210 3230 3211
f 3210 3229 3230
f 3211 3231 3212
f 3211 3230 3231
f 3212 3232 3213
f 3212 3231 3232
f 3214 3213 3233
f 3233 3213 3232
f 3216 3215 3234
f 3234 3215 3235
f 3234 2832 2829
f 3234 2829 3216
f 3219 3218 3236
f 3219 3236 3237
f 2833 3236 2830
f 2830 3236 3218
f 3220 3221 3238
f 3238 3221 3239
f 3220 3240 3224
f 3220 3238 3240
f 3224 3241 3225
f 3224 3240 3241
f 3225 3242 3226
f 3225 3241 3242
f 3226 3243 3227
f 3226 3242 3243
f 3227 3244 3228
f 3227 3243 3244
f 3228 3245 3229
f 3228 3244 3245
f 3229 3246 3230
f 3229 3245 3246
f 3230 3247 3231
f 3230 3246 3247
f 3231 3248 3232
f 3231 3247 3248
f 3233 3232 3249
f 3249 3232 3248
f 3234 3235 2835
f 3235 2834 2835
f 3235 3250 2834
f 3234 2835 2832
f 3237 3236 3251
f 3237 3251 3252
f 2836 3251 2833
f 2833 3251 3236
f 3255 3254 3253
f 3257 3256 3253
f 3253 3256 3255
f 3259 3258 3257
f 3257 3258 3256
f 3258 3259 3239
f 3259 3238 3239
f 3259 3260 3238
f 3238 3261 3240
f 3238 3260 3261
f 3240 3262 3241
f 3240 3261 3262
f 3241 3263 3242
f 3241 3262 3263
f 3242 3264 3243
f 3242 3263 3264
f 3243 3265 3244
f 3243 3264 3265
f 3244 3266 3245
f 3244 3265 3266
f 3245 3267 3246
f 3245 3266 3267
f 3246 3268 3247
f 3246 3267 3268
f 3247 3269 3248
f 3247 3268 3269
f 3249 3248 3270
f 3270 3248 3269
f 3250 2838 2834
f 3271 2838 3250
f 3272 3252 3251
f 3251 2836 3272
f 2836 3273 3272
f 2836 2839 3273
f 3253 3254 3274
f 3274 3254 3275
f 3253 3276 3257
f 3253 3274 3276
f 3257 3277 3259
f 3257 3276 3277
f 3259 3278 3260
f 3259 3277 3278
f 3260 3279 3261
f 3260 3278 3279
f 3261 3280 3262
f 3261 3279 3280
f 3262 3281 3263
f 3262 3280 3281
f 3263 3282 3264
f 3263 3281 3282
f 3264 3283 3265
f 3264 3282 3283
f 3265 3284 3266
f 3265 3283 3284
f 3266 3285 3267
f 3266 3284 3285
f 3267 3286 3268
f 3267 3285 3286
f 3268 3287 3269
f 3268 3286 3287
f 3270 3269 3288
f 3288 3269 3287
f 3290 2840 3289
f 2840 3271 3289
f 2840 2838 3271
f 3291 3290 3289
f 2841 3273 2839
f 2841 3292 3273
f 3274 3275 3293
f 3293 3275 3294
f 3274 3295 3276
f 3274 3293 3295
f 3276 3296 3277
f 3276 3295 3296
f 3277 3297 3278
f 3277 3296 3297
f 3278 3298 3279
f 3278 3297 3298
f 3279 3299 3280
f 3279 3298 3299
f 3280 3300 3281
f 3280 3299 3300
f 3281 3301 3282
f 3281 3300 3301
f 3282 3302 3283
f 3282 3301 3302
f 3283 3303 3284
f 3283 3302 3303
f 3284 3304 3285
f 3284 3303 3304
f 3285 3305 3286
f 3285 3304 3305
f 3286 3306 3287
f 3286 3305 3306
f 3288 3287 3307
f 3307 3287 3306
f 3308 2843 3290
f 3290 2843 2840
f 3290 3291 3309
f 3290 3309 3308
f 2844 3292 2841
f 2844 3310 3292
f 3294 3311 3293
f 3313 3312 3311
f 3312 3293 3311
f 3312 3295 3293
f 3295 3314 3296
f 3295 3312 3314
f 3296 3315 3297
f 3296 3314 3315
f 3297 3316 3298
f 3297 3315 3316
f 3298 3317 3299
f 3298 3316 3317
f 3299 3318 3300
f 3299 3317 3318
f 3300 3319 3301
f 3300 3318 3319
f 3301 3320 3302
f 3301 3319 3320
f 3302 3321 3303
f 3302 3320 3321
f 3303 3322 3304
f 3303 3321 3322
f 3304 3323 3305
f 3304 3322 3323
f 3305 3324 3306
f 3305 3323 3324
f 3307 3306 3325
f 3325 3306 3324
f 3327 3326 3308
f 3326 2843 3308
f 3326 2846 2843
f 3327 3308 3309
f 2847 3310 2844
f 2847 3328 3310
f 3312 3313 3329
f 3329 3313 3330
f 3312 3331 3314
f 3312 3329 3331
f 3314 3332 3315
f 3314 3331 3332
f 3315 3333 3316
f 3315 3332 3333
f 3316 3334 3317
f 3316 3333 3334
f 3317 3335 3318
f 3317 3334 3335
f 3318 3336 3319
f 3318 3335 3336
f 3319 3337 3320
f 3319 3336 3337
f 3320 3338 3321
f 3320 3337 3338
f 3321 3339 3322
f 3321 3338 3339
f 3322 3340 3323
f 3322 3339 3340
f 3323 3341 3324
f 3323 3340 3341
f 3325 3324 3342
f 3342 3324 3341
f 3326 3343 2846
f 2846 3343 2849
f 2850 2849 3343
f 2850 3343 3344
f 2851 3328 2847
f 2851 3345 3328
f 3330 3346 3329
f 3329 3346 3331
f 3331 3346 3347
f 3331 3347 3332
f 3332 3347 3348
f 3332 3348 3333
f 3333 3348 3349
f 3333 3349 3334
f 3334 3349 3350
f 3334 3350 3335
f 3335 3350 3351
f 3335 3351 3336
f 3336 3351 3352
f 3336 3352 3337
f 3337 3352 3353
f 3337 3353 3338
f 3338 3353 3354
f 3338 3354 3339
f 3339 3354 3355
f 3339 3355 3340
f 3340 3355 3356
f 3340 3356 3341
f 3341 3356 3357
f 3341 3357 3342
f 3344 2853 2850
f 3358 2853 3344
f 3361 3360 3359
f 3360 3345 3359
f 3345 2854 3359
f 3345 2851 2854
f 3358 2855 2853
f 3362 2855 3358
f 3361 3359 3363
f 3361 3363 3364
f 2856 3363 2854
f 2854 3363 3359
f 3362 2857 2855
f 3365 2857 3362
f 3368 3367 3366
f 3366 3367 3364
f 3366 3364 3363
f 2859 3366 3363
f 2860 2859 3363
f 2860 3363 2856
f 3365 2861 2857
f 3369 2861 3365
f 3372 3371 3370
f 3370 3374 3373
f 3370 3366 3374
f 3370 3371 3368
f 3366 3370 3368
f 3366 2859 3374
f 2859 3375 3374
f 2859 2863 3375
f 3369 2864 2861
f 3376 2864 3369
f 3372 3370 3377
f 3372 3377 3378
f 3379 2865 2866
f 3370 3379 2866
f 3377 3370 2866
f 3379 3370 3373
f 3380 2867 2868
f 3375 2863 3379
f 2865 3379 2863
f 2869 3380 2868
f 3383 3382 3381
f 3381 3384 3383
f 3387 3386 3385
f 3385 3388 3387
f 3376 2870 2864
f 3389 2870 3376
f 3390 3378 3377
f 3390 3377 2866
f 2871 3390 2866
f 3391 3390 2871
f 2874 2875 3392
f 2867 3380 2871
f 3393 2871 3380
f 2871 3393 3391
f 3393 3380 3394
f 3380 2869 3394
f 2874 3392 3394
f 2874 3394 2869
f 3397 3396 3395
f 3395 3398 3397
f 3400 3399 2878
f 2878 3399 2877
f 3401 2878 2879
f 3401 3400 2878
f 3403 3402 2881
f 3402 2879 2881
f 3402 3401 2879
f 3405 3404 3403
f 3403 3404 3402
f 2883 2884 3405
f 2884 3404 3405
f 2884 3406 3404
f 3408 3407 2886
f 3407 2884 2886
f 3407 3406 2884
f 3410 3409 3408
f 3408 3409 3407
f 2887 2888 3411
f 3409 3410 3412
f 2890 3411 2888
f 3382 3413 3381
f 3416 3415 3414
f 3381 3413 3384
f 3414 3415 3386
f 3386 3415 3385
f 3415 2894 3385
f 2894 2895 3385
f 2895 2896 3385
f 2896 3417 3385
f 3417 3388 3385
f 2896 3418 3417
f 2898 3418 2896
f 3421 3420 3419
f 3423 3422 3419
f 3419 3422 3421
f 3425 3424 3423
f 3423 3424 3422
f 3427 3426 3425
f 3425 3426 3424
f 3427 2901 3426
f 2901 2902 3426
f 3429 3428 3426
f 3429 3426 2902
f 3429 2902 3430
f 2902 3431 3430
f 2902 2903 3431
f 3433 3432 2906
f 3432 2903 2906
f 3432 3431 2903
f 3435 3434 3433
f 3433 3434 3432
f 3437 3436 3435
f 3435 3436 3434
f 2908 2909 3437
f 2909 3436 3437
f 2909 3438 3436
f 3440 3438 3439
f 3438 2910 3439
f 3438 2909 2910
f 2911 3439 2910
f 3443 3442 3441
f 2914 2915 3444
f 3443 3441 3445
f 3447 3444 3446
f 3444 2915 3446
f 2916 3448 3446
f 2916 3446 2915
f 3448 2918 3446
f 2918 2919 3446
f 3450 3449 3446
f 3450 3446 2919
f 3452 3450 3451
f 3450 2919 3451
f 2920 3453 3451
f 2920 3451 2919
f 2922 2923 3454
f 3451 3453 3455
f 2924 3454 2923
f 3389 2926 2870
f 3456 2926 3389
f 2927 3457 3392
f 2927 3392 2875
f 2930 3458 2931
f 3458 3392 2931
f 3392 3457 2931
f 3392 3458 3394
f 2930 2932 3458
f 3458 2932 3459
f 3461 3460 2935
f 2935 3460 2934
f 3463 3462 2937
f 3462 2935 2937
f 3462 3461 2935
f 2939 2940 3463
f 2940 3462 3463
f 2940 3464 3462
f 3466 3465 2942
f 3465 2940 2942
f 3465 3464 2940
f 3465 3466 3396
f 3396 3466 3395
f 3466 2943 3395
f 2943 2944 3395
f 3467 3398 3395
f 2944 3467 3395
f 2945 3467 2944
f 2945 2877 3399
f 2945 3399 3467
f 2947 3468 3403
f 2947 3403 2881
f 3468 2948 2949
f 3405 3468 2949
f 3403 3468 3405
f 3405 2949 2883
f 2951 3469 3408
f 2951 3408 2886
f 3469 2954 2953
f 3410 3469 2953
f 3408 3469 3410
f 2953 3412 3410
f 2953 3470 3412
f 2953 2887 3411
f 3470 2953 3411
f 3470 3411 2890
f 2955 3470 2890
f 3471 3470 2955
f 3472 2955 2956
f 3472 3471 2955
f 2957 3415 3416
f 3472 2957 3416
f 2956 2957 3472
f 3473 2957 2959
f 3473 3415 2957
f 3473 2961 2894
f 3415 3473 2894
f 3418 3474 3417
f 2962 2961 3473
f 3474 3418 2898
f 2963 3474 2898
f 3475 3474 2963
f 2964 3419 3420
f 3475 2964 3420
f 2963 2964 3475
f 3419 2964 2965
f 3419 2965 3423
f 3423 2965 2966
f 3423 2966 3425
f 3425 2966 2967
f 3425 2967 3427
f 3429 3476 3428
f 2901 3427 2967
f 3476 3429 3430
f 2970 3433 2906
f 3433 2970 2971
f 3433 2971 3435
f 3435 2971 2972
f 3435 2972 3437
f 3437 2972 2908
f 3477 3440 3439
f 3477 3439 2911
f 2973 3477 2911
f 3478 3477 2973
f 3479 2973 2974
f 3479 3478 2973
f 2975 3441 3442
f 3479 2975 3442
f 2974 2975 3479
f 2975 3445 3441
f 2975 3480 3445
f 2975 2914 3444
f 3480 2975 3444
f 2916 2976 3448
f 3444 3447 3480
f 3450 3481 3449
f 2918 3448 2976
f 2920 2977 3453
f 3450 3452 3481
f 2977 3455 3453
f 2977 3482 3455
f 2977 2922 3454
f 3482 2977 3454
f 3482 3454 2924
f 2978 3482 2924
f 3483 3482 2978
f 3484 2978 2979
f 3484 3483 2978
f 2979 2926 3456
f 2979 3456 3484
f 2980 3457 2927
f 3457 2980 2931
f 3485 3459 2932
f 3485 2932 2981
f 2981 2934 3460
f 2981 3460 3485
f 2982 3463 2937
f 3463 2982 2939
f 2983 3466 2942
f 3466 2983 2943
f 2984 3468 2947
f 3468 2984 2948
f 2985 3469 2951
f 3469 2985 2954
f 2986 3473 2959
f 3473 2986 2962
f 3488 3487 3486
f 3489 3486 3487
f 2989 3490 2988
f 2990 2988 3490
f 3493 3492 3491
f 3495 3494 3493
f 3495 3493 3491
f 3496 3494 3495
f 3499 3498 3497
f 3501 3500 3497
f 3501 3497 3498
f 3502 3500 3501
f 3505 3504 3503
f 3506 3503 3504
f 3509 3508 3507
f 3511 3510 3507
f 3511 3507 3508
f 3513 3512 3510
f 3513 3510 3511
f 3514 2994 2995
f 3515 3512 3513
f 3514 2996 2994
f 3518 3517 3516
f 3520 3519 3516
f 3520 3516 3517
f 3521 2998 2999
f 3522 3519 3520
f 3523 3001 2998
f 3523 2998 3521
f 3001 3523 3524
f 3525 3001 3524
f 3003 3001 3525
f 3486 3005 3488
f 3005 3525 3488
f 3005 3003 3525
f 3527 3526 3006
f 3527 3006 3005
f 3489 3527 3005
f 3486 3489 3005
f 3007 3008 3526
f 3527 3007 3526
f 3528 3007 3527
f 3007 3529 3009
f 3528 3529 3007
f 3009 3529 2989
f 3529 3530 2989
f 3530 3490 2989
f 3530 3529 3531
f 3532 3492 3493
f 3490 3010 2990
f 3010 3490 3533
f 3530 3533 3490
f 3010 3533 3011
f 3534 3011 3533
f 3011 3534 3494
f 3532 3494 3534
f 3494 3532 3493
f 3496 3535 3494
f 3535 3011 3494
f 3535 3012 3011
f 3535 3537 3536
f 3013 3535 3536
f 3012 3535 3013
f 3539 3536 3538
f 3539 3013 3536
f 3539 3540 3015
f 3013 3539 3015
f 3017 3016 3540
f 3539 3017 3540
f 3541 3017 3539
f 3017 3542 3018
f 3541 3542 3017
f 3018 3543 3020
f 3542 3543 3018
f 3543 3545 3544
f 3021 3543 3544
f 3020 3543 3021
f 3021 3544 3546
f 3547 3021 3546
f 3022 3021 3547
f 3022 3548 3023
f 3547 3548 3022
f 3023 3549 3024
f 3548 3549 3023
f 3025 3024 3549
f 3025 3549 3550
f 3552 3551 3027
f 3552 3027 3028
f 3497 3029 3499
f 3029 3551 3499
f 3029 3027 3551
f 3029 3497 3030
f 3030 3497 3500
f 3502 3553 3500
f 3553 3030 3500
f 3553 3032 3030
f 3032 3554 3034
f 3553 3554 3032
f 3034 3555 3035
f 3554 3555 3034
f 3035 3556 3036
f 3555 3556 3035
f 3036 3557 3038
f 3556 3557 3036
f 3503 3039 3505
f 3039 3557 3505
f 3039 3038 3557
f 3506 3558 3503
f 3558 3039 3503
f 3558 3040 3039
f 3040 3559 3041
f 3558 3559 3040
f 3559 3561 3560
f 3042 3559 3560
f 3041 3559 3042
f 3042 3560 3562
f 3563 3042 3562
f 3043 3042 3563
f 3507 3044 3509
f 3044 3563 3509
f 3044 3043 3563
f 3044 3507 3045
f 3045 3507 3510
f 3045 3510 3046
f 3046 3510 3512
f 3512 3515 3046
f 3515 3564 3046
f 3514 2995 3046
f 3514 3046 3564
f 3514 3564 2996
f 3564 3047 2996
f 3564 3565 3047
f 3047 3566 3048
f 3565 3566 3047
f 3516 3049 3518
f 3049 3566 3518
f 3049 3048 3566
f 3049 3516 3050
f 3050 3516 3519
f 3519 3522 3050
f 3522 3567 3050
f 3521 2999 3050
f 3521 3050 3567
f 3521 3567 3523
f 3523 3567 3568
f 3523 3568 3524
f 3526 3051 3006
f 3051 3526 3008
f 3531 3569 3530
f 3530 3569 3533
f 3533 3569 3570
f 3533 3570 3534
f 3537 3571 3536
f 3540 3052 3015
f 3571 3538 3536
f 3052 3540 3016
f 3545 3572 3544
f 3054 3572 3573
f 3572 3054 3544
f 3055 3544 3054
f 3544 3055 3546
f 3574 3546 3055
f 3575 3055 3056
f 3575 3574 3055
f 3056 3058 3575
f 3575 3058 3576
f 3550 3059 3025
f 3577 3059 3550
f 3579 3578 3060
f 3579 3060 3061
f 3028 3060 3552
f 3552 3060 3578
f 3561 3580 3560
f 3560 3580 3562
f 3573 3063 3054
f 3581 3063 3573
f 3065 3576 3058
f 3065 3582 3576
f 3577 3583 3059
f 3059 3583 3066
f 3068 3066 3583
f 3068 3583 3584
f 3069 3579 3061
f 3069 3585 3579
f 3581 3586 3063
f 3063 3586 3070
f 3070 3587 3071
f 3586 3587 3070
f 3065 3071 3582
f 3582 3071 3587
f 3584 3072 3068
f 3588 3072 3584
f 3073 3585 3069
f 3073 3589 3585
f 3588 3074 3072
f 3590 3074 3588
f 3592 3591 3075
f 3592 3075 3076
f 3073 3075 3589
f 3589 3075 3591
f 3590 3077 3074
f 3593 3077 3590
f 3078 3592 3076
f 3078 3594 3592
f 3593 3079 3077
f 3595 3079 3593
f 3081 3594 3078
f 3081 3596 3594
f 3595 3082 3079
f 3597 3082 3595
f 3084 3596 3081
f 3084 3598 3596
f 3600 3599 3087
f 3087 3599 3086
f 3601 3087 3088
f 3601 3600 3087
f 3602 3088 3090
f 3602 3601 3088
f 3090 3092 3602
f 3602 3092 3603
f 3597 3093 3082
f 3604 3093 3597
f 3084 3094 3605
f 3606 3084 3605
f 3598 3084 3606
f 3095 3605 3094
f 3599 3097 3086
f 3607 3097 3599
f 3100 3603 3092
f 3100 3608 3603
f 3611 3610 3609
f 3604 3611 3609
f 3101 3604 3609
f 3093 3604 3101
f 3606 3605 3612
f 3606 3612 3613
f 3102 3612 3095
f 3095 3612 3605
f 3607 3104 3097
f 3614 3104 3607
f 3107 3608 3100
f 3107 3615 3608
f 3610 3616 3609
f 3101 3609 3616
f 3617 3101 3616
f 3108 3101 3617
f 3618 3613 3612
f 3612 3102 3618
f 3102 3619 3618
f 3102 3109 3619
f 3614 3111 3104
f 3620 3111 3614
f 3114 3615 3107
f 3114 3621 3615
f 3617 3115 3108
f 3622 3115 3617
f 3116 3619 3109
f 3116 3623 3619
f 3620 3118 3111
f 3624 3118 3620
f 3121 3621 3114
f 3121 3625 3621
f 3622 3122 3115
f 3626 3122 3622
f 3123 3623 3116
f 3123 3627 3623
f 3629 3628 3126
f 3126 3628 3125
f 3630 3126 3127
f 3630 3629 3126
f 3631 3127 3129
f 3631 3630 3127
f 3632 3129 3131
f 3632 3631 3129
f 3131 3118 3624
f 3131 3624 3632
f 3136 3625 3121
f 3136 3633 3625
f 3626 3137 3122
f 3634 3137 3626
f 3138 3627 3123
f 3138 3635 3627
f 3628 3140 3125
f 3636 3140 3628
f 3147 3633 3136
f 3147 3637 3633
f 3638 3148 3149
f 3639 3638 3149
f 3137 3639 3149
f 3634 3639 3137
f 3150 3635 3138
f 3150 3640 3635
f 3642 3641 3153
f 3153 3641 3152
f 3153 3140 3636
f 3153 3636 3642
f 3161 3637 3147
f 3161 3643 3637
f 3645 3644 3638
f 3644 3148 3638
f 3644 3162 3148
f 3645 3638 3639
f 3163 3640 3150
f 3163 3646 3640
f 3641 3165 3152
f 3647 3165 3641
f 3173 3643 3161
f 3173 3648 3643
f 3644 3174 3162
f 3649 3174 3644
f 3175 3646 3163
f 3175 3650 3646
f 3647 3177 3165
f 3651 3177 3647
f 3185 3648 3173
f 3185 3652 3648
f 3649 3186 3174
f 3653 3186 3649
f 3656 3655 3654
f 3188 3189 3654
f 3655 3188 3654
f 3657 3188 3655
f 3175 3188 3650
f 3650 3188 3657
f 3651 3191 3177
f 3658 3191 3651
f 3199 3652 3185
f 3199 3659 3652
f 3200 3186 3660
f 3186 3661 3660
f 3186 3653 3661
f 3660 3202 3200
f 3656 3654 3662
f 3656 3662 3663
f 3204 3662 3189
f 3189 3662 3654
f 3658 3206 3191
f 3664 3206 3658
f 3214 3659 3199
f 3214 3665 3659
f 3660 3661 3217
f 3661 3215 3217
f 3661 3666 3215
f 3660 3217 3202
f 3667 3663 3662
f 3662 3204 3667
f 3204 3668 3667
f 3204 3219 3668
f 3670 3669 3222
f 3222 3669 3221
f 3671 3222 3223
f 3671 3670 3222
f 3223 3206 3664
f 3223 3664 3671
f 3233 3665 3214
f 3233 3672 3665
f 3666 3235 3215
f 3673 3235 3666
f 3237 3668 3219
f 3237 3674 3668
f 3669 3239 3221
f 3675 3239 3669
f 3249 3672 3233
f 3249 3676 3672
f 3673 3250 3235
f 3677 3250 3673
f 3252 3674 3237
f 3252 3678 3674
f 3680 3679 3255
f 3255 3679 3254
f 3681 3255 3256
f 3681 3680 3255
f 3682 3256 3258
f 3682 3681 3256
f 3258 3239 3675
f 3258 3675 3682
f 3270 3676 3249
f 3270 3683 3676
f 3685 3271 3684
f 3271 3677 3684
f 3271 3250 3677
f 3686 3685 3684
f 3687 3678 3252
f 3687 3252 3272
f 3272 3273 3687
f 3687 3273 3688
f 3679 3275 3254
f 3689 3275 3679
f 3288 3683 3270
f 3288 3690 3683
f 3692 3289 3691
f 3289 3271 3691
f 3691 3271 3685
f 3693 3691 3685
f 3685 3686 3693
f 3289 3692 3291
f 3292 3688 3273
f 3292 3694 3688
f 3689 3294 3275
f 3695 3294 3689
f 3307 3690 3288
f 3307 3696 3690
f 3691 3697 3692
f 3291 3692 3697
f 3698 3291 3697
f 3309 3291 3698
f 3310 3694 3292
f 3310 3699 3694
f 3695 3700 3294
f 3294 3700 3311
f 3313 3311 3700
f 3313 3700 3701
f 3325 3696 3307
f 3325 3702 3696
f 3703 3326 3327
f 3704 3703 3327
f 3309 3704 3327
f 3698 3704 3309
f 3328 3699 3310
f 3328 3705 3699
f 3701 3330 3313
f 3706 3330 3701
f 3342 3702 3325
f 3342 3707 3702
f 3703 3343 3326
f 3344 3343 3703
f 3704 3344 3703
f 3708 3344 3704
f 3345 3705 3328
f 3345 3709 3705
f 3706 3710 3330
f 3330 3710 3346
f 3346 3711 3347
f 3710 3711 3346
f 3347 3712 3348
f 3711 3712 3347
f 3348 3713 3349
f 3712 3713 3348
f 3349 3714 3350
f 3713 3714 3349
f 3350 3715 3351
f 3714 3715 3350
f 3351 3716 3352
f 3715 3716 3351
f 3352 3717 3353
f 3716 3717 3352
f 3353 3718 3354
f 3717 3718 3353
f 3354 3719 3355
f 3718 3719 3354
f 3355 3720 3356
f 3719 3720 3355
f 3356 3721 3357
f 3720 3721 3356
f 3342 3357 3707
f 3707 3357 3721
f 3708 3358 3344
f 3722 3358 3708
f 3724 3723 3360
f 3724 3360 3361
f 3345 3360 3709
f 3709 3360 3723
f 3722 3362 3358
f 3725 3362 3722
f 3728 3727 3726
f 3727 3724 3726
f 3724 3364 3726
f 3724 3361 3364
f 3725 3365 3362
f 3729 3365 3725
f 3732 3731 3730
f 3730 3731 3728
f 3730 3728 3726
f 3368 3730 3726
f 3367 3368 3726
f 3367 3726 3364
f 3729 3369 3365
f 3733 3369 3729
f 3732 3730 3371
f 3372 3732 3371
f 3734 3732 3372
f 3371 3730 3368
f 3735 3373 3374
f 3375 3735 3374
f 3733 3376 3369
f 3736 3376 3733
f 3378 3738 3737
f 3734 3378 3737
f 3372 3378 3734
f 3735 3379 3373
f 3739 3737 3738
f 3379 3735 3375
f 3740 3382 3383
f 3384 3740 3383
f 3741 3386 3387
f 3388 3741 3387
f 3736 3389 3376
f 3742 3389 3736
f 3390 3738 3378
f 3390 3391 3738
f 3391 3743 3738
f 3743 3739 3738
f 3391 3744 3743
f 3744 3391 3745
f 3391 3746 3745
f 3391 3393 3746
f 3393 3394 3746
f 3746 3394 3747
f 3750 3749 3748
f 3752 3751 3748
f 3748 3751 3750
f 3396 3397 3753
f 3751 3752 3754
f 3753 3397 3398
f 3757 3756 3755
f 3399 3400 3755
f 3400 3757 3755
f 3400 3758 3757
f 3759 3400 3401
f 3759 3758 3400
f 3760 3401 3402
f 3760 3759 3401
f 3761 3402 3404
f 3761 3760 3402
f 3762 3404 3406
f 3762 3761 3404
f 3763 3406 3407
f 3763 3762 3406
f 3764 3407 3409
f 3764 3763 3407
f 3766 3765 3412
f 3765 3409 3412
f 3765 3764 3409
f 3768 3767 3766
f 3766 3767 3765
f 3740 3413 3382
f 3768 3769 3767
f 3769 3768 3770
f 3740 3384 3413
f 3414 3770 3416
f 3770 3414 3769
f 3771 3769 3414
f 3771 3414 3386
f 3772 3771 3386
f 3741 3772 3386
f 3771 3772 3773
f 3417 3774 3388
f 3775 3388 3774
f 3388 3775 3741
f 3776 3741 3775
f 3741 3776 3772
f 3778 3777 3774
f 3774 3777 3775
f 3420 3421 3778
f 3421 3777 3778
f 3421 3779 3777
f 3780 3421 3422
f 3780 3779 3421
f 3781 3422 3424
f 3781 3780 3422
f 3783 3781 3782
f 3781 3426 3782
f 3781 3424 3426
f 3785 3782 3784
f 3782 3426 3784
f 3428 3786 3784
f 3428 3784 3426
f 3786 3430 3784
f 3430 3431 3784
f 3788 3787 3784
f 3788 3784 3431
f 3432 3789 3431
f 3431 3789 3788
f 3434 3790 3432
f 3432 3790 3789
f 3436 3791 3434
f 3434 3791 3790
f 3791 3436 3792
f 3436 3793 3792
f 3436 3438 3793
f 3795 3794 3440
f 3794 3438 3440
f 3794 3793 3438
f 3795 3796 3794
f 3797 3442 3443
f 3445 3797 3443
f 3798 3447 3446
f 3449 3798 3446
f 3799 3452 3451
f 3455 3799 3451
f 3742 3456 3389
f 3800 3456 3742
f 3801 3743 3744
f 3801 3744 3745
f 3394 3458 3802
f 3803 3394 3802
f 3747 3394 3803
f 3802 3458 3459
f 3806 3805 3804
f 3460 3461 3804
f 3461 3806 3804
f 3461 3807 3806
f 3808 3461 3462
f 3808 3807 3461
f 3464 3748 3749
f 3808 3464 3749
f 3462 3464 3808
f 3748 3464 3465
f 3748 3465 3752
f 3465 3754 3752
f 3465 3809 3754
f 3465 3396 3753
f 3809 3465 3753
f 3809 3755 3756
f 3809 3467 3755
f 3809 3753 3398
f 3467 3809 3398
f 3755 3467 3399
f 3470 3766 3412
f 3766 3470 3471
f 3766 3471 3768
f 3768 3471 3472
f 3768 3472 3770
f 3770 3472 3416
f 3810 3773 3772
f 3417 3474 3774
f 3772 3776 3810
f 3774 3474 3475
f 3774 3475 3778
f 3778 3475 3420
f 3811 3783 3782
f 3428 3476 3786
f 3782 3785 3811
f 3788 3812 3787
f 3430 3786 3476
f 3812 3788 3789
f 3812 3789 3813
f 3813 3789 3790
f 3813 3790 3814
f 3814 3790 3791
f 3814 3791 3815
f 3815 3791 3792
f 3477 3795 3440
f 3816 3796 3795
f 3477 3816 3795
f 3478 3816 3477
f 3817 3478 3479
f 3817 3816 3478
f 3479 3442 3797
f 3818 3479 3797
f 3817 3479 3818
f 3818 3797 3445
f 3480 3818 3445
f 3819 3818 3480
f 3480 3447 3798
f 3820 3480 3798
f 3819 3480 3820
f 3820 3798 3449
f 3481 3820 3449
f 3821 3820 3481
f 3481 3452 3799
f 3822 3481 3799
f 3821 3481 3822
f 3822 3799 3455
f 3482 3822 3455
f 3823 3822 3482
f 3824 3482 3483
f 3824 3823 3482
f 3825 3483 3484
f 3825 3824 3483
f 3484 3456 3800
f 3484 3800 3825
f 3826 3803 3802
f 3826 3804 3805
f 3826 3485 3804
f 3826 3802 3459
f 3485 3826 3459
f 3804 3485 3460
f 3829 3828 3827
f 3830 3827 3828
f 3488 3831 3487
f 3831 3489 3487
f 3492 3832 3491
f 3833 3495 3491
f 3833 3491 3832
f 3833 3496 3495
f 3499 3834 3498
f 3835 3501 3498
f 3835 3498 3834
f 3835 3502 3501
f 3838 3837 3836
f 3839 3836 3837
f 3842 3841 3840
f 3843 3840 3841
f 3505 3844 3504
f 3844 3506 3504
f 3829 3827 3508
f 3509 3829 3508
f 3845 3829 3509
f 3511 3508 3827
f 3846 3511 3827
f 3830 3846 3827
f 3847 3511 3846
f 3848 3513 3511
f 3848 3511 3847
f 3848 3515 3513
f 3518 3849 3517
f 3850 3520 3517
f 3850 3517 3849
f 3850 3522 3520
f 3524 3851 3525
f 3831 3488 3525
f 3851 3831 3525
f 3852 3831 3851
f 3831 3852 3489
f 3852 3853 3489
f 3853 3527 3489
f 3852 3854 3853
f 3853 3856 3855
f 3528 3853 3855
f 3527 3853 3528
f 3857 3529 3528
f 3857 3528 3855
f 3857 3531 3529
f 3532 3832 3492
f 3833 3832 3858
f 3832 3534 3858
f 3534 3859 3858
f 3534 3832 3532
f 3858 3861 3860
f 3858 3860 3535
f 3833 3858 3535
f 3496 3833 3535
f 3863 3860 3862
f 3863 3535 3860
f 3863 3864 3537
f 3535 3863 3537
f 3539 3538 3864
f 3863 3539 3864
f 3865 3539 3863
f 3865 3867 3866
f 3541 3865 3866
f 3539 3865 3541
f 3541 3866 3868
f 3869 3541 3868
f 3542 3541 3869
f 3542 3870 3543
f 3869 3870 3542
f 3545 3543 3870
f 3545 3870 3871
f 3546 3872 3547
f 3873 3548 3547
f 3873 3547 3872
f 3874 3549 3548
f 3874 3548 3873
f 3874 3550 3549
f 3876 3875 3551
f 3876 3551 3552
f 3499 3551 3834
f 3551 3877 3834
f 3551 3875 3877
f 3834 3877 3835
f 3835 3877 3878
f 3835 3878 3502
f 3878 3553 3502
f 3878 3879 3553
f 3881 3838 3880
f 3882 3881 3880
f 3883 3882 3880
f 3879 3883 3880
f 3553 3879 3880
f 3554 3553 3880
f 3836 3554 3880
f 3838 3836 3880
f 3555 3554 3884
f 3885 3555 3884
f 3886 3885 3884
f 3882 3886 3884
f 3881 3882 3884
f 3839 3881 3884
f 3836 3839 3884
f 3554 3836 3884
f 3840 3556 3842
f 3556 3885 3842
f 3556 3555 3885
f 3843 3887 3840
f 3887 3556 3840
f 3887 3557 3556
f 3505 3557 3844
f 3557 3888 3844
f 3557 3887 3888
f 3844 3888 3506
f 3888 3558 3506
f 3888 3889 3558
f 3558 3890 3559
f 3889 3890 3558
f 3892 3891 3561
f 3559 3892 3561
f 3890 3892 3559
f 3563 3562 3891
f 3892 3563 3891
f 3893 3563 3892
f 3509 3563 3845
f 3845 3563 3893
f 3846 3894 3847
f 3847 3894 3848
f 3848 3894 3895
f 3848 3895 3515
f 3895 3564 3515
f 3895 3896 3564
f 3564 3897 3565
f 3896 3897 3564
f 3565 3898 3566
f 3897 3898 3565
f 3518 3566 3849
f 3566 3899 3849
f 3566 3898 3899
f 3849 3899 3850
f 3850 3899 3900
f 3850 3900 3522
f 3900 3567 3522
f 3900 3901 3567
f 3567 3902 3568
f 3901 3902 3567
f 3524 3568 3851
f 3568 3903 3851
f 3568 3902 3903
f 3851 3903 3852
f 3852 3903 3904
f 3852 3904 3854
f 3856 3905 3855
f 3855 3905 3857
f 3857 3905 3906
f 3857 3906 3531
f 3906 3569 3531
f 3906 3907 3569
f 3569 3908 3570
f 3907 3908 3569
f 3534 3570 3859
f 3859 3570 3908
f 3861 3909 3860
f 3864 3571 3537
f 3909 3862 3860
f 3571 3864 3538
f 3867 3910 3866
f 3866 3910 3868
f 3871 3911 3545
f 3545 3911 3572
f 3546 3574 3872
f 3912 3572 3911
f 3572 3912 3573
f 3872 3574 3575
f 3872 3575 3873
f 3874 3873 3913
f 3873 3576 3913
f 3576 3914 3913
f 3576 3873 3575
f 3550 3874 3913
f 3915 3550 3913
f 3577 3550 3915
f 3917 3916 3578
f 3917 3578 3579
f 3552 3578 3876
f 3876 3578 3916
f 3883 3918 3882
f 3882 3918 3886
f 3891 3580 3561
f 3580 3891 3562
f 3912 3581 3573
f 3919 3581 3912
f 3582 3914 3576
f 3582 3920 3914
f 3583 3577 3921
f 3577 3922 3921
f 3577 3915 3922
f 3921 3584 3583
f 3585 3924 3923
f 3917 3585 3923
f 3579 3585 3917
f 3926 3925 3924
f 3924 3925 3923
f 3926 3927 3925
f 3919 3928 3581
f 3581 3928 3586
f 3586 3929 3587
f 3928 3929 3586
f 3582 3587 3920
f 3920 3587 3929
f 3921 3922 3930
f 3930 3922 3931
f 3930 3588 3584
f 3930 3584 3921
f 3589 3932 3924
f 3589 3924 3585
f 3924 3933 3926
f 3924 3932 3933
f 3927 3926 3934
f 3934 3926 3933
f 3931 3935 3930
f 3588 3930 3935
f 3936 3588 3935
f 3590 3588 3936
f 3938 3937 3591
f 3938 3591 3592
f 3589 3591 3932
f 3591 3939 3932
f 3591 3937 3939
f 3932 3939 3933
f 3933 3939 3940
f 3933 3940 3934
f 3936 3593 3590
f 3941 3593 3936
f 3594 3938 3592
f 3594 3942 3938
f 3945 3944 3943
f 3941 3945 3943
f 3595 3941 3943
f 3593 3941 3595
f 3596 3942 3594
f 3596 3946 3942
f 3944 3947 3943
f 3595 3943 3947
f 3948 3595 3947
f 3597 3595 3948
f 3598 3950 3949
f 3946 3598 3949
f 3596 3598 3946
f 3950 3951 3949
f 3954 3953 3952
f 3956 3955 3952
f 3952 3955 3954
f 3958 3957 3956
f 3956 3957 3955
f 3960 3959 3958
f 3958 3959 3957
f 3962 3961 3960
f 3960 3961 3959
f 3964 3963 3962
f 3962 3963 3961
f 3966 3965 3964
f 3964 3965 3963
f 3968 3967 3966
f 3966 3967 3965
f 3970 3969 3968
f 3968 3969 3967
f 3599 3600 3970
f 3600 3969 3970
f 3600 3971 3969
f 3972 3600 3601
f 3972 3971 3600
f 3973 3601 3602
f 3973 3972 3601
f 3602 3603 3973
f 3973 3603 3974
f 3977 3976 3975
f 3948 3977 3975
f 3604 3948 3975
f 3597 3948 3604
f 3606 3978 3950
f 3606 3950 3598
f 3951 3950 3979
f 3979 3950 3978
f 3952 3953 3980
f 3980 3953 3981
f 3952 3982 3956
f 3952 3980 3982
f 3956 3983 3958
f 3956 3982 3983
f 3958 3984 3960
f 3958 3983 3984
f 3960 3985 3962
f 3960 3984 3985
f 3962 3986 3964
f 3962 3985 3986
f 3964 3987 3966
f 3964 3986 3987
f 3966 3988 3968
f 3966 3987 3988
f 3968 3989 3970
f 3968 3988 3989
f 3989 3607 3599
f 3989 3599 3970
f 3608 3974 3603
f 3608 3990 3974
f 3991 3610 3611
f 3976 3992 3975
f 3993 3975 3992
f 3993 3604 3975
f 3993 3991 3611
f 3604 3993 3611
f 3613 3994 3978
f 3613 3978 3606
f 3979 3978 3995
f 3978 3996 3995
f 3978 3994 3996
f 3998 3997 3996
f 3996 3997 3995
f 4000 3999 3998
f 3998 3999 3997
f 4002 4001 4000
f 4000 4001 3999
f 4004 4003 4002
f 4002 4003 4001
f 4006 4005 4004
f 4004 4005 4003
f 4008 4007 4006
f 4006 4007 4005
f 4010 4009 4008
f 4008 4009 4007
f 4012 4011 4010
f 4010 4011 4009
f 4014 4013 4012
f 4012 4013 4011
f 4016 4015 4014
f 4014 4015 4013
f 4018 4017 4016
f 4016 4017 4015
f 4020 4019 4018
f 4018 4019 4017
f 4022 4021 4020
f 4020 4021 4019
f 4024 4023 4022
f 4022 4023 4021
f 4026 4025 4024
f 4024 4025 4023
f 4028 4027 4026
f 4026 4027 4025
f 4030 4029 4028
f 4028 4029 4027
f 4032 4031 4030
f 4030 4031 4029
f 4034 4033 4032
f 4032 4033 4031
f 4036 4035 4034
f 4034 4035 4033
f 4038 4037 4036
f 4036 4037 4035
f 4040 4039 4038
f 4038 4039 4037
f 4042 4041 4040
f 4040 4041 4039
f 4044 4043 4042
f 4042 4043 4041
f 4043 4044 3981
f 4044 3980 3981
f 4044 4045 3980
f 3980 4046 3982
f 3980 4045 4046
f 3982 4047 3983
f 3982 4046 4047
f 3983 4048 3984
f 3983 4047 4048
f 3984 4049 3985
f 3984 4048 4049
f 3985 4050 3986
f 3985 4049 4050
f 3986 4051 3987
f 3986 4050 4051
f 3987 4052 3988
f 3987 4051 4052
f 3988 4053 3989
f 3988 4052 4053
f 4053 3614 3607
f 4053 3607 3989
f 3615 3990 3608
f 3615 4054 3990
f 3991 3616 3610
f 3617 3616 3991
f 3993 3617 3991
f 4055 3617 3993
f 3618 3994 3613
f 3994 3618 3619
f 4056 3994 3619
f 3996 3994 4056
f 3996 4057 3998
f 3996 4056 4057
f 3998 4058 4000
f 3998 4057 4058
f 4000 4059 4002
f 4000 4058 4059
f 4002 4060 4004
f 4002 4059 4060
f 4004 4061 4006
f 4004 4060 4061
f 4006 4062 4008
f 4006 4061 4062
f 4008 4063 4010
f 4008 4062 4063
f 4010 4064 4012
f 4010 4063 4064
f 4012 4065 4014
f 4012 4064 4065
f 4014 4066 4016
f 4014 4065 4066
f 4016 4067 4018
f 4016 4066 4067
f 4018 4068 4020
f 4018 4067 4068
f 4020 4069 4022
f 4020 4068 4069
f 4022 4070 4024
f 4022 4069 4070
f 4024 4071 4026
f 4024 4070 4071
f 4026 4072 4028
f 4026 4071 4072
f 4028 4073 4030
f 4028 4072 4073
f 4030 4074 4032
f 4030 4073 4074
f 4032 4075 4034
f 4032 4074 4075
f 4034 4076 4036
f 4034 4075 4076
f 4036 4077 4038
f 4036 4076 4077
f 4038 4078 4040
f 4038 4077 4078
f 4040 4079 4042
f 4040 4078 4079
f 4042 4080 4044
f 4042 4079 4080
f 4044 4081 4045
f 4044 4080 4081
f 4045 4082 4046
f 4045 4081 4082
f 4046 4083 4047
f 4046 4082 4083
f 4047 4084 4048
f 4047 4083 4084
f 4048 4085 4049
f 4048 4084 4085
f 4049 4086 4050
f 4049 4085 4086
f 4050 4087 4051
f 4050 4086 4087
f 4051 4088 4052
f 4051 4087 4088
f 4052 4089 4053
f 4052 4088 4089
f 4089 3620 3614
f 4089 3614 4053
f 3621 4054 3615
f 3621 4090 4054
f 4055 3622 3617
f 4091 3622 4055
f 3623 4092 4056
f 3623 4056 3619
f 4056 4093 4057
f 4056 4092 4093
f 4057 4094 4058
f 4057 4093 4094
f 4058 4095 4059
f 4058 4094 4095
f 4059 4096 4060
f 4059 4095 4096
f 4060 4097 4061
f 4060 4096 4097
f 4061 4098 4062
f 4061 4097 4098
f 4062 4099 4063
f 4062 4098 4099
f 4063 4100 4064
f 4063 4099 4100
f 4064 4101 4065
f 4064 4100 4101
f 4065 4102 4066
f 4065 4101 4102
f 4066 4103 4067
f 4066 4102 4103
f 4067 4104 4068
f 4067 4103 4104
f 4068 4105 4069
f 4068 4104 4105
f 4069 4106 4070
f 4069 4105 4106
f 4070 4107 4071
f 4070 4106 4107
f 4071 4108 4072
f 4071 4107 4108
f 4072 4109 4073
f 4072 4108 4109
f 4073 4110 4074
f 4073 4109 4110
f 4074 4111 4075
f 4074 4110 4111
f 4075 4112 4076
f 4075 4111 4112
f 4076 4113 4077
f 4076 4112 4113
f 4077 4114 4078
f 4077 4113 4114
f 4078 4115 4079
f 4078 4114 4115
f 4079 4116 4080
f 4079 4115 4116
f 4080 4117 4081
f 4080 4116 4117
f 4081 4118 4082
f 4081 4117 4118
f 4082 4119 4083
f 4082 4118 4119
f 4083 4120 4084
f 4083 4119 4120
f 4084 4121 4085
f 4084 4120 4121
f 4085 4122 4086
f 4085 4121 4122
f 4086 4123 4087
f 4086 4122 4123
f 4087 4124 4088
f 4087 4123 4124
f 4088 4125 4089
f 4088 4124 4125
f 4125 3624 3620
f 4125 3620 4089
f 3625 4090 3621
f 3625 4126 4090
f 4091 3626 3622
f 4127 3626 4091
f 3627 4128 4092
f 3627 4092 3623
f 4092 4129 4093
f 4092 4128 4129
f 4093 4130 4094
f 4093 4129 4130
f 4094 4131 4095
f 4094 4130 4131
f 4095 4132 4096
f 4095 4131 4132
f 4096 4133 4097
f 4096 4132 4133
f 4097 4134 4098
f 4097 4133 4134
f 4098 4135 4099
f 4098 4134 4135
f 4099 4136 4100
f 4099 4135 4136
f 4100 4137 4101
f 4100 4136 4137
f 4101 4138 4102
f 4101 4137 4138
f 4102 4139 4103
f 4102 4138 4139
f 4103 4140 4104
f 4103 4139 4140
f 4104 4141 4105
f 4104 4140 4141
f 4105 4142 4106
f 4105 4141 4142
f 4106 4143 4107
f 4106 4142 4143
f 4107 4144 4108
f 4107 4143 4144
f 4108 4145 4109
f 4108 4144 4145
f 4109 4146 4110
f 4109 4145 4146
f 4110 4147 4111
f 4110 4146 4147
f 4111 4148 4112
f 4111 4147 4148
f 4112 4149 4113
f 4112 4148 4149
f 4113 4150 4114
f 4113 4149 4150
f 4114 4151 4115
f 4114 4150 4151
f 4115 4152 4116
f 4115 4151 4152
f 4116 4153 4117
f 4116 4152 4153
f 4117 4154 4118
f 4117 4153 4154
f 4118 4155 4119
f 4118 4154 4155
f 4119 4156 4120
f 4119 4155 4156
f 4120 4157 4121
f 4120 4156 4157
f 4157 3628 3629
f 4122 4157 3629
f 4121 4157 4122
f 4122 3629 3630
f 4122 3630 4123
f 4123 3630 3631
f 4123 3631 4124
f 4124 3631 3632
f 4124 3632 4125
f 4125 3632 3624
f 3633 4126 3625
f 3633 4158 4126
f 4127 3634 3626
f 4159 3634 4127
f 3635 4160 4128
f 3635 4128 3627
f 4128 4161 4129
f 4128 4160 4161
f 4129 4162 4130
f 4129 4161 4162
f 4130 4163 4131
f 4130 4162 4163
f 4131 4164 4132
f 4131 4163 4164
f 4132 4165 4133
f 4132 4164 4165
f 4133 4166 4134
f 4133 4165 4166
f 4134 4167 4135
f 4134 4166 4167
f 4135 4168 4136
f 4135 4167 4168
f 4136 4169 4137
f 4136 4168 4169
f 4137 4170 4138
f 4137 4169 4170
f 4138 4171 4139
f 4138 4170 4171
f 4139 4172 4140
f 4139 4171 4172
f 4140 4173 4141
f 4140 4172 4173
f 4141 4174 4142
f 4141 4173 4174
f 4142 4175 4143
f 4142 4174 4175
f 4143 4176 4144
f 4143 4175 4176
f 4144 4177 4145
f 4144 4176 4177
f 4145 4178 4146
f 4145 4177 4178
f 4146 4179 4147
f 4146 4178 4179
f 4147 4180 4148
f 4147 4179 4180
f 4148 4181 4149
f 4148 4180 4181
f 4149 4182 4150
f 4149 4181 4182
f 4150 4183 4151
f 4150 4182 4183
f 4151 4184 4152
f 4151 4183 4184
f 4152 4185 4153
f 4152 4184 4185
f 4153 4186 4154
f 4153 4185 4186
f 4154 4187 4155
f 4154 4186 4187
f 4155 4188 4156
f 4155 4187 4188
f 4156 4189 4157
f 4156 4188 4189
f 4189 3636 3628
f 4189 3628 4157
f 3637 4158 3633
f 3637 4190 4158
f 4159 3639 3634
f 4191 3639 4159
f 3640 4192 4160
f 3640 4160 3635
f 4160 4193 4161
f 4160 4192 4193
f 4161 4194 4162
f 4161 4193 4194
f 4162 4195 4163
f 4162 4194 4195
f 4163 4196 4164
f 4163 4195 4196
f 4164 4197 4165
f 4164 4196 4197
f 4165 4198 4166
f 4165 4197 4198
f 4166 4199 4167
f 4166 4198 4199
f 4167 4200 4168
f 4167 4199 4200
f 4168 4201 4169
f 4168 4200 4201
f 4169 4202 4170
f 4169 4201 4202
f 4170 4203 4171
f 4170 4202 4203
f 4205 4172 4204
f 4172 4203 4204
f 4172 4171 4203
f 4172 4205 4173
f 4173 4205 4206
f 4173 4206 4174
f 4174 4206 4207
f 4209 4208 4207
f 4208 4174 4207
f 4208 4175 4174
f 4175 4210 4176
f 4175 4208 4210
f 4176 4211 4177
f 4176 4210 4211
f 4177 4212 4178
f 4177 4211 4212
f 4178 4213 4179
f 4178 4212 4213
f 4179 4214 4180
f 4179 4213 4214
f 4180 4215 4181
f 4180 4214 4215
f 4181 4216 4182
f 4181 4215 4216
f 4182 4217 4183
f 4182 4216 4217
f 4183 4218 4184
f 4183 4217 4218
f 4184 4219 4185
f 4184 4218 4219
f 4185 4220 4186
f 4185 4219 4220
f 4186 4221 4187
f 4186 4220 4221
f 4187 4222 4188
f 4187 4221 4222
f 4222 3641 3642
f 4189 4222 3642
f 4188 4222 4189
f 4189 3642 3636
f 3643 4190 3637
f 3643 4223 4190
f 4225 4224 3645
f 3645 4224 3644
f 3645 3639 4191
f 3645 4191 4225
f 3646 4226 4192
f 3646 4192 3640
f 4192 4227 4193
f 4192 4226 4227
f 4193 4228 4194
f 4193 4227 4228
f 4194 4229 4195
f 4194 4228 4229
f 4195 4230 4196
f 4195 4229 4230
f 4196 4231 4197
f 4196 4230 4231
f 4197 4232 4198
f 4197 4231 4232
f 4198 4233 4199
f 4198 4232 4233
f 4199 4234 4200
f 4199 4233 4234
f 4200 4235 4201
f 4200 4234 4235
f 4201 4236 4202
f 4201 4235 4236
f 4202 4237 4203
f 4202 4236 4237
f 4204 4203 4238
f 4238 4203 4237
f 4208 4209 4239
f 4239 4209 4240
f 4208 4241 4210
f 4208 4239 4241
f 4210 4242 4211
f 4210 4241 4242
f 4211 4243 4212
f 4211 4242 4243
f 4212 4244 4213
f 4212 4243 4244
f 4213 4245 4214
f 4213 4244 4245
f 4214 4246 4215
f 4214 4245 4246
f 4215 4247 4216
f 4215 4246 4247
f 4216 4248 4217
f 4216 4247 4248
f 4217 4249 4218
f 4217 4248 4249
f 4218 4250 4219
f 4218 4249 4250
f 4219 4251 4220
f 4219 4250 4251
f 4220 4252 4221
f 4220 4251 4252
f 4221 4253 4222
f 4221 4252 4253
f 4253 3647 3641
f 4253 3641 4222
f 3648 4223 3643
f 3648 4254 4223
f 4224 3649 3644
f 4255 3649 4224
f 3650 4256 4226
f 3650 4226 3646
f 4226 4257 4227
f 4226 4256 4257
f 4227 4258 4228
f 4227 4257 4258
f 4228 4259 4229
f 4228 4258 4259
f 4229 4260 4230
f 4229 4259 4260
f 4230 4261 4231
f 4230 4260 4261
f 4231 4262 4232
f 4231 4261 4262
f 4232 4263 4233
f 4232 4262 4263
f 4233 4264 4234
f 4233 4263 4264
f 4234 4265 4235
f 4234 4264 4265
f 4235 4266 4236
f 4235 4265 4266
f 4236 4267 4237
f 4236 4266 4267
f 4238 4237 4268
f 4268 4237 4267
f 4239 4240 4269
f 4269 4240 4270
f 4239 4271 4241
f 4239 4269 4271
f 4241 4272 4242
f 4241 4271 4272
f 4242 4273 4243
f 4242 4272 4273
f 4243 4274 4244
f 4243 4273 4274
f 4244 4275 4245
f 4244 4274 4275
f 4245 4276 4246
f 4245 4275 4276
f 4246 4277 4247
f 4246 4276 4277
f 4247 4278 4248
f 4247 4277 4278
f 4248 4279 4249
f 4248 4278 4279
f 4249 4280 4250
f 4249 4279 4280
f 4250 4281 4251
f 4250 4280 4281
f 4251 4282 4252
f 4251 4281 4282
f 4252 4283 4253
f 4252 4282 4283
f 4283 3651 3647
f 4283 3647 4253
f 3652 4254 3648
f 3652 4284 4254
f 4255 3653 3649
f 4285 3653 4255
f 3656 4286 3655
f 4287 3657 3655
f 4287 3655 4286
f 4256 3650 3657
f 4287 4256 3657
f 4288 4256 4287
f 4256 4289 4257
f 4256 4288 4289
f 4257 4290 4258
f 4257 4289 4290
f 4258 4291 4259
f 4258 4290 4291
f 4259 4292 4260
f 4259 4291 4292
f 4260 4293 4261
f 4260 4292 4293
f 4261 4294 4262
f 4261 4293 4294
f 4262 4295 4263
f 4262 4294 4295
f 4263 4296 4264
f 4263 4295 4296
f 4264 4297 4265
f 4264 4296 4297
f 4265 4298 4266
f 4265 4297 4298
f 4266 4299 4267
f 4266 4298 4299
f 4268 4267 4300
f 4267 4301 4300
f 4267 4299 4301
f 4303 4302 4301
f 4301 4302 4300
f 4305 4304 4303
f 4303 4304 4302
f 4304 4305 4270
f 4305 4269 4270
f 4305 4306 4269
f 4269 4307 4271
f 4269 4306 4307
f 4271 4308 4272
f 4271 4307 4308
f 4272 4309 4273
f 4272 4308 4309
f 4273 4310 4274
f 4273 4309 4310
f 4274 4311 4275
f 4274 4310 4311
f 4275 4312 4276
f 4275 4311 4312
f 4276 4313 4277
f 4276 4312 4313
f 4277 4314 4278
f 4277 4313 4314
f 4278 4315 4279
f 4278 4314 4315
f 4279 4316 4280
f 4279 4315 4316
f 4280 4317 4281
f 4280 4316 4317
f 4281 4318 4282
f 4281 4317 4318
f 4282 4319 4283
f 4282 4318 4319
f 4319 3658 3651
f 4319 3651 4283
f 3659 4284 3652
f 3659 4320 4284
f 4322 3661 4321
f 3661 4285 4321
f 3661 3653 4285
f 4323 4322 4321
f 3663 4324 4286
f 3663 4286 3656
f 4286 4325 4287
f 4286 4324 4325
f 4287 4326 4288
f 4287 4325 4326
f 4288 4327 4289
f 4288 4326 4327
f 4289 4328 4290
f 4289 4327 4328
f 4290 4329 4291
f 4290 4328 4329
f 4291 4330 4292
f 4291 4329 4330
f 4292 4331 4293
f 4292 4330 4331
f 4293 4332 4294
f 4293 4331 4332
f 4294 4333 4295
f 4294 4332 4333
f 4295 4334 4296
f 4295 4333 4334
f 4296 4335 4297
f 4296 4334 4335
f 4297 4336 4298
f 4297 4335 4336
f 4298 4337 4299
f 4298 4336 4337
f 4299 4338 4301
f 4299 4337 4338
f 4301 4339 4303
f 4301 4338 4339
f 4303 4340 4305
f 4303 4339 4340
f 4305 4341 4306
f 4305 4340 4341
f 4306 4342 4307
f 4306 4341 4342
f 4307 4343 4308
f 4307 4342 4343
f 4308 4344 4309
f 4308 4343 4344
f 4309 4345 4310
f 4309 4344 4345
f 4310 4346 4311
f 4310 4345 4346
f 4311 4347 4312
f 4311 4346 4347
f 4312 4348 4313
f 4312 4347 4348
f 4313 4349 4314
f 4313 4348 4349
f 4314 4350 4315
f 4314 4349 4350
f 4315 4351 4316
f 4315 4350 4351
f 4316 4352 4317
f 4316 4351 4352
f 4317 4353 4318
f 4317 4352 4353
f 4318 4354 4319
f 4318 4353 4354
f 4354 3664 3658
f 4354 3658 4319
f 3665 4320 3659
f 3665 4355 4320
f 4357 4356 4322
f 4356 3661 4322
f 4356 3666 3661
f 4357 4322 4323
f 3667 4324 3663
f 4324 3667 3668
f 4358 4324 3668
f 4325 4324 4358
f 4325 4359 4326
f 4325 4358 4359
f 4326 4360 4327
f 4326 4359 4360
f 4327 4361 4328
f 4327 4360 4361
f 4328 4362 4329
f 4328 4361 4362
f 4329 4363 4330
f 4329 4362 4363
f 4330 4364 4331
f 4330 4363 4364
f 4331 4365 4332
f 4331 4364 4365
f 4332 4366 4333
f 4332 4365 4366
f 4333 4367 4334
f 4333 4366 4367
f 4334 4368 4335
f 4334 4367 4368
f 4335 4369 4336
f 4335 4368 4369
f 4336 4370 4337
f 4336 4369 4370
f 4337 4371 4338
f 4337 4370 4371
f 4338 4372 4339
f 4338 4371 4372
f 4339 4373 4340
f 4339 4372 4373
f 4340 4374 4341
f 4340 4373 4374
f 4341 4375 4342
f 4341 4374 4375
f 4342 4376 4343
f 4342 4375 4376
f 4343 4377 4344
f 4343 4376 4377
f 4344 4378 4345
f 4344 4377 4378
f 4345 4379 4346
f 4345 4378 4379
f 4346 4380 4347
f 4346 4379 4380
f 4347 4381 4348
f 4347 4380 4381
f 4348 4382 4349
f 4348 4381 4382
f 4349 4383 4350
f 4349 4382 4383
f 4350 4384 4351
f 4350 4383 4384
f 4351 4385 4352
f 4351 4384 4385
f 4385 3669 3670
f 4353 4385 3670
f 4352 4385 4353
f 4353 3670 3671
f 4353 3671 4354
f 4354 3671 3664
f 3672 4355 3665
f 3672 4386 4355
f 4356 3673 3666
f 4387 3673 4356
f 3674 4388 4358
f 3674 4358 3668
f 4358 4389 4359
f 4358 4388 4389
f 4359 4390 4360
f 4359 4389 4390
f 4360 4391 4361
f 4360 4390 4391
f 4361 4392 4362
f 4361 4391 4392
f 4362 4393 4363
f 4362 4392 4393
f 4363 4394 4364
f 4363 4393 4394
f 4364 4395 4365
f 4364 4394 4395
f 4365 4396 4366
f 4365 4395 4396
f 4366 4397 4367
f 4366 4396 4397
f 4367 4398 4368
f 4367 4397 4398
f 4368 4399 4369
f 4368 4398 4399
f 4369 4400 4370
f 4369 4399 4400
f 4370 4401 4371
f 4370 4400 4401
f 4371 4402 4372
f 4371 4401 4402
f 4372 4403 4373
f 4372 4402 4403
f 4373 4404 4374
f 4373 4403 4404
f 4374 4405 4375
f 4374 4404 4405
f 4375 4406 4376
f 4375 4405 4406
f 4376 4407 4377
f 4376 4406 4407
f 4377 4408 4378
f 4377 4407 4408
f 4378 4409 4379
f 4378 4408 4409
f 4379 4410 4380
f 4379 4409 4410
f 4380 4411 4381
f 4380 4410 4411
f 4381 4412 4382
f 4381 4411 4412
f 4382 4413 4383
f 4382 4412 4413
f 4383 4414 4384
f 4383 4413 4414
f 4384 4415 4385
f 4384 4414 4415
f 4415 3675 3669
f 4415 3669 4385
f 3676 4386 3672
f 3676 4416 4386
f 4387 3677 3673
f 4417 3677 4387
f 3678 4418 4388
f 3678 4388 3674
f 4388 4419 4389
f 4388 4418 4419
f 4389 4420 4390
f 4389 4419 4420
f 4390 4421 4391
f 4390 4420 4421
f 4391 4422 4392
f 4391 4421 4422
f 4392 4423 4393
f 4392 4422 4423
f 4393 4424 4394
f 4393 4423 4424
f 4394 4425 4395
f 4394 4424 4425
f 4395 4426 4396
f 4395 4425 4426
f 4396 4427 4397
f 4396 4426 4427
f 4397 4428 4398
f 4397 4427 4428
f 4398 4429 4399
f 4398 4428 4429
f 4399 4430 4400
f 4399 4429 4430
f 4400 4431 4401
f 4400 4430 4431
f 4401 4432 4402
f 4401 4431 4432
f 4402 4433 4403
f 4402 4432 4433
f 4403 4434 4404
f 4403 4433 4434
f 4404 4435 4405
f 4404 4434 4435
f 4405 4436 4406
f 4405 4435 4436
f 4406 4437 4407
f 4406 4436 4437
f 4407 4438 4408
f 4407 4437 4438
f 4408 4439 4409
f 4408 4438 4439
f 4409 4440 4410
f 4409 4439 4440
f 4410 4441 4411
f 4410 4440 4441
f 4411 4442 4412
f 4411 4441 4442
f 4442 3679 3680
f 4413 4442 3680
f 4412 4442 4413
f 4413 3680 3681
f 4413 3681 4414
f 4414 3681 3682
f 4414 3682 4415
f 4415 3682 3675
f 3683 4416 3676
f 3683 4443 4416
f 3684 3677 4444
f 3677 4445 4444
f 3677 4417 4445
f 4444 3686 3684
f 3687 4418 3678
f 4418 3687 3688
f 4446 4418 3688
f 4419 4418 4446
f 4419 4447 4420
f 4419 4446 4447
f 4420 4448 4421
f 4420 4447 4448
f 4421 4449 4422
f 4421 4448 4449
f 4422 4450 4423
f 4422 4449 4450
f 4423 4451 4424
f 4423 4450 4451
f 4424 4452 4425
f 4424 4451 4452
f 4425 4453 4426
f 4425 4452 4453
f 4426 4454 4427
f 4426 4453 4454
f 4427 4455 4428
f 4427 4454 4455
f 4428 4456 4429
f 4428 4455 4456
f 4429 4457 4430
f 4429 4456 4457
f 4430 4458 4431
f 4430 4457 4458
f 4431 4459 4432
f 4431 4458 4459
f 4432 4460 4433
f 4432 4459 4460
f 4433 4461 4434
f 4433 4460 4461
f 4434 4462 4435
f 4434 4461 4462
f 4435 4463 4436
f 4435 4462 4463
f 4436 4464 4437
f 4436 4463 4464
f 4437 4465 4438
f 4437 4464 4465
f 4438 4466 4439
f 4438 4465 4466
f 4439 4467 4440
f 4439 4466 4467
f 4440 4468 4441
f 4440 4467 4468
f 4441 4469 4442
f 4441 4468 4469
f 4469 3689 3679
f 4469 3679 4442
f 3690 4471 4470
f 4443 3690 4470
f 3683 3690 4443
f 4471 4472 4470
f 4474 4473 4445
f 4473 3691 4445
f 3693 4444 4445
f 3693 4445 3691
f 3693 3686 4444
f 4473 4474 4475
f 3694 4476 4446
f 3694 4446 3688
f 4446 4477 4447
f 4446 4476 4477
f 4447 4478 4448
f 4447 4477 4478
f 4448 4479 4449
f 4448 4478 4479
f 4449 4480 4450
f 4449 4479 4480
f 4450 4481 4451
f 4450 4480 4481
f 4451 4482 4452
f 4451 4481 4482
f 4452 4483 4453
f 4452 4482 4483
f 4453 4484 4454
f 4453 4483 4484
f 4454 4485 4455
f 4454 4484 4485
f 4455 4486 4456
f 4455 4485 4486
f 4456 4487 4457
f 4456 4486 4487
f 4457 4488 4458
f 4457 4487 4488
f 4458 4489 4459
f 4458 4488 4489
f 4459 4490 4460
f 4459 4489 4490
f 4460 4491 4461
f 4460 4490 4491
f 4461 4492 4462
f 4461 4491 4492
f 4462 4493 4463
f 4462 4492 4493
f 4463 4494 4464
f 4463 4493 4494
f 4464 4495 4465
f 4464 4494 4495
f 4465 4496 4466
f 4465 4495 4496
f 4466 4497 4467
f 4466 4496 4497
f 4467 4498 4468
f 4467 4497 4498
f 4468 4499 4469
f 4468 4498 4499
f 4499 3695 3689
f 4499 3689 4469
f 4501 4500 4471
f 3690 4501 4471
f 3696 4501 3690
f 4471 4500 4472
f 4473 3697 3691
f 3698 3697 4473
f 4475 3698 4473
f 4502 3698 4475
f 3699 4503 4476
f 3699 4476 3694
f 4476 4504 4477
f 4476 4503 4504
f 4477 4505 4478
f 4477 4504 4505
f 4478 4506 4479
f 4478 4505 4506
f 4479 4507 4480
f 4479 4506 4507
f 4480 4508 4481
f 4480 4507 4508
f 4481 4509 4482
f 4481 4508 4509
f 4482 4510 4483
f 4482 4509 4510
f 4483 4511 4484
f 4483 4510 4511
f 4484 4512 4485
f 4484 4511 4512
f 4485 4513 4486
f 4485 4512 4513
f 4486 4514 4487
f 4486 4513 4514
f 4487 4515 4488
f 4487 4514 4515
f 4488 4516 4489
f 4488 4515 4516
f 4489 4517 4490
f 4489 4516 4517
f 4490 4518 4491
f 4490 4517 4518
f 4491 4519 4492
f 4491 4518 4519
f 4492 4520 4493
f 4492 4519 4520
f 4493 4521 4494
f 4493 4520 4521
f 4494 4522 4495
f 4494 4521 4522
f 4495 4523 4496
f 4495 4522 4523
f 4496 4524 4497
f 4496 4523 4524
f 4497 4525 4498
f 4497 4524 4525
f 4498 4526 4499
f 4498 4525 4526
f 4527 3700 3695
f 4499 4527 3695
f 4526 4527 4499
f 4527 3701 3700
f 3702 4501 3696
f 3702 4528 4501
f 4502 3704 3698
f 4529 3704 4502
f 3705 4530 4503
f 3705 4503 3699
f 4503 4531 4504
f 4503 4530 4531
f 4504 4532 4505
f 4504 4531 4532
f 4505 4533 4506
f 4505 4532 4533
f 4506 4534 4507
f 4506 4533 4534
f 4507 4535 4508
f 4507 4534 4535
f 4508 4536 4509
f 4508 4535 4536
f 4509 4537 4510
f 4509 4536 4537
f 4510 4538 4511
f 4510 4537 4538
f 4511 4539 4512
f 4511 4538 4539
f 4512 4540 4513
f 4512 4539 4540
f 4513 4541 4514
f 4513 4540 4541
f 4514 4542 4515
f 4514 4541 4542
f 4515 4543 4516
f 4515 4542 4543
f 4516 4544 4517
f 4516 4543 4544
f 4517 4545 4518
f 4517 4544 4545
f 4518 4546 4519
f 4518 4545 4546
f 4519 4547 4520
f 4519 4546 4547
f 4520 4548 4521
f 4520 4547 4548
f 4521 4549 4522
f 4521 4548 4549
f 4522 4550 4523
f 4522 4549 4550
f 4523 4551 4524
f 4523 4550 4551
f 4524 4552 4525
f 4524 4551 4552
f 4525 4553 4526
f 4525 4552 4553
f 4526 4554 4527
f 4526 4553 4554
f 4554 3706 3701
f 4554 3701 4527
f 3707 4528 3702
f 3707 4555 4528
f 4529 3708 3704
f 4556 3708 4529
f 4559 4558 4557
f 4558 4560 4530
f 3709 4558 4530
f 3705 3709 4530
f 4557 4558 3709
f 4530 4560 4531
f 4531 4560 4561
f 4531 4561 4532
f 4532 4561 4562
f 4532 4562 4533
f 4533 4562 4563
f 4533 4563 4534
f 4534 4563 4564
f 4534 4564 4535
f 4535 4564 4565
f 4535 4565 4536
f 4536 4565 4566
f 4536 4566 4537
f 4537 4566 4567
f 4537 4567 4538
f 4538 4567 4568
f 4538 4568 4539
f 4539 4568 4569
f 4539 4569 4540
f 4540 4569 4570
f 4540 4570 4541
f 4541 4570 4571
f 4541 4571 4542
f 4542 4571 4572
f 4542 4572 4543
f 4543 4572 4573
f 4543 4573 4544
f 4544 4573 4574
f 4544 4574 4545
f 4545 4574 4575
f 4545 4575 4546
f 4546 4575 4576
f 4546 4576 4547
f 4547 4576 4577
f 4547 4577 4548
f 4548 4577 4578
f 4548 4578 4549
f 4549 4578 4579
f 4549 4579 4550
f 4550 4579 4580
f 4550 4580 4551
f 4551 4580 4581
f 4551 4581 4552
f 4552 4581 4582
f 4552 4582 4553
f 4553 4582 4583
f 4553 4583 4554
f 4554 4583 4584
f 4554 4584 3706
f 4584 3710 3706
f 4584 4585 3710
f 3710 4586 3711
f 4585 4586 3710
f 3711 4587 3712
f 4586 4587 3711
f 3712 4588 3713
f 4587 4588 3712
f 3713 4589 3714
f 4588 4589 3713
f 3714 4590 3715
f 4589 4590 3714
f 3715 4591 3716
f 4590 4591 3715
f 3716 4592 3717
f 4591 4592 3716
f 3717 4593 3718
f 4592 4593 3717
f 3718 4594 3719
f 4593 4594 3718
f 3719 4595 3720
f 4594 4595 3719
f 3720 4596 3721
f 4595 4596 3720
f 3707 3721 4555
f 4555 3721 4596
f 4556 3722 3708
f 4597 3722 4556
f 4559 4557 3723
f 3724 4559 3723
f 4598 4559 3724
f 3723 4557 3709
f 4597 3725 3722
f 4599 3725 4597
f 4601 4600 3727
f 4601 3727 3728
f 3724 3727 4598
f 4598 3727 4600
f 4599 3729 3725
f 4602 3729 4599
f 4604 4603 3731
f 4604 3731 3732
f 3728 3731 4601
f 4601 3731 4603
f 4602 3733 3729
f 4605 3733 4602
f 3734 4604 3732
f 3734 4606 4604
f 4605 3736 3733
f 4607 3736 4605
f 3734 3737 4608
f 4609 3734 4608
f 4606 3734 4609
f 3739 4608 3737
f 4607 3742 3736
f 4610 3742 4607
f 4611 4609 4608
f 4608 3739 4611
f 3739 4612 4611
f 3739 3743 4612
f 4613 3745 3746
f 3747 4613 3746
f 4614 3749 3750
f 4614 3750 4615
f 3750 4616 4615
f 3750 3751 4616
f 3751 3754 4616
f 4616 3754 4617
f 4619 4618 3757
f 3757 4618 3756
f 4620 3757 3758
f 4620 4619 3757
f 4621 3758 3759
f 4621 4620 3758
f 4622 3759 3760
f 4622 4621 3759
f 4623 3760 3761
f 4623 4622 3760
f 4624 3761 3762
f 4624 4623 3761
f 4625 3762 3763
f 4625 4624 3762
f 4626 3763 3764
f 4626 4625 3763
f 4628 4626 4627
f 4626 3765 4627
f 4626 3764 3765
f 4627 3765 4629
f 3765 4630 4629
f 3765 3767 4630
f 4631 3767 3769
f 4631 4630 3767
f 4632 3769 3771
f 4632 4631 3769
f 4634 4633 3773
f 4633 3771 3773
f 4633 4632 3771
f 3776 3775 4634
f 3775 4633 4634
f 3775 4635 4633
f 4637 4635 4636
f 4635 3777 4636
f 4635 3775 3777
f 4636 3777 4638
f 3777 4639 4638
f 3777 3779 4639
f 4640 3779 3780
f 4640 4639 3779
f 4641 3780 3781
f 4641 4640 3780
f 4643 4642 3783
f 4642 3781 3783
f 4642 4641 3781
f 4643 3785 4642
f 3785 3784 4642
f 4645 4644 4642
f 4645 4642 3784
f 3787 4645 3784
f 4648 4647 4646
f 4646 4649 4648
f 4652 4651 4650
f 3792 3793 4653
f 4652 4650 4654
f 3794 4655 3793
f 3793 4655 4653
f 3796 4655 3794
f 4658 4657 4656
f 4610 4658 4656
f 3800 4610 4656
f 3742 4610 3800
f 4659 4612 3743
f 4659 3743 3801
f 3801 3745 4613
f 4660 3801 4613
f 4659 3801 4660
f 3747 3803 4613
f 3803 4661 4613
f 4661 4660 4613
f 4661 3803 4662
f 3805 3806 4663
f 4661 4662 4664
f 4663 3806 4665
f 3806 4666 4665
f 3806 3807 4666
f 4667 3807 3808
f 4667 4666 3807
f 3808 3749 4614
f 4668 3808 4614
f 4667 3808 4668
f 4668 4614 4615
f 4669 4617 3754
f 4669 3754 3809
f 3809 3756 4618
f 3809 4618 4669
f 4670 4628 4627
f 4670 4627 4629
f 3810 4634 3773
f 4634 3810 3776
f 4671 4637 4636
f 4671 4636 4638
f 3811 4643 3783
f 4645 4672 4644
f 3785 4643 3811
f 4672 4645 3787
f 3812 4672 3787
f 4673 4672 3812
f 3813 4646 4647
f 4673 3813 4647
f 3812 3813 4673
f 4674 4649 4646
f 3813 4674 4646
f 3814 4674 3813
f 3815 4650 4651
f 4674 3815 4651
f 3814 3815 4674
f 3815 4654 4650
f 3815 4675 4654
f 3815 3792 4653
f 4675 3815 4653
f 4675 4653 4655
f 4675 4655 4676
f 4676 4655 3796
f 3816 4676 3796
f 4677 4676 3816
f 4678 3816 3817
f 4678 4677 3816
f 4679 3817 3818
f 4679 4678 3817
f 4680 3818 3819
f 4680 4679 3818
f 4681 3819 3820
f 4681 4680 3819
f 4682 3820 3821
f 4682 4681 3820
f 4684 4682 4683
f 4682 3822 4683
f 4682 3821 3822
f 4683 3822 4685
f 3822 4686 4685
f 3822 3823 4686
f 4687 3823 3824
f 4687 4686 3823
f 3825 4656 4657
f 4687 3825 4657
f 3824 3825 4687
f 4656 3825 3800
f 3826 4662 3803
f 3826 4664 4662
f 3826 4688 4664
f 3826 3805 4663
f 4688 3826 4663
f 4688 4663 4665
f 4689 4684 4683
f 4689 4683 4685
f 3829 4690 3828
f 4690 3830 3828
f 3838 4691 3837
f 4691 3839 3837
f 3842 4692 3841
f 4692 3843 3841
f 3845 4693 4690
f 3845 4690 3829
f 4693 3846 3830
f 4693 3830 4690
f 3854 4694 3853
f 4694 3856 3853
f 3859 4695 3858
f 4695 3861 3858
f 3862 4696 3863
f 4697 3865 3863
f 4697 3863 4696
f 4697 3867 3865
f 3868 4698 3869
f 4699 3870 3869
f 4699 3869 4698
f 4699 3871 3870
f 4702 4701 4700
f 4703 4700 4701
f 4705 4704 3875
f 4705 3875 3876
f 4704 4707 4706
f 3877 4704 4706
f 3875 4704 3877
f 4708 3878 3877
f 4708 3877 4706
f 4709 3879 3878
f 4709 3878 4708
f 3881 4691 3838
f 3883 3879 4709
f 3839 4691 3881
f 3885 3886 4710
f 4692 3842 3885
f 4710 4692 3885
f 4711 4692 4710
f 4712 3887 3843
f 4692 4712 3843
f 4711 4712 4692
f 4713 3888 3887
f 4713 3887 4712
f 4714 3889 3888
f 4714 3888 4713
f 4715 3890 3889
f 4715 3889 4714
f 4716 3892 3890
f 4716 3890 4715
f 4717 3893 3892
f 4717 3892 4716
f 4693 3845 3893
f 4717 4693 3893
f 4718 4693 4717
f 4719 3894 3846
f 4693 4719 3846
f 4718 4719 4693
f 3894 4719 4720
f 4721 3894 4720
f 3895 3894 4721
f 3895 4722 3896
f 4721 4722 3895
f 3896 4723 3897
f 4722 4723 3896
f 4723 4725 4724
f 3898 4723 4724
f 3897 4723 3898
f 4726 3899 3898
f 4726 3898 4724
f 3899 4726 4727
f 4728 3899 4727
f 3900 3899 4728
f 3900 4729 3901
f 4728 4729 3900
f 3901 4730 3902
f 4729 4730 3901
f 3902 4731 3903
f 4730 4731 3902
f 4731 4733 4732
f 3904 4731 4732
f 3903 4731 3904
f 4694 3854 3904
f 4732 4694 3904
f 4734 4694 4732
f 4735 3905 3856
f 4694 4735 3856
f 4734 4735 4694
f 3905 4735 4736
f 4737 3905 4736
f 3906 3905 4737
f 4737 4739 4738
f 3907 4737 4738
f 3906 4737 3907
f 4740 3908 3907
f 4740 3907 4738
f 4695 3859 3908
f 4740 4695 3908
f 4741 4695 4740
f 4695 4741 3861
f 4741 4742 3861
f 4742 3909 3861
f 4741 4743 4742
f 3862 3909 4696
f 3909 4744 4696
f 3909 4742 4744
f 4696 4744 4697
f 4697 4744 4745
f 4697 4745 3867
f 4745 3910 3867
f 4745 4746 3910
f 3868 3910 4698
f 3910 4747 4698
f 3910 4746 4747
f 4698 4747 4699
f 4699 4747 4748
f 4699 4748 3871
f 4748 3911 3871
f 4748 4749 3911
f 4751 4750 3912
f 3911 4751 3912
f 4749 4751 3911
f 4750 4751 4702
f 4700 4750 4702
f 4752 4750 4700
f 4753 3913 3914
f 4700 4753 3914
f 4752 4700 3914
f 4753 4700 4703
f 3915 3913 4753
f 3915 4753 4754
f 4756 4755 3916
f 4756 3916 3917
f 3876 3916 4705
f 4705 3916 4755
f 4707 4757 4706
f 4706 4757 4708
f 4708 4757 4758
f 4708 4758 4709
f 4709 4758 4759
f 4709 4759 3883
f 4759 3918 3883
f 4759 4760 3918
f 3886 3918 4710
f 3918 4761 4710
f 3918 4760 4761
f 4710 4761 4711
f 4711 4761 4762
f 4711 4762 4712
f 4712 4762 4763
f 4712 4763 4713
f 4713 4763 4764
f 4766 4765 4764
f 4765 4713 4764
f 4765 4714 4713
f 4768 4715 4767
f 4715 4765 4767
f 4715 4714 4765
f 4715 4768 4716
f 4716 4768 4769
f 4716 4769 4717
f 4717 4769 4770
f 4717 4770 4718
f 4718 4770 4771
f 4718 4771 4719
f 4719 4771 4772
f 4719 4772 4720
f 4725 4773 4724
f 4724 4773 4726
f 4726 4773 4774
f 4726 4774 4727
f 4732 4733 4775
f 4775 4733 4776
f 4778 4734 4777
f 4734 4775 4777
f 4734 4732 4775
f 4734 4778 4735
f 4735 4778 4779
f 4735 4779 4736
f 4739 4780 4738
f 4738 4780 4740
f 4740 4780 4781
f 4740 4781 4741
f 4741 4781 4782
f 4741 4782 4743
f 4783 3919 4750
f 4750 3919 3912
f 4784 4750 4752
f 4783 4750 4784
f 3920 4784 3914
f 3914 4784 4752
f 4754 3922 3915
f 4785 3922 4754
f 3917 3923 4786
f 4787 3917 4786
f 4756 3917 4787
f 3925 4788 3923
f 3923 4788 4786
f 3927 4788 3925
f 4766 4789 4765
f 4765 4789 4767
f 4776 4790 4775
f 4775 4790 4777
f 4783 3928 3919
f 3928 4783 3929
f 3929 4783 4784
f 3929 4784 3920
f 4785 3931 3922
f 4791 3931 4785
f 4787 4786 4792
f 4787 4792 4793
f 4794 4786 4788
f 4792 4786 4794
f 3934 4794 3927
f 3927 4794 4788
f 4791 4795 3931
f 3931 4795 3935
f 3936 3935 4795
f 3936 4795 4796
f 4798 4797 3937
f 4798 3937 3938
f 4792 3939 4793
f 3939 4797 4793
f 3939 3937 4797
f 3939 4792 3940
f 3940 4792 4794
f 3940 4794 3934
f 4796 3941 3936
f 4799 3941 4796
f 3942 4798 3938
f 3942 4800 4798
f 4802 4801 3945
f 3945 4801 3944
f 3945 3941 4799
f 3945 4799 4802
f 3946 4800 3942
f 3946 4803 4800
f 4801 4804 3944
f 3944 4804 3947
f 3948 3947 4804
f 3948 4804 4805
f 4806 4803 3946
f 4806 3946 3949
f 3949 3951 4806
f 4806 3951 4807
f 4808 3953 3954
f 3955 4809 3954
f 3954 4809 4808
f 3957 4810 3955
f 3955 4810 4809
f 3959 4811 3957
f 3957 4811 4810
f 3961 4812 3959
f 3959 4812 4811
f 3963 4813 3961
f 3961 4813 4812
f 3965 4814 3963
f 3963 4814 4813
f 3967 4815 3965
f 3965 4815 4814
f 3969 4816 3967
f 3967 4816 4815
f 3971 4817 3969
f 3969 4817 4816
f 3972 4818 3971
f 3971 4818 4817
f 3973 4819 3972
f 3972 4819 4818
f 3974 4819 3973
f 4820 3976 3977
f 4821 4820 3977
f 3948 4821 3977
f 4805 4821 3948
f 3979 4807 3951
f 3979 4822 4807
f 4823 3981 4808
f 4808 3981 3953
f 4824 4808 4809
f 4823 4808 4824
f 4825 4809 4810
f 4824 4809 4825
f 4826 4810 4811
f 4825 4810 4826
f 4827 4811 4812
f 4826 4811 4827
f 4828 4812 4813
f 4827 4812 4828
f 4829 4813 4814
f 4828 4813 4829
f 4830 4814 4815
f 4829 4814 4830
f 4831 4815 4816
f 4830 4815 4831
f 4832 4816 4817
f 4831 4816 4832
f 4833 4817 4818
f 4832 4817 4833
f 4834 4818 4819
f 4833 4818 4834
f 3990 4834 3974
f 3974 4834 4819
f 4820 3992 3976
f 3993 3992 4820
f 4821 3993 4820
f 4835 3993 4821
f 4836 4822 3979
f 4836 3979 3995
f 4837 3995 3997
f 4837 4836 3995
f 4838 3997 3999
f 4838 4837 3997
f 4839 3999 4001
f 4839 4838 3999
f 4840 4001 4003
f 4840 4839 4001
f 4841 4003 4005
f 4841 4840 4003
f 4842 4005 4007
f 4842 4841 4005
f 4843 4007 4009
f 4843 4842 4007
f 4844 4009 4011
f 4844 4843 4009
f 4845 4011 4013
f 4845 4844 4011
f 4846 4013 4015
f 4846 4845 4013
f 4847 4015 4017
f 4847 4846 4015
f 4848 4017 4019
f 4848 4847 4017
f 4849 4019 4021
f 4849 4848 4019
f 4850 4021 4023
f 4850 4849 4021
f 4851 4023 4025
f 4851 4850 4023
f 4852 4025 4027
f 4852 4851 4025
f 4853 4027 4029
f 4853 4852 4027
f 4854 4029 4031
f 4854 4853 4029
f 4855 4031 4033
f 4855 4854 4031
f 4856 4033 4035
f 4856 4855 4033
f 4857 4035 4037
f 4857 4856 4035
f 4858 4037 4039
f 4858 4857 4037
f 4859 4039 4041
f 4859 4858 4039
f 4860 4041 4043
f 4860 4859 4041
f 4043 3981 4823
f 4861 4043 4823
f 4860 4043 4861
f 4861 4823 4824
f 4861 4824 4862
f 4862 4824 4825
f 4862 4825 4863
f 4863 4825 4826
f 4863 4826 4864
f 4864 4826 4827
f 4864 4827 4865
f 4865 4827 4828
f 4865 4828 4866
f 4866 4828 4829
f 4866 4829 4867
f 4867 4829 4830
f 4867 4830 4868
f 4868 4830 4831
f 4868 4831 4869
f 4869 4831 4832
f 4869 4832 4870
f 4870 4832 4833
f 4870 4833 4871
f 4871 4833 4834
f 4871 4834 4872
f 4834 3990 4872
f 3990 4873 4872
f 3990 4054 4873
f 4835 4055 3993
f 4874 4055 4835
f 4090 4873 4054
f 4090 4875 4873
f 4874 4091 4055
f 4876 4091 4874
f 4126 4875 4090
f 4126 4877 4875
f 4880 4879 4878
f 4876 4880 4878
f 4127 4876 4878
f 4091 4876 4127
f 4883 4882 4881
f 4885 4884 4881
f 4885 4881 4882
f 4887 4886 4884
f 4887 4884 4885
f 4889 4888 4886
f 4889 4886 4887
f 4890 4888 4889
f 4158 4877 4126
f 4158 4891 4877
f 4878 4879 4892
f 4892 4879 4893
f 4892 4159 4127
f 4892 4127 4878
f 4883 4881 4894
f 4883 4894 4895
f 4896 4881 4884
f 4894 4881 4896
f 4897 4884 4886
f 4896 4884 4897
f 4898 4886 4888
f 4897 4886 4898
f 4888 4890 4899
f 4888 4899 4898
f 4190 4891 4158
f 4190 4900 4891
f 4892 4893 4901
f 4901 4893 4902
f 4901 4191 4159
f 4901 4159 4892
f 4204 4903 4205
f 4904 4206 4205
f 4904 4205 4903
f 4905 4207 4206
f 4905 4206 4904
f 4905 4209 4207
f 4895 4894 4906
f 4895 4906 4907
f 4908 4894 4896
f 4906 4894 4908
f 4909 4896 4897
f 4908 4896 4909
f 4910 4897 4898
f 4909 4897 4910
f 4898 4899 4911
f 4912 4898 4911
f 4910 4898 4912
f 4914 4913 4912
f 4914 4912 4911
f 4915 4913 4914
f 4223 4900 4190
f 4223 4916 4900
f 4901 4902 4225
f 4902 4224 4225
f 4902 4917 4224
f 4901 4225 4191
f 4238 4918 4903
f 4238 4903 4204
f 4903 4919 4904
f 4903 4918 4919
f 4904 4920 4905
f 4904 4919 4920
f 4920 4240 4209
f 4920 4209 4905
f 4907 4906 4921
f 4907 4921 4922
f 4923 4906 4908
f 4921 4906 4923
f 4924 4908 4909
f 4923 4908 4924
f 4925 4909 4910
f 4924 4909 4925
f 4926 4910 4912
f 4925 4910 4926
f 4927 4912 4913
f 4926 4912 4927
f 4913 4915 4928
f 4913 4928 4927
f 4254 4916 4223
f 4254 4929 4916
f 4917 4255 4224
f 4930 4255 4917
f 4268 4931 4918
f 4268 4918 4238
f 4918 4932 4919
f 4918 4931 4932
f 4919 4933 4920
f 4919 4932 4933
f 4933 4270 4240
f 4933 4240 4920
f 4936 4935 4934
f 4934 4935 4922
f 4921 4934 4922
f 4937 4934 4921
f 4938 4921 4923
f 4937 4921 4938
f 4939 4923 4924
f 4938 4923 4939
f 4940 4924 4925
f 4939 4924 4940
f 4941 4925 4926
f 4940 4925 4941
f 4942 4926 4927
f 4941 4926 4942
f 4927 4928 4943
f 4944 4927 4943
f 4942 4927 4944
f 4943 4929 4944
f 4929 4284 4944
f 4929 4254 4284
f 4930 4285 4255
f 4945 4285 4930
f 4300 4931 4268
f 4931 4300 4302
f 4931 4302 4932
f 4932 4302 4304
f 4932 4304 4933
f 4933 4304 4270
f 4936 4934 4946
f 4936 4946 4947
f 4948 4934 4937
f 4946 4934 4948
f 4949 4937 4938
f 4948 4937 4949
f 4950 4938 4939
f 4949 4938 4950
f 4951 4939 4940
f 4950 4939 4951
f 4952 4940 4941
f 4951 4940 4952
f 4953 4941 4942
f 4952 4941 4953
f 4954 4942 4944
f 4953 4942 4954
f 4320 4954 4284
f 4284 4954 4944
f 4945 4955 4285
f 4285 4955 4321
f 4323 4321 4955
f 4323 4955 4956
f 4947 4946 4957
f 4947 4957 4958
f 4959 4946 4948
f 4957 4946 4959
f 4960 4948 4949
f 4959 4948 4960
f 4961 4949 4950
f 4960 4949 4961
f 4962 4950 4951
f 4961 4950 4962
f 4963 4951 4952
f 4962 4951 4963
f 4964 4952 4953
f 4963 4952 4964
f 4965 4953 4954
f 4964 4953 4965
f 4355 4965 4320
f 4320 4965 4954
f 4966 4356 4357
f 4967 4966 4357
f 4323 4967 4357
f 4956 4967 4323
f 4968 4958 4957
f 4968 4957 4959
f 4968 4959 4969
f 4969 4959 4960
f 4969 4960 4970
f 4972 4971 4970
f 4960 4972 4970
f 4961 4972 4960
f 4973 4961 4962
f 4972 4961 4973
f 4974 4962 4963
f 4973 4962 4974
f 4975 4963 4964
f 4974 4963 4975
f 4976 4964 4965
f 4975 4964 4976
f 4386 4976 4355
f 4355 4976 4965
f 4977 4387 4966
f 4966 4387 4356
f 4966 4967 4978
f 4966 4978 4977
f 4971 4972 4979
f 4971 4979 4980
f 4981 4972 4973
f 4979 4972 4981
f 4982 4973 4974
f 4981 4973 4982
f 4983 4974 4975
f 4982 4974 4983
f 4984 4975 4976
f 4983 4975 4984
f 4416 4984 4386
f 4386 4984 4976
f 4986 4985 4977
f 4985 4387 4977
f 4985 4417 4387
f 4986 4977 4978
f 4989 4988 4987
f 4991 4990 4987
f 4991 4987 4988
f 4993 4992 4990
f 4993 4990 4991
f 4995 4994 4992
f 4995 4992 4993
f 4997 4996 4994
f 4997 4994 4995
f 4999 4998 4996
f 4999 4996 4997
f 5001 5000 4998
f 5001 4998 4999
f 5002 5000 5001
f 5003 4980 4979
f 5003 4979 4981
f 5003 4981 5004
f 5006 5005 5004
f 4981 5006 5004
f 4982 5006 4981
f 5007 4982 4983
f 5006 4982 5007
f 5008 4983 4984
f 5007 4983 5008
f 4443 5008 4416
f 4416 5008 4984
f 5010 4445 5009
f 4445 4985 5009
f 4445 4417 4985
f 5011 5010 5009
f 5014 5013 5012
f 5016 5015 5012
f 5016 5012 5013
f 5018 5017 5015
f 5018 5015 5016
f 5017 5018 4989
f 4987 5017 4989
f 5019 5017 4987
f 5020 4987 4990
f 5019 4987 5020
f 5021 4990 4992
f 5020 4990 5021
f 5022 4992 4994
f 5021 4992 5022
f 5023 4994 4996
f 5022 4994 5023
f 5024 4996 4998
f 5023 4996 5024
f 5025 4998 5000
f 5024 4998 5025
f 5000 5002 5026
f 5000 5026 5025
f 5029 5028 5027
f 5031 5030 5027
f 5031 5027 5028
f 5033 5032 5030
f 5033 5030 5031
f 5035 5034 5032
f 5035 5032 5033
f 5037 5036 5034
f 5037 5034 5035
f 5039 5038 5036
f 5039 5036 5037
f 5041 5040 5038
f 5041 5038 5039
f 5043 5042 5040
f 5043 5040 5041
f 5045 5044 5042
f 5045 5042 5043
f 5047 5046 5044
f 5047 5044 5045
f 5048 5046 5047
f 5051 5050 5049
f 5053 5052 5049
f 5053 5049 5050
f 5055 5054 5052
f 5055 5052 5053
f 5057 5056 5054
f 5057 5054 5055
f 5056 5057 5005
f 5006 5056 5005
f 5058 5056 5006
f 5059 5006 5007
f 5058 5006 5059
f 5060 5007 5008
f 5059 5007 5060
f 4470 5061 4443
f 5061 5008 4443
f 5061 5060 5008
f 4472 5061 4470
f 5010 4474 4445
f 4475 4474 5010
f 5011 4475 5010
f 5062 4475 5011
f 5014 5012 5063
f 5014 5063 5064
f 5065 5012 5015
f 5063 5012 5065
f 5066 5015 5017
f 5065 5015 5066
f 5067 5017 5019
f 5066 5017 5067
f 5068 5019 5020
f 5067 5019 5068
f 5069 5020 5021
f 5068 5020 5069
f 5070 5021 5022
f 5069 5021 5070
f 5071 5022 5023
f 5070 5022 5071
f 5072 5023 5024
f 5071 5023 5072
f 5073 5024 5025
f 5072 5024 5073
f 5025 5026 5074
f 5025 5074 5073
f 5029 5027 5075
f 5029 5075 5076
f 5077 5027 5030
f 5075 5027 5077
f 5078 5030 5032
f 5077 5030 5078
f 5079 5032 5034
f 5078 5032 5079
f 5080 5034 5036
f 5079 5034 5080
f 5081 5036 5038
f 5080 5036 5081
f 5082 5038 5040
f 5081 5038 5082
f 5083 5040 5042
f 5082 5040 5083
f 5084 5042 5044
f 5083 5042 5084
f 5085 5044 5046
f 5084 5044 5085
f 5046 5048 5086
f 5046 5086 5085
f 5051 5049 5087
f 5051 5087 5088
f 5089 5049 5052
f 5087 5049 5089
f 5090 5052 5054
f 5089 5052 5090
f 5091 5054 5056
f 5090 5054 5091
f 5092 5056 5058
f 5091 5056 5092
f 5093 5058 5059
f 5092 5058 5093
f 5094 5059 5060
f 5093 5059 5094
f 4501 5094 4500
f 5094 5061 4500
f 5094 5060 5061
f 4500 5061 4472
f 5062 4502 4475
f 5095 4502 5062
f 5064 5063 5096
f 5064 5096 5097
f 5098 5063 5065
f 5096 5063 5098
f 5099 5065 5066
f 5098 5065 5099
f 5100 5066 5067
f 5099 5066 5100
f 5101 5067 5068
f 5100 5067 5101
f 5069 5103 5102
f 5101 5069 5102
f 5068 5069 5101
f 5105 5104 5103
f 5069 5105 5103
f 5070 5105 5069
f 5106 5070 5071
f 5105 5070 5106
f 5107 5071 5072
f 5106 5071 5107
f 5108 5072 5073
f 5107 5072 5108
f 5073 5074 5109
f 5110 5073 5109
f 5108 5073 5110
f 5112 5111 5110
f 5112 5110 5109
f 5111 5112 5076
f 5075 5111 5076
f 5113 5111 5075
f 5114 5075 5077
f 5113 5075 5114
f 5115 5077 5078
f 5114 5077 5115
f 5116 5078 5079
f 5115 5078 5116
f 5117 5079 5080
f 5116 5079 5117
f 5118 5080 5081
f 5117 5080 5118
f 5119 5081 5082
f 5118 5081 5119
f 5120 5082 5083
f 5119 5082 5120
f 5121 5083 5084
f 5120 5083 5121
f 5122 5084 5085
f 5121 5084 5122
f 5085 5086 5123
f 5124 5085 5123
f 5122 5085 5124
f 5124 5123 5088
f 5087 5124 5088
f 5125 5124 5087
f 5126 5087 5089
f 5125 5087 5126
f 5127 5089 5090
f 5126 5089 5127
f 5128 5090 5091
f 5127 5090 5128
f 5129 5091 5092
f 5128 5091 5129
f 5130 5092 5093
f 5129 5092 5130
f 5131 5093 5094
f 5130 5093 5131
f 4528 5131 4501
f 4501 5131 5094
f 5095 4529 4502
f 5132 4529 5095
f 5097 5096 5133
f 5097 5133 5134
f 5135 5096 5098
f 5133 5096 5135
f 5136 5098 5099
f 5135 5098 5136
f 5137 5099 5100
f 5136 5099 5137
f 5138 5100 5101
f 5137 5100 5138
f 5101 5102 5139
f 5101 5139 5138
f 5104 5105 5140
f 5104 5140 5141
f 5142 5105 5106
f 5140 5105 5142
f 5143 5106 5107
f 5142 5106 5143
f 5144 5107 5108
f 5143 5107 5144
f 5145 5108 5110
f 5144 5108 5145
f 5146 5110 5111
f 5145 5110 5146
f 5147 5111 5113
f 5146 5111 5147
f 5148 5113 5114
f 5147 5113 5148
f 5149 5114 5115
f 5148 5114 5149
f 5150 5115 5116
f 5149 5115 5150
f 5151 5116 5117
f 5150 5116 5151
f 5152 5117 5118
f 5151 5117 5152
f 5153 5118 5119
f 5152 5118 5153
f 5154 5119 5120
f 5153 5119 5154
f 5155 5120 5121
f 5154 5120 5155
f 5156 5121 5122
f 5155 5121 5156
f 5157 5122 5124
f 5156 5122 5157
f 5158 5124 5125
f 5157 5124 5158
f 5159 5125 5126
f 5158 5125 5159
f 5160 5126 5127
f 5159 5126 5160
f 5161 5127 5128
f 5160 5127 5161
f 5162 5128 5129
f 5161 5128 5162
f 5163 5129 5130
f 5162 5129 5163
f 5164 5130 5131
f 5163 5130 5164
f 4555 5164 4528
f 4528 5164 5131
f 5132 4556 4529
f 5165 4556 5132
f 5167 5166 4558
f 5167 4558 4559
f 4558 5168 4560
f 5166 5168 4558
f 4560 5169 4561
f 5168 5169 4560
f 4561 5170 4562
f 5169 5170 4561
f 4562 5171 4563
f 5170 5171 4562
f 4563 5172 4564
f 5171 5172 4563
f 4564 5173 4565
f 5172 5173 4564
f 4565 5174 4566
f 5173 5174 4565
f 5133 4567 5134
f 4567 5174 5134
f 4567 4566 5174
f 4567 5133 4568
f 4568 5133 5135
f 4568 5135 4569
f 4569 5135 5136
f 4569 5136 4570
f 4570 5136 5137
f 4570 5137 4571
f 4571 5137 5138
f 5139 5175 5138
f 5175 4571 5138
f 5175 4572 4571
f 5140 4573 5141
f 4573 5175 5141
f 4573 4572 5175
f 4573 5140 4574
f 4574 5140 5142
f 4574 5142 4575
f 4575 5142 5143
f 4575 5143 4576
f 4576 5143 5144
f 4576 5144 4577
f 4577 5144 5145
f 4577 5145 4578
f 4578 5145 5146
f 4578 5146 4579
f 4579 5146 5147
f 4579 5147 4580
f 4580 5147 5148
f 4580 5148 4581
f 4581 5148 5149
f 4581 5149 4582
f 4582 5149 5150
f 4582 5150 4583
f 4583 5150 5151
f 4583 5151 4584
f 4584 5151 5152
f 4584 5152 4585
f 4585 5152 5153
f 4585 5153 4586
f 4586 5153 5154
f 4586 5154 4587
f 4587 5154 5155
f 4587 5155 4588
f 4588 5155 5156
f 4588 5156 4589
f 4589 5156 5157
f 4589 5157 4590
f 4590 5157 5158
f 4590 5158 4591
f 4591 5158 5159
f 4591 5159 4592
f 4592 5159 5160
f 4592 5160 4593
f 4593 5160 5161
f 4593 5161 4594
f 4594 5161 5162
f 4594 5162 4595
f 4595 5162 5163
f 4595 5163 4596
f 4596 5163 5164
f 4596 5164 4555
f 5165 4597 4556
f 5176 4597 5165
f 4598 5167 4559
f 4598 5177 5167
f 5176 4599 4597
f 5178 4599 5176
f 5180 5179 4600
f 5180 4600 4601
f 4598 4600 5177
f 5177 4600 5179
f 5178 4602 4599
f 5181 4602 5178
f 5183 5182 4603
f 5183 4603 4604
f 4601 4603 5180
f 5180 4603 5182
f 5181 4605 4602
f 5184 4605 5181
f 5187 5186 5185
f 5186 5183 5185
f 5183 4606 5185
f 5183 4604 4606
f 5184 4607 4605
f 5188 4607 5184
f 5189 5187 5185
f 5185 4606 5189
f 4606 5190 5189
f 4606 4609 5190
f 5188 4610 4607
f 5191 4610 5188
f 5192 5190 4609
f 5192 4609 4611
f 4611 4612 5192
f 5192 4612 5193
f 5195 5194 4616
f 4616 5194 4615
f 4616 4617 5195
f 5195 4617 5196
f 5198 5197 4619
f 4619 5197 4618
f 5199 4619 4620
f 5199 5198 4619
f 5200 4620 4621
f 5200 5199 4620
f 5202 5200 5201
f 5200 4622 5201
f 5200 4621 4622
f 4623 5203 4622
f 4622 5203 5201
f 5203 4623 5204
f 4623 5205 5204
f 4623 4624 5205
f 5206 4624 4625
f 5206 5205 4624
f 5208 5206 5207
f 5206 4626 5207
f 5206 4625 4626
f 5210 5207 5209
f 5207 4626 5209
f 4628 5211 5209
f 4628 5209 4626
f 5211 4629 5209
f 4629 4630 5209
f 5213 5212 5209
f 5213 5209 4630
f 4631 5214 4630
f 4630 5214 5213
f 4632 5215 4631
f 4631 5215 5214
f 5215 4632 5216
f 4632 5217 5216
f 4632 4633 5217
f 5219 5217 5218
f 5217 4635 5218
f 5217 4633 4635
f 5218 4635 4637
f 5222 5221 5220
f 4638 4639 5223
f 5222 5220 5224
f 4640 5225 4639
f 4639 5225 5223
f 5225 4640 5226
f 4640 5227 5226
f 4640 4641 5227
f 5229 5227 5228
f 5227 4642 5228
f 5227 4641 4642
f 4644 5228 4642
f 5230 4647 4648
f 4649 5230 4648
f 5231 4651 4652
f 4654 5231 4652
f 5232 4657 4658
f 5233 5232 4658
f 4610 5233 4658
f 5191 5233 4610
f 5234 5193 4612
f 5234 4612 4659
f 5235 4659 4660
f 5235 5234 4659
f 5236 4660 4661
f 5236 5235 4660
f 4661 4664 5236
f 5236 4664 5237
f 5239 5238 4666
f 4666 5238 4665
f 5240 4666 4667
f 5240 5239 4666
f 5241 4667 4668
f 5241 5240 4667
f 4668 4615 5194
f 4668 5194 5241
f 5242 5196 4617
f 5242 4617 4669
f 4669 4618 5197
f 4669 5197 5242
f 5243 5202 5201
f 5243 5201 5203
f 5243 5203 5244
f 5244 5203 5204
f 5245 5208 5207
f 4628 4670 5211
f 5207 5210 5245
f 5213 5246 5212
f 4629 5211 4670
f 5248 5247 5246
f 5213 5248 5246
f 5214 5248 5213
f 5215 5250 5249
f 5248 5215 5249
f 5214 5215 5248
f 5250 5215 5216
f 5251 5219 5218
f 5251 5220 5221
f 5251 4671 5220
f 5251 5218 4637
f 4671 5251 4637
f 4671 5224 5220
f 4671 5252 5224
f 4671 4638 5223
f 5252 4671 5223
f 5252 5223 5225
f 5252 5225 5253
f 5253 5225 5226
f 5254 5229 5228
f 5254 5228 4644
f 4672 5254 4644
f 5255 5254 4672
f 5257 5255 5256
f 5255 4673 5256
f 5255 4672 4673
f 4647 5230 4673
f 5230 5256 4673
f 5230 5258 5256
f 4674 5259 4649
f 5259 5230 4649
f 5259 5258 5230
f 5260 5259 4674
f 5260 4674 4651
f 5261 5260 4651
f 5231 5261 4651
f 5261 5231 4654
f 4675 5261 4654
f 5262 5261 4675
f 5264 5262 5263
f 5262 4676 5263
f 5262 4675 4676
f 4677 5265 4676
f 4676 5265 5263
f 5265 4677 5266
f 4677 5267 5266
f 4677 4678 5267
f 5268 4678 4679
f 5268 5267 4678
f 5270 5268 5269
f 5268 4680 5269
f 5268 4679 4680
f 5269 4680 5271
f 4680 5272 5271
f 4680 4681 5272
f 5274 5272 5273
f 5272 4682 5273
f 5272 4681 4682
f 4684 5273 4682
f 5275 4685 4686
f 4687 5276 4686
f 4686 5276 5275
f 4657 5232 4687
f 5232 5276 4687
f 5232 5277 5276
f 5232 5233 5278
f 5232 5278 5277
f 5279 5237 4664
f 5279 4664 4688
f 4688 4665 5238
f 4688 5238 5279
f 5280 5247 5248
f 5280 5248 5249
f 5281 5257 5256
f 5281 5256 5258
f 5281 5258 5282
f 5282 5258 5259
f 5282 5259 5283
f 5283 5259 5260
f 5284 5264 5263
f 5284 5263 5265
f 5284 5265 5285
f 5285 5265 5266
f 5286 5270 5269
f 5289 5288 5287
f 5271 5286 5269
f 5274 5273 5290
f 5289 5291 5288
f 5290 5273 4684
f 4689 5290 4684
f 5292 5290 4689
f 4689 4685 5275
f 5293 4689 5275
f 5292 4689 5293
f 5295 5294 5293
f 5275 5295 5293
f 5276 5295 5275
f 5277 5297 5296
f 5295 5277 5296
f 5276 5277 5295
f 5297 5277 5278
f 5298 5287 5288
f 5298 5288 5291
f 5299 5294 5295
f 5295 5300 5299
f 5295 5301 5300
f 5295 5296 5302
f 5301 5295 5302
f 5303 5301 5302
f 5304 5300 5301
f 5304 5301 5303
f 4702 5305 4701
f 5305 4703 4701
f 4705 5306 4704
f 5306 4707 4704
f 5308 5307 4721
f 5308 4721 4720
f 5307 5310 5309
f 4722 5307 5309
f 4721 5307 4722
f 5311 4723 4722
f 5311 4722 5309
f 5311 4725 4723
f 4727 5312 4728
f 5313 4729 4728
f 5313 4728 5312
f 5314 4730 4729
f 5314 4729 5313
f 5315 4731 4730
f 5315 4730 5314
f 5315 4733 4731
f 5318 5317 5316
f 5319 4737 4736
f 5320 5316 5317
f 5319 4739 4737
f 4743 5321 4742
f 4742 5321 5322
f 5323 4742 5322
f 4744 4742 5323
f 4744 5324 4745
f 5323 5324 4744
f 4745 5325 4746
f 5324 5325 4745
f 4746 5326 4747
f 5325 5326 4746
f 5326 5328 5327
f 4748 5326 5327
f 4747 5326 4748
f 4748 5327 5329
f 5330 4748 5329
f 4749 4748 5330
f 4749 5331 4751
f 5330 5331 4749
f 4702 4751 5305
f 4751 5332 5305
f 4751 5331 5332
f 5332 5334 5333
f 5332 5333 4753
f 5305 5332 4753
f 4703 5305 4753
f 5333 4754 4753
f 4756 5335 4755
f 5335 5336 4755
f 4755 5336 4705
f 5336 5337 4705
f 5337 5306 4705
f 5306 5337 4707
f 5337 4757 4707
f 5337 5338 4757
f 5338 5340 5339
f 4758 5338 5339
f 4757 5338 4758
f 5341 4759 4758
f 5341 4758 5339
f 5342 4760 4759
f 5342 4759 5341
f 4760 5342 5343
f 5344 4760 5343
f 4761 4760 5344
f 5344 5346 5345
f 4762 5344 5345
f 4761 5344 4762
f 4762 5345 5347
f 5348 4762 5347
f 4763 4762 5348
f 5348 5350 5349
f 4764 5348 5349
f 4763 5348 4764
f 5349 4766 4764
f 5352 5351 4768
f 5352 4768 4767
f 4768 5353 4769
f 5351 5353 4768
f 5353 5355 5354
f 4770 5353 5354
f 4769 5353 4770
f 5356 4771 4770
f 5356 4770 5354
f 5357 4772 4771
f 5357 4771 5356
f 5308 4720 5358
f 4720 5357 5358
f 5357 5359 5358
f 4720 4772 5357
f 5358 5359 5310
f 5359 5309 5310
f 5359 5360 5309
f 5309 5361 5311
f 5309 5360 5361
f 5311 5361 4725
f 5361 5362 4725
f 5362 4773 4725
f 5361 5363 5362
f 4773 5364 4774
f 5362 5364 4773
f 4774 5364 4727
f 5364 5365 4727
f 5365 5312 4727
f 5365 5364 5366
f 5312 5367 5313
f 5312 5365 5367
f 5313 5368 5314
f 5313 5367 5368
f 5314 5369 5315
f 5314 5368 5369
f 4733 5370 4776
f 5370 4733 5371
f 5315 5371 4733
f 5371 5315 5372
f 5369 5372 5315
f 5371 4777 5370
f 5371 4778 4777
f 5371 5374 5373
f 4778 5371 5373
f 4778 5316 4779
f 5316 4778 5318
f 5373 5318 4778
f 5318 5373 5375
f 5376 5375 5373
f 4736 4779 5377
f 5319 4736 5377
f 5378 5319 5377
f 5379 5378 5377
f 5376 5379 5377
f 5375 5376 5377
f 5320 5375 5377
f 5316 5320 5377
f 4779 5316 5377
f 5319 5378 4739
f 5378 4780 4739
f 5378 5380 4780
f 5380 5382 5381
f 4781 5380 5381
f 4780 5380 4781
f 5383 4782 4781
f 5383 4781 5381
f 5383 5384 4782
f 4782 5384 4743
f 5384 5385 4743
f 5385 5321 4743
f 5321 5385 5322
f 5328 5386 5327
f 5327 5386 5329
f 5334 5387 5333
f 4754 5333 5387
f 5388 4754 5387
f 4785 4754 5388
f 5390 5389 5335
f 4756 5390 5335
f 4787 5390 4756
f 5335 5389 5336
f 5340 5391 5339
f 5339 5391 5341
f 5341 5391 5392
f 5341 5392 5342
f 5342 5392 5393
f 5342 5393 5343
f 5346 5394 5345
f 5345 5394 5347
f 5350 5395 5349
f 5349 5395 4766
f 5395 4789 4766
f 5395 5396 4789
f 4767 4789 5352
f 5352 4789 5396
f 5355 5397 5354
f 5354 5397 5356
f 5356 5397 5398
f 5356 5398 5357
f 5357 5398 5399
f 5357 5399 5359
f 5359 5399 5400
f 5359 5400 5360
f 5360 5400 5401
f 5360 5401 5361
f 5361 5401 5402
f 5361 5402 5363
f 5366 5403 5365
f 5365 5403 5367
f 5367 5403 5404
f 5367 5404 5368
f 5368 5404 5405
f 5368 5405 5369
f 5369 5405 5406
f 5370 4790 4776
f 5406 5372 5369
f 5374 5407 5373
f 4790 5370 4777
f 5373 5407 5376
f 5376 5407 5408
f 5376 5408 5379
f 5382 5409 5381
f 5381 5409 5383
f 5383 5409 5410
f 5383 5410 5384
f 5388 4791 4785
f 5411 4791 5388
f 4793 5390 4787
f 4793 5412 5390
f 5411 5413 4791
f 4791 5413 4795
f 4796 4795 5413
f 4796 5413 5414
f 5416 5415 4797
f 5416 4797 4798
f 4793 4797 5412
f 5412 4797 5415
f 5414 4799 4796
f 5417 4799 5414
f 4800 5416 4798
f 4800 5418 5416
f 5419 4801 4802
f 5420 5419 4802
f 4799 5420 4802
f 5417 5420 4799
f 4803 5418 4800
f 4803 5421 5418
f 5419 4804 4801
f 4805 4804 5419
f 5420 4805 5419
f 5422 4805 5420
f 5423 5421 4803
f 5423 4803 4806
f 4806 4807 5423
f 5423 4807 5424
f 5422 4821 4805
f 5425 4821 5422
f 4822 5424 4807
f 4822 5426 5424
f 5429 5428 5427
f 5431 5430 5427
f 5427 5430 5429
f 5431 5432 5430
f 5425 4835 4821
f 5433 4835 5425
f 5434 5426 4822
f 5434 4822 4836
f 5435 4836 4837
f 5435 5434 4836
f 5436 4837 4838
f 5436 5435 4837
f 5437 4838 4839
f 5437 5436 4838
f 5438 4839 4840
f 5438 5437 4839
f 5439 4840 4841
f 5439 5438 4840
f 5440 4841 4842
f 5440 5439 4841
f 5441 4842 4843
f 5441 5440 4842
f 5442 4843 4844
f 5442 5441 4843
f 5443 4844 4845
f 5443 5442 4844
f 5444 4845 4846
f 5444 5443 4845
f 5445 4846 4847
f 5445 5444 4846
f 5446 4847 4848
f 5446 5445 4847
f 5447 4848 4849
f 5447 5446 4848
f 5448 4849 4850
f 5448 5447 4849
f 5449 4850 4851
f 5449 5448 4850
f 5450 4851 4852
f 5450 5449 4851
f 5451 4852 4853
f 5451 5450 4852
f 5452 4853 4854
f 5452 5451 4853
f 5453 4854 4855
f 5453 5452 4854
f 5454 4855 4856
f 5454 5453 4855
f 5455 4856 4857
f 5455 5454 4856
f 5456 4857 4858
f 5456 5455 4857
f 5457 4858 4859
f 5457 5456 4858
f 5458 4859 4860
f 5458 5457 4859
f 5459 4860 4861
f 5459 5458 4860
f 5460 4861 4862
f 5460 5459 4861
f 5461 4862 4863
f 5461 5460 4862
f 5462 4863 4864
f 5462 5461 4863
f 5463 4864 4865
f 5463 5462 4864
f 5464 4865 4866
f 5464 5463 4865
f 4867 5427 5428
f 5464 4867 5428
f 4866 4867 5464
f 5427 4867 4868
f 5427 4868 5431
f 5465 5432 5431
f 4868 5465 5431
f 4869 5465 4868
f 5466 4869 4870
f 5466 5465 4869
f 5467 4870 4871
f 5467 5466 4870
f 5468 4871 4872
f 5468 5467 4871
f 4872 4873 5468
f 5468 4873 5469
f 5433 4874 4835
f 5470 4874 5433
f 4875 5469 4873
f 4875 5471 5469
f 5470 4876 4874
f 5472 4876 5470
f 4877 5471 4875
f 4877 5473 5471
f 5474 4879 4880
f 5475 5474 4880
f 4876 5475 4880
f 5472 5475 4876
f 5477 5476 4882
f 5477 4882 4883
f 4882 5478 4885
f 5476 5478 4882
f 4885 5479 4887
f 5478 5479 4885
f 4887 5480 4889
f 5479 5480 4887
f 4890 4889 5480
f 4890 5480 5481
f 4891 5473 4877
f 4891 5482 5473
f 5483 4893 5474
f 5474 4893 4879
f 5474 5475 5484
f 5474 5484 5483
f 4895 5477 4883
f 4895 5485 5477
f 5481 4899 4890
f 5486 4899 5481
f 4900 5482 4891
f 4900 5487 5482
f 5488 4902 5483
f 5483 4902 4893
f 5483 5484 5489
f 5483 5489 5488
f 4907 5485 4895
f 4907 5490 5485
f 5486 5491 4899
f 4899 5491 4911
f 4911 5492 4914
f 5491 5492 4911
f 4915 4914 5492
f 4915 5492 5493
f 4916 5487 4900
f 4916 5494 5487
f 5496 5495 5488
f 5495 4902 5488
f 5495 4917 4902
f 5496 5488 5489
f 4922 5490 4907
f 4922 5497 5490
f 5493 4928 4915
f 5498 4928 5493
f 4929 5494 4916
f 4929 5499 5494
f 5501 4930 5500
f 4930 5495 5500
f 4930 4917 5495
f 5502 5501 5500
f 5504 5503 4935
f 5504 4935 4936
f 4922 4935 5497
f 5497 4935 5503
f 5498 5505 4928
f 4928 5505 4943
f 4929 4943 5499
f 5499 4943 5505
f 5506 4945 5501
f 5501 4945 4930
f 5501 5502 5507
f 5501 5507 5506
f 4947 5504 4936
f 4947 5508 5504
f 5506 4955 4945
f 4956 4955 5506
f 5507 4956 5506
f 5509 4956 5507
f 4958 5508 4947
f 4958 5510 5508
f 5509 4967 4956
f 5511 4967 5509
f 5512 5510 4958
f 5512 4958 4968
f 5513 4968 4969
f 5513 5512 4968
f 5514 4969 4970
f 5514 5513 4969
f 4970 4971 5514
f 5514 4971 5515
f 5511 4978 4967
f 5516 4978 5511
f 4980 5515 4971
f 4980 5517 5515
f 5518 4985 4986
f 5519 5518 4986
f 4978 5519 4986
f 5516 5519 4978
f 5521 5520 4988
f 5521 4988 4989
f 4988 5522 4991
f 5520 5522 4988
f 4991 5523 4993
f 5522 5523 4991
f 4993 5524 4995
f 5523 5524 4993
f 4995 5525 4997
f 5524 5525 4995
f 4997 5526 4999
f 5525 5526 4997
f 4999 5527 5001
f 5526 5527 4999
f 5002 5001 5527
f 5002 5527 5528
f 5529 5517 4980
f 5529 4980 5003
f 5530 5003 5004
f 5530 5529 5003
f 5004 5005 5530
f 5530 5005 5531
f 5518 5009 4985
f 5011 5009 5518
f 5519 5011 5518
f 5532 5011 5519
f 5534 5533 5013
f 5534 5013 5014
f 5013 5535 5016
f 5533 5535 5013
f 5016 5536 5018
f 5535 5536 5016
f 4989 5018 5521
f 5521 5018 5536
f 5528 5026 5002
f 5537 5026 5528
f 5539 5538 5028
f 5539 5028 5029
f 5028 5540 5031
f 5538 5540 5028
f 5031 5541 5033
f 5540 5541 5031
f 5033 5542 5035
f 5541 5542 5033
f 5035 5543 5037
f 5542 5543 5035
f 5037 5544 5039
f 5543 5544 5037
f 5039 5545 5041
f 5544 5545 5039
f 5041 5546 5043
f 5545 5546 5041
f 5043 5547 5045
f 5546 5547 5043
f 5045 5548 5047
f 5547 5548 5045
f 5048 5047 5548
f 5048 5548 5549
f 5551 5550 5050
f 5551 5050 5051
f 5050 5552 5053
f 5550 5552 5050
f 5053 5553 5055
f 5552 5553 5053
f 5055 5554 5057
f 5553 5554 5055
f 5005 5057 5531
f 5531 5057 5554
f 5532 5062 5011
f 5555 5062 5532
f 5064 5534 5014
f 5064 5556 5534
f 5537 5074 5026
f 5557 5074 5537
f 5076 5539 5029
f 5076 5558 5539
f 5549 5086 5048
f 5559 5086 5549
f 5088 5551 5051
f 5088 5560 5551
f 5555 5095 5062
f 5561 5095 5555
f 5097 5556 5064
f 5097 5562 5556
f 5564 5563 5103
f 5103 5563 5102
f 5103 5104 5564
f 5564 5104 5565
f 5557 5566 5074
f 5074 5566 5109
f 5109 5567 5112
f 5566 5567 5109
f 5076 5112 5558
f 5558 5112 5567
f 5559 5568 5086
f 5086 5568 5123
f 5088 5123 5560
f 5560 5123 5568
f 5561 5132 5095
f 5569 5132 5561
f 5134 5562 5097
f 5134 5570 5562
f 5563 5139 5102
f 5571 5139 5563
f 5141 5565 5104
f 5141 5572 5565
f 5569 5165 5132
f 5573 5165 5569
f 5575 5574 5166
f 5575 5166 5167
f 5166 5576 5168
f 5574 5576 5166
f 5168 5577 5169
f 5576 5577 5168
f 5169 5578 5170
f 5577 5578 5169
f 5170 5579 5171
f 5578 5579 5170
f 5171 5580 5172
f 5579 5580 5171
f 5172 5581 5173
f 5580 5581 5172
f 5173 5582 5174
f 5581 5582 5173
f 5134 5174 5570
f 5570 5174 5582
f 5571 5583 5139
f 5139 5583 5175
f 5141 5175 5572
f 5572 5175 5583
f 5573 5176 5165
f 5584 5176 5573
f 5177 5575 5167
f 5177 5585 5575
f 5584 5178 5176
f 5586 5178 5584
f 5588 5587 5179
f 5588 5179 5180
f 5177 5179 5585
f 5585 5179 5587
f 5586 5181 5178
f 5589 5181 5586
f 5591 5590 5182
f 5591 5182 5183
f 5180 5182 5588
f 5588 5182 5590
f 5589 5184 5181
f 5592 5184 5589
f 5187 5593 5186
f 5593 5594 5186
f 5594 5183 5186
f 5594 5591 5183
f 5592 5188 5184
f 5595 5188 5592
f 5189 5593 5187
f 5189 5190 5593
f 5190 5594 5593
f 5190 5596 5594
f 5595 5191 5188
f 5597 5191 5595
f 5598 5596 5190
f 5598 5190 5192
f 5192 5193 5598
f 5598 5193 5599
f 5600 5194 5195
f 5196 5600 5195
f 5601 5197 5198
f 5199 5602 5198
f 5198 5602 5601
f 5200 5603 5199
f 5199 5603 5602
f 5202 5603 5200
f 5604 5204 5205
f 5206 5605 5205
f 5205 5605 5604
f 5208 5605 5206
f 5606 5210 5209
f 5212 5606 5209
f 5607 5216 5217
f 5219 5607 5217
f 5608 5221 5222
f 5224 5608 5222
f 5609 5226 5227
f 5229 5609 5227
f 5597 5233 5191
f 5610 5233 5597
f 5611 5599 5193
f 5611 5193 5234
f 5612 5234 5235
f 5612 5611 5234
f 5613 5235 5236
f 5613 5612 5235
f 5236 5237 5613
f 5613 5237 5614
f 5615 5238 5239
f 5240 5616 5239
f 5239 5616 5615
f 5241 5617 5240
f 5240 5617 5616
f 5194 5600 5241
f 5600 5617 5241
f 5600 5618 5617
f 5618 5600 5196
f 5619 5618 5196
f 5242 5619 5196
f 5620 5618 5619
f 5619 5242 5197
f 5621 5619 5197
f 5601 5621 5197
f 5619 5621 5622
f 5602 5624 5623
f 5621 5602 5623
f 5601 5602 5621
f 5626 5625 5624
f 5602 5626 5624
f 5603 5626 5602
f 5243 5627 5202
f 5627 5603 5202
f 5627 5626 5603
f 5627 5243 5628
f 5243 5629 5628
f 5243 5244 5629
f 5244 5204 5604
f 5630 5244 5604
f 5629 5244 5630
f 5632 5631 5630
f 5604 5632 5630
f 5605 5632 5604
f 5245 5633 5208
f 5633 5605 5208
f 5633 5632 5605
f 5634 5633 5245
f 5634 5245 5210
f 5635 5634 5210
f 5606 5635 5210
f 5637 5635 5636
f 5636 5635 5246
f 5635 5606 5246
f 5606 5212 5246
f 5247 5636 5246
f 5639 5638 5250
f 5250 5638 5249
f 5639 5250 5216
f 5640 5639 5216
f 5607 5640 5216
f 5639 5640 5641
f 5640 5607 5219
f 5642 5640 5219
f 5251 5642 5219
f 5643 5640 5642
f 5251 5221 5608
f 5644 5251 5608
f 5642 5251 5644
f 5646 5644 5645
f 5645 5644 5252
f 5644 5608 5252
f 5608 5224 5252
f 5253 5647 5252
f 5252 5647 5645
f 5648 5647 5253
f 5648 5253 5226
f 5649 5648 5226
f 5609 5649 5226
f 5651 5649 5650
f 5650 5649 5254
f 5649 5609 5254
f 5609 5229 5254
f 5650 5254 5652
f 5254 5653 5652
f 5254 5255 5653
f 5655 5654 5257
f 5654 5255 5257
f 5654 5653 5255
f 5657 5656 5655
f 5655 5656 5654
f 5659 5658 5657
f 5657 5658 5656
f 5260 5261 5660
f 5658 5659 5661
f 5262 5662 5261
f 5261 5662 5660
f 5264 5662 5262
f 5663 5266 5267
f 5268 5664 5267
f 5267 5664 5663
f 5270 5664 5268
f 5665 5271 5272
f 5274 5665 5272
f 5610 5278 5233
f 5666 5278 5610
f 5667 5614 5237
f 5667 5237 5279
f 5279 5238 5615
f 5668 5279 5615
f 5667 5279 5668
f 5668 5615 5616
f 5668 5616 5669
f 5669 5616 5617
f 5669 5617 5670
f 5672 5671 5670
f 5617 5672 5670
f 5618 5672 5617
f 5618 5620 5673
f 5618 5673 5672
f 5622 5621 5674
f 5622 5674 5675
f 5621 5623 5676
f 5621 5676 5674
f 5625 5626 5677
f 5625 5677 5678
f 5627 5680 5679
f 5677 5627 5679
f 5626 5627 5677
f 5683 5682 5681
f 5628 5680 5627
f 5684 5682 5683
f 5685 5631 5632
f 5687 5686 5685
f 5632 5687 5685
f 5633 5687 5632
f 5633 5634 5688
f 5633 5688 5687
f 5689 5637 5636
f 5691 5689 5690
f 5690 5689 5280
f 5689 5636 5280
f 5636 5247 5280
f 5692 5690 5280
f 5249 5692 5280
f 5638 5692 5249
f 5693 5641 5640
f 5693 5640 5643
f 5646 5645 5694
f 5646 5694 5695
f 5696 5645 5647
f 5694 5645 5696
f 5647 5648 5697
f 5647 5697 5696
f 5651 5650 5698
f 5651 5698 5699
f 5650 5652 5700
f 5650 5700 5698
f 5281 5655 5257
f 5703 5702 5701
f 5281 5282 5655
f 5657 5655 5282
f 5701 5702 5704
f 5659 5282 5283
f 5282 5659 5657
f 5661 5659 5705
f 5283 5705 5659
f 5705 5283 5706
f 5260 5706 5283
f 5706 5260 5660
f 5662 5708 5707
f 5706 5662 5707
f 5660 5662 5706
f 5710 5708 5709
f 5709 5708 5284
f 5708 5662 5284
f 5662 5264 5284
f 5285 5711 5284
f 5284 5711 5709
f 5266 5663 5285
f 5663 5711 5285
f 5663 5712 5711
f 5713 5663 5664
f 5712 5663 5713
f 5286 5714 5270
f 5714 5664 5270
f 5714 5713 5664
f 5717 5716 5715
f 5287 5714 5289
f 5665 5289 5714
f 5286 5665 5714
f 5665 5286 5271
f 5718 5716 5717
f 5289 5665 5291
f 5719 5291 5665
f 5274 5719 5665
f 5719 5274 5290
f 5292 5720 5290
f 5290 5720 5719
f 5293 5721 5292
f 5292 5721 5720
f 5723 5721 5722
f 5721 5293 5722
f 5294 5724 5722
f 5294 5722 5293
f 5296 5297 5725
f 5722 5724 5726
f 5727 5725 5297
f 5278 5727 5297
f 5666 5727 5278
f 5730 5729 5728
f 5731 5728 5729
f 5732 5671 5672
f 5732 5672 5673
f 5733 5675 5674
f 5733 5674 5676
f 5734 5678 5677
f 5734 5677 5679
f 5735 5681 5682
f 5735 5682 5684
f 5738 5737 5736
f 5736 5740 5739
f 5736 5687 5740
f 5736 5737 5686
f 5687 5736 5686
f 5740 5687 5688
f 5741 5691 5690
f 5741 5690 5692
f 5742 5695 5694
f 5742 5694 5696
f 5742 5696 5743
f 5743 5696 5697
f 5744 5699 5698
f 5744 5698 5700
f 5745 5703 5701
f 5745 5701 5704
f 5746 5705 5706
f 5746 5706 5707
f 5747 5710 5709
f 5747 5709 5711
f 5747 5711 5748
f 5748 5711 5712
f 5748 5712 5749
f 5749 5712 5713
f 5749 5713 5750
f 5750 5713 5714
f 5750 5714 5751
f 5751 5717 5715
f 5751 5298 5717
f 5751 5714 5287
f 5298 5751 5287
f 5298 5718 5717
f 5298 5752 5718
f 5298 5291 5719
f 5752 5298 5719
f 5754 5753 5752
f 5719 5754 5752
f 5720 5754 5719
f 5721 5756 5755
f 5754 5721 5755
f 5720 5721 5754
f 5294 5299 5724
f 5721 5723 5756
f 5299 5726 5724
f 5726 5299 5757
f 5300 5757 5299
f 5726 5757 5758
f 5725 5302 5296
f 5303 5758 5757
f 5303 5727 5758
f 5303 5302 5725
f 5727 5303 5725
f 5759 5730 5728
f 5759 5728 5731
f 5762 5761 5760
f 5763 5760 5761
f 5764 5738 5736
f 5764 5736 5739
f 5765 5753 5754
f 5765 5754 5755
f 5304 5757 5300
f 5757 5304 5303
f 5766 5762 5760
f 5766 5760 5763
f 5308 5767 5307
f 5767 5310 5307
f 5770 5769 5768
f 5771 5768 5769
f 5318 5772 5317
f 5772 5320 5317
f 5775 5774 5773
f 5777 5776 5773
f 5777 5773 5774
f 5778 5776 5777
f 5322 5779 5323
f 5323 5779 5780
f 5781 5323 5780
f 5324 5323 5781
f 5324 5782 5325
f 5781 5782 5324
f 5782 5784 5783
f 5326 5782 5783
f 5325 5782 5326
f 5786 5783 5785
f 5786 5326 5783
f 5786 5787 5328
f 5326 5786 5328
f 5330 5329 5787
f 5786 5330 5787
f 5788 5330 5786
f 5788 5790 5789
f 5331 5788 5789
f 5330 5788 5331
f 5791 5332 5331
f 5791 5331 5789
f 5334 5332 5791
f 5794 5793 5792
f 5795 5794 5792
f 5798 5797 5796
f 5337 5336 5796
f 5797 5337 5796
f 5799 5337 5797
f 5799 5801 5800
f 5338 5799 5800
f 5337 5799 5338
f 5800 5340 5338
f 5804 5803 5802
f 5805 5344 5343
f 5806 5802 5803
f 5805 5346 5344
f 5347 5807 5348
f 5807 5350 5348
f 5352 5808 5351
f 5809 5353 5351
f 5809 5351 5808
f 5809 5355 5353
f 5767 5308 5358
f 5812 5811 5810
f 5358 5310 5767
f 5811 5812 5813
f 5363 5814 5362
f 5768 5815 5770
f 5814 5364 5362
f 5364 5814 5816
f 5768 5771 5815
f 5364 5816 5366
f 5372 5817 5371
f 5374 5371 5817
f 5820 5819 5818
f 5821 5772 5818
f 5318 5818 5772
f 5818 5318 5820
f 5375 5820 5318
f 5820 5375 5822
f 5823 5320 5772
f 5823 5772 5821
f 5823 5821 5824
f 5823 5824 5825
f 5823 5825 5378
f 5823 5378 5379
f 5823 5379 5822
f 5823 5822 5375
f 5823 5375 5320
f 5826 5775 5773
f 5378 5826 5773
f 5380 5378 5773
f 5826 5378 5825
f 5773 5776 5827
f 5382 5773 5827
f 5828 5382 5827
f 5773 5382 5380
f 5776 5829 5827
f 5776 5830 5829
f 5776 5778 5831
f 5830 5776 5831
f 5831 5384 5830
f 5831 5385 5384
f 5831 5833 5832
f 5385 5831 5832
f 5832 5834 5385
f 5385 5834 5322
f 5834 5835 5322
f 5835 5779 5322
f 5779 5835 5780
f 5784 5836 5783
f 5787 5386 5328
f 5836 5785 5783
f 5386 5787 5329
f 5790 5837 5789
f 5789 5837 5791
f 5791 5837 5838
f 5793 5794 5838
f 5794 5387 5838
f 5334 5791 5838
f 5334 5838 5387
f 5388 5387 5794
f 5795 5388 5794
f 5839 5388 5795
f 5798 5796 5389
f 5390 5798 5389
f 5840 5798 5390
f 5389 5796 5336
f 5801 5841 5800
f 5800 5841 5340
f 5841 5391 5340
f 5841 5842 5391
f 5391 5843 5392
f 5842 5843 5391
f 5802 5393 5804
f 5393 5843 5804
f 5393 5392 5843
f 5844 5802 5806
f 5802 5844 5393
f 5845 5393 5844
f 5393 5845 5343
f 5805 5343 5845
f 5805 5845 5346
f 5845 5846 5346
f 5846 5394 5346
f 5845 5847 5846
f 5347 5394 5807
f 5394 5848 5807
f 5394 5846 5848
f 5807 5848 5350
f 5848 5395 5350
f 5848 5849 5395
f 5395 5850 5396
f 5849 5850 5395
f 5352 5396 5808
f 5396 5851 5808
f 5396 5850 5851
f 5808 5851 5809
f 5809 5851 5852
f 5809 5852 5355
f 5852 5397 5355
f 5852 5853 5397
f 5397 5854 5398
f 5853 5854 5397
f 5398 5855 5399
f 5854 5855 5398
f 5811 5400 5810
f 5400 5855 5810
f 5400 5399 5855
f 5813 5856 5811
f 5856 5400 5811
f 5856 5401 5400
f 5401 5857 5402
f 5856 5857 5401
f 5363 5402 5814
f 5402 5858 5814
f 5402 5857 5858
f 5814 5858 5816
f 5816 5858 5859
f 5816 5859 5366
f 5859 5403 5366
f 5859 5860 5403
f 5403 5861 5404
f 5860 5861 5403
f 5404 5862 5405
f 5861 5862 5404
f 5405 5863 5406
f 5862 5863 5405
f 5372 5406 5817
f 5406 5864 5817
f 5406 5863 5864
f 5819 5820 5864
f 5820 5407 5864
f 5374 5817 5864
f 5374 5864 5407
f 5407 5820 5408
f 5408 5820 5822
f 5824 5865 5825
f 5408 5822 5379
f 5825 5865 5826
f 5828 5866 5382
f 5382 5866 5409
f 5830 5410 5829
f 5410 5866 5829
f 5410 5409 5866
f 5833 5867 5832
f 5410 5830 5384
f 5832 5867 5834
f 5869 5411 5868
f 5411 5839 5868
f 5411 5388 5839
f 5870 5869 5868
f 5412 5840 5390
f 5412 5871 5840
f 5844 5872 5845
f 5845 5872 5847
f 5869 5413 5411
f 5414 5413 5869
f 5870 5414 5869
f 5873 5414 5870
f 5875 5874 5415
f 5875 5415 5416
f 5412 5415 5871
f 5871 5415 5874
f 5873 5417 5414
f 5876 5417 5873
f 5418 5875 5416
f 5418 5877 5875
f 5876 5420 5417
f 5878 5420 5876
f 5421 5877 5418
f 5421 5879 5877
f 5878 5422 5420
f 5880 5422 5878
f 5881 5879 5421
f 5881 5421 5423
f 5423 5424 5881
f 5881 5424 5882
f 5880 5425 5422
f 5883 5425 5880
f 5426 5882 5424
f 5426 5884 5882
f 5885 5428 5429
f 5430 5886 5429
f 5429 5886 5885
f 5432 5886 5430
f 5883 5433 5425
f 5887 5433 5883
f 5888 5884 5426
f 5888 5426 5434
f 5889 5434 5435
f 5889 5888 5434
f 5890 5435 5436
f 5890 5889 5435
f 5891 5436 5437
f 5891 5890 5436
f 5892 5437 5438
f 5892 5891 5437
f 5893 5438 5439
f 5893 5892 5438
f 5894 5439 5440
f 5894 5893 5439
f 5895 5440 5441
f 5895 5894 5440
f 5896 5441 5442
f 5896 5895 5441
f 5897 5442 5443
f 5897 5896 5442
f 5898 5443 5444
f 5898 5897 5443
f 5899 5444 5445
f 5899 5898 5444
f 5900 5445 5446
f 5900 5899 5445
f 5901 5446 5447
f 5901 5900 5446
f 5902 5447 5448
f 5902 5901 5447
f 5903 5448 5449
f 5903 5902 5448
f 5904 5449 5450
f 5904 5903 5449
f 5905 5450 5451
f 5905 5904 5450
f 5906 5451 5452
f 5906 5905 5451
f 5907 5452 5453
f 5907 5906 5452
f 5908 5453 5454
f 5908 5907 5453
f 5909 5454 5455
f 5909 5908 5454
f 5910 5455 5456
f 5910 5909 5455
f 5911 5456 5457
f 5911 5910 5456
f 5912 5457 5458
f 5912 5911 5457
f 5913 5458 5459
f 5913 5912 5458
f 5914 5459 5460
f 5914 5913 5459
f 5915 5460 5461
f 5915 5914 5460
f 5916 5461 5462
f 5916 5915 5461
f 5917 5462 5463
f 5917 5916 5462
f 5918 5463 5464
f 5918 5917 5463
f 5464 5428 5885
f 5919 5464 5885
f 5918 5464 5919
f 5919 5885 5886
f 5919 5886 5920
f 5920 5886 5432
f 5465 5920 5432
f 5921 5920 5465
f 5922 5465 5466
f 5922 5921 5465
f 5923 5466 5467
f 5923 5922 5466
f 5924 5467 5468
f 5924 5923 5467
f 5468 5469 5924
f 5924 5469 5925
f 5887 5470 5433
f 5926 5470 5887
f 5929 5928 5927
f 5931 5930 5927
f 5931 5927 5928
f 5933 5932 5930
f 5933 5930 5931
f 5935 5934 5932
f 5935 5932 5933
f 5937 5936 5934
f 5937 5934 5935
f 5939 5938 5936
f 5939 5936 5937
f 5941 5940 5938
f 5941 5938 5939
f 5943 5942 5940
f 5943 5940 5941
f 5943 5925 5942
f 5925 5471 5942
f 5925 5469 5471
f 5926 5472 5470
f 5944 5472 5926
f 5929 5927 5945
f 5929 5945 5946
f 5947 5927 5930
f 5945 5927 5947
f 5948 5930 5932
f 5947 5930 5948
f 5949 5932 5934
f 5948 5932 5949
f 5950 5934 5936
f 5949 5934 5950
f 5951 5936 5938
f 5950 5936 5951
f 5952 5938 5940
f 5951 5938 5952
f 5953 5940 5942
f 5952 5940 5953
f 5473 5953 5471
f 5471 5953 5942
f 5944 5475 5472
f 5954 5475 5944
f 5957 5956 5955
f 5959 5958 5955
f 5959 5955 5956
f 5961 5960 5958
f 5961 5958 5959
f 5963 5962 5960
f 5963 5960 5961
f 5965 5964 5962
f 5965 5962 5963
f 5967 5966 5964
f 5967 5964 5965
f 5969 5968 5966
f 5969 5966 5967
f 5971 5970 5968
f 5971 5968 5969
f 5973 5972 5970
f 5973 5970 5971
f 5975 5974 5972
f 5975 5972 5973
f 5976 5974 5975
f 5979 5978 5977
f 5981 5980 5977
f 5981 5977 5978
f 5983 5982 5980
f 5983 5980 5981
f 5984 5982 5983
f 5987 5986 5985
f 5989 5988 5985
f 5989 5985 5986
f 5988 5989 5946
f 5945 5988 5946
f 5990 5988 5945
f 5477 5990 5476
f 5990 5947 5476
f 5990 5945 5947
f 5476 5947 5478
f 5478 5947 5948
f 5478 5948 5479
f 5479 5948 5949
f 5479 5949 5480
f 5480 5949 5950
f 5480 5950 5481
f 5950 5991 5481
f 5950 5951 5991
f 5992 5951 5952
f 5991 5951 5992
f 5993 5952 5953
f 5992 5952 5993
f 5482 5993 5473
f 5473 5993 5953
f 5954 5484 5475
f 5994 5484 5954
f 5957 5955 5995
f 5957 5995 5996
f 5997 5955 5958
f 5995 5955 5997
f 5998 5958 5960
f 5997 5958 5998
f 5999 5960 5962
f 5998 5960 5999
f 6000 5962 5964
f 5999 5962 6000
f 6001 5964 5966
f 6000 5964 6001
f 6002 5966 5968
f 6001 5966 6002
f 6003 5968 5970
f 6002 5968 6003
f 6004 5970 5972
f 6003 5970 6004
f 6005 5972 5974
f 6004 5972 6005
f 5974 5976 6006
f 5974 6006 6005
f 5979 5977 6007
f 5979 6007 6008
f 6009 5977 5980
f 6007 5977 6009
f 6010 5980 5982
f 6009 5980 6010
f 5982 5984 6011
f 5982 6011 6010
f 5987 5985 6012
f 5987 6012 6013
f 6014 5985 5988
f 6012 5985 6014
f 6015 5988 5990
f 6014 5988 6015
f 5485 6015 5477
f 5477 6015 5990
f 6016 5486 5991
f 5991 5486 5481
f 6017 5991 5992
f 6016 5991 6017
f 6018 5992 5993
f 6017 5992 6018
f 5487 6018 5482
f 5482 6018 5993
f 5994 5489 5484
f 6019 5489 5994
f 6022 6021 6020
f 6024 6023 6020
f 6024 6020 6021
f 6026 6025 6023
f 6026 6023 6024
f 6027 6025 6026
f 6030 6029 6028
f 6032 6031 6028
f 6032 6028 6029
f 6031 6032 5996
f 5995 6031 5996
f 6033 6031 5995
f 6034 5995 5997
f 6033 5995 6034
f 6035 5997 5998
f 6034 5997 6035
f 6036 5998 5999
f 6035 5998 6036
f 6037 5999 6000
f 6036 5999 6037
f 6038 6000 6001
f 6037 6000 6038
f 6039 6001 6002
f 6038 6001 6039
f 6040 6002 6003
f 6039 6002 6040
f 6041 6003 6004
f 6040 6003 6041
f 6042 6004 6005
f 6041 6004 6042
f 6005 6006 6043
f 6044 6005 6043
f 6042 6005 6044
f 6046 6045 6044
f 6046 6044 6043
f 6045 6046 6008
f 6007 6045 6008
f 6047 6045 6007
f 6048 6007 6009
f 6047 6007 6048
f 6049 6009 6010
f 6048 6009 6049
f 6010 6011 6050
f 6051 6010 6050
f 6049 6010 6051
f 6053 6052 6051
f 6053 6051 6050
f 6052 6053 6013
f 6012 6052 6013
f 6054 6052 6012
f 6055 6012 6014
f 6054 6012 6055
f 6056 6014 6015
f 6055 6014 6056
f 5490 6056 5485
f 5485 6056 6015
f 6016 5491 5486
f 5491 6016 5492
f 5492 6016 6017
f 5492 6017 5493
f 6017 6057 5493
f 6017 6018 6057
f 5494 6057 5487
f 5487 6057 6018
f 6058 5495 5496
f 6059 6058 5496
f 5489 6059 5496
f 6019 6059 5489
f 6022 6020 6060
f 6022 6060 6061
f 6062 6020 6023
f 6060 6020 6062
f 6025 6064 6063
f 6062 6025 6063
f 6023 6025 6062
f 6064 6025 6027
f 6030 6028 6065
f 6030 6065 6066
f 6067 6028 6031
f 6065 6028 6067
f 6068 6031 6033
f 6067 6031 6068
f 6069 6033 6034
f 6068 6033 6069
f 6070 6034 6035
f 6069 6034 6070
f 6071 6035 6036
f 6070 6035 6071
f 6072 6036 6037
f 6071 6036 6072
f 6073 6037 6038
f 6072 6037 6073
f 6074 6038 6039
f 6073 6038 6074
f 6075 6039 6040
f 6074 6039 6075
f 6076 6040 6041
f 6075 6040 6076
f 6077 6041 6042
f 6076 6041 6077
f 6078 6042 6044
f 6077 6042 6078
f 6079 6044 6045
f 6078 6044 6079
f 6080 6045 6047
f 6079 6045 6080
f 6081 6047 6048
f 6080 6047 6081
f 6082 6048 6049
f 6081 6048 6082
f 6083 6049 6051
f 6082 6049 6083
f 6084 6051 6052
f 6083 6051 6084
f 6085 6052 6054
f 6084 6052 6085
f 6086 6054 6055
f 6085 6054 6086
f 6087 6055 6056
f 6086 6055 6087
f 5497 6087 5490
f 5490 6087 6056
f 6088 5498 6057
f 6057 5498 5493
f 5499 6088 5494
f 5494 6088 6057
f 6058 5500 5495
f 5502 5500 6058
f 6059 5502 6058
f 6089 5502 6059
f 6092 6091 6090
f 6090 6091 6061
f 6060 6090 6061
f 6093 6090 6060
f 6094 6060 6062
f 6093 6060 6094
f 6062 6063 6095
f 6096 6062 6095
f 6094 6062 6096
f 6097 6096 6095
f 6066 6065 6098
f 6066 6098 6099
f 6100 6065 6067
f 6098 6065 6100
f 6101 6067 6068
f 6100 6067 6101
f 6102 6068 6069
f 6101 6068 6102
f 6103 6069 6070
f 6102 6069 6103
f 6104 6070 6071
f 6103 6070 6104
f 6105 6071 6072
f 6104 6071 6105
f 6106 6072 6073
f 6105 6072 6106
f 6107 6073 6074
f 6106 6073 6107
f 6108 6074 6075
f 6107 6074 6108
f 6109 6075 6076
f 6108 6075 6109
f 6110 6076 6077
f 6109 6076 6110
f 6111 6077 6078
f 6110 6077 6111
f 6112 6078 6079
f 6111 6078 6112
f 6113 6079 6080
f 6112 6079 6113
f 6114 6080 6081
f 6113 6080 6114
f 6115 6081 6082
f 6114 6081 6115
f 6116 6082 6083
f 6115 6082 6116
f 6117 6083 6084
f 6116 6083 6117
f 6118 6084 6085
f 6117 6084 6118
f 6119 6085 6086
f 6118 6085 6119
f 5504 6119 5503
f 6119 6087 5503
f 6119 6086 6087
f 5503 6087 5497
f 6088 5505 5498
f 5505 6088 5499
f 6089 5507 5502
f 6120 5507 6089
f 6092 6090 6121
f 6092 6121 6122
f 6123 6090 6093
f 6121 6090 6123
f 6124 6093 6094
f 6123 6093 6124
f 6096 6126 6125
f 6124 6096 6125
f 6094 6096 6124
f 6129 6128 6127
f 6097 6126 6096
f 6131 6130 6128
f 6131 6128 6129
f 6133 6132 6130
f 6133 6130 6131
f 6135 6134 6132
f 6135 6132 6133
f 6136 6134 6135
f 6099 6098 6137
f 6099 6137 6138
f 6139 6098 6100
f 6137 6098 6139
f 6140 6100 6101
f 6139 6100 6140
f 6141 6101 6102
f 6140 6101 6141
f 6142 6102 6103
f 6141 6102 6142
f 6143 6103 6104
f 6142 6103 6143
f 6144 6104 6105
f 6143 6104 6144
f 6145 6105 6106
f 6144 6105 6145
f 6146 6106 6107
f 6145 6106 6146
f 6147 6107 6108
f 6146 6107 6147
f 6148 6108 6109
f 6147 6108 6148
f 6149 6109 6110
f 6148 6109 6149
f 6150 6110 6111
f 6149 6110 6150
f 6151 6111 6112
f 6150 6111 6151
f 6152 6112 6113
f 6151 6112 6152
f 6153 6113 6114
f 6152 6113 6153
f 6154 6114 6115
f 6153 6114 6154
f 6155 6115 6116
f 6154 6115 6155
f 6156 6116 6117
f 6155 6116 6156
f 6157 6117 6118
f 6156 6117 6157
f 6158 6118 6119
f 6157 6118 6158
f 5508 6158 5504
f 5504 6158 6119
f 6120 5509 5507
f 6159 5509 6120
f 6122 6121 6160
f 6122 6160 6161
f 6162 6121 6123
f 6160 6121 6162
f 6163 6123 6124
f 6162 6123 6163
f 6124 6125 6164
f 6124 6164 6163
f 6127 6128 6165
f 6127 6165 6166
f 6167 6128 6130
f 6165 6128 6167
f 6168 6130 6132
f 6167 6130 6168
f 6169 6132 6134
f 6168 6132 6169
f 6134 6136 6170
f 6134 6170 6169
f 6138 6137 6171
f 6138 6171 6172
f 6173 6137 6139
f 6171 6137 6173
f 6174 6139 6140
f 6173 6139 6174
f 6175 6140 6141
f 6174 6140 6175
f 6176 6141 6142
f 6175 6141 6176
f 6177 6142 6143
f 6176 6142 6177
f 6178 6143 6144
f 6177 6143 6178
f 6179 6144 6145
f 6178 6144 6179
f 6180 6145 6146
f 6179 6145 6180
f 6181 6146 6147
f 6180 6146 6181
f 6182 6147 6148
f 6181 6147 6182
f 6183 6148 6149
f 6182 6148 6183
f 6184 6149 6150
f 6183 6149 6184
f 6185 6150 6151
f 6184 6150 6185
f 6186 6151 6152
f 6185 6151 6186
f 6187 6152 6153
f 6186 6152 6187
f 6188 6153 6154
f 6187 6153 6188
f 6189 6154 6155
f 6188 6154 6189
f 6190 6155 6156
f 6189 6155 6190
f 6191 6156 6157
f 6190 6156 6191
f 6192 6157 6158
f 6191 6157 6192
f 5510 6192 5508
f 5508 6192 6158
f 6159 5511 5509
f 6193 5511 6159
f 6161 6160 6194
f 6161 6194 6195
f 6162 6197 6196
f 6194 6162 6196
f 6160 6162 6194
f 6197 6162 6163
f 6197 6163 6198
f 6198 6163 6164
f 6166 6165 6199
f 6166 6199 6200
f 6201 6165 6167
f 6199 6165 6201
f 6202 6167 6168
f 6201 6167 6202
f 6203 6168 6169
f 6202 6168 6203
f 6169 6170 6204
f 6205 6169 6204
f 6203 6169 6205
f 6205 6204 6172
f 6171 6205 6172
f 6206 6205 6171
f 6207 6171 6173
f 6206 6171 6207
f 6208 6173 6174
f 6207 6173 6208
f 6209 6174 6175
f 6208 6174 6209
f 6210 6175 6176
f 6209 6175 6210
f 6211 6176 6177
f 6210 6176 6211
f 6212 6177 6178
f 6211 6177 6212
f 6213 6178 6179
f 6212 6178 6213
f 6214 6179 6180
f 6213 6179 6214
f 6215 6180 6181
f 6214 6180 6215
f 6216 6181 6182
f 6215 6181 6216
f 6217 6182 6183
f 6216 6182 6217
f 6218 6183 6184
f 6217 6183 6218
f 6219 6184 6185
f 6218 6184 6219
f 6220 6185 6186
f 6219 6185 6220
f 6221 6186 6187
f 6220 6186 6221
f 6222 6187 6188
f 6221 6187 6222
f 6223 6188 6189
f 6222 6188 6223
f 6224 6189 6190
f 6223 6189 6224
f 6225 6190 6191
f 6224 6190 6225
f 6226 6191 6192
f 6225 6191 6226
f 5512 6227 5510
f 6227 6192 5510
f 6227 6226 6192
f 5513 6228 5512
f 5512 6228 6227
f 5514 6229 5513
f 5513 6229 6228
f 5515 6229 5514
f 6193 5516 5511
f 6230 5516 6193
f 6195 6194 6231
f 6195 6231 6232
f 6194 6196 6233
f 6194 6233 6231
f 6200 6199 6234
f 6200 6234 6235
f 6236 6199 6201
f 6234 6199 6236
f 6237 6201 6202
f 6236 6201 6237
f 6238 6202 6203
f 6237 6202 6238
f 6239 6203 6205
f 6238 6203 6239
f 6240 6205 6206
f 6239 6205 6240
f 6241 6206 6207
f 6240 6206 6241
f 6242 6207 6208
f 6241 6207 6242
f 6243 6208 6209
f 6242 6208 6243
f 6244 6209 6210
f 6243 6209 6244
f 6245 6210 6211
f 6244 6210 6245
f 6246 6211 6212
f 6245 6211 6246
f 6247 6212 6213
f 6246 6212 6247
f 6248 6213 6214
f 6247 6213 6248
f 6249 6214 6215
f 6248 6214 6249
f 6250 6215 6216
f 6249 6215 6250
f 6251 6216 6217
f 6250 6216 6251
f 6252 6217 6218
f 6251 6217 6252
f 6253 6218 6219
f 6252 6218 6253
f 6254 6219 6220
f 6253 6219 6254
f 6255 6220 6221
f 6254 6220 6255
f 6256 6221 6222
f 6255 6221 6256
f 6257 6222 6223
f 6256 6222 6257
f 6258 6223 6224
f 6257 6223 6258
f 6259 6224 6225
f 6258 6224 6259
f 6260 6225 6226
f 6259 6225 6260
f 6261 6226 6227
f 6260 6226 6261
f 6262 6227 6228
f 6261 6227 6262
f 6263 6228 6229
f 6262 6228 6263
f 5517 6263 5515
f 5515 6263 6229
f 6230 5519 5516
f 6264 5519 6230
f 6232 6231 6265
f 6232 6265 6266
f 6231 6233 6267
f 6268 6231 6267
f 6265 6231 6268
f 6270 6269 6268
f 6270 6268 6267
f 6272 6271 6269
f 6272 6269 6270
f 6235 6234 6273
f 6272 6274 6271
f 6273 6234 6236
f 6273 6236 6275
f 6275 6236 6237
f 6275 6237 6276
f 6276 6237 6238
f 6276 6238 6277
f 6279 6278 6277
f 6238 6279 6277
f 6239 6279 6238
f 6280 6239 6240
f 6279 6239 6280
f 6281 6240 6241
f 6280 6240 6281
f 5521 6281 5520
f 6281 6242 5520
f 6281 6241 6242
f 5520 6242 5522
f 5522 6242 6243
f 5522 6243 5523
f 5523 6243 6244
f 5523 6244 5524
f 5524 6244 6245
f 5524 6245 5525
f 5525 6245 6246
f 5525 6246 5526
f 5526 6246 6247
f 5526 6247 5527
f 5527 6247 6248
f 5527 6248 5528
f 6248 6282 5528
f 6248 6249 6282
f 6283 6249 6250
f 6282 6249 6283
f 6284 6250 6251
f 6283 6250 6284
f 6285 6251 6252
f 6284 6251 6285
f 6286 6252 6253
f 6285 6252 6286
f 6287 6253 6254
f 6286 6253 6287
f 6288 6254 6255
f 6287 6254 6288
f 6289 6255 6256
f 6288 6255 6289
f 6290 6256 6257
f 6289 6256 6290
f 6291 6257 6258
f 6290 6257 6291
f 6292 6258 6259
f 6291 6258 6292
f 6293 6259 6260
f 6292 6259 6293
f 6294 6260 6261
f 6293 6260 6294
f 6295 6261 6262
f 6294 6261 6295
f 6296 6262 6263
f 6295 6262 6296
f 5529 6297 5517
f 6297 6263 5517
f 6297 6296 6263
f 5530 6298 5529
f 5529 6298 6297
f 5531 6298 5530
f 6264 5532 5519
f 6299 5532 6264
f 6266 6265 6300
f 6266 6300 6301
f 6302 6265 6268
f 6300 6265 6302
f 6303 6268 6269
f 6302 6268 6303
f 6304 6269 6271
f 6303 6269 6304
f 6271 6274 6305
f 6271 6305 6304
f 6308 6307 6306
f 6310 6309 6306
f 6310 6306 6307
f 6309 6310 6278
f 6309 6278 6279
f 5534 6309 6279
f 5533 5534 6279
f 5533 6279 5535
f 5535 6279 6280
f 5535 6280 5536
f 5536 6280 6281
f 5536 6281 5521
f 6311 5537 6282
f 6282 5537 5528
f 6312 6282 6283
f 6311 6282 6312
f 5539 6312 5538
f 6312 6284 5538
f 6312 6283 6284
f 5538 6284 5540
f 5540 6284 6285
f 5540 6285 5541
f 5541 6285 6286
f 5541 6286 5542
f 5542 6286 6287
f 5542 6287 5543
f 5543 6287 6288
f 5543 6288 5544
f 5544 6288 6289
f 5544 6289 5545
f 5545 6289 6290
f 5545 6290 5546
f 5546 6290 6291
f 5546 6291 5547
f 5547 6291 6292
f 5547 6292 5548
f 5548 6292 6293
f 5548 6293 5549
f 6293 6313 5549
f 6293 6294 6313
f 5551 6313 5550
f 6313 6295 5550
f 6313 6294 6295
f 5550 6295 5552
f 5552 6295 6296
f 5552 6296 5553
f 5553 6296 6297
f 5553 6297 5554
f 5554 6297 6298
f 5554 6298 5531
f 6299 5555 5532
f 6314 5555 6299
f 6301 6300 6315
f 6301 6315 6316
f 6317 6300 6302
f 6315 6300 6317
f 6318 6302 6303
f 6317 6302 6318
f 6319 6303 6304
f 6318 6303 6319
f 6304 6305 6320
f 6304 6320 6319
f 6308 6306 6321
f 6308 6321 6322
f 6323 6306 6309
f 6321 6306 6323
f 5556 6323 5534
f 5534 6323 6309
f 6324 5557 6311
f 6311 5557 5537
f 6325 6311 6312
f 6324 6311 6325
f 5558 6325 5539
f 5539 6325 6312
f 6326 5559 6313
f 6313 5559 5549
f 5560 6326 5551
f 5551 6326 6313
f 6314 5561 5555
f 6327 5561 6314
f 6316 6315 6328
f 6316 6328 6329
f 6330 6315 6317
f 6328 6315 6330
f 6331 6317 6318
f 6330 6317 6331
f 6332 6318 6319
f 6331 6318 6332
f 6319 6320 6333
f 6334 6319 6333
f 6332 6319 6334
f 6336 6335 6334
f 6336 6334 6333
f 6335 6336 6322
f 6321 6335 6322
f 6337 6335 6321
f 6338 6321 6323
f 6337 6321 6338
f 5562 6338 5556
f 5556 6338 6323
f 6339 5563 5564
f 5565 6339 5564
f 6324 5566 5557
f 5566 6324 5567
f 5567 6324 6325
f 5567 6325 5558
f 6326 5568 5559
f 5568 6326 5560
f 6327 5569 5561
f 6340 5569 6327
f 6329 6328 6341
f 6329 6341 6342
f 6343 6328 6330
f 6341 6328 6343
f 6344 6330 6331
f 6343 6330 6344
f 6345 6331 6332
f 6344 6331 6345
f 6346 6332 6334
f 6345 6332 6346
f 6347 6334 6335
f 6346 6334 6347
f 6348 6335 6337
f 6347 6335 6348
f 6349 6337 6338
f 6348 6337 6349
f 5570 6349 5562
f 5562 6349 6338
f 6350 5571 6339
f 6339 5571 5563
f 5572 6350 5565
f 5565 6350 6339
f 6340 5573 5569
f 6351 5573 6340
f 6342 6341 5574
f 5575 6342 5574
f 6352 6342 5575
f 5574 6341 5576
f 5576 6341 6343
f 5576 6343 5577
f 5577 6343 6344
f 5577 6344 5578
f 5578 6344 6345
f 5578 6345 5579
f 5579 6345 6346
f 5579 6346 5580
f 5580 6346 6347
f 5580 6347 5581
f 5581 6347 6348
f 5581 6348 5582
f 5582 6348 6349
f 5582 6349 5570
f 6350 5583 5571
f 5583 6350 5572
f 6351 5584 5573
f 6353 5584 6351
f 5585 6352 5575
f 5585 6354 6352
f 6353 5586 5584
f 6355 5586 6353
f 6357 6356 5587
f 6357 5587 5588
f 5585 5587 6354
f 6354 5587 6356
f 6355 5589 5586
f 6358 5589 6355
f 6360 6359 5590
f 6360 5590 5591
f 5588 5590 6357
f 6357 5590 6359
f 6358 5592 5589
f 6361 5592 6358
f 5594 6360 5591
f 5594 6362 6360
f 6364 5595 6363
f 5595 6361 6363
f 5595 5592 6361
f 6365 6364 6363
f 5596 6362 5594
f 5596 6366 6362
f 6368 6367 6364
f 6367 5595 6364
f 6367 5597 5595
f 6368 6364 6365
f 6369 6366 5596
f 6369 5596 5598
f 5598 5599 6369
f 6369 5599 6370
f 6367 5610 5597
f 6371 5610 6367
f 6372 6370 5599
f 6372 5599 5611
f 6374 6372 6373
f 6372 5612 6373
f 6372 5611 5612
f 5613 6375 5612
f 5612 6375 6373
f 5614 6375 5613
f 6376 5620 5619
f 5622 6376 5619
f 6377 5623 5624
f 5625 6377 5624
f 6378 5628 5629
f 5630 6379 5629
f 5629 6379 6378
f 6379 5630 5631
f 6382 6381 6380
f 6380 6383 6382
f 6385 6384 5635
f 5635 6384 5634
f 5635 5637 6385
f 6385 5637 6386
f 6387 5638 5639
f 6389 6387 6388
f 6387 5639 6388
f 5641 6390 6388
f 5641 6388 5639
f 5643 5642 6391
f 6388 6390 6392
f 5644 6393 5642
f 5642 6393 6391
f 5646 6393 5644
f 6394 5648 5649
f 6394 5649 5651
f 6397 6396 6395
f 5652 5653 6395
f 5653 6397 6395
f 5653 6398 6397
f 6400 6398 6399
f 6398 5654 6399
f 6398 5653 5654
f 5656 6401 5654
f 5654 6401 6399
f 5658 6402 5656
f 5656 6402 6401
f 5661 6402 5658
f 6371 5666 5610
f 6403 5666 6371
f 6374 6373 6404
f 6374 6404 6405
f 6375 6407 6406
f 6404 6375 6406
f 6373 6375 6404
f 6409 6407 6408
f 6408 6407 5667
f 6407 6375 5667
f 6375 5614 5667
f 5668 6410 5667
f 5667 6410 6408
f 6410 5668 6411
f 5668 6412 6411
f 5668 5669 6412
f 6413 5669 5670
f 6413 6412 5669
f 6415 6414 5671
f 6414 5670 5671
f 6414 6413 5670
f 6416 6414 6376
f 6414 5673 6376
f 5673 5620 6376
f 6414 6415 5673
f 5622 5675 6376
f 5675 6417 6376
f 6417 6416 6376
f 6417 5675 6418
f 6419 6417 6377
f 6417 5676 6377
f 5676 5623 6377
f 6417 6418 5676
f 5625 5678 6377
f 5678 6420 6377
f 6420 6419 6377
f 6420 5678 6421
f 5679 5680 6421
f 5680 6420 6421
f 5680 6422 6420
f 5683 5681 6423
f 5628 6378 5680
f 6424 5680 6378
f 5680 6424 6422
f 5684 5683 6423
f 6425 6424 6379
f 6378 6379 6424
f 6425 6380 6381
f 6425 5685 6380
f 6425 6379 5631
f 5685 6425 5631
f 6427 6426 5686
f 5686 6426 5685
f 6426 6383 5685
f 6383 6380 5685
f 6430 6429 6428
f 6426 6427 6384
f 5688 6384 6427
f 6384 5688 5634
f 6428 6429 6431
f 5689 6432 5637
f 6386 5637 6432
f 6434 6433 5691
f 6433 5689 5691
f 6433 6432 5689
f 6435 6433 6387
f 6433 5692 6387
f 5692 5638 6387
f 6433 6434 5692
f 5641 5693 6390
f 6387 6389 6435
f 5693 6392 6390
f 5693 6436 6392
f 5693 5643 6391
f 6436 5693 6391
f 6438 6437 6436
f 6391 6438 6436
f 6393 6438 6391
f 5695 6438 5646
f 5646 6438 6393
f 6439 5697 6394
f 6394 5697 5648
f 6441 6439 6440
f 6396 6441 6440
f 6395 6396 6440
f 6442 6395 6440
f 5699 6442 6440
f 5651 5699 6440
f 6394 5651 6440
f 6439 6394 6440
f 6445 6444 6443
f 6395 5700 5652
f 5700 6395 6442
f 6445 6447 6446
f 6445 6399 6447
f 6445 6443 6400
f 6399 6445 6400
f 6448 5702 5703
f 6399 6449 6447
f 6449 6399 6401
f 6448 5704 5702
f 6451 6449 6450
f 6401 6450 6449
f 6450 6401 6402
f 5705 6450 5661
f 5661 6450 6402
f 6452 5707 5708
f 5710 6452 5708
f 6453 5715 5716
f 6453 5716 5718
f 6456 6455 6454
f 6454 6457 6456
f 6458 5723 5722
f 6458 5722 5726
f 6461 6460 6459
f 6403 6461 6459
f 5727 6403 6459
f 5666 6403 5727
f 6462 6405 6404
f 6462 6404 6406
f 5729 5730 6463
f 6408 6464 6409
f 5731 5729 6463
f 6465 6464 6410
f 6408 6410 6464
f 6465 6410 6411
f 5732 6415 5671
f 6415 5732 5673
f 5733 6418 5675
f 6418 5733 5676
f 5734 6421 5678
f 6421 5734 5679
f 5735 6423 5681
f 6423 5735 5684
f 5738 6466 5737
f 6466 5686 5737
f 6466 6427 5686
f 6466 5739 5740
f 6427 6466 5740
f 6428 6467 6430
f 5688 6427 5740
f 6467 6428 6431
f 5741 6434 5691
f 6434 5741 5692
f 6468 6437 6438
f 6468 6438 5695
f 5742 6468 5695
f 6469 6468 5742
f 6470 5742 5743
f 6470 6469 5742
f 5743 5697 6439
f 6471 5743 6439
f 6470 5743 6471
f 5699 5744 6442
f 6439 6441 6471
f 6445 6472 6444
f 5700 6442 5744
f 6472 6445 6446
f 5745 6448 5703
f 6450 6473 6451
f 5704 6448 5745
f 6473 6450 5705
f 5746 6473 5705
f 6474 6473 5746
f 5746 5707 6452
f 6475 5746 6452
f 6474 5746 6475
f 6475 6452 5710
f 5747 6475 5710
f 6476 6475 5747
f 6477 5747 5748
f 6477 6476 5747
f 6478 5748 5749
f 6478 6477 5748
f 6479 5749 5750
f 6479 6478 5749
f 6481 6479 6480
f 6479 5751 6480
f 6479 5750 5751
f 6482 6480 5751
f 6482 5751 5715
f 6483 6482 5715
f 6453 6483 5715
f 6483 6454 6455
f 6483 5752 6454
f 6483 6453 5718
f 5752 6483 5718
f 5752 5753 6454
f 5753 6457 6454
f 5753 6484 6457
f 6486 6485 5756
f 5756 6485 5755
f 5756 5723 6458
f 6487 5756 6458
f 6486 5756 6487
f 6487 6459 6460
f 6487 5758 6459
f 6487 6458 5726
f 5758 6487 5726
f 6459 5758 5727
f 5759 6463 5730
f 6463 5759 5731
f 5762 6488 5761
f 6488 5763 5761
f 5764 6466 5738
f 6466 5764 5739
f 6489 6481 6480
f 6489 6480 6482
f 6490 6484 5753
f 6490 5753 5765
f 5765 5755 6485
f 5765 6485 6490
f 5766 6488 5762
f 6488 5766 5763
f 5770 6491 5769
f 6491 5771 5769
f 6494 6493 6492
f 6495 6492 6493
f 5775 6496 5774
f 6497 5777 5774
f 6497 5774 6496
f 6497 5778 5777
f 6500 6499 6498
f 6502 6501 6498
f 6502 6498 6499
f 6503 5781 5780
f 6504 6501 6502
f 6505 5782 5781
f 6505 5781 6503
f 6505 5784 5782
f 5785 6506 5786
f 5786 6506 6507
f 6508 5786 6507
f 5788 5786 6508
f 6510 6509 5790
f 5788 6510 5790
f 6508 6510 5788
f 6511 6509 6510
f 5793 6512 5792
f 6512 5795 5792
f 5798 6513 5797
f 5797 6513 6514
f 6515 5797 6514
f 5799 5797 6515
f 6517 6516 5801
f 5799 6517 5801
f 6515 6517 5799
f 6518 6516 6517
f 6520 6519 5803
f 6520 5803 5804
f 5806 5803 6519
f 5806 6519 6521
f 5810 6522 5812
f 6522 5813 5812
f 5815 6491 5770
f 5771 6491 5815
f 6525 6524 6523
f 6494 6492 6526
f 6525 6527 6524
f 6526 6492 6495
f 5819 6528 5818
f 5818 6528 6529
f 6530 5818 6529
f 5821 5818 6530
f 5824 5821 6530
f 5824 6530 6531
f 5826 6532 6496
f 5826 6496 5775
f 6535 6534 6533
f 6497 5828 5827
f 5828 6497 6532
f 6496 6532 6497
f 6537 6534 6536
f 6537 6536 5831
f 6537 5831 5778
f 6537 5778 6497
f 6537 6497 5827
f 6537 5827 5829
f 6537 5829 6533
f 6537 6533 6534
f 6498 6538 5833
f 6536 6498 5833
f 5831 6536 5833
f 6500 6498 6536
f 5834 6538 5835
f 6538 6501 5835
f 6538 6498 6501
f 6501 6504 5835
f 6504 6539 5835
f 6503 5780 5835
f 6503 5835 6539
f 6503 6539 6505
f 6505 6539 6540
f 6505 6540 5784
f 6540 5836 5784
f 6540 6541 5836
f 5785 5836 6506
f 5836 6542 6506
f 5836 6541 6542
f 6506 6542 6507
f 6509 5837 5790
f 6511 6543 6509
f 6543 5837 6509
f 6543 5838 5837
f 5793 5838 6512
f 5838 6544 6512
f 5838 6543 6544
f 5795 6512 6544
f 6545 5795 6544
f 5839 5795 6545
f 6547 6546 6513
f 5798 6547 6513
f 5840 6547 5798
f 6513 6546 6514
f 6516 5841 5801
f 6518 6548 6516
f 6548 5841 6516
f 6548 5842 5841
f 5842 6549 5843
f 6548 6549 5842
f 5804 5843 6520
f 6520 5843 6549
f 6521 5844 5806
f 6550 5844 6521
f 6552 6551 5846
f 6552 5846 5847
f 5846 6553 5848
f 6551 6553 5846
f 5848 6554 5849
f 6553 6554 5848
f 5849 6555 5850
f 6554 6555 5849
f 5850 6556 5851
f 6555 6556 5850
f 5851 6557 5852
f 6556 6557 5851
f 5852 6558 5853
f 6557 6558 5852
f 5853 6559 5854
f 6558 6559 5853
f 6559 6561 6560
f 5855 6559 6560
f 5854 6559 5855
f 6560 6562 5855
f 5855 6562 5810
f 6562 6563 5810
f 6563 6522 5810
f 6522 6563 5813
f 6563 5856 5813
f 6563 6564 5856
f 5856 6565 5857
f 6564 6565 5856
f 5857 6566 5858
f 6565 6566 5857
f 5858 6567 5859
f 6566 6567 5858
f 6524 5860 6523
f 5860 6567 6523
f 5860 5859 6567
f 6527 6568 6524
f 6568 5860 6524
f 6568 5861 5860
f 5861 6569 5862
f 6568 6569 5861
f 5862 6570 5863
f 6569 6570 5862
f 5863 6571 5864
f 6570 6571 5863
f 5819 5864 6528
f 5864 6572 6528
f 5864 6571 6572
f 6528 6572 6529
f 6531 6573 5824
f 5824 6573 5865
f 5826 5865 6532
f 5865 6574 6532
f 5865 6573 6574
f 6535 6533 6574
f 6533 5866 6574
f 5828 6532 6574
f 5828 6574 5866
f 5866 6533 5829
f 6538 5867 5833
f 5867 6538 5834
f 5868 5839 6575
f 5839 6576 6575
f 5839 6545 6576
f 6575 5870 5868
f 5871 6547 5840
f 5871 6577 6547
f 6550 6578 5844
f 5844 6578 5872
f 5847 5872 6552
f 6552 5872 6578
f 6561 6579 6560
f 6560 6579 6562
f 6576 6580 6575
f 5870 6575 6580
f 6581 5870 6580
f 5873 5870 6581
f 6583 6582 5874
f 6583 5874 5875
f 5871 5874 6577
f 6577 5874 6582
f 6581 5876 5873
f 6584 5876 6581
f 5877 6583 5875
f 5877 6585 6583
f 6584 5878 5876
f 6586 5878 6584
f 5879 6585 5877
f 5879 6587 6585
f 6586 5880 5878
f 6588 5880 6586
f 6589 6587 5879
f 6589 5879 5881
f 5881 5882 6589
f 6589 5882 6590
f 6588 5883 5880
f 6591 5883 6588
f 5884 6590 5882
f 5884 6592 6590
f 6591 5887 5883
f 6593 5887 6591
f 6594 6592 5884
f 6594 5884 5888
f 6595 5888 5889
f 6595 6594 5888
f 6596 5889 5890
f 6596 6595 5889
f 6597 5890 5891
f 6597 6596 5890
f 6598 5891 5892
f 6598 6597 5891
f 6599 5892 5893
f 6599 6598 5892
f 6600 5893 5894
f 6600 6599 5893
f 6601 5894 5895
f 6601 6600 5894
f 6602 5895 5896
f 6602 6601 5895
f 6603 5896 5897
f 6603 6602 5896
f 6604 5897 5898
f 6604 6603 5897
f 6605 5898 5899
f 6605 6604 5898
f 6606 5899 5900
f 6606 6605 5899
f 6607 5900 5901
f 6607 6606 5900
f 6608 5901 5902
f 6608 6607 5901
f 6609 5902 5903
f 6609 6608 5902
f 6610 5903 5904
f 6610 6609 5903
f 6611 5904 5905
f 6611 6610 5904
f 6612 5905 5906
f 6612 6611 5905
f 6613 5906 5907
f 6613 6612 5906
f 6614 5907 5908
f 6614 6613 5907
f 6615 5908 5909
f 6615 6614 5908
f 6616 5909 5910
f 6616 6615 5909
f 6617 5910 5911
f 6617 6616 5910
f 6618 5911 5912
f 6618 6617 5911
f 6619 5912 5913
f 6619 6618 5912
f 6620 5913 5914
f 6620 6619 5913
f 6621 5914 5915
f 6621 6620 5914
f 6622 5915 5916
f 6622 6621 5915
f 6623 5916 5917
f 6623 6622 5916
f 6624 5917 5918
f 6624 6623 5917
f 6625 5918 5919
f 6625 6624 5918
f 6626 5919 5920
f 6626 6625 5919
f 6627 5920 5921
f 6627 6626 5920
f 6628 5921 5922
f 6628 6627 5921
f 6629 5922 5923
f 6629 6628 5922
f 6630 5923 5924
f 6630 6629 5923
f 5924 5925 6630
f 6630 5925 6631
f 6593 5926 5887
f 6632 5926 6593
f 6634 6633 5928
f 6634 5928 5929
f 5928 6635 5931
f 6633 6635 5928
f 5931 6636 5933
f 6635 6636 5931
f 5933 6637 5935
f 6636 6637 5933
f 5935 6638 5937
f 6637 6638 5935
f 5937 6639 5939
f 6638 6639 5937
f 5939 6640 5941
f 6639 6640 5939
f 5941 6641 5943
f 6640 6641 5941
f 5925 5943 6631
f 6631 5943 6641
f 6632 5944 5926
f 6642 5944 6632
f 5946 6634 5929
f 5946 6643 6634
f 6642 5954 5944
f 6644 5954 6642
f 6646 6645 5956
f 6646 5956 5957
f 5956 6647 5959
f 6645 6647 5956
f 5959 6648 5961
f 6647 6648 5959
f 5961 6649 5963
f 6648 6649 5961
f 5963 6650 5965
f 6649 6650 5963
f 5965 6651 5967
f 6650 6651 5965
f 5967 6652 5969
f 6651 6652 5967
f 5969 6653 5971
f 6652 6653 5969
f 5971 6654 5973
f 6653 6654 5971
f 5973 6655 5975
f 6654 6655 5973
f 5976 5975 6655
f 5976 6655 6656
f 6658 6657 5978
f 6658 5978 5979
f 5978 6659 5981
f 6657 6659 5978
f 5981 6660 5983
f 6659 6660 5981
f 5984 5983 6660
f 5984 6660 6661
f 6663 6662 5986
f 6663 5986 5987
f 5986 6664 5989
f 6662 6664 5986
f 5946 5989 6643
f 6643 5989 6664
f 6644 5994 5954
f 6665 5994 6644
f 5996 6646 5957
f 5996 6666 6646
f 6656 6006 5976
f 6667 6006 6656
f 6008 6658 5979
f 6008 6668 6658
f 6661 6011 5984
f 6669 6011 6661
f 6013 6663 5987
f 6013 6670 6663
f 6665 6019 5994
f 6671 6019 6665
f 6673 6672 6021
f 6673 6021 6022
f 6021 6674 6024
f 6672 6674 6021
f 6024 6675 6026
f 6674 6675 6024
f 6027 6026 6675
f 6027 6675 6676
f 6678 6677 6029
f 6678 6029 6030
f 6029 6679 6032
f 6677 6679 6029
f 5996 6032 6666
f 6666 6032 6679
f 6667 6680 6006
f 6006 6680 6043
f 6043 6681 6046
f 6680 6681 6043
f 6008 6046 6668
f 6668 6046 6681
f 6669 6682 6011
f 6011 6682 6050
f 6050 6683 6053
f 6682 6683 6050
f 6013 6053 6670
f 6670 6053 6683
f 6671 6059 6019
f 6684 6059 6671
f 6061 6673 6022
f 6061 6685 6673
f 6686 6063 6064
f 6687 6686 6064
f 6027 6687 6064
f 6676 6687 6027
f 6066 6678 6030
f 6066 6688 6678
f 6684 6089 6059
f 6689 6089 6684
f 6691 6690 6091
f 6691 6091 6092
f 6061 6091 6685
f 6685 6091 6690
f 6686 6095 6063
f 6097 6095 6686
f 6687 6097 6686
f 6692 6097 6687
f 6099 6688 6066
f 6099 6693 6688
f 6689 6120 6089
f 6694 6120 6689
f 6122 6691 6092
f 6122 6695 6691
f 6697 6696 6126
f 6126 6696 6125
f 6129 6127 6698
f 6699 6698 6127
f 6692 6126 6097
f 6126 6692 6697
f 6129 6700 6131
f 6698 6700 6129
f 6131 6701 6133
f 6700 6701 6131
f 6133 6702 6135
f 6701 6702 6133
f 6136 6135 6702
f 6136 6702 6703
f 6138 6693 6099
f 6138 6704 6693
f 6694 6159 6120
f 6705 6159 6694
f 6708 6707 6706
f 6707 6695 6706
f 6695 6161 6706
f 6695 6122 6161
f 6696 6164 6125
f 6709 6164 6696
f 6166 6699 6127
f 6166 6710 6699
f 6703 6170 6136
f 6711 6170 6703
f 6172 6704 6138
f 6172 6712 6704
f 6705 6193 6159
f 6713 6193 6705
f 6708 6706 6714
f 6708 6714 6715
f 6195 6714 6161
f 6161 6714 6706
f 6717 6716 6197
f 6197 6716 6196
f 6718 6197 6198
f 6718 6717 6197
f 6198 6164 6709
f 6198 6709 6718
f 6200 6710 6166
f 6200 6719 6710
f 6711 6720 6170
f 6170 6720 6204
f 6172 6204 6712
f 6712 6204 6720
f 6713 6230 6193
f 6721 6230 6713
f 6722 6715 6714
f 6714 6195 6722
f 6195 6723 6722
f 6195 6232 6723
f 6716 6233 6196
f 6724 6233 6716
f 6235 6719 6200
f 6235 6725 6719
f 6721 6264 6230
f 6726 6264 6721
f 6266 6723 6232
f 6266 6727 6723
f 6724 6728 6233
f 6233 6728 6267
f 6267 6729 6270
f 6728 6729 6267
f 6270 6730 6272
f 6729 6730 6270
f 6730 6274 6272
f 6274 6730 6731
f 6235 6273 6725
f 6732 6725 6273
f 6733 6273 6275
f 6733 6732 6273
f 6734 6275 6276
f 6734 6733 6275
f 6735 6276 6277
f 6735 6734 6276
f 6277 6278 6735
f 6735 6278 6736
f 6738 6299 6737
f 6299 6726 6737
f 6299 6264 6726
f 6739 6738 6737
f 6301 6727 6266
f 6301 6740 6727
f 6731 6305 6274
f 6741 6305 6731
f 6743 6742 6307
f 6743 6307 6308
f 6307 6744 6310
f 6742 6744 6307
f 6278 6310 6736
f 6736 6310 6744
f 6746 6745 6738
f 6745 6299 6738
f 6745 6314 6299
f 6746 6738 6739
f 6316 6740 6301
f 6316 6747 6740
f 6741 6320 6305
f 6748 6320 6741
f 6322 6743 6308
f 6322 6749 6743
f 6745 6327 6314
f 6750 6327 6745
f 6329 6747 6316
f 6329 6751 6747
f 6748 6752 6320
f 6320 6752 6333
f 6333 6753 6336
f 6752 6753 6333
f 6322 6336 6749
f 6749 6336 6753
f 6750 6340 6327
f 6754 6340 6750
f 6757 6756 6755
f 6756 6751 6755
f 6751 6342 6755
f 6751 6329 6342
f 6754 6351 6340
f 6758 6351 6754
f 6757 6755 6759
f 6757 6759 6760
f 6352 6759 6342
f 6342 6759 6755
f 6758 6353 6351
f 6761 6353 6758
f 6762 6760 6759
f 6759 6352 6762
f 6352 6763 6762
f 6352 6354 6763
f 6765 6355 6764
f 6355 6761 6764
f 6355 6353 6761
f 6766 6765 6764
f 6768 6767 6356
f 6768 6356 6357
f 6354 6356 6763
f 6763 6356 6767
f 6770 6769 6765
f 6769 6355 6765
f 6769 6358 6355
f 6770 6765 6766
f 6772 6771 6359
f 6772 6359 6360
f 6357 6359 6768
f 6768 6359 6771
f 6769 6361 6358
f 6773 6361 6769
f 6362 6772 6360
f 6362 6774 6772
f 6363 6361 6775
f 6361 6776 6775
f 6361 6773 6776
f 6775 6365 6363
f 6366 6774 6362
f 6366 6777 6774
f 6775 6776 6368
f 6776 6367 6368
f 6776 6778 6367
f 6775 6368 6365
f 6779 6777 6366
f 6779 6366 6369
f 6369 6370 6779
f 6779 6370 6780
f 6778 6371 6367
f 6781 6371 6778
f 6782 6780 6370
f 6782 6370 6372
f 6372 6374 6782
f 6782 6374 6783
f 6785 6784 6382
f 6382 6784 6381
f 6382 6383 6785
f 6785 6383 6786
f 6787 6384 6385
f 6386 6787 6385
f 6789 6788 6388
f 6388 6788 6389
f 6388 6392 6789
f 6789 6392 6790
f 6791 6396 6397
f 6398 6792 6397
f 6397 6792 6791
f 6400 6792 6398
f 6781 6403 6371
f 6793 6403 6781
f 6405 6783 6374
f 6405 6794 6783
f 6796 6795 6407
f 6407 6795 6406
f 6798 6797 6409
f 6797 6407 6409
f 6797 6796 6407
f 6800 6799 6798
f 6798 6799 6797
f 6411 6412 6800
f 6412 6799 6800
f 6412 6801 6799
f 6802 6412 6413
f 6802 6801 6412
f 6803 6413 6414
f 6803 6802 6413
f 6805 6803 6804
f 6803 6416 6804
f 6803 6414 6416
f 6417 6806 6416
f 6416 6806 6804
f 6806 6417 6807
f 6417 6808 6807
f 6417 6419 6808
f 6810 6808 6809
f 6808 6420 6809
f 6808 6419 6420
f 6422 6811 6420
f 6420 6811 6809
f 6811 6422 6812
f 6422 6813 6812
f 6422 6424 6813
f 6814 6424 6425
f 6814 6813 6424
f 6817 6816 6815
f 6381 6784 6425
f 6814 6425 6784
f 6817 6815 6818
f 6426 6819 6383
f 6786 6383 6819
f 6429 6430 6820
f 6384 6787 6426
f 6821 6426 6787
f 6426 6821 6819
f 6823 6822 6432
f 6787 6432 6822
f 6432 6787 6386
f 6821 6787 6822
f 6431 6429 6820
f 6433 6824 6432
f 6432 6824 6823
f 6435 6825 6433
f 6433 6825 6824
f 6389 6788 6826
f 6825 6389 6826
f 6827 6825 6826
f 6435 6389 6825
f 6829 6828 6436
f 6827 6436 6828
f 6436 6827 6392
f 6826 6392 6827
f 6392 6826 6790
f 6436 6437 6829
f 6829 6437 6830
f 6833 6832 6831
f 6834 6833 6791
f 6833 6441 6791
f 6441 6396 6791
f 6833 6831 6441
f 6444 6835 6443
f 6835 6791 6443
f 6791 6792 6443
f 6835 6834 6791
f 6443 6792 6400
f 6836 6446 6447
f 6836 6447 6837
f 6447 6838 6837
f 6447 6449 6838
f 6449 6451 6838
f 6838 6451 6839
f 6842 6841 6840
f 6840 6843 6842
f 6844 6455 6456
f 6844 6456 6457
f 6847 6846 6845
f 6849 6848 6845
f 6845 6848 6847
f 6851 6850 6849
f 6849 6850 6848
f 6460 6461 6852
f 6850 6851 6853
f 6854 6852 6461
f 6403 6854 6461
f 6793 6854 6403
f 6855 6794 6405
f 6855 6405 6462
f 6462 6406 6795
f 6462 6795 6855
f 6464 6798 6409
f 6798 6464 6465
f 6798 6465 6800
f 6800 6465 6411
f 6805 6804 6856
f 6805 6856 6857
f 6806 6859 6858
f 6856 6806 6858
f 6804 6806 6856
f 6859 6806 6807
f 6860 6810 6809
f 6860 6809 6811
f 6860 6811 6861
f 6861 6811 6812
f 6862 6816 6817
f 6862 6817 6818
f 6467 6820 6430
f 6823 6863 6822
f 6431 6820 6467
f 6863 6823 6824
f 6863 6824 6864
f 6866 6865 6864
f 6824 6866 6864
f 6825 6866 6824
f 6827 6868 6867
f 6866 6827 6867
f 6825 6827 6866
f 6868 6827 6828
f 6869 6830 6437
f 6869 6437 6468
f 6870 6468 6469
f 6870 6869 6468
f 6871 6469 6470
f 6871 6870 6469
f 6471 6831 6832
f 6871 6471 6832
f 6470 6471 6871
f 6831 6471 6441
f 6872 6835 6444
f 6872 6444 6472
f 6472 6446 6836
f 6873 6472 6836
f 6872 6472 6873
f 6873 6836 6837
f 6451 6473 6874
f 6875 6451 6874
f 6839 6451 6875
f 6874 6473 6876
f 6473 6877 6876
f 6473 6474 6877
f 6475 6840 6841
f 6877 6475 6841
f 6474 6475 6877
f 6878 6843 6840
f 6475 6878 6840
f 6476 6878 6475
f 6879 6476 6477
f 6879 6878 6476
f 6880 6477 6478
f 6880 6879 6477
f 6881 6478 6479
f 6881 6880 6478
f 6479 6481 6881
f 6881 6481 6882
f 6884 6883 6483
f 6483 6883 6482
f 6483 6455 6844
f 6885 6483 6844
f 6884 6483 6885
f 6484 6844 6457
f 6844 6484 6885
f 6886 6885 6484
f 6885 6886 6846
f 6845 6846 6886
f 6886 6485 6486
f 6849 6886 6486
f 6845 6886 6849
f 6849 6486 6487
f 6849 6487 6851
f 6487 6853 6851
f 6487 6887 6853
f 6487 6460 6852
f 6887 6487 6852
f 6887 6852 6854
f 6890 6889 6888
f 6891 6888 6889
f 6892 6857 6856
f 6895 6894 6893
f 6858 6892 6856
f 6896 6894 6895
f 6897 6865 6866
f 6897 6866 6867
f 6898 6875 6874
f 6898 6874 6876
f 6899 6882 6481
f 6899 6481 6489
f 6489 6482 6883
f 6489 6883 6899
f 6490 6886 6484
f 6886 6490 6485
f 6900 6890 6888
f 6900 6888 6891
f 6901 6893 6894
f 6901 6894 6896
f 6494 6902 6493
f 6902 6495 6493
f 6500 6903 6499
f 6904 6502 6499
f 6904 6499 6903
f 6904 6504 6502
f 6907 6906 6905
f 6909 6908 6905
f 6909 6905 6906
f 6910 6908 6909
f 6507 6911 6508
f 6912 6510 6508
f 6912 6508 6911
f 6912 6511 6510
f 6915 6914 6913
f 6916 6913 6914
f 6514 6917 6515
f 6918 6517 6515
f 6918 6515 6917
f 6918 6518 6517
f 6921 6920 6919
f 6519 6520 6919
f 6920 6519 6919
f 6922 6519 6920
f 6521 6519 6922
f 6521 6922 6923
f 6926 6925 6924
f 6927 6924 6925
f 6930 6929 6928
f 6931 6928 6929
f 6523 6932 6525
f 6526 6902 6494
f 6527 6525 6932
f 6902 6526 6495
f 6529 6933 6530
f 6531 6530 6933
f 6936 6935 6934
f 6937 6936 6934
f 6939 6938 6534
f 6939 6534 6535
f 6534 6940 6536
f 6938 6940 6534
f 6500 6536 6903
f 6536 6941 6903
f 6536 6940 6941
f 6903 6941 6904
f 6904 6941 6942
f 6904 6942 6504
f 6942 6539 6504
f 6942 6943 6539
f 6905 6540 6907
f 6540 6943 6907
f 6540 6539 6943
f 6946 6945 6944
f 6905 6541 6540
f 6541 6905 6908
f 6946 6947 6945
f 6948 6908 6910
f 6908 6948 6541
f 6542 6541 6948
f 6507 6542 6911
f 6542 6949 6911
f 6542 6948 6949
f 6911 6949 6912
f 6912 6949 6950
f 6912 6950 6511
f 6950 6543 6511
f 6950 6951 6543
f 6913 6544 6915
f 6544 6951 6915
f 6544 6543 6951
f 6545 6544 6913
f 6916 6545 6913
f 6952 6545 6916
f 6954 6953 6546
f 6954 6546 6547
f 6514 6546 6917
f 6546 6955 6917
f 6546 6953 6955
f 6917 6955 6918
f 6918 6955 6956
f 6918 6956 6518
f 6956 6548 6518
f 6956 6957 6548
f 6919 6549 6921
f 6549 6957 6921
f 6549 6548 6957
f 6549 6919 6520
f 6959 6550 6958
f 6550 6923 6958
f 6550 6521 6923
f 6551 6552 6959
f 6958 6551 6959
f 6960 6551 6958
f 6961 6926 6924
f 6963 6962 6960
f 6553 6960 6962
f 6960 6553 6551
f 6924 6927 6961
f 6965 6962 6964
f 6962 6965 6553
f 6554 6553 6965
f 6965 6967 6966
f 6555 6965 6966
f 6554 6965 6555
f 6968 6556 6555
f 6968 6555 6966
f 6969 6557 6556
f 6969 6556 6968
f 6557 6969 6970
f 6971 6557 6970
f 6558 6557 6971
f 6928 6559 6930
f 6559 6971 6930
f 6559 6558 6971
f 6973 6972 6561
f 6973 6561 6559
f 6931 6973 6559
f 6928 6931 6559
f 6973 6562 6972
f 6973 6563 6562
f 6973 6975 6974
f 6563 6973 6974
f 6563 6974 6976
f 6977 6563 6976
f 6564 6563 6977
f 6564 6978 6565
f 6977 6978 6564
f 6978 6980 6979
f 6566 6978 6979
f 6565 6978 6566
f 6981 6567 6566
f 6981 6566 6979
f 6981 6982 6567
f 6567 6982 6523
f 6982 6983 6523
f 6983 6932 6523
f 6932 6983 6527
f 6983 6568 6527
f 6983 6984 6568
f 6984 6986 6985
f 6569 6984 6985
f 6568 6984 6569
f 6569 6985 6987
f 6988 6569 6987
f 6570 6569 6988
f 6570 6989 6571
f 6988 6989 6570
f 6571 6990 6572
f 6989 6990 6571
f 6529 6572 6933
f 6572 6991 6933
f 6572 6990 6991
f 6935 6936 6991
f 6936 6573 6991
f 6531 6933 6991
f 6531 6991 6573
f 6937 6992 6936
f 6992 6573 6936
f 6992 6574 6573
f 6535 6574 6939
f 6939 6574 6992
f 6944 6993 6946
f 6946 6993 6947
f 6952 6576 6545
f 6994 6576 6952
f 6577 6954 6547
f 6577 6995 6954
f 6959 6578 6550
f 6578 6959 6552
f 6963 6996 6962
f 6962 6996 6964
f 6967 6997 6966
f 6966 6997 6968
f 6968 6997 6998
f 6968 6998 6969
f 6969 6998 6999
f 6969 6999 6970
f 6972 6579 6561
f 6975 7000 6974
f 6579 6972 6562
f 6974 7000 6976
f 6980 7001 6979
f 6979 7001 6981
f 6981 7001 7002
f 6981 7002 6982
f 6986 7003 6985
f 6985 7003 6987
f 6580 6576 7004
f 6576 7005 7004
f 6576 6994 7005
f 7004 6581 6580
f 7007 7006 6582
f 7007 6582 6583
f 6577 6582 6995
f 6995 6582 7006
f 7005 7008 7004
f 6581 7004 7008
f 7009 6581 7008
f 6584 6581 7009
f 6585 7007 6583
f 6585 7010 7007
f 7009 6586 6584
f 7011 6586 7009
f 6587 7010 6585
f 6587 7012 7010
f 7011 6588 6586
f 7013 6588 7011
f 6587 6589 7014
f 7015 6587 7014
f 7012 6587 7015
f 6590 7014 6589
f 7013 6591 6588
f 7016 6591 7013
f 7015 7014 7017
f 7015 7017 7018
f 6592 7017 6590
f 6590 7017 7014
f 7016 6593 6591
f 7019 6593 7016
f 7018 7017 7020
f 7018 7020 7021
f 7020 7017 6592
f 7022 7020 6592
f 6594 7022 6592
f 7023 7020 7022
f 7024 6594 6595
f 7024 7022 6594
f 7026 7024 7025
f 7024 6596 7025
f 7024 6595 6596
f 6597 7027 6596
f 6596 7027 7025
f 6598 7028 6597
f 6597 7028 7027
f 6599 7029 6598
f 6598 7029 7028
f 6600 7030 6599
f 6599 7030 7029
f 6601 7031 6600
f 6600 7031 7030
f 6602 7032 6601
f 6601 7032 7031
f 6603 7033 6602
f 6602 7033 7032
f 6604 7034 6603
f 6603 7034 7033
f 6605 7035 6604
f 6604 7035 7034
f 6606 7036 6605
f 6605 7036 7035
f 6607 7037 6606
f 6606 7037 7036
f 6608 7038 6607
f 6607 7038 7037
f 6609 7039 6608
f 6608 7039 7038
f 6610 7040 6609
f 6609 7040 7039
f 6611 7041 6610
f 6610 7041 7040
f 6612 7042 6611
f 6611 7042 7041
f 6613 7043 6612
f 6612 7043 7042
f 6614 7044 6613
f 6613 7044 7043
f 6615 7045 6614
f 6614 7045 7044
f 6616 7046 6615
f 6615 7046 7045
f 6617 7047 6616
f 6616 7047 7046
f 6618 7048 6617
f 6617 7048 7047
f 6619 7049 6618
f 6618 7049 7048
f 6620 7050 6619
f 6619 7050 7049
f 6621 7051 6620
f 6620 7051 7050
f 6622 7052 6621
f 6621 7052 7051
f 6623 7053 6622
f 6622 7053 7052
f 6624 7054 6623
f 6623 7054 7053
f 6625 7055 6624
f 6624 7055 7054
f 6626 7056 6625
f 6625 7056 7055
f 6627 7057 6626
f 6626 7057 7056
f 6628 7058 6627
f 6627 7058 7057
f 6629 7059 6628
f 6628 7059 7058
f 6630 7060 6629
f 6629 7060 7059
f 6631 7060 6630
f 7019 6632 6593
f 7061 6632 7019
f 7021 7020 7062
f 7021 7062 7063
f 7020 7023 7064
f 7020 7064 7062
f 7026 7025 7065
f 7026 7065 7066
f 7067 7025 7027
f 7065 7025 7067
f 7068 7027 7028
f 7067 7027 7068
f 7069 7028 7029
f 7068 7028 7069
f 7070 7029 7030
f 7069 7029 7070
f 7071 7030 7031
f 7070 7030 7071
f 7072 7031 7032
f 7071 7031 7072
f 7073 7032 7033
f 7072 7032 7073
f 7074 7033 7034
f 7073 7033 7074
f 7075 7034 7035
f 7074 7034 7075
f 7076 7035 7036
f 7075 7035 7076
f 7077 7036 7037
f 7076 7036 7077
f 7078 7037 7038
f 7077 7037 7078
f 7079 7038 7039
f 7078 7038 7079
f 7080 7039 7040
f 7079 7039 7080
f 7081 7040 7041
f 7080 7040 7081
f 7082 7041 7042
f 7081 7041 7082
f 7083 7042 7043
f 7082 7042 7083
f 7084 7043 7044
f 7083 7043 7084
f 7085 7044 7045
f 7084 7044 7085
f 7086 7045 7046
f 7085 7045 7086
f 7087 7046 7047
f 7086 7046 7087
f 7088 7047 7048
f 7087 7047 7088
f 7089 7048 7049
f 7088 7048 7089
f 7090 7049 7050
f 7089 7049 7090
f 7091 7050 7051
f 7090 7050 7091
f 7092 7051 7052
f 7091 7051 7092
f 6634 7092 6633
f 7092 7053 6633
f 7092 7052 7053
f 6633 7053 6635
f 6635 7053 7054
f 6635 7054 6636
f 6636 7054 7055
f 6636 7055 6637
f 6637 7055 7056
f 6637 7056 6638
f 6638 7056 7057
f 6638 7057 6639
f 6639 7057 7058
f 6639 7058 6640
f 6640 7058 7059
f 6640 7059 6641
f 6641 7059 7060
f 6641 7060 6631
f 7061 6642 6632
f 7093 6642 7061
f 7096 7095 7094
f 7094 7095 7063
f 7062 7094 7063
f 7097 7094 7062
f 7062 7064 7098
f 7062 7098 7097
f 7066 7065 7099
f 7066 7099 7100
f 7101 7065 7067
f 7099 7065 7101
f 7102 7067 7068
f 7101 7067 7102
f 7103 7068 7069
f 7102 7068 7103
f 7104 7069 7070
f 7103 7069 7104
f 7105 7070 7071
f 7104 7070 7105
f 7106 7071 7072
f 7105 7071 7106
f 7107 7072 7073
f 7106 7072 7107
f 7108 7073 7074
f 7107 7073 7108
f 7109 7074 7075
f 7108 7074 7109
f 7110 7075 7076
f 7109 7075 7110
f 7111 7076 7077
f 7110 7076 7111
f 7112 7077 7078
f 7111 7077 7112
f 7113 7078 7079
f 7112 7078 7113
f 7114 7079 7080
f 7113 7079 7114
f 7115 7080 7081
f 7114 7080 7115
f 7116 7081 7082
f 7115 7081 7116
f 7117 7082 7083
f 7116 7082 7117
f 7118 7083 7084
f 7117 7083 7118
f 7119 7084 7085
f 7118 7084 7119
f 7120 7085 7086
f 7119 7085 7120
f 7121 7086 7087
f 7120 7086 7121
f 7122 7087 7088
f 7121 7087 7122
f 7123 7088 7089
f 7122 7088 7123
f 7124 7089 7090
f 7123 7089 7124
f 7125 7090 7091
f 7124 7090 7125
f 7126 7091 7092
f 7125 7091 7126
f 6643 7126 6634
f 6634 7126 7092
f 7093 6644 6642
f 7127 6644 7093
f 7096 7094 7128
f 7096 7128 7129
f 7130 7094 7097
f 7128 7094 7130
f 7097 7098 7131
f 7132 7097 7131
f 7130 7097 7132
f 7134 7133 7132
f 7134 7132 7131
f 7133 7134 7100
f 7099 7133 7100
f 7135 7133 7099
f 7136 7099 7101
f 7135 7099 7136
f 7137 7101 7102
f 7136 7101 7137
f 7138 7102 7103
f 7137 7102 7138
f 7139 7103 7104
f 7138 7103 7139
f 7140 7104 7105
f 7139 7104 7140
f 7141 7105 7106
f 7140 7105 7141
f 7142 7106 7107
f 7141 7106 7142
f 6646 7142 6645
f 7142 7108 6645
f 7142 7107 7108
f 6645 7108 6647
f 6647 7108 7109
f 6647 7109 6648
f 6648 7109 7110
f 6648 7110 6649
f 6649 7110 7111
f 6649 7111 6650
f 6650 7111 7112
f 6650 7112 6651
f 6651 7112 7113
f 6651 7113 6652
f 6652 7113 7114
f 6652 7114 6653
f 6653 7114 7115
f 6653 7115 6654
f 6654 7115 7116
f 6654 7116 6655
f 6655 7116 7117
f 6655 7117 6656
f 7117 7143 6656
f 7117 7118 7143
f 7144 7118 7119
f 7143 7118 7144
f 6658 7144 6657
f 7144 7120 6657
f 7144 7119 7120
f 6657 7120 6659
f 6659 7120 7121
f 6659 7121 6660
f 6660 7121 7122
f 6660 7122 6661
f 7122 7145 6661
f 7122 7123 7145
f 7146 7123 7124
f 7145 7123 7146
f 6663 7146 6662
f 7146 7125 6662
f 7146 7124 7125
f 6662 7125 6664
f 6664 7125 7126
f 6664 7126 6643
f 7127 6665 6644
f 7147 6665 7127
f 7129 7128 7148
f 7129 7148 7149
f 7150 7128 7130
f 7148 7128 7150
f 7151 7130 7132
f 7150 7130 7151
f 7152 7132 7133
f 7151 7132 7152
f 7153 7133 7135
f 7152 7133 7153
f 7154 7135 7136
f 7153 7135 7154
f 7155 7136 7137
f 7154 7136 7155
f 7156 7137 7138
f 7155 7137 7156
f 7157 7138 7139
f 7156 7138 7157
f 7158 7139 7140
f 7157 7139 7158
f 7159 7140 7141
f 7158 7140 7159
f 7160 7141 7142
f 7159 7141 7160
f 6666 7160 6646
f 6646 7160 7142
f 7161 6667 7143
f 7143 6667 6656
f 7162 7143 7144
f 7161 7143 7162
f 6668 7162 6658
f 6658 7162 7144
f 7163 6669 7145
f 7145 6669 6661
f 7164 7145 7146
f 7163 7145 7164
f 6670 7164 6663
f 6663 7164 7146
f 7147 6671 6665
f 7165 6671 7147
f 7149 7148 7166
f 7149 7166 7167
f 7168 7148 7150
f 7166 7148 7168
f 6673 7168 6672
f 7168 7151 6672
f 7168 7150 7151
f 6672 7151 6674
f 6674 7151 7152
f 6674 7152 6675
f 6675 7152 7153
f 6675 7153 6676
f 7153 7169 6676
f 7153 7154 7169
f 7170 7154 7155
f 7169 7154 7170
f 7171 7155 7156
f 7170 7155 7171
f 7172 7156 7157
f 7171 7156 7172
f 7173 7157 7158
f 7172 7157 7173
f 6678 7173 6677
f 7173 7159 6677
f 7173 7158 7159
f 6677 7159 6679
f 6679 7159 7160
f 6679 7160 6666
f 7161 6680 6667
f 6680 7161 6681
f 6681 7161 7162
f 6681 7162 6668
f 7163 6682 6669
f 6682 7163 6683
f 6683 7163 7164
f 6683 7164 6670
f 7165 6684 6671
f 7174 6684 7165
f 7167 7166 7175
f 7167 7175 7176
f 7177 7166 7168
f 7175 7166 7177
f 6685 7177 6673
f 6673 7177 7168
f 7178 6687 7169
f 7169 6687 6676
f 7179 7169 7170
f 7178 7169 7179
f 7180 7170 7171
f 7179 7170 7180
f 7181 7171 7172
f 7180 7171 7181
f 7182 7172 7173
f 7181 7172 7182
f 6688 7182 6678
f 6678 7182 7173
f 7174 6689 6684
f 7183 6689 7174
f 7176 7175 7184
f 7176 7184 7185
f 6691 7184 6690
f 7184 7177 6690
f 7184 7175 7177
f 6690 7177 6685
f 7186 6692 7178
f 7178 6692 6687
f 7187 7178 7179
f 7186 7178 7187
f 7188 7179 7180
f 7187 7179 7188
f 7189 7180 7181
f 7188 7180 7189
f 7190 7181 7182
f 7189 7181 7190
f 6693 7190 6688
f 6688 7190 7182
f 7183 6694 6689
f 7191 6694 7183
f 7185 7184 7192
f 7185 7192 7193
f 6695 7192 6691
f 6691 7192 7184
f 7194 6696 6697
f 6697 6692 7194
f 6692 7186 7194
f 6698 6699 7194
f 6698 7194 7186
f 6698 7186 6700
f 6700 7186 7187
f 6700 7187 6701
f 6701 7187 7188
f 6701 7188 6702
f 6702 7188 7189
f 6702 7189 6703
f 7189 7195 6703
f 7189 7190 7195
f 6704 7195 6693
f 6693 7195 7190
f 7191 6705 6694
f 7196 6705 7191
f 7193 7192 6707
f 6708 7193 6707
f 7197 7193 6708
f 6707 7192 6695
f 7198 6709 7194
f 7194 6709 6696
f 6710 7198 6699
f 6699 7198 7194
f 7199 6711 7195
f 7195 6711 6703
f 6712 7199 6704
f 6704 7199 7195
f 7196 6713 6705
f 7200 6713 7196
f 6715 7197 6708
f 6715 7201 7197
f 7202 6716 6717
f 6718 7203 6717
f 6717 7203 7202
f 6709 7198 6718
f 7198 7203 6718
f 7198 7204 7203
f 6719 7204 6710
f 6710 7204 7198
f 7199 6720 6711
f 6720 7199 6712
f 7200 6721 6713
f 7205 6721 7200
f 7206 7201 6715
f 7206 6715 6722
f 6722 6723 7206
f 7206 6723 7207
f 7208 6724 7202
f 7202 6724 6716
f 7209 7202 7203
f 7208 7202 7209
f 7210 7203 7204
f 7209 7203 7210
f 6725 7210 6719
f 6719 7210 7204
f 7205 6726 6721
f 7211 6726 7205
f 6727 7207 6723
f 6727 7212 7207
f 7208 6728 6724
f 6728 7208 6729
f 6729 7208 7209
f 6729 7209 6730
f 6730 7209 7210
f 6731 6730 7213
f 6730 7210 7213
f 6725 6732 7213
f 6725 7213 7210
f 6733 7214 6732
f 6732 7214 7213
f 6734 7215 6733
f 6733 7215 7214
f 6735 7216 6734
f 6734 7216 7215
f 6736 7216 6735
f 6737 6726 7217
f 6726 7218 7217
f 6726 7211 7218
f 7217 6739 6737
f 6740 7212 6727
f 6740 7219 7212
f 7220 6741 7213
f 7213 6741 6731
f 7221 7213 7214
f 7220 7213 7221
f 6743 7221 6742
f 7221 7215 6742
f 7221 7214 7215
f 6742 7215 6744
f 6744 7215 7216
f 6744 7216 6736
f 7217 7218 6746
f 7218 6745 6746
f 7218 7222 6745
f 7217 6746 6739
f 6747 7219 6740
f 6747 7223 7219
f 7224 6748 7220
f 7220 6748 6741
f 7225 7220 7221
f 7224 7220 7225
f 6749 7225 6743
f 6743 7225 7221
f 7222 6750 6745
f 7226 6750 7222
f 6751 7223 6747
f 6751 7227 7223
f 7224 6752 6748
f 6752 7224 6753
f 6753 7224 7225
f 6753 7225 6749
f 7226 6754 6750
f 7228 6754 7226
f 6757 7229 6756
f 7229 7230 6756
f 7230 6751 6756
f 7230 7227 6751
f 7228 6758 6754
f 7231 6758 7228
f 6760 7232 7229
f 6760 7229 6757
f 7230 7229 7233
f 7233 7229 7232
f 7236 7235 7234
f 7234 7237 7236
f 7231 6761 6758
f 7238 6761 7231
f 6762 7232 6760
f 6762 6763 7232
f 6763 7233 7232
f 6763 7239 7233
f 7235 7240 7234
f 7234 7240 7237
f 6764 6761 7241
f 6761 7242 7241
f 6761 7238 7242
f 7241 6766 6764
f 6768 7243 6767
f 7243 7244 6767
f 7244 6763 6767
f 7244 7239 6763
f 7241 7242 6770
f 7242 6769 6770
f 7242 7245 6769
f 7241 6770 6766
f 6772 7246 6771
f 7246 7247 6771
f 6771 7247 6768
f 7247 7248 6768
f 7248 7243 6768
f 7243 7248 7244
f 7245 6773 6769
f 7249 6773 7245
f 7251 7250 7246
f 6772 7251 7246
f 6774 7251 6772
f 7246 7250 7247
f 7249 6776 6773
f 7252 6776 7249
f 6777 7251 6774
f 6777 7253 7251
f 7252 6778 6776
f 7254 6778 7252
f 7255 7253 6777
f 7255 6777 6779
f 6779 6780 7255
f 7255 6780 7256
f 7254 6781 6778
f 7257 6781 7254
f 7258 7256 6780
f 7258 6780 6782
f 6782 6783 7258
f 7258 6783 7259
f 7262 7261 7260
f 7260 7263 7262
f 7266 7265 7264
f 7268 7267 7264
f 7264 7267 7266
f 7268 7269 7267
f 7270 6784 6785
f 6786 7270 6785
f 7273 7272 7271
f 7271 7274 7273
f 7277 7276 7275
f 7275 7278 7277
f 7279 6788 6789
f 7279 6789 6790
f 7282 7281 7280
f 7284 7283 7280
f 7280 7283 7282
f 7284 7285 7283
f 7288 7287 7286
f 7286 7289 7288
f 7257 6793 6781
f 7290 6793 7257
f 6794 7292 7291
f 7259 6794 7291
f 6783 6794 7259
f 6795 6796 7293
f 7291 7292 7294
f 6797 7295 6796
f 6796 7295 7293
f 7295 6797 7296
f 6797 7297 7296
f 6797 6799 7297
f 6801 7260 7261
f 7297 6801 7261
f 6799 6801 7297
f 7298 7263 7260
f 6801 7298 7260
f 6802 7298 6801
f 7299 6802 6803
f 7299 7298 6802
f 7301 7300 6805
f 7300 6803 6805
f 7300 7299 6803
f 7303 7302 7301
f 7301 7302 7300
f 6807 6808 7303
f 6808 7302 7303
f 6808 7304 7302
f 7306 7305 6810
f 7305 6808 6810
f 7305 7304 6808
f 7305 7306 7265
f 7306 7264 7265
f 7306 7307 7264
f 7307 6812 6813
f 7268 7307 6813
f 7264 7307 7268
f 7308 7269 7268
f 6813 7308 7268
f 6814 7308 6813
f 6814 6784 7308
f 7270 7308 6784
f 7308 7270 7309
f 6815 7309 7270
f 7309 6815 6816
f 6818 6815 7310
f 7270 7310 6815
f 7310 7270 7311
f 6786 7311 7270
f 7311 6786 6819
f 6821 7271 7272
f 7311 6821 7272
f 6819 6821 7311
f 7313 7312 6822
f 6822 7312 6821
f 7312 7274 6821
f 7274 7271 6821
f 7314 7275 7276
f 7313 7315 7312
f 7318 7317 7316
f 7275 7314 7278
f 7279 6826 6788
f 7317 7319 7316
f 7319 7317 7320
f 7321 6828 6829
f 7279 6790 6826
f 7319 7280 7281
f 7280 7319 7320
f 7280 7320 7322
f 7323 7322 7320
f 7284 7280 7324
f 7325 7284 7324
f 6830 7325 7324
f 6829 6830 7324
f 7321 6829 7324
f 7326 7321 7324
f 7322 7326 7324
f 7280 7322 7324
f 7285 7284 7327
f 7327 7284 7325
f 7330 7329 7328
f 6832 6833 7331
f 7330 7328 7332
f 7331 6833 7333
f 6833 7334 7333
f 6833 6834 7334
f 7336 7335 6835
f 7335 6834 6835
f 7335 7334 6834
f 7338 7337 7336
f 7336 7337 7335
f 7338 6837 7337
f 6837 6838 7337
f 7340 7339 7337
f 7340 7337 6838
f 7342 7340 7341
f 7340 6838 7341
f 6839 7343 7341
f 6839 7341 6838
f 7343 7344 7341
f 7346 7345 6842
f 6842 7345 6841
f 6842 6843 7346
f 7346 6843 7347
f 7350 7349 7348
f 7352 7351 7348
f 7348 7351 7350
f 7354 7353 7352
f 7352 7353 7351
f 7356 7355 7354
f 7354 7355 7353
f 7358 7357 7356
f 7356 7357 7355
f 7360 7359 7358
f 7358 7359 7357
f 6846 6847 7360
f 6847 7359 7360
f 6847 7361 7359
f 7362 6847 6848
f 7362 7361 6847
f 6850 7286 7287
f 7362 6850 7287
f 6848 6850 7362
f 7364 7363 6853
f 6853 7363 6850
f 7363 7289 6850
f 7289 7286 6850
f 7290 7363 7364
f 6854 7290 7364
f 6793 7290 6854
f 6855 7292 6794
f 6855 7294 7292
f 6855 7365 7294
f 6855 6795 7293
f 7365 6855 7293
f 7367 7366 7365
f 7293 7367 7365
f 7295 7367 7293
f 7295 7296 7368
f 7295 7368 7367
f 6857 7369 7301
f 6857 7301 6805
f 7369 6858 6859
f 7303 7369 6859
f 7301 7369 7303
f 7303 6859 6807
f 6860 7306 6810
f 7306 6860 6861
f 7306 6861 7307
f 7307 6861 6812
f 7370 7309 6816
f 7370 6816 6862
f 6862 6818 7310
f 6862 7310 7370
f 6863 7313 6822
f 7371 7315 7313
f 6863 7371 7313
f 6864 7371 6863
f 7372 7317 6865
f 7317 7371 6865
f 7371 6864 6865
f 7317 7318 7371
f 7372 6867 6868
f 7320 7372 6868
f 7317 7372 7320
f 6868 7323 7320
f 6868 7373 7323
f 6868 6828 7321
f 7373 6868 7321
f 6830 6869 7325
f 7321 7326 7373
f 7374 7327 7325
f 6869 7374 7325
f 6870 7374 6869
f 6871 7328 7329
f 7374 6871 7329
f 6870 6871 7374
f 6871 7332 7328
f 6871 7375 7332
f 6871 6832 7331
f 7375 6871 7331
f 7375 7331 7333
f 6872 7336 6835
f 7336 6872 6873
f 7336 6873 7338
f 7340 7376 7339
f 6837 7338 6873
f 7340 7342 7376
f 7377 6839 6875
f 6839 7377 7343
f 6877 7378 6876
f 7378 7343 6876
f 7343 7377 6876
f 7343 7378 7344
f 6877 6841 7345
f 6877 7345 7378
f 7379 7347 6843
f 7379 6843 6878
f 6879 7348 7349
f 7379 6879 7349
f 6878 6879 7379
f 7348 6879 6880
f 7348 6880 7352
f 7352 6880 6881
f 7352 6881 7354
f 7354 6881 6882
f 7380 7354 6882
f 7356 7354 7380
f 7380 6883 6884
f 7358 7380 6884
f 7356 7380 7358
f 7358 6884 6885
f 7358 6885 7360
f 7360 6885 6846
f 6887 7364 6853
f 7364 6887 6854
f 7382 7381 6889
f 7382 6889 6890
f 7367 7383 6891
f 7381 7367 6891
f 6889 7381 6891
f 7366 7367 7381
f 7367 7368 7384
f 7367 7384 7383
f 6892 7369 6857
f 6858 7369 6892
f 6895 6893 7385
f 7385 6896 6895
f 6897 7372 6865
f 7372 6897 6867
f 6898 7377 6875
f 7377 6898 6876
f 6899 7380 6882
f 7380 6899 6883
f 7386 7382 6890
f 7386 6890 6900
f 6900 6891 7383
f 7387 6900 7383
f 7386 6900 7387
f 7387 7383 7384
f 6901 7385 6893
f 7385 6901 6896
f 7390 7389 7388
f 7391 7388 7389
f 7393 7392 6906
f 7393 6906 6907
f 6906 7394 6909
f 7392 7394 6906
f 6910 6909 7394
f 6910 7394 7395
f 6915 7396 6914
f 7396 6916 6914
f 7399 7398 7397
f 7400 7397 7398
f 7402 7401 6920
f 7402 6920 6921
f 7401 7404 7403
f 6922 7401 7403
f 6920 7401 6922
f 7403 6923 6922
f 6926 7405 6925
f 7405 6927 6925
f 6930 7406 6929
f 7406 6931 6929
f 7409 7408 7407
f 7410 7407 7408
f 6935 7411 6934
f 7411 6937 6934
f 6938 6939 7412
f 7388 7413 7390
f 7391 7413 7388
f 6940 6938 7414
f 7412 7414 6938
f 6940 7414 7415
f 7416 6940 7415
f 6941 6940 7416
f 6941 7417 6942
f 7416 7417 6941
f 7417 7419 7418
f 6943 7417 7418
f 6942 7417 6943
f 7418 7420 6943
f 7420 6907 6943
f 7420 7393 6907
f 7421 6944 6945
f 7421 6945 6947
f 7422 6948 7395
f 6910 7395 6948
f 6948 7423 6949
f 7422 7423 6948
f 6949 7424 6950
f 7423 7424 6949
f 7424 7426 7425
f 6951 7424 7425
f 6950 7424 6951
f 7425 7427 6951
f 6951 7427 6915
f 7427 7428 6915
f 7428 7396 6915
f 6916 7396 7428
f 7429 6916 7428
f 6952 6916 7429
f 7431 7430 6953
f 7431 6953 6954
f 7397 6955 7399
f 6955 7430 7399
f 6955 6953 7430
f 7400 7432 7397
f 7432 6955 7397
f 7432 6956 6955
f 6956 7433 6957
f 7432 7433 6956
f 6921 6957 7402
f 7402 6957 7433
f 7403 7404 7434
f 7434 7404 7435
f 7403 7434 6923
f 7434 7436 6923
f 7436 6958 6923
f 7434 7437 7436
f 6958 7438 6960
f 7436 7438 6958
f 6926 6961 7405
f 7439 6960 7438
f 6960 7439 6963
f 6961 6927 7405
f 7441 6964 7440
f 6964 7441 6965
f 6967 6965 7441
f 6967 7441 7442
f 7445 7444 7443
f 7447 7446 7443
f 7447 7443 7444
f 6971 6970 7446
f 7447 6971 7446
f 7448 6971 7447
f 6971 7448 6930
f 7448 7449 6930
f 7449 7406 6930
f 7449 7448 7450
f 7406 7449 6931
f 7449 7451 6931
f 7451 6973 6931
f 7449 7452 7451
f 6975 6973 7451
f 6975 7451 7453
f 7455 7454 6977
f 7455 6977 6976
f 7407 6978 7409
f 6978 7454 7409
f 6978 6977 7454
f 6980 6978 7407
f 7410 6980 7407
f 7456 6980 7410
f 7459 7458 7457
f 6983 6982 7457
f 7458 6983 7457
f 7460 6983 7458
f 6983 7461 6984
f 7460 7461 6983
f 7463 7462 6986
f 6984 7463 6986
f 7461 7463 6984
f 7463 6987 7462
f 7463 6988 6987
f 7463 7465 7464
f 6988 7463 7464
f 6988 7464 7466
f 7467 6988 7466
f 6989 6988 7467
f 6989 7468 6990
f 7467 7468 6989
f 6990 7469 6991
f 7468 7469 6990
f 6935 6991 7411
f 6991 7470 7411
f 6991 7469 7470
f 7411 7470 6937
f 7470 6992 6937
f 7470 7471 6992
f 6939 6992 7412
f 6992 7472 7412
f 6992 7471 7472
f 7412 7472 7414
f 7414 7472 7473
f 7414 7473 7415
f 7419 7474 7418
f 7418 7474 7420
f 7421 6993 6944
f 6993 7421 6947
f 7426 7475 7425
f 7475 7476 7425
f 7476 7477 7425
f 7478 7427 7425
f 7478 7425 7477
f 7429 7478 7477
f 6994 7429 7477
f 6952 7429 6994
f 6995 7431 6954
f 6995 7479 7431
f 7435 7480 7434
f 7434 7480 7437
f 7439 7481 6963
f 6963 7481 6996
f 6964 6996 7440
f 7440 6996 7481
f 7442 7482 6967
f 6967 7482 6997
f 7443 6998 7445
f 6998 7482 7445
f 6998 6997 7482
f 6998 7443 6999
f 6999 7443 7446
f 6999 7446 6970
f 7450 7483 7449
f 7449 7483 7452
f 7453 7484 6975
f 6975 7484 7000
f 6976 7000 7455
f 7455 7000 7484
f 7456 7485 6980
f 6980 7485 7001
f 7457 7002 7459
f 7002 7485 7459
f 7002 7001 7485
f 7002 7457 6982
f 7462 7003 6986
f 7465 7486 7464
f 7003 7462 6987
f 7464 7486 7466
f 7477 7476 7487
f 7487 7476 7488
f 7487 7005 6994
f 7487 6994 7477
f 7490 7489 7006
f 7490 7006 7007
f 6995 7006 7479
f 7479 7006 7489
f 7488 7491 7487
f 7491 7493 7492
f 7491 7492 7008
f 7487 7491 7008
f 7005 7487 7008
f 7492 7009 7008
f 7010 7490 7007
f 7010 7494 7490
f 7493 7495 7492
f 7009 7492 7495
f 7496 7009 7495
f 7011 7009 7496
f 7499 7498 7497
f 7498 7494 7497
f 7494 7012 7497
f 7494 7010 7012
f 7496 7013 7011
f 7500 7013 7496
f 7499 7497 7501
f 7499 7501 7502
f 7015 7501 7012
f 7012 7501 7497
f 7500 7016 7013
f 7503 7016 7500
f 7502 7501 7504
f 7502 7504 7505
f 7018 7504 7015
f 7015 7504 7501
f 7503 7019 7016
f 7506 7019 7503
f 7505 7504 7507
f 7505 7507 7508
f 7021 7507 7018
f 7018 7507 7504
f 7509 7023 7022
f 7024 7510 7022
f 7022 7510 7509
f 7026 7510 7024
f 7506 7061 7019
f 7511 7061 7506
f 7508 7507 7512
f 7508 7512 7513
f 7063 7512 7021
f 7021 7512 7507
f 7514 7064 7509
f 7509 7064 7023
f 7515 7509 7510
f 7514 7509 7515
f 7066 7515 7026
f 7026 7515 7510
f 7511 7093 7061
f 7516 7093 7511
f 7513 7512 7095
f 7096 7513 7095
f 7517 7513 7096
f 7095 7512 7063
f 7518 7098 7514
f 7514 7098 7064
f 7519 7514 7515
f 7518 7514 7519
f 7100 7519 7066
f 7066 7519 7515
f 7516 7127 7093
f 7520 7127 7516
f 7129 7517 7096
f 7129 7521 7517
f 7518 7131 7098
f 7131 7518 7134
f 7134 7518 7519
f 7134 7519 7100
f 7520 7147 7127
f 7522 7147 7520
f 7149 7521 7129
f 7149 7523 7521
f 7522 7165 7147
f 7524 7165 7522
f 7167 7523 7149
f 7167 7525 7523
f 7524 7174 7165
f 7526 7174 7524
f 7176 7525 7167
f 7176 7527 7525
f 7526 7183 7174
f 7528 7183 7526
f 7185 7530 7529
f 7527 7185 7529
f 7176 7185 7527
f 7530 7531 7529
f 7534 7533 7532
f 7528 7534 7532
f 7191 7528 7532
f 7183 7528 7191
f 7193 7535 7530
f 7193 7530 7185
f 7531 7530 7536
f 7536 7530 7535
f 7533 7537 7532
f 7191 7532 7537
f 7538 7191 7537
f 7196 7191 7538
f 7197 7539 7535
f 7197 7535 7193
f 7536 7535 7540
f 7540 7535 7539
f 7543 7542 7541
f 7541 7544 7543
f 7547 7546 7545
f 7545 7548 7547
f 7538 7200 7196
f 7549 7200 7538
f 7201 7550 7539
f 7201 7539 7197
f 7540 7539 7551
f 7551 7539 7550
f 7542 7552 7541
f 7541 7552 7544
f 7546 7553 7545
f 7545 7553 7548
f 7549 7205 7200
f 7554 7205 7549
f 7206 7550 7201
f 7206 7207 7550
f 7207 7551 7550
f 7207 7555 7551
f 7558 7557 7556
f 7556 7559 7558
f 7554 7211 7205
f 7560 7211 7554
f 7212 7555 7207
f 7212 7561 7555
f 7556 7557 7562
f 7562 7557 7563
f 7559 7556 7564
f 7564 7556 7562
f 7567 7566 7565
f 7565 7568 7567
f 7571 7570 7569
f 7560 7571 7569
f 7218 7560 7569
f 7211 7560 7218
f 7219 7561 7212
f 7219 7572 7561
f 7575 7574 7573
f 7573 7576 7575
f 7579 7578 7577
f 7581 7580 7577
f 7577 7580 7579
f 7583 7582 7581
f 7581 7582 7580
f 7583 7584 7582
f 7562 7563 7585
f 7585 7563 7586
f 7564 7562 7587
f 7562 7588 7587
f 7562 7585 7588
f 7588 7589 7587
f 7565 7566 7590
f 7590 7566 7591
f 7568 7565 7592
f 7565 7593 7592
f 7565 7590 7593
f 7593 7594 7592
f 7597 7596 7595
f 7599 7598 7595
f 7595 7598 7597
f 7601 7600 7599
f 7599 7600 7598
f 7601 7602 7600
f 7570 7603 7569
f 7218 7569 7603
f 7604 7218 7603
f 7222 7218 7604
f 7223 7572 7219
f 7223 7605 7572
f 7608 7607 7606
f 7606 7609 7608
f 7574 7610 7573
f 7573 7610 7576
f 7613 7612 7611
f 7615 7614 7611
f 7611 7614 7613
f 7615 7616 7614
f 7619 7618 7617
f 7619 7617 7578
f 7617 7577 7578
f 7617 7620 7577
f 7577 7621 7581
f 7577 7620 7621
f 7581 7622 7583
f 7581 7621 7622
f 7584 7583 7623
f 7623 7583 7622
f 7586 7624 7585
f 7585 7624 7588
f 7588 7624 7625
f 7588 7625 7589
f 7591 7626 7590
f 7590 7626 7593
f 7593 7626 7627
f 7593 7627 7594
f 7595 7596 7628
f 7628 7596 7629
f 7595 7630 7599
f 7595 7628 7630
f 7599 7631 7601
f 7599 7630 7631
f 7602 7601 7632
f 7632 7601 7631
f 7604 7226 7222
f 7633 7226 7604
f 7227 7605 7223
f 7227 7634 7605
f 7637 7636 7635
f 7639 7638 7635
f 7635 7638 7637
f 7641 7640 7639
f 7640 7606 7639
f 7607 7638 7639
f 7607 7639 7606
f 7606 7640 7609
f 7644 7643 7642
f 7642 7645 7644
f 7611 7612 7646
f 7646 7612 7647
f 7649 7615 7648
f 7615 7646 7648
f 7615 7611 7646
f 7652 7651 7650
f 7615 7649 7616
f 7654 7653 7651
f 7651 7653 7650
f 7653 7654 7618
f 7654 7617 7618
f 7654 7655 7617
f 7617 7656 7620
f 7617 7655 7656
f 7620 7657 7621
f 7620 7656 7657
f 7621 7658 7622
f 7621 7657 7658
f 7623 7622 7659
f 7659 7622 7658
f 7662 7661 7660
f 7664 7663 7660
f 7660 7663 7662
f 7666 7665 7664
f 7664 7665 7663
f 7668 7667 7666
f 7666 7667 7665
f 7668 7669 7667
f 7672 7671 7670
f 7674 7673 7670
f 7670 7673 7672
f 7676 7675 7674
f 7674 7675 7673
f 7675 7676 7629
f 7676 7628 7629
f 7676 7677 7628
f 7628 7678 7630
f 7628 7677 7678
f 7630 7679 7631
f 7630 7678 7679
f 7632 7631 7680
f 7631 7681 7680
f 7631 7679 7681
f 7681 7682 7680
f 7633 7228 7226
f 7683 7228 7633
f 7230 7634 7227
f 7230 7684 7634
f 7687 7686 7685
f 7688 7635 7636
f 7685 7689 7687
f 7691 7690 7688
f 7690 7635 7688
f 7690 7639 7635
f 7641 7639 7692
f 7692 7639 7690
f 7642 7643 7693
f 7693 7643 7694
f 7645 7642 7695
f 7695 7642 7693
f 7647 7696 7646
f 7646 7696 7648
f 7651 7652 7697
f 7697 7652 7698
f 7651 7699 7654
f 7651 7697 7699
f 7654 7700 7655
f 7654 7699 7700
f 7655 7701 7656
f 7655 7700 7701
f 7656 7702 7657
f 7656 7701 7702
f 7657 7703 7658
f 7657 7702 7703
f 7659 7658 7704
f 7658 7705 7704
f 7658 7703 7705
f 7706 7660 7661
f 7705 7707 7704
f 7660 7706 7664
f 7664 7706 7708
f 7710 7709 7708
f 7709 7664 7708
f 7709 7666 7664
f 7712 7668 7711
f 7668 7709 7711
f 7668 7666 7709
f 7668 7712 7669
f 7670 7671 7713
f 7713 7671 7714
f 7670 7715 7674
f 7670 7713 7715
f 7717 7676 7716
f 7676 7715 7716
f 7676 7674 7715
f 7719 7718 7717
f 7718 7676 7717
f 7718 7677 7676
f 7677 7720 7678
f 7677 7718 7720
f 7678 7721 7679
f 7678 7720 7721
f 7679 7722 7681
f 7679 7721 7722
f 7682 7681 7723
f 7723 7681 7722
f 7683 7231 7228
f 7724 7231 7683
f 7233 7684 7230
f 7233 7725 7684
f 7686 7726 7685
f 7726 7727 7685
f 7727 7728 7685
f 7729 7689 7685
f 7729 7685 7728
f 7729 7728 7691
f 7728 7690 7691
f 7728 7730 7690
f 7692 7690 7731
f 7731 7690 7730
f 7694 7732 7693
f 7732 7733 7693
f 7733 7734 7693
f 7735 7695 7693
f 7735 7693 7734
f 7737 7736 7734
f 7734 7736 7735
f 7739 7738 7737
f 7737 7738 7736
f 7738 7739 7698
f 7739 7697 7698
f 7739 7740 7697
f 7697 7741 7699
f 7697 7740 7741
f 7699 7742 7700
f 7699 7741 7742
f 7700 7743 7701
f 7700 7742 7743
f 7743 7235 7236
f 7702 7743 7236
f 7701 7743 7702
f 7702 7236 7237
f 7744 7702 7237
f 7703 7702 7744
f 7703 7745 7705
f 7703 7744 7745
f 7707 7705 7746
f 7705 7747 7746
f 7705 7745 7747
f 7749 7748 7747
f 7747 7748 7746
f 7751 7750 7749
f 7750 7709 7749
f 7710 7748 7749
f 7710 7749 7709
f 7754 7753 7752
f 7709 7750 7711
f 7756 7755 7753
f 7753 7755 7752
f 7755 7756 7714
f 7756 7713 7714
f 7756 7757 7713
f 7759 7715 7758
f 7715 7757 7758
f 7715 7713 7757
f 7759 7760 7715
f 7760 7761 7715
f 7762 7716 7715
f 7762 7715 7761
f 7762 7761 7719
f 7761 7718 7719
f 7761 7763 7718
f 7718 7764 7720
f 7718 7763 7764
f 7720 7765 7721
f 7720 7764 7765
f 7767 7722 7766
f 7722 7765 7766
f 7722 7721 7765
f 7722 7767 7723
f 7724 7238 7231
f 7768 7238 7724
f 7239 7725 7233
f 7239 7769 7725
f 7727 7770 7728
f 7728 7770 7730
f 7730 7770 7771
f 7730 7771 7731
f 7733 7772 7734
f 7734 7772 7737
f 7737 7772 7773
f 7737 7773 7739
f 7739 7773 7774
f 7739 7774 7740
f 7740 7774 7775
f 7777 7776 7775
f 7776 7740 7775
f 7776 7741 7740
f 7779 7742 7778
f 7742 7776 7778
f 7742 7741 7776
f 7781 7780 7779
f 7780 7742 7779
f 7780 7743 7742
f 7782 7240 7235
f 7743 7782 7235
f 7780 7782 7743
f 7744 7237 7240
f 7782 7744 7240
f 7783 7744 7782
f 7744 7784 7745
f 7744 7783 7784
f 7745 7785 7747
f 7745 7784 7785
f 7747 7786 7749
f 7747 7785 7786
f 7751 7749 7787
f 7749 7788 7787
f 7749 7786 7788
f 7787 7788 7754
f 7788 7753 7754
f 7788 7789 7753
f 7753 7790 7756
f 7753 7789 7790
f 7756 7791 7757
f 7756 7790 7791
f 7758 7757 7792
f 7757 7793 7792
f 7757 7791 7793
f 7792 7793 7760
f 7793 7761 7760
f 7793 7794 7761
f 7796 7763 7795
f 7763 7794 7795
f 7763 7761 7794
f 7798 7797 7796
f 7797 7763 7796
f 7797 7764 7763
f 7764 7799 7765
f 7764 7797 7799
f 7766 7765 7800
f 7765 7801 7800
f 7765 7799 7801
f 7803 7802 7801
f 7801 7802 7800
f 7805 7804 7803
f 7803 7804 7802
f 7805 7806 7804
f 7768 7242 7238
f 7807 7242 7768
f 7244 7769 7239
f 7244 7808 7769
f 7777 7809 7776
f 7776 7809 7778
f 7781 7810 7780
f 7780 7810 7782
f 7782 7810 7811
f 7782 7811 7783
f 7783 7811 7812
f 7783 7812 7784
f 7784 7812 7813
f 7784 7813 7785
f 7785 7813 7814
f 7785 7814 7786
f 7786 7814 7815
f 7786 7815 7788
f 7788 7815 7816
f 7788 7816 7789
f 7789 7816 7817
f 7789 7817 7790
f 7790 7817 7818
f 7790 7818 7791
f 7791 7818 7819
f 7791 7819 7793
f 7793 7819 7820
f 7793 7820 7794
f 7794 7820 7821
f 7794 7821 7795
f 7798 7822 7797
f 7797 7822 7799
f 7799 7822 7823
f 7799 7823 7801
f 7801 7823 7824
f 7801 7824 7803
f 7803 7824 7825
f 7803 7825 7805
f 7805 7825 7826
f 7805 7826 7806
f 7807 7245 7242
f 7827 7245 7807
f 7829 7828 7248
f 7829 7248 7247
f 7244 7248 7808
f 7808 7248 7828
f 7827 7249 7245
f 7830 7249 7827
f 7832 7831 7250
f 7832 7250 7251
f 7247 7250 7829
f 7829 7250 7831
f 7830 7252 7249
f 7833 7252 7830
f 7253 7832 7251
f 7253 7834 7832
f 7837 7836 7835
f 7839 7838 7835
f 7835 7838 7837
f 7841 7840 7839
f 7839 7840 7838
f 7843 7842 7841
f 7841 7842 7840
f 7845 7844 7843
f 7843 7844 7842
f 7845 7846 7844
f 7849 7848 7847
f 7833 7849 7847
f 7254 7833 7847
f 7252 7833 7254
f 7850 7834 7253
f 7850 7253 7255
f 7255 7256 7850
f 7850 7256 7851
f 7835 7836 7852
f 7852 7836 7853
f 7835 7854 7839
f 7835 7852 7854
f 7839 7855 7841
f 7839 7854 7855
f 7841 7856 7843
f 7841 7855 7856
f 7843 7857 7845
f 7843 7856 7857
f 7846 7845 7858
f 7858 7845 7857
f 7847 7848 7859
f 7859 7848 7860
f 7859 7257 7254
f 7859 7254 7847
f 7861 7851 7256
f 7861 7256 7258
f 7863 7862 7259
f 7862 7258 7259
f 7862 7861 7258
f 7863 7864 7862
f 7865 7261 7262
f 7263 7865 7262
f 7868 7867 7866
f 7866 7869 7868
f 7872 7871 7870
f 7265 7266 7873
f 7872 7870 7874
f 7267 7875 7266
f 7266 7875 7873
f 7875 7267 7269
f 7878 7877 7876
f 7880 7879 7876
f 7876 7879 7878
f 7880 7881 7879
f 7883 7882 7273
f 7273 7882 7272
f 7885 7884 7274
f 7884 7273 7274
f 7884 7883 7273
f 7276 7277 7885
f 7277 7884 7885
f 7277 7886 7884
f 7888 7887 7278
f 7887 7277 7278
f 7887 7886 7277
f 7888 7889 7887
f 7890 7281 7282
f 7283 7891 7282
f 7282 7891 7890
f 7285 7891 7283
f 7894 7893 7892
f 7892 7895 7894
f 7898 7897 7896
f 7896 7899 7898
f 7902 7901 7900
f 7904 7903 7900
f 7900 7903 7902
f 7906 7905 7904
f 7904 7905 7903
f 7908 7907 7906
f 7906 7907 7905
f 7910 7909 7908
f 7908 7909 7907
f 7912 7911 7910
f 7910 7911 7909
f 7911 7912 7853
f 7912 7852 7853
f 7912 7913 7852
f 7915 7854 7914
f 7854 7913 7914
f 7854 7852 7913
f 7917 7916 7915
f 7916 7854 7915
f 7916 7855 7854
f 7855 7918 7856
f 7855 7916 7918
f 7856 7919 7857
f 7856 7918 7919
f 7858 7857 7920
f 7857 7921 7920
f 7857 7919 7921
f 7923 7922 7921
f 7921 7922 7920
f 7287 7288 7923
f 7288 7922 7923
f 7288 7924 7922
f 7925 7859 7289
f 7859 7924 7289
f 7924 7288 7289
f 7859 7860 7924
f 7925 7290 7257
f 7925 7257 7859
f 7291 7863 7259
f 7291 7294 7863
f 7294 7864 7863
f 7294 7926 7864
f 7928 7927 7297
f 7297 7927 7296
f 7297 7261 7865
f 7929 7297 7865
f 7928 7297 7929
f 7929 7865 7263
f 7298 7929 7263
f 7930 7929 7298
f 7299 7866 7867
f 7930 7299 7867
f 7298 7299 7930
f 7931 7869 7866
f 7299 7931 7866
f 7300 7931 7299
f 7932 7300 7302
f 7932 7931 7300
f 7933 7302 7304
f 7933 7932 7302
f 7305 7870 7871
f 7933 7305 7871
f 7304 7305 7933
f 7305 7874 7870
f 7305 7934 7874
f 7305 7265 7873
f 7934 7305 7873
f 7934 7873 7875
f 7934 7875 7935
f 7935 7876 7877
f 7935 7308 7876
f 7935 7875 7269
f 7308 7935 7269
f 7876 7308 7309
f 7936 7876 7309
f 7880 7876 7936
f 7311 7937 7310
f 7937 7880 7310
f 7880 7936 7310
f 7880 7937 7881
f 7311 7272 7882
f 7311 7882 7937
f 7312 7885 7274
f 7938 7312 7315
f 7938 7885 7312
f 7938 7314 7276
f 7885 7938 7276
f 7938 7278 7314
f 7938 7888 7278
f 7938 7318 7316
f 7888 7938 7316
f 7939 7889 7888
f 7316 7939 7888
f 7319 7939 7316
f 7322 7323 7940
f 7281 7890 7319
f 7941 7319 7890
f 7319 7941 7939
f 7326 7322 7940
f 7942 7941 7891
f 7890 7891 7941
f 7285 7327 7891
f 7327 7943 7891
f 7943 7942 7891
f 7943 7327 7944
f 7943 7944 7893
f 7893 7944 7892
f 7944 7329 7892
f 7329 7330 7892
f 7946 7945 7332
f 7332 7945 7330
f 7945 7895 7330
f 7895 7892 7330
f 7333 7334 7946
f 7334 7945 7946
f 7334 7947 7945
f 7335 7896 7897
f 7947 7335 7897
f 7334 7335 7947
f 7948 7899 7896
f 7335 7948 7896
f 7337 7948 7335
f 7949 7900 7339
f 7900 7948 7339
f 7948 7337 7339
f 7900 7901 7948
f 7949 7342 7341
f 7904 7949 7341
f 7900 7949 7904
f 7904 7341 7344
f 7950 7904 7344
f 7906 7904 7950
f 7950 7345 7346
f 7908 7950 7346
f 7906 7950 7908
f 7908 7346 7347
f 7951 7908 7347
f 7910 7908 7951
f 7951 7349 7350
f 7912 7951 7350
f 7910 7951 7912
f 7912 7350 7351
f 7912 7351 7913
f 7952 7914 7913
f 7351 7952 7913
f 7353 7952 7351
f 7355 7916 7917
f 7952 7355 7917
f 7353 7355 7952
f 7916 7355 7357
f 7916 7357 7918
f 7918 7357 7359
f 7918 7359 7919
f 7919 7359 7361
f 7919 7361 7921
f 7921 7361 7362
f 7921 7362 7923
f 7923 7362 7287
f 7363 7925 7289
f 7925 7363 7290
f 7294 7365 7953
f 7954 7294 7953
f 7926 7294 7954
f 7366 7953 7365
f 7927 7368 7296
f 7955 7368 7927
f 7370 7936 7309
f 7936 7370 7310
f 7371 7938 7315
f 7938 7371 7318
f 7373 7940 7323
f 7940 7373 7326
f 7374 7944 7327
f 7944 7374 7329
f 7375 7946 7332
f 7946 7375 7333
f 7376 7949 7339
f 7949 7376 7342
f 7378 7950 7344
f 7950 7378 7345
f 7379 7951 7347
f 7951 7379 7349
f 7381 7382 7956
f 7953 7957 7954
f 7957 7953 7958
f 7366 7958 7953
f 7958 7366 7959
f 7381 7959 7366
f 7959 7381 7956
f 7955 7958 7959
f 7384 7955 7959
f 7368 7955 7384
f 7386 7956 7382
f 7956 7386 7387
f 7956 7387 7959
f 7959 7387 7384
f 7390 7960 7389
f 7960 7391 7389
f 7963 7962 7961
f 7964 7961 7962
f 7393 7965 7392
f 7966 7394 7392
f 7966 7392 7965
f 7966 7395 7394
f 7968 7967 7398
f 7968 7398 7399
f 7400 7398 7967
f 7400 7967 7969
f 7972 7971 7970
f 7971 7402 7970
f 7971 7401 7402
f 7971 7974 7973
f 7401 7971 7973
f 7973 7404 7401
f 7977 7976 7975
f 7978 7975 7976
f 7409 7979 7408
f 7410 7408 7979
f 7982 7981 7980
f 7983 7982 7980
f 7986 7985 7984
f 7988 7987 7984
f 7988 7984 7985
f 7960 7989 7413
f 7989 7960 7988
f 7390 7988 7960
f 7988 7390 7987
f 7413 7987 7390
f 7987 7413 7989
f 7960 7413 7391
f 7415 7990 7416
f 7991 7963 7961
f 7416 7991 7961
f 7417 7416 7961
f 7991 7416 7990
f 7419 7417 7961
f 7964 7419 7961
f 7992 7419 7964
f 7994 7993 7965
f 7393 7994 7965
f 7420 7994 7393
f 7965 7993 7966
f 7966 7993 7995
f 7995 7997 7996
f 7995 7996 7422
f 7966 7995 7422
f 7395 7966 7422
f 7422 7996 7998
f 7999 7422 7998
f 7423 7422 7999
f 7423 8000 7424
f 7999 8000 7423
f 8002 8001 7426
f 7424 8002 7426
f 8000 8002 7424
f 7428 7427 8001
f 8002 7428 8001
f 8003 7428 8002
f 7429 7428 8003
f 7429 8003 8004
f 8006 8005 7430
f 8006 7430 7431
f 7399 7430 7968
f 7968 7430 8005
f 7969 8007 7400
f 7400 8007 7432
f 7970 7433 7972
f 7433 8007 7972
f 7433 7432 8007
f 7974 8008 7973
f 7433 7970 7402
f 7404 7973 8008
f 8009 7404 8008
f 7435 7404 8009
f 8011 8010 7436
f 8011 7436 7437
f 7436 8012 7438
f 8010 8012 7436
f 7439 7438 8012
f 7439 8012 8013
f 7440 8014 7441
f 8016 8014 8015
f 8016 7441 8014
f 8016 8017 7442
f 7441 8016 7442
f 8016 7445 8017
f 8016 7444 7445
f 8016 8019 8018
f 7444 8016 8018
f 7975 8020 7977
f 8018 7447 7444
f 7447 8018 8021
f 7978 8020 7975
f 7448 7447 8022
f 8021 8022 7447
f 8022 7450 7448
f 7452 8023 7451
f 8023 7453 7451
f 8025 8024 7454
f 8025 7454 7455
f 7454 8024 7409
f 8024 8026 7409
f 8026 7979 7409
f 8026 8024 8027
f 7981 7982 8028
f 8029 7981 8028
f 8026 8029 8028
f 7979 8026 8028
f 7410 7979 8028
f 7456 7410 8028
f 8030 7456 8028
f 7982 8030 8028
f 8031 7458 7459
f 7982 8031 7459
f 8030 7982 7459
f 8031 7982 7983
f 8031 8033 8032
f 7460 8031 8032
f 7458 8031 7460
f 7460 8032 8034
f 8035 7460 8034
f 7461 7460 8035
f 8035 8037 8036
f 7463 8035 8036
f 7461 8035 7463
f 8039 8036 8038
f 8039 7463 8036
f 8039 8040 7465
f 7463 8039 7465
f 7467 7466 8040
f 8039 7467 8040
f 8041 7467 8039
f 7467 8042 7468
f 8041 8042 7467
f 7468 8043 7469
f 8042 8043 7468
f 7984 7470 7986
f 7470 8043 7986
f 7470 7469 8043
f 7470 8044 7471
f 8044 7470 8045
f 7984 8045 7470
f 8045 7984 8046
f 7987 8046 7984
f 7987 7989 8046
f 8048 8044 8047
f 8044 8048 7471
f 7472 7471 8048
f 8048 8050 8049
f 7473 8048 8049
f 7472 8048 7473
f 8049 8051 7473
f 7473 8051 7415
f 8051 8052 7415
f 8052 7990 7415
f 7990 8052 7991
f 7992 8053 7419
f 7419 8053 7474
f 7420 7474 7994
f 7994 7474 8053
f 7997 8054 7996
f 7996 8054 7998
f 8001 7475 7426
f 7476 7475 8055
f 8001 8055 7475
f 8055 8001 8056
f 7427 8056 8001
f 8056 7427 7478
f 7478 7429 8004
f 7478 8004 8056
f 7479 8006 7431
f 7479 8057 8006
f 8009 8058 7435
f 7435 8058 7480
f 7437 7480 8011
f 8011 7480 8058
f 8013 8059 7439
f 7439 8059 7481
f 7481 8059 7440
f 8059 8060 7440
f 8060 8014 7440
f 8060 8059 8061
f 7482 7442 8017
f 8062 8015 8060
f 8014 8060 8015
f 8019 8063 8018
f 7482 8017 7445
f 8018 8063 8021
f 8021 8063 8064
f 8021 8064 8022
f 8022 8064 8065
f 8022 8065 7450
f 8065 7483 7450
f 8065 8066 7483
f 7452 7483 8023
f 7483 8067 8023
f 7483 8066 8067
f 8023 8067 7453
f 8067 7484 7453
f 8067 8068 7484
f 7455 7484 8025
f 8025 7484 8068
f 8027 8069 8026
f 8030 7485 7456
f 8069 8029 8026
f 7485 8030 7459
f 8033 8070 8032
f 8032 8070 8034
f 8037 8071 8036
f 8040 7486 7465
f 8071 8038 8036
f 7486 8040 7466
f 8045 8072 8044
f 8044 8072 8047
f 8050 8073 8049
f 8049 8073 8051
f 8055 7488 7476
f 8074 7488 8055
f 8076 8075 7489
f 8076 7489 7490
f 7479 7489 8057
f 8057 7489 8075
f 8061 8077 8060
f 8060 8077 8062
f 8074 8078 7488
f 7488 8078 7491
f 7493 7491 8078
f 7493 8078 8079
f 7494 8076 7490
f 7494 8080 8076
f 8079 8081 7493
f 7493 8081 7495
f 7496 7495 8081
f 7496 8081 8082
f 8084 8083 7498
f 8084 7498 7499
f 7494 7498 8080
f 8080 7498 8083
f 8082 7500 7496
f 8085 7500 8082
f 7502 8084 7499
f 7502 8086 8084
f 8085 7503 7500
f 8087 7503 8085
f 7505 8086 7502
f 7505 8088 8086
f 8087 7506 7503
f 8089 7506 8087
f 7508 8088 7505
f 7508 8090 8088
f 8089 7511 7506
f 8091 7511 8089
f 7513 8093 8092
f 8090 7513 8092
f 7508 7513 8090
f 8093 8094 8092
f 8091 7516 7511
f 8095 7516 8091
f 7517 8096 8093
f 7517 8093 7513
f 8094 8093 8097
f 8097 8093 8096
f 8095 7520 7516
f 8098 7520 8095
f 7521 8099 8096
f 7521 8096 7517
f 8097 8096 8100
f 8100 8096 8099
f 8098 7522 7520
f 8101 7522 8098
f 7523 8102 8099
f 7523 8099 7521
f 8100 8099 8103
f 8103 8099 8102
f 8106 8105 8104
f 8104 8107 8106
f 8110 8109 8108
f 8108 8111 8110
f 8114 8113 8112
f 8112 8115 8114
f 8101 7524 7522
f 8116 7524 8101
f 7525 8117 8102
f 7525 8102 7523
f 8103 8102 8118
f 8118 8102 8117
f 8105 8119 8104
f 8122 8121 8120
f 8104 8119 8107
f 8123 8108 8109
f 8121 8124 8120
f 8123 8125 8108
f 8125 8126 8108
f 8127 8111 8108
f 8127 8108 8126
f 8129 8128 8126
f 8126 8128 8127
f 8131 8130 8129
f 8129 8130 8128
f 8131 8132 8130
f 8135 8134 8133
f 8137 8136 8133
f 8133 8136 8135
f 8139 8138 8137
f 8137 8138 8136
f 8139 8140 8138
f 8143 8142 8141
f 8145 8144 8141
f 8141 8144 8143
f 8145 8146 8144
f 8113 8147 8112
f 8150 8149 8148
f 8112 8147 8115
f 8149 8151 8148
f 8116 7526 7524
f 8152 7526 8116
f 7527 8153 8117
f 7527 8117 7525
f 8118 8117 8154
f 8154 8117 8153
f 8122 8155 8121
f 8158 8157 8156
f 8121 8155 8124
f 8160 8159 8157
f 8159 8126 8157
f 8125 8156 8157
f 8125 8157 8126
f 8126 8159 8129
f 8129 8159 8161
f 8129 8161 8131
f 8131 8161 8162
f 8165 8164 8163
f 8131 8162 8132
f 8167 8166 8164
f 8164 8166 8163
f 8167 8168 8166
f 8171 8170 8169
f 8169 8172 8171
f 8175 8174 8173
f 8175 8173 8134
f 8173 8133 8134
f 8173 8176 8133
f 8133 8177 8137
f 8133 8176 8177
f 8137 8178 8139
f 8137 8177 8178
f 8140 8139 8179
f 8139 8180 8179
f 8139 8178 8180
f 8179 8180 8142
f 8180 8141 8142
f 8180 8181 8141
f 8183 8145 8182
f 8145 8181 8182
f 8145 8141 8181
f 8145 8183 8146
f 8186 8185 8184
f 8184 8187 8186
f 8150 8188 8149
f 8191 8190 8189
f 8149 8188 8151
f 8190 8192 8189
f 8152 7528 7526
f 8193 7528 8152
f 7529 8153 7527
f 7529 7531 8153
f 7531 8154 8153
f 7531 8194 8154
f 8197 8196 8195
f 8198 8157 8158
f 8195 8199 8197
f 8198 8200 8157
f 8200 8201 8157
f 8202 8160 8157
f 8202 8157 8201
f 8204 8203 8201
f 8201 8203 8202
f 8206 8205 8204
f 8204 8205 8203
f 8205 8206 8165
f 8206 8164 8165
f 8206 8207 8164
f 8164 8208 8167
f 8164 8207 8208
f 8168 8167 8209
f 8167 8210 8209
f 8167 8208 8210
f 8212 8211 8210
f 8211 8169 8210
f 8170 8209 8210
f 8170 8210 8169
f 8211 8213 8169
f 8213 8214 8169
f 8215 8172 8169
f 8215 8169 8214
f 8215 8214 8174
f 8214 8173 8174
f 8214 8216 8173
f 8173 8217 8176
f 8173 8216 8217
f 8176 8218 8177
f 8176 8217 8218
f 8220 8178 8219
f 8178 8218 8219
f 8178 8177 8218
f 8222 8221 8220
f 8221 8178 8220
f 8221 8180 8178
f 8180 8223 8181
f 8180 8221 8223
f 8182 8181 8224
f 8181 8225 8224
f 8181 8223 8225
f 8227 8226 8225
f 8225 8226 8224
f 8226 8227 8185
f 8227 8184 8185
f 8227 8228 8184
f 8187 8184 8229
f 8229 8184 8228
f 8232 8231 8230
f 8232 8230 8191
f 8230 8190 8191
f 8230 8233 8190
f 8192 8190 8234
f 8234 8190 8233
f 8236 8235 7534
f 7534 8235 7533
f 7534 7528 8193
f 7534 8193 8236
f 7536 8194 7531
f 7536 8237 8194
f 8240 8239 8238
f 8242 8241 8238
f 8241 8195 8238
f 8196 8240 8238
f 8196 8238 8195
f 8245 8244 8243
f 8195 8241 8199
f 8243 8244 8200
f 8244 8201 8200
f 8244 8246 8201
f 8201 8247 8204
f 8201 8246 8247
f 8204 8248 8206
f 8204 8247 8248
f 8206 8249 8207
f 8206 8248 8249
f 8207 8250 8208
f 8207 8249 8250
f 8252 8210 8251
f 8210 8250 8251
f 8210 8208 8250
f 8252 8253 8210
f 8253 8254 8210
f 8255 8212 8210
f 8255 8210 8254
f 8255 8254 8213
f 8254 8214 8213
f 8254 8256 8214
f 8214 8257 8216
f 8214 8256 8257
f 8216 8258 8217
f 8216 8257 8258
f 8217 8259 8218
f 8217 8258 8259
f 8219 8218 8260
f 8218 8261 8260
f 8218 8259 8261
f 8260 8261 8222
f 8261 8221 8222
f 8261 8262 8221
f 8221 8263 8223
f 8221 8262 8263
f 8265 8225 8264
f 8225 8263 8264
f 8225 8223 8263
f 8267 8266 8265
f 8266 8225 8265
f 8266 8227 8225
f 8227 8268 8228
f 8227 8266 8268
f 8229 8228 8269
f 8228 8270 8269
f 8228 8268 8270
f 8269 8270 8231
f 8270 8230 8231
f 8270 8271 8230
f 8230 8272 8233
f 8230 8271 8272
f 8234 8233 8273
f 8233 8274 8273
f 8233 8272 8274
f 8276 8275 8274
f 8274 8275 8273
f 8276 8277 8275
f 8235 8278 7533
f 7533 8278 7537
f 7538 7537 8278
f 7538 8278 8279
f 7540 8237 7536
f 7540 8280 8237
f 8283 8282 8281
f 8283 8281 8239
f 8281 8238 8239
f 8281 8284 8238
f 8242 8238 8285
f 8238 8286 8285
f 8238 8284 8286
f 8288 8287 8286
f 8287 8244 8286
f 8245 8285 8286
f 8245 8286 8244
f 8290 8289 8287
f 8289 8244 8287
f 8289 8246 8244
f 8246 8291 8247
f 8246 8289 8291
f 8247 8292 8248
f 8247 8291 8292
f 8248 8293 8249
f 8248 8292 8293
f 8293 7542 7543
f 8250 8293 7543
f 8249 8293 8250
f 8295 8294 7544
f 7544 8294 7543
f 8294 8251 7543
f 8251 8250 7543
f 8294 8295 8253
f 8253 8295 8254
f 8295 7546 8254
f 7546 7547 8254
f 8254 7547 7548
f 8296 8254 7548
f 8256 8254 8296
f 8256 8297 8257
f 8256 8296 8297
f 8257 8298 8258
f 8257 8297 8298
f 8258 8299 8259
f 8258 8298 8299
f 8259 8300 8261
f 8259 8299 8300
f 8261 8301 8262
f 8261 8300 8301
f 8303 8263 8302
f 8263 8301 8302
f 8263 8262 8301
f 8306 8305 8304
f 8263 8303 8264
f 8304 8305 8267
f 8305 8266 8267
f 8305 8307 8266
f 8266 8308 8268
f 8266 8307 8308
f 8268 8309 8270
f 8268 8308 8309
f 8270 8310 8271
f 8270 8309 8310
f 8271 8311 8272
f 8271 8310 8311
f 8272 8312 8274
f 8272 8311 8312
f 8314 8276 8313
f 8276 8312 8313
f 8276 8274 8312
f 8276 8314 8277
f 8279 7549 7538
f 8315 7549 8279
f 7551 8280 7540
f 7551 8316 8280
f 8319 8318 8317
f 8317 8320 8319
f 8323 8322 8321
f 8323 8321 8282
f 8321 8281 8282
f 8321 8324 8281
f 8281 8325 8284
f 8281 8324 8325
f 8284 8326 8286
f 8284 8325 8326
f 8288 8286 8327
f 8286 8328 8327
f 8286 8326 8328
f 8327 8328 8290
f 8328 8289 8290
f 8328 8329 8289
f 8289 8330 8291
f 8289 8329 8330
f 8291 8331 8292
f 8291 8330 8331
f 8292 8332 8293
f 8292 8331 8332
f 8333 7552 7542
f 8293 8333 7542
f 8332 8333 8293
f 8295 7544 7552
f 8333 8295 7552
f 8334 8295 8333
f 8335 7553 7546
f 8295 8335 7546
f 8334 8335 8295
f 8296 7548 7553
f 8335 8296 7553
f 8336 8296 8335
f 8296 8337 8297
f 8296 8336 8337
f 8297 8338 8298
f 8297 8337 8338
f 8298 8339 8299
f 8298 8338 8339
f 8299 8340 8300
f 8299 8339 8340
f 8300 8341 8301
f 8300 8340 8341
f 8302 8301 8342
f 8301 8343 8342
f 8301 8341 8343
f 8342 8343 8306
f 8343 8305 8306
f 8343 8344 8305
f 8305 8345 8307
f 8305 8344 8345
f 8347 8308 8346
f 8308 8345 8346
f 8308 8307 8345
f 8349 8348 8347
f 8348 8308 8347
f 8348 8309 8308
f 8309 8350 8310
f 8309 8348 8350
f 8310 8351 8311
f 8310 8350 8351
f 8311 8352 8312
f 8311 8351 8352
f 8313 8312 8353
f 8312 8354 8353
f 8312 8352 8354
f 8354 8355 8353
f 8358 8357 8356
f 8315 8358 8356
f 7554 8315 8356
f 7549 8315 7554
f 7555 8316 7551
f 7555 8359 8316
f 8318 8360 8317
f 8363 8362 8361
f 8317 8360 8320
f 8364 8321 8322
f 8362 8365 8361
f 8367 8366 8364
f 8366 8321 8364
f 8366 8324 8321
f 8324 8368 8325
f 8324 8366 8368
f 8325 8369 8326
f 8325 8368 8369
f 8326 8370 8328
f 8326 8369 8370
f 8328 8371 8329
f 8328 8370 8371
f 8329 8372 8330
f 8329 8371 8372
f 8330 8373 8331
f 8330 8372 8373
f 8331 8374 8332
f 8331 8373 8374
f 8332 8375 8333
f 8332 8374 8375
f 8333 8376 8334
f 8333 8375 8376
f 8334 8377 8335
f 8334 8376 8377
f 8335 8378 8336
f 8335 8377 8378
f 8378 7557 7558
f 8337 8378 7558
f 8336 8378 8337
f 8337 7558 7559
f 8379 8337 7559
f 8338 8337 8379
f 8338 8380 8339
f 8338 8379 8380
f 8339 8381 8340
f 8339 8380 8381
f 8340 8382 8341
f 8340 8381 8382
f 8341 8383 8343
f 8341 8382 8383
f 8343 8384 8344
f 8343 8383 8384
f 8344 8385 8345
f 8344 8384 8385
f 8346 8345 8386
f 8345 8387 8386
f 8345 8385 8387
f 8386 8387 8349
f 8387 8348 8349
f 8387 8388 8348
f 8348 8389 8350
f 8348 8388 8389
f 8350 8390 8351
f 8350 8389 8390
f 8351 8391 8352
f 8351 8390 8391
f 8352 8392 8354
f 8352 8391 8392
f 8355 8354 8393
f 8393 8354 8392
f 8357 8394 8356
f 7554 8356 8394
f 8395 7554 8394
f 7560 7554 8395
f 7561 8359 7555
f 7561 8396 8359
f 8399 8398 8397
f 8401 8400 8397
f 8397 8400 8399
f 8400 8401 8363
f 8401 8362 8363
f 8401 8402 8362
f 8365 8362 8403
f 8362 8404 8403
f 8362 8402 8404
f 8403 8404 8367
f 8404 8366 8367
f 8404 8405 8366
f 8366 8406 8368
f 8366 8405 8406
f 8368 8407 8369
f 8368 8406 8407
f 8369 8408 8370
f 8369 8407 8408
f 8370 8409 8371
f 8370 8408 8409
f 8371 8410 8372
f 8371 8409 8410
f 8372 8411 8373
f 8372 8410 8411
f 8373 8412 8374
f 8373 8411 8412
f 8374 8413 8375
f 8374 8412 8413
f 8375 8414 8376
f 8375 8413 8414
f 8376 8415 8377
f 8376 8414 8415
f 8377 8416 8378
f 8377 8415 8416
f 8416 7563 7557
f 8416 7557 8378
f 7564 8417 8379
f 7564 8379 7559
f 8379 8418 8380
f 8379 8417 8418
f 8418 7566 7567
f 8381 8418 7567
f 8380 8418 8381
f 8381 7567 7568
f 8419 8381 7568
f 8382 8381 8419
f 8382 8420 8383
f 8382 8419 8420
f 8383 8421 8384
f 8383 8420 8421
f 8384 8422 8385
f 8384 8421 8422
f 8385 8423 8387
f 8385 8422 8423
f 8387 8424 8388
f 8387 8423 8424
f 8388 8425 8389
f 8388 8424 8425
f 8389 8426 8390
f 8389 8425 8426
f 8428 8391 8427
f 8391 8426 8427
f 8391 8390 8426
f 8391 8428 8392
f 8392 8428 8429
f 8392 8429 8393
f 8431 8430 7571
f 7571 8430 7570
f 7571 7560 8395
f 7571 8395 8431
f 7572 8396 7561
f 7572 8432 8396
f 8435 8434 8433
f 8433 8436 8435
f 8439 8438 8437
f 8437 8440 8439
f 8397 8398 8441
f 8441 8398 8442
f 8397 8443 8401
f 8397 8441 8443
f 8401 8444 8402
f 8401 8443 8444
f 8402 8445 8404
f 8402 8444 8445
f 8404 8446 8405
f 8404 8445 8446
f 8446 7574 7575
f 8406 8446 7575
f 8405 8446 8406
f 8406 7575 7576
f 8447 8406 7576
f 8407 8406 8447
f 8407 8448 8408
f 8407 8447 8448
f 8408 8449 8409
f 8408 8448 8449
f 8409 8450 8410
f 8409 8449 8450
f 8410 8451 8411
f 8410 8450 8451
f 8411 8452 8412
f 8411 8451 8452
f 8452 7578 7579
f 8413 8452 7579
f 8412 8452 8413
f 8413 7579 7580
f 8413 7580 8414
f 8414 7580 7582
f 8414 7582 8415
f 8415 7582 7584
f 8453 8415 7584
f 8416 8415 8453
f 8453 7586 7563
f 8453 7563 8416
f 7587 8417 7564
f 8417 7587 7589
f 8454 8417 7589
f 8418 8417 8454
f 8454 7591 7566
f 8454 7566 8418
f 7592 8419 7568
f 8419 7592 7594
f 8455 8419 7594
f 8420 8419 8455
f 8420 8456 8421
f 8420 8455 8456
f 8421 8457 8422
f 8421 8456 8457
f 8457 7596 7597
f 8423 8457 7597
f 8422 8457 8423
f 8423 7597 7598
f 8423 7598 8424
f 8424 7598 7600
f 8424 7600 8425
f 8425 7600 7602
f 8458 8425 7602
f 8426 8425 8458
f 8427 8426 8459
f 8426 8460 8459
f 8426 8458 8460
f 8460 8461 8459
f 8464 8463 8462
f 7603 8466 8465
f 8466 7603 8462
f 7570 8462 7603
f 8462 7570 8464
f 8430 8464 7570
f 7604 7603 8465
f 7604 8465 8467
f 7605 8432 7572
f 7605 8468 8432
f 8434 8469 8433
f 8469 8470 8433
f 8470 8471 8433
f 8472 8436 8433
f 8472 8433 8471
f 8474 8473 8471
f 8471 8473 8472
f 8473 8474 8438
f 8474 8437 8438
f 8474 8475 8437
f 8440 8437 8476
f 8437 8477 8476
f 8437 8475 8477
f 8479 8478 8477
f 8478 8441 8477
f 8442 8476 8477
f 8442 8477 8441
f 8481 8480 8478
f 8480 8441 8478
f 8480 8443 8441
f 8480 7607 7608
f 8444 8480 7608
f 8443 8480 8444
f 8444 7608 7609
f 8482 8444 7609
f 8445 8444 8482
f 8445 8483 8446
f 8445 8482 8483
f 8484 7610 7574
f 8446 8484 7574
f 8483 8484 8446
f 8447 7576 7610
f 8484 8447 7610
f 8485 8447 8484
f 8485 7612 7613
f 8448 8485 7613
f 8447 8485 8448
f 8448 7613 7614
f 8448 7614 8449
f 8449 7614 7616
f 8486 8449 7616
f 8450 8449 8486
f 8450 8487 8451
f 8450 8486 8487
f 8487 7618 7619
f 8452 8487 7619
f 8451 8487 8452
f 8452 7619 7578
f 7623 8488 8453
f 7623 8453 7584
f 8489 7624 7586
f 8453 8489 7586
f 8488 8489 8453
f 8490 7625 7624
f 8490 7624 8489
f 8454 7589 7625
f 8490 8454 7625
f 8491 8454 8490
f 8492 7626 7591
f 8454 8492 7591
f 8491 8492 8454
f 8493 7627 7626
f 8493 7626 8492
f 8455 7594 7627
f 8493 8455 7627
f 8494 8455 8493
f 8455 8495 8456
f 8455 8494 8495
f 8456 8496 8457
f 8456 8495 8496
f 8496 7629 7596
f 8496 7596 8457
f 7632 8497 8458
f 7632 8458 7602
f 8458 8498 8460
f 8458 8497 8498
f 8461 8460 8499
f 8460 8500 8499
f 8460 8498 8500
f 8499 8500 8463
f 8500 8462 8463
f 8500 8501 8462
f 8466 8462 8502
f 8502 8462 8501
f 8467 7633 7604
f 8503 7633 8467
f 7634 8468 7605
f 7634 8504 8468
f 8471 8470 8505
f 8505 8470 8506
f 8508 8474 8507
f 8474 8505 8507
f 8474 8471 8505
f 8510 8509 8508
f 8509 8474 8508
f 8509 8475 8474
f 8475 8511 8477
f 8475 8509 8511
f 7637 8512 7636
f 8512 8477 7636
f 8477 8511 7636
f 8477 8512 8479
f 7638 8480 8481
f 8512 7638 8481
f 7637 7638 8512
f 7607 8480 7638
f 7640 7641 8513
f 8482 7609 7640
f 8513 8482 7640
f 8514 8482 8513
f 8482 8515 8483
f 8482 8514 8515
f 8515 7643 7644
f 8484 8515 7644
f 8483 8515 8484
f 8484 7644 7645
f 8516 8484 7645
f 8485 8484 8516
f 8516 7647 7612
f 8516 7612 8485
f 7648 8517 7649
f 8517 7616 7649
f 8517 8486 7616
f 8517 7652 7650
f 8486 8517 7650
f 8486 7650 7653
f 8486 7653 8487
f 8487 7653 7618
f 7659 8518 8488
f 7659 8488 7623
f 8518 7661 7662
f 8489 8518 7662
f 8488 8518 8489
f 8489 7662 7663
f 8489 7663 8490
f 8490 7663 7665
f 8490 7665 8491
f 8491 7665 7667
f 8491 7667 8492
f 8492 7667 7669
f 8519 8492 7669
f 8493 8492 8519
f 8519 7671 7672
f 8494 8519 7672
f 8493 8519 8494
f 8494 7672 7673
f 8494 7673 8495
f 8495 7673 7675
f 8495 7675 8496
f 8496 7675 7629
f 7680 8497 7632
f 8497 7680 7682
f 8520 8497 7682
f 8498 8497 8520
f 8498 8521 8500
f 8498 8520 8521
f 8523 8501 8522
f 8501 8521 8522
f 8501 8500 8521
f 8526 8525 8524
f 8501 8523 8502
f 8503 8524 8525
f 7683 8503 8525
f 7633 8503 7683
f 7684 8504 7634
f 7684 8527 8504
f 8530 8529 8528
f 8532 8531 8528
f 8531 8505 8528
f 8506 8530 8528
f 8506 8528 8505
f 8531 8533 8505
f 8533 8534 8505
f 8535 8507 8505
f 8535 8505 8534
f 8535 8534 8510
f 8534 8509 8510
f 8534 8536 8509
f 8536 7686 7687
f 8511 8536 7687
f 8509 8536 8511
f 8537 7687 7689
f 8537 8511 7687
f 8537 7688 7636
f 8511 8537 7636
f 8537 7691 7688
f 7692 8538 8513
f 7692 8513 7641
f 8513 8539 8514
f 8513 8538 8539
f 8514 8540 8515
f 8514 8539 8540
f 8540 7694 7643
f 8540 7643 8515
f 7695 8541 8516
f 7695 8516 7645
f 8542 7696 7647
f 8516 8542 7647
f 8541 8542 8516
f 8517 7648 7696
f 8542 8517 7696
f 8543 8517 8542
f 8543 7698 7652
f 8543 7652 8517
f 7704 8518 7659
f 8544 7704 7707
f 8544 8518 7704
f 8544 7706 7661
f 8518 8544 7661
f 8545 7708 7706
f 8545 7706 8544
f 8545 7710 7708
f 7711 8546 7712
f 8519 7669 7712
f 8546 8519 7712
f 8547 8519 8546
f 8547 7714 7671
f 8547 7671 8519
f 7716 8548 7717
f 8548 7719 7717
f 7723 8549 8520
f 7723 8520 7682
f 8520 8550 8521
f 8520 8549 8550
f 8522 8521 8551
f 8521 8552 8551
f 8521 8550 8552
f 8551 8552 8526
f 8552 8525 8526
f 8552 8553 8525
f 8553 7724 7683
f 8553 7683 8525
f 7725 8555 8554
f 8527 7725 8554
f 7684 7725 8527
f 8555 8556 8554
f 8559 8558 8557
f 8559 8557 8529
f 8557 8528 8529
f 8557 8560 8528
f 8532 8528 8561
f 8561 8528 8560
f 8534 8533 8562
f 8562 8533 8563
f 8534 8564 8536
f 8534 8562 8564
f 8565 7726 7686
f 8536 8565 7686
f 8564 8565 8536
f 7729 8537 7689
f 7727 7726 8565
f 8537 7729 7691
f 7731 8566 8538
f 7731 8538 7692
f 8538 8567 8539
f 8538 8566 8567
f 8539 8568 8540
f 8539 8567 8568
f 8569 7732 7694
f 8540 8569 7694
f 8568 8569 8540
f 7735 8541 7695
f 7733 7732 8569
f 8541 7735 7736
f 8541 7736 8542
f 8542 7736 7738
f 8542 7738 8543
f 8543 7738 7698
f 7746 8544 7707
f 8544 7746 7748
f 8544 7748 8545
f 7710 8545 7748
f 7750 7751 8570
f 8570 7711 7750
f 8570 8546 7711
f 8570 7754 7752
f 8546 8570 7752
f 8546 7752 7755
f 8546 7755 8547
f 8547 7755 7714
f 7758 8571 7759
f 7762 8548 7716
f 7760 7759 8571
f 8548 7762 7719
f 7766 8572 7767
f 8549 7723 7767
f 8572 8549 7767
f 8573 8549 8572
f 8549 8574 8550
f 8549 8573 8574
f 8550 8575 8552
f 8550 8574 8575
f 8552 8576 8553
f 8552 8575 8576
f 8576 7768 7724
f 8576 7724 8553
f 7769 8577 8555
f 7769 8555 7725
f 8556 8555 8578
f 8578 8555 8577
f 8558 8579 8557
f 8581 8580 8579
f 8580 8557 8579
f 8580 8560 8557
f 8561 8560 8582
f 8560 8583 8582
f 8560 8580 8583
f 8582 8583 8563
f 8583 8562 8563
f 8583 8584 8562
f 8562 8585 8564
f 8562 8584 8585
f 8564 8586 8565
f 8564 8585 8586
f 8587 7770 7727
f 8565 8587 7727
f 8586 8587 8565
f 8588 7771 7770
f 8588 7770 8587
f 8566 7731 7771
f 8588 8566 7771
f 8589 8566 8588
f 8566 8590 8567
f 8566 8589 8590
f 8567 8591 8568
f 8567 8590 8591
f 8568 8592 8569
f 8568 8591 8592
f 8593 7772 7733
f 8569 8593 7733
f 8592 8593 8569
f 8594 7773 7772
f 8594 7772 8593
f 8595 7774 7773
f 8595 7773 8594
f 8596 7775 7774
f 8596 7774 8595
f 8596 7777 7775
f 7778 8597 7779
f 8597 7781 7779
f 7787 8570 7751
f 8570 7787 7754
f 7792 8571 7758
f 8571 7792 7760
f 7795 8598 7796
f 8598 7798 7796
f 7800 8572 7766
f 8572 7800 7802
f 8572 7802 8573
f 8573 7802 7804
f 8573 7804 8574
f 8574 7804 7806
f 8599 8574 7806
f 8575 8574 8599
f 8575 8600 8576
f 8575 8599 8600
f 8600 7807 7768
f 8600 7768 8576
f 8602 8601 8577
f 7769 8602 8577
f 7808 8602 7769
f 8577 8601 8578
f 8581 8603 8580
f 8580 8603 8583
f 8583 8603 8604
f 8583 8604 8584
f 8584 8604 8605
f 8584 8605 8585
f 8585 8605 8606
f 8585 8606 8586
f 8586 8606 8607
f 8586 8607 8587
f 8587 8607 8608
f 8587 8608 8588
f 8588 8608 8609
f 8588 8609 8589
f 8589 8609 8610
f 8589 8610 8590
f 8590 8610 8611
f 8590 8611 8591
f 8591 8611 8612
f 8591 8612 8592
f 8592 8612 8613
f 8592 8613 8593
f 8593 8613 8614
f 8593 8614 8594
f 8594 8614 8615
f 8594 8615 8595
f 8595 8615 8616
f 8595 8616 8596
f 8596 8616 8617
f 8596 8617 7777
f 8617 7809 7777
f 8617 8618 7809
f 7778 7809 8597
f 7809 8619 8597
f 7809 8618 8619
f 8597 8619 7781
f 8619 7810 7781
f 8619 8620 7810
f 7810 8621 7811
f 8620 8621 7810
f 7811 8622 7812
f 8621 8622 7811
f 7812 8623 7813
f 8622 8623 7812
f 7813 8624 7814
f 8623 8624 7813
f 7814 8625 7815
f 8624 8625 7814
f 7815 8626 7816
f 8625 8626 7815
f 7816 8627 7817
f 8626 8627 7816
f 7817 8628 7818
f 8627 8628 7817
f 7818 8629 7819
f 8628 8629 7818
f 8629 8631 8630
f 7820 8629 8630
f 7819 8629 7820
f 7820 8630 8632
f 8633 7820 8632
f 7821 7820 8633
f 7821 8633 7795
f 8633 8634 7795
f 8634 8598 7795
f 8634 8633 8635
f 8598 8634 7798
f 8634 8636 7798
f 8636 7822 7798
f 8634 8637 8636
f 8636 8639 8638
f 7823 8636 8638
f 7822 8636 7823
f 8640 7824 7823
f 8640 7823 8638
f 8641 7825 7824
f 8641 7824 8640
f 8642 7826 7825
f 8642 7825 8641
f 8642 8643 7826
f 7826 8643 7806
f 8643 8644 7806
f 8644 8599 7806
f 8646 8645 8644
f 8645 8599 8644
f 8645 8600 8599
f 8645 7827 7807
f 8645 7807 8600
f 8648 8647 7828
f 8648 7828 7829
f 7808 7828 8602
f 8602 7828 8647
f 8631 8649 8630
f 8630 8649 8632
f 8635 8650 8634
f 8634 8650 8637
f 8639 8651 8638
f 8638 8651 8640
f 8640 8651 8652
f 8640 8652 8641
f 8641 8652 8653
f 8641 8653 8642
f 8642 8653 8654
f 8642 8654 8643
f 8645 8646 8655
f 8655 8646 8656
f 8655 7830 7827
f 8655 7827 8645
f 8658 8657 7831
f 8658 7831 7832
f 7829 7831 8648
f 8648 7831 8657
f 8655 8656 8659
f 8659 8656 8660
f 8659 7833 7830
f 8659 7830 8655
f 7834 8658 7832
f 7834 8661 8658
f 8664 8663 8662
f 8666 8665 8662
f 8662 8665 8664
f 8666 8667 8665
f 8669 8668 7837
f 7837 8668 7836
f 8670 7837 7838
f 8670 8669 7837
f 8671 7838 7840
f 8671 8670 7838
f 8672 7840 7842
f 8672 8671 7840
f 8673 7842 7844
f 8673 8672 7842
f 7844 7846 8673
f 8673 7846 8674
f 8659 8660 7849
f 8660 7848 7849
f 8660 8675 7848
f 8659 7849 7833
f 8676 8661 7834
f 8676 7834 7850
f 7850 7851 8676
f 8676 7851 8677
f 8663 8678 8662
f 8680 8679 8678
f 8679 8662 8678
f 8679 8666 8662
f 8667 8666 8681
f 8666 8682 8681
f 8666 8679 8682
f 8682 8683 8681
f 8686 8685 8684
f 8684 8687 8686
f 8690 8689 8688
f 8688 8691 8690
f 8694 8693 8692
f 8696 8695 8692
f 8692 8695 8694
f 8698 8697 8696
f 8696 8697 8695
f 8700 8699 8698
f 8698 8699 8697
f 8702 8701 8700
f 8700 8701 8699
f 8704 8703 8702
f 8702 8703 8701
f 8706 8705 8704
f 8704 8705 8703
f 8708 8707 8706
f 8706 8707 8705
f 8710 8709 8708
f 8708 8709 8707
f 8712 8711 8710
f 8710 8711 8709
f 8668 8711 8712
f 7853 8668 8712
f 7836 8668 7853
f 7858 8714 8713
f 8674 7858 8713
f 7846 7858 8674
f 8716 8715 8714
f 8714 8715 8713
f 8718 8717 8716
f 8716 8717 8715
f 8675 8717 8718
f 7860 8675 8718
f 7848 8675 7860
f 7851 7861 8719
f 8720 7851 8719
f 8677 7851 8720
f 7862 8721 7861
f 7861 8721 8719
f 7864 8721 7862
f 8724 8723 8722
f 8726 8725 8722
f 8722 8725 8724
f 8728 8727 8726
f 8726 8727 8725
f 7867 7868 8728
f 7868 8727 8728
f 7868 8729 8727
f 8731 8730 7869
f 8730 7868 7869
f 8730 8729 7868
f 8733 8732 8731
f 8731 8732 8730
f 8735 8734 8733
f 8733 8734 8732
f 7871 7872 8735
f 7872 8734 8735
f 7872 8736 8734
f 8737 8679 7874
f 8679 8736 7874
f 8736 7872 7874
f 8679 8680 8736
f 8679 8738 8682
f 8679 8737 8738
f 7878 8739 7877
f 8739 8682 7877
f 8682 8738 7877
f 8682 8739 8683
f 7879 8684 8685
f 8739 7879 8685
f 7878 7879 8739
f 8741 8740 7881
f 7881 8740 7879
f 8740 8687 7879
f 8687 8684 7879
f 7882 7883 8741
f 7883 8740 8741
f 7883 8742 8740
f 7884 8688 8689
f 8742 7884 8689
f 7883 7884 8742
f 8743 8691 8688
f 7884 8743 8688
f 7886 8743 7884
f 8744 7886 7887
f 8744 8743 7886
f 8746 8745 7889
f 8745 7887 7889
f 8745 8744 7887
f 8748 8747 8746
f 8746 8747 8745
f 8750 8749 8748
f 8748 8749 8747
f 8752 8751 8750
f 8750 8751 8749
f 7893 7894 8752
f 7894 8751 8752
f 7894 8753 8751
f 8754 8692 7895
f 8692 8753 7895
f 8753 7894 7895
f 8692 8693 8753
f 8692 8755 8696
f 8692 8754 8755
f 8755 7897 7898
f 8698 8755 7898
f 8696 8755 8698
f 8698 7898 7899
f 8756 8698 7899
f 8700 8698 8756
f 8756 7901 7902
f 8702 8756 7902
f 8700 8756 8702
f 8702 7902 7903
f 8702 7903 8704
f 8704 7903 7905
f 8704 7905 8706
f 8706 7905 7907
f 8706 7907 8708
f 8708 7907 7909
f 8708 7909 8710
f 8710 7909 7911
f 8710 7911 8712
f 8712 7911 7853
f 7914 8757 7915
f 8757 7917 7915
f 7920 8714 7858
f 8714 7920 7922
f 8714 7922 8716
f 8716 7922 7924
f 8716 7924 8718
f 8718 7924 7860
f 8758 8720 8719
f 8760 8759 8758
f 8719 8760 8758
f 8721 8760 8719
f 8763 8762 8761
f 7864 7926 8721
f 8760 8721 7926
f 8761 8764 8763
f 8722 8723 7928
f 8723 7927 7928
f 8723 8765 7927
f 8722 7928 7929
f 8722 7929 8726
f 8726 7929 7930
f 8726 7930 8728
f 8728 7930 7867
f 7931 8731 7869
f 8731 7931 7932
f 8731 7932 8733
f 8733 7932 7933
f 8733 7933 8735
f 8735 7933 7871
f 7934 8737 7874
f 8737 7934 7935
f 8737 7935 8738
f 8738 7935 7877
f 7937 8741 7881
f 8741 7937 7882
f 7939 8746 7889
f 8746 7939 7941
f 8746 7941 8748
f 8748 7941 7942
f 8748 7942 8750
f 8750 7942 7943
f 8750 7943 8752
f 8752 7943 7893
f 7945 8754 7895
f 8754 7945 7947
f 8754 7947 8755
f 8755 7947 7897
f 7948 8756 7899
f 8756 7948 7901
f 7952 8757 7914
f 8757 7952 7917
f 8766 8759 8760
f 7954 8760 7926
f 8760 7954 8766
f 8767 8766 7954
f 8766 8767 8762
f 8761 8762 8767
f 8764 8761 8768
f 8761 8769 8768
f 8761 8767 8769
f 8765 8768 8769
f 7955 8765 8769
f 7927 8765 7955
f 7957 8767 7954
f 8767 7957 7958
f 8767 7958 8769
f 8769 7958 7955
f 7963 8770 7962
f 8770 7964 7962
f 7968 8771 7967
f 8771 7969 7967
f 7972 8772 7971
f 8772 7974 7971
f 7977 8773 7976
f 8773 7978 7976
f 7981 8774 7980
f 8774 7983 7980
f 8777 8776 8775
f 8778 7985 7986
f 8779 8775 8776
f 8780 7988 7985
f 8780 7985 8778
f 8780 7989 7988
f 8783 8782 8781
f 8782 8784 8770
f 7991 8782 8770
f 7963 7991 8770
f 8781 8782 7991
f 7964 8770 8784
f 8785 7964 8784
f 7992 7964 8785
f 7994 8786 7993
f 8787 7995 7993
f 8787 7993 8786
f 8789 8787 8788
f 8789 7995 8787
f 8789 8790 7997
f 7995 8789 7997
f 7999 7998 8790
f 8789 7999 8790
f 8791 7999 8789
f 7999 8792 8000
f 8791 8792 7999
f 8000 8793 8002
f 8792 8793 8000
f 8793 8795 8794
f 8003 8793 8794
f 8002 8793 8003
f 8794 8004 8003
f 8006 8796 8005
f 8796 8797 8005
f 8005 8797 7968
f 8797 8798 7968
f 8798 8771 7968
f 8771 8798 7969
f 8798 8007 7969
f 8798 8799 8007
f 8007 8799 7972
f 8799 8800 7972
f 8800 8772 7972
f 8800 8799 8801
f 8802 8008 7974
f 8772 8802 7974
f 8800 8802 8772
f 8009 8008 8802
f 8805 8804 8803
f 8806 8010 8011
f 8807 8805 8803
f 8808 8012 8010
f 8808 8010 8806
f 8810 8808 8809
f 8810 8012 8808
f 8810 8811 8013
f 8012 8810 8013
f 8812 8811 8810
f 8015 8813 8016
f 8019 8016 8813
f 8816 8815 8814
f 7977 8020 8773
f 8816 8814 8817
f 8773 8818 7978
f 8818 8773 8819
f 8020 8819 8773
f 8819 8020 8820
f 7978 8820 8020
f 8820 7978 8818
f 8821 8820 8818
f 8823 8822 8024
f 8823 8024 8025
f 8825 8824 8027
f 8024 8825 8027
f 8822 8825 8024
f 8825 8826 8774
f 8029 8825 8774
f 7981 8029 8774
f 8824 8825 8029
f 8826 8828 8827
f 8826 8827 8031
f 8774 8826 8031
f 7983 8774 8031
f 8033 8031 8827
f 8831 8830 8829
f 8035 8034 8831
f 8829 8035 8831
f 8832 8035 8829
f 8834 8833 8037
f 8035 8834 8037
f 8832 8834 8035
f 8834 8038 8833
f 8834 8039 8038
f 8834 8836 8835
f 8039 8834 8835
f 8039 8835 8837
f 8838 8039 8837
f 8041 8039 8838
f 8838 8840 8839
f 8042 8838 8839
f 8041 8838 8042
f 8841 8777 8775
f 8042 8841 8775
f 8043 8042 8775
f 8841 8042 8839
f 8775 8779 8043
f 8779 8842 8043
f 8778 7986 8043
f 8778 8043 8842
f 8844 8843 8842
f 8045 8842 8843
f 8842 8045 8778
f 8046 8778 8045
f 8778 8046 8780
f 8046 7989 8780
f 8047 8843 8048
f 8844 8048 8843
f 8048 8844 8845
f 8050 8048 8845
f 8050 8845 8846
f 8783 8848 8847
f 8783 8051 8848
f 8783 8781 8052
f 8051 8783 8052
f 7991 8052 8781
f 8850 8847 8849
f 8848 8849 8847
f 8849 8851 8053
f 8785 8849 8053
f 7992 8785 8053
f 8849 8785 8850
f 8786 7994 8053
f 8851 8786 8053
f 8852 8786 8851
f 8854 8787 8853
f 8787 8852 8853
f 8787 8786 8852
f 8790 8054 7997
f 8854 8788 8787
f 8054 8790 7998
f 8857 8856 8855
f 8859 8858 8855
f 8855 8858 8857
f 8858 8859 8795
f 8795 8859 8794
f 8859 8055 8794
f 8055 8056 8794
f 8794 8056 8004
f 8861 8860 8796
f 8006 8861 8796
f 8057 8861 8006
f 8796 8860 8797
f 8801 8862 8800
f 8800 8862 8802
f 8802 8862 8863
f 8804 8805 8863
f 8805 8058 8863
f 8009 8802 8863
f 8009 8863 8058
f 8805 8807 8058
f 8807 8864 8058
f 8806 8011 8058
f 8806 8058 8864
f 8806 8864 8808
f 8808 8864 8865
f 8811 8059 8013
f 8865 8809 8808
f 8867 8866 8061
f 8867 8061 8059
f 8812 8867 8059
f 8811 8812 8059
f 8867 8868 8813
f 8062 8867 8813
f 8015 8062 8813
f 8866 8867 8062
f 8815 8816 8868
f 8816 8063 8868
f 8019 8813 8868
f 8019 8868 8063
f 8817 8869 8816
f 8869 8063 8816
f 8869 8064 8063
f 8872 8871 8870
f 8819 8820 8869
f 8065 8869 8820
f 8869 8065 8064
f 8870 8873 8872
f 8874 8820 8821
f 8820 8874 8065
f 8066 8065 8874
f 8066 8875 8067
f 8874 8875 8066
f 8067 8876 8068
f 8875 8876 8067
f 8025 8068 8823
f 8823 8068 8876
f 8824 8069 8027
f 8069 8824 8029
f 8828 8877 8827
f 8830 8831 8877
f 8831 8070 8877
f 8033 8827 8877
f 8033 8877 8070
f 8070 8831 8034
f 8833 8071 8037
f 8836 8878 8835
f 8071 8833 8038
f 8835 8878 8837
f 8840 8879 8839
f 8839 8879 8841
f 8843 8072 8045
f 8072 8843 8047
f 8846 8880 8050
f 8050 8880 8073
f 8073 8880 8051
f 8880 8881 8051
f 8881 8848 8051
f 8881 8880 8882
f 8848 8883 8849
f 8848 8881 8883
f 8849 8884 8851
f 8849 8883 8884
f 8851 8885 8852
f 8851 8884 8885
f 8853 8852 8886
f 8886 8852 8885
f 8855 8856 8887
f 8887 8856 8888
f 8855 8889 8859
f 8855 8887 8889
f 8889 8074 8055
f 8889 8055 8859
f 8891 8890 8075
f 8891 8075 8076
f 8057 8075 8861
f 8861 8075 8890
f 8866 8077 8061
f 8077 8866 8062
f 8871 8892 8870
f 8870 8892 8873
f 8881 8882 8893
f 8893 8882 8894
f 8881 8895 8883
f 8881 8893 8895
f 8883 8896 8884
f 8883 8895 8896
f 8884 8897 8885
f 8884 8896 8897
f 8886 8885 8898
f 8885 8899 8898
f 8885 8897 8899
f 8901 8900 8899
f 8899 8900 8898
f 8903 8902 8901
f 8901 8902 8900
f 8905 8904 8903
f 8904 8887 8903
f 8888 8902 8903
f 8888 8903 8887
f 8887 8904 8889
f 8889 8904 8906
f 8889 8906 8074
f 8906 8078 8074
f 8906 8907 8078
f 8079 8078 8907
f 8079 8907 8908
f 8080 8891 8076
f 8080 8909 8891
f 8912 8911 8910
f 8914 8913 8910
f 8910 8913 8912
f 8913 8914 8894
f 8914 8893 8894
f 8914 8915 8893
f 8893 8916 8895
f 8893 8915 8916
f 8895 8917 8896
f 8895 8916 8917
f 8896 8918 8897
f 8896 8917 8918
f 8897 8919 8899
f 8897 8918 8919
f 8921 8901 8920
f 8901 8919 8920
f 8901 8899 8919
f 8901 8921 8903
f 8903 8921 8922
f 8903 8922 8905
f 8081 8079 8923
f 8079 8924 8923
f 8079 8908 8924
f 8923 8082 8081
f 8084 8925 8083
f 8925 8926 8083
f 8926 8080 8083
f 8926 8909 8080
f 8910 8911 8927
f 8927 8911 8928
f 8910 8929 8914
f 8910 8927 8929
f 8914 8930 8915
f 8914 8929 8930
f 8915 8931 8916
f 8915 8930 8931
f 8916 8932 8917
f 8916 8931 8932
f 8917 8933 8918
f 8917 8932 8933
f 8918 8934 8919
f 8918 8933 8934
f 8920 8919 8935
f 8935 8919 8934
f 8923 8924 8936
f 8936 8924 8937
f 8936 8085 8082
f 8936 8082 8923
f 8086 8938 8925
f 8086 8925 8084
f 8926 8925 8939
f 8939 8925 8938
f 8942 8941 8940
f 8940 8943 8942
f 8946 8945 8944
f 8946 8944 8928
f 8944 8927 8928
f 8944 8947 8927
f 8927 8948 8929
f 8927 8947 8948
f 8929 8949 8930
f 8929 8948 8949
f 8930 8950 8931
f 8930 8949 8950
f 8931 8951 8932
f 8931 8950 8951
f 8932 8952 8933
f 8932 8951 8952
f 8933 8953 8934
f 8933 8952 8953
f 8935 8934 8954
f 8954 8934 8953
f 8936 8937 8955
f 8955 8937 8956
f 8955 8087 8085
f 8955 8085 8936
f 8088 8957 8938
f 8088 8938 8086
f 8939 8938 8958
f 8958 8938 8957
f 8940 8941 8959
f 8959 8941 8960
f 8943 8940 8961
f 8961 8940 8959
f 8944 8945 8962
f 8962 8945 8963
f 8944 8964 8947
f 8944 8962 8964
f 8947 8965 8948
f 8947 8964 8965
f 8948 8966 8949
f 8948 8965 8966
f 8949 8967 8950
f 8949 8966 8967
f 8950 8968 8951
f 8950 8967 8968
f 8951 8969 8952
f 8951 8968 8969
f 8952 8970 8953
f 8952 8969 8970
f 8954 8953 8971
f 8971 8953 8970
f 8955 8956 8972
f 8972 8956 8973
f 8972 8089 8087
f 8972 8087 8955
f 8090 8974 8957
f 8090 8957 8088
f 8958 8957 8975
f 8975 8957 8974
f 8978 8977 8976
f 8980 8979 8976
f 8976 8979 8978
f 8982 8981 8980
f 8980 8981 8979
f 8984 8983 8982
f 8982 8983 8981
f 8986 8985 8984
f 8984 8985 8983
f 8988 8987 8986
f 8986 8987 8985
f 8987 8988 8960
f 8988 8959 8960
f 8988 8989 8959
f 8961 8959 8990
f 8990 8959 8989
f 8993 8992 8991
f 8995 8994 8991
f 8991 8994 8993
f 8997 8996 8995
f 8995 8996 8994
f 8999 8998 8997
f 8997 8998 8996
f 8998 8999 8963
f 8999 8962 8963
f 8999 9000 8962
f 8962 9001 8964
f 8962 9000 9001
f 8964 9002 8965
f 8964 9001 9002
f 8965 9003 8966
f 8965 9002 9003
f 8966 9004 8967
f 8966 9003 9004
f 8967 9005 8968
f 8967 9004 9005
f 8968 9006 8969
f 8968 9005 9006
f 8969 9007 8970
f 8969 9006 9007
f 8971 8970 9008
f 8970 9009 9008
f 8970 9007 9009
f 9011 9010 9009
f 9009 9010 9008
f 9011 9012 9010
f 8972 8973 9013
f 9013 8973 9014
f 9013 8091 8089
f 9013 8089 8972
f 8092 8974 8090
f 8092 8094 8974
f 8094 8975 8974
f 8094 9015 8975
f 9018 9017 9016
f 9018 9016 8977
f 9016 8976 8977
f 9016 9019 8976
f 8976 9020 8980
f 8976 9019 9020
f 8980 9021 8982
f 8980 9020 9021
f 8982 9022 8984
f 8982 9021 9022
f 8984 9023 8986
f 8984 9022 9023
f 8986 9024 8988
f 8986 9023 9024
f 8988 9025 8989
f 8988 9024 9025
f 8990 8989 9026
f 8989 9027 9026
f 8989 9025 9027
f 9029 9028 9027
f 9027 9028 9026
f 9031 9030 9029
f 9029 9030 9028
f 9033 9032 9031
f 9031 9032 9030
f 9035 9034 9033
f 9033 9034 9032
f 9034 9035 8992
f 9035 8991 8992
f 9035 9036 8991
f 8991 9037 8995
f 8991 9036 9037
f 8995 9038 8997
f 8995 9037 9038
f 8997 9039 8999
f 8997 9038 9039
f 8999 9040 9000
f 8999 9039 9040
f 9000 9041 9001
f 9000 9040 9041
f 9001 9042 9002
f 9001 9041 9042
f 9002 9043 9003
f 9002 9042 9043
f 9003 9044 9004
f 9003 9043 9044
f 9004 9045 9005
f 9004 9044 9045
f 9005 9046 9006
f 9005 9045 9046
f 9006 9047 9007
f 9006 9046 9047
f 9007 9048 9009
f 9007 9047 9048
f 9009 9049 9011
f 9009 9048 9049
f 9012 9011 9050
f 9011 9051 9050
f 9011 9049 9051
f 9053 9052 9051
f 9051 9052 9050
f 9055 9054 9053
f 9053 9054 9052
f 9054 9055 9014
f 9055 9013 9014
f 9055 9056 9013
f 9056 8095 8091
f 9056 8091 9013
f 8097 9015 8094
f 8097 9057 9015
f 9016 9017 9058
f 9058 9017 9059
f 9016 9060 9019
f 9016 9058 9060
f 9019 9061 9020
f 9019 9060 9061
f 9020 9062 9021
f 9020 9061 9062
f 9021 9063 9022
f 9021 9062 9063
f 9022 9064 9023
f 9022 9063 9064
f 9023 9065 9024
f 9023 9064 9065
f 9024 9066 9025
f 9024 9065 9066
f 9025 9067 9027
f 9025 9066 9067
f 9027 9068 9029
f 9027 9067 9068
f 9029 9069 9031
f 9029 9068 9069
f 9031 9070 9033
f 9031 9069 9070
f 9033 9071 9035
f 9033 9070 9071
f 9035 9072 9036
f 9035 9071 9072
f 9036 9073 9037
f 9036 9072 9073
f 9037 9074 9038
f 9037 9073 9074
f 9038 9075 9039
f 9038 9074 9075
f 9039 9076 9040
f 9039 9075 9076
f 9040 9077 9041
f 9040 9076 9077
f 9041 9078 9042
f 9041 9077 9078
f 9042 9079 9043
f 9042 9078 9079
f 9043 9080 9044
f 9043 9079 9080
f 9044 9081 9045
f 9044 9080 9081
f 9045 9082 9046
f 9045 9081 9082
f 9046 9083 9047
f 9046 9082 9083
f 9047 9084 9048
f 9047 9083 9084
f 9048 9085 9049
f 9048 9084 9085
f 9049 9086 9051
f 9049 9085 9086
f 9051 9087 9053
f 9051 9086 9087
f 9053 9088 9055
f 9053 9087 9088
f 9055 9089 9056
f 9055 9088 9089
f 9089 8098 8095
f 9089 8095 9056
f 8100 9057 8097
f 8100 9090 9057
f 9058 9059 9091
f 9091 9059 9092
f 9058 9093 9060
f 9058 9091 9093
f 9060 9094 9061
f 9060 9093 9094
f 9061 9095 9062
f 9061 9094 9095
f 9062 9096 9063
f 9062 9095 9096
f 9063 9097 9064
f 9063 9096 9097
f 9064 9098 9065
f 9064 9097 9098
f 9065 9099 9066
f 9065 9098 9099
f 9066 9100 9067
f 9066 9099 9100
f 9067 9101 9068
f 9067 9100 9101
f 9068 9102 9069
f 9068 9101 9102
f 9069 9103 9070
f 9069 9102 9103
f 9070 9104 9071
f 9070 9103 9104
f 9071 9105 9072
f 9071 9104 9105
f 9072 9106 9073
f 9072 9105 9106
f 9073 9107 9074
f 9073 9106 9107
f 9074 9108 9075
f 9074 9107 9108
f 9075 9109 9076
f 9075 9108 9109
f 9076 9110 9077
f 9076 9109 9110
f 9077 9111 9078
f 9077 9110 9111
f 9078 9112 9079
f 9078 9111 9112
f 9079 9113 9080
f 9079 9112 9113
f 9080 9114 9081
f 9080 9113 9114
f 9081 9115 9082
f 9081 9114 9115
f 9082 9116 9083
f 9082 9115 9116
f 9083 9117 9084
f 9083 9116 9117
f 9084 9118 9085
f 9084 9117 9118
f 9085 9119 9086
f 9085 9118 9119
f 9086 9120 9087
f 9086 9119 9120
f 9087 9121 9088
f 9087 9120 9121
f 9088 9122 9089
f 9088 9121 9122
f 9122 8101 8098
f 9122 8098 9089
f 8103 9090 8100
f 8103 9123 9090
f 9126 9125 9124
f 9128 9127 9124
f 9127 9091 9124
f 9092 9126 9124
f 9092 9124 9091
f 9130 9129 9127
f 9129 9091 9127
f 9129 9093 9091
f 9093 9131 9094
f 9093 9129 9131
f 9094 9132 9095
f 9094 9131 9132
f 9132 8105 8106
f 9096 9132 8106
f 9095 9132 9096
f 9096 8106 8107
f 9133 9096 8107
f 9097 9096 9133
f 9133 8109 8110
f 9098 9133 8110
f 9097 9133 9098
f 9098 8110 8111
f 9134 9098 8111
f 9099 9098 9134
f 9099 9135 9100
f 9099 9134 9135
f 9100 9136 9101
f 9100 9135 9136
f 9101 9137 9102
f 9101 9136 9137
f 9102 9138 9103
f 9102 9137 9138
f 9103 9139 9104
f 9103 9138 9139
f 9104 9140 9105
f 9104 9139 9140
f 9105 9141 9106
f 9105 9140 9141
f 9106 9142 9107
f 9106 9141 9142
f 9107 9143 9108
f 9107 9142 9143
f 9108 9144 9109
f 9108 9143 9144
f 9109 9145 9110
f 9109 9144 9145
f 9110 9146 9111
f 9110 9145 9146
f 9111 9147 9112
f 9111 9146 9147
f 9112 9148 9113
f 9112 9147 9148
f 9113 9149 9114
f 9113 9148 9149
f 9114 9150 9115
f 9114 9149 9150
f 9150 8113 8114
f 9116 9150 8114
f 9115 9150 9116
f 9116 8114 8115
f 9151 9116 8115
f 9117 9116 9151
f 9117 9152 9118
f 9117 9151 9152
f 9118 9153 9119
f 9118 9152 9153
f 9119 9154 9120
f 9119 9153 9154
f 9120 9155 9121
f 9120 9154 9155
f 9121 9156 9122
f 9121 9155 9156
f 9156 8116 8101
f 9156 8101 9122
f 8118 9123 8103
f 8118 9157 9123
f 9160 9159 9158
f 9162 9161 9158
f 9158 9161 9160
f 9164 9163 9162
f 9163 9124 9162
f 9125 9161 9162
f 9125 9162 9124
f 9167 9166 9165
f 9124 9163 9128
f 9165 9166 9130
f 9166 9129 9130
f 9166 9168 9129
f 9129 9169 9131
f 9129 9168 9169
f 9131 9170 9132
f 9131 9169 9170
f 9171 8119 8105
f 9132 9171 8105
f 9170 9171 9132
f 9171 8107 8119
f 9171 9133 8107
f 9171 8122 8120
f 9133 9171 8120
f 9172 8120 8124
f 9172 9133 8120
f 9172 8123 8109
f 9133 9172 8109
f 8127 9134 8111
f 8125 8123 9172
f 9134 8127 8128
f 9134 8128 9135
f 9135 8128 8130
f 9135 8130 9136
f 9136 8130 8132
f 9173 9136 8132
f 9137 9136 9173
f 9137 9174 9138
f 9137 9173 9174
f 9138 9175 9139
f 9138 9174 9175
f 9139 9176 9140
f 9139 9175 9176
f 9140 9177 9141
f 9140 9176 9177
f 9141 9178 9142
f 9141 9177 9178
f 9178 8134 8135
f 9143 9178 8135
f 9142 9178 9143
f 9143 8135 8136
f 9143 8136 9144
f 9144 8136 8138
f 9144 8138 9145
f 9145 8138 8140
f 9179 9145 8140
f 9146 9145 9179
f 9179 8142 8143
f 9147 9179 8143
f 9146 9179 9147
f 9147 8143 8144
f 9147 8144 9148
f 9148 8144 8146
f 9180 9148 8146
f 9149 9148 9180
f 9149 9181 9150
f 9149 9180 9181
f 9182 8147 8113
f 9150 9182 8113
f 9181 9182 9150
f 9182 8115 8147
f 9182 9151 8115
f 9182 8150 8148
f 9151 9182 8148
f 9151 8148 8151
f 9183 9151 8151
f 9152 9151 9183
f 9152 9184 9153
f 9152 9183 9184
f 9153 9185 9154
f 9153 9184 9185
f 9154 9186 9155
f 9154 9185 9186
f 9155 9187 9156
f 9155 9186 9187
f 9187 8152 8116
f 9187 8116 9156
f 8154 9157 8118
f 8154 9188 9157
f 9158 9159 9189
f 9189 9159 9190
f 9158 9191 9162
f 9158 9189 9191
f 9164 9162 9192
f 9162 9193 9192
f 9162 9191 9193
f 9192 9193 9167
f 9193 9166 9167
f 9193 9194 9166
f 9166 9195 9168
f 9166 9194 9195
f 9168 9196 9169
f 9168 9195 9196
f 9169 9197 9170
f 9169 9196 9197
f 9170 9198 9171
f 9170 9197 9198
f 9199 8155 8122
f 9171 9199 8122
f 9198 9199 9171
f 9199 8124 8155
f 9199 9172 8124
f 9199 8158 8156
f 9172 9199 8156
f 8125 9172 8156
f 8159 8160 9200
f 9201 8161 8159
f 9201 8159 9200
f 9202 8162 8161
f 9202 8161 9201
f 9202 8132 8162
f 9202 9173 8132
f 9202 8165 8163
f 9173 9202 8163
f 9173 8163 8166
f 9173 8166 9174
f 9174 8166 8168
f 9203 9174 8168
f 9175 9174 9203
f 9203 8170 8171
f 9176 9203 8171
f 9175 9203 9176
f 9176 8171 8172
f 9204 9176 8172
f 9177 9176 9204
f 9204 8174 8175
f 9178 9204 8175
f 9177 9204 9178
f 9178 8175 8134
f 8179 9179 8140
f 9179 8179 8142
f 8182 9205 8183
f 9180 8146 8183
f 9205 9180 8183
f 9206 9180 9205
f 9206 8185 8186
f 9181 9206 8186
f 9180 9206 9181
f 9181 8186 8187
f 9207 9181 8187
f 9182 9181 9207
f 9208 8188 8150
f 9182 9208 8150
f 9207 9208 9182
f 9208 8151 8188
f 9208 9183 8151
f 9208 8191 8189
f 9183 9208 8189
f 9183 8189 8192
f 9209 9183 8192
f 9184 9183 9209
f 9184 9210 9185
f 9184 9209 9210
f 9185 9211 9186
f 9185 9210 9211
f 9186 9212 9187
f 9186 9211 9212
f 9212 8193 8152
f 9212 8152 9187
f 8194 9214 9213
f 9188 8194 9213
f 8154 8194 9188
f 9214 9215 9213
f 9190 9216 9189
f 9218 9217 9216
f 9217 9189 9216
f 9217 9191 9189
f 9191 9219 9193
f 9191 9217 9219
f 9193 9220 9194
f 9193 9219 9220
f 9194 9221 9195
f 9194 9220 9221
f 9195 9222 9196
f 9195 9221 9222
f 9196 9223 9197
f 9196 9222 9223
f 9197 9224 9198
f 9197 9223 9224
f 9224 8196 8197
f 9199 9224 8197
f 9198 9224 9199
f 9225 8197 8199
f 9225 9199 8197
f 9225 8198 8158
f 9199 9225 8158
f 8202 9200 8160
f 8200 8198 9225
f 9200 8202 8203
f 9200 8203 9201
f 9201 8203 8205
f 9201 8205 9202
f 9202 8205 8165
f 8209 9203 8168
f 8170 9203 8209
f 8211 8212 9226
f 8215 9204 8172
f 8213 8211 9226
f 9204 8215 8174
f 8219 9227 8220
f 9227 8222 8220
f 8224 9205 8182
f 9205 8224 8226
f 9205 8226 9206
f 9206 8226 8185
f 8229 9228 9207
f 8229 9207 8187
f 9228 8231 8232
f 9208 9228 8232
f 9207 9228 9208
f 9208 8232 8191
f 8234 9229 9209
f 8234 9209 8192
f 9209 9230 9210
f 9209 9229 9230
f 9210 9231 9211
f 9210 9230 9231
f 9231 8235 8236
f 9212 9231 8236
f 9211 9231 9212
f 9212 8236 8193
f 8237 9232 9214
f 8237 9214 8194
f 9215 9214 9233
f 9233 9214 9232
f 9236 9235 9234
f 9238 9237 9234
f 9234 9237 9236
f 9240 9239 9238
f 9239 9217 9238
f 9218 9237 9238
f 9218 9238 9217
f 9242 9241 9239
f 9241 9217 9239
f 9241 9219 9217
f 9244 9220 9243
f 9220 9241 9243
f 9220 9219 9241
f 9246 9245 9244
f 9245 9220 9244
f 9245 9221 9220
f 9221 9247 9222
f 9221 9245 9247
f 9222 9248 9223
f 9222 9247 9248
f 9248 8239 8240
f 9224 9248 8240
f 9223 9248 9224
f 8196 9224 8240
f 8241 8242 9249
f 9249 8199 8241
f 9249 9225 8199
f 9249 8245 8243
f 9225 9249 8243
f 9225 8243 8200
f 8251 9250 8252
f 8255 9226 8212
f 8253 8252 9250
f 9226 8255 8213
f 8260 9227 8219
f 9227 8260 8222
f 8264 9251 8265
f 9251 8267 8265
f 8269 9228 8229
f 9228 8269 8231
f 8273 9229 8234
f 9229 8273 8275
f 9229 8275 9230
f 9230 8275 8277
f 9252 9230 8277
f 9231 9230 9252
f 9253 8278 8235
f 9231 9253 8235
f 9252 9253 9231
f 9253 8279 8278
f 8280 9254 9232
f 8280 9232 8237
f 9233 9232 9255
f 9255 9232 9254
f 9235 9256 9234
f 9234 9256 9238
f 9238 9256 9257
f 9238 9257 9240
f 9241 9242 9258
f 9258 9242 9259
f 9243 9241 9260
f 9260 9241 9258
f 9245 9246 9261
f 9261 9246 9262
f 9245 9263 9247
f 9245 9261 9263
f 9263 8282 8283
f 9248 9263 8283
f 9247 9263 9248
f 9248 8283 8239
f 8285 9249 8242
f 8245 9249 8285
f 8287 8288 9264
f 9264 8290 8287
f 8294 9250 8251
f 9250 8294 8253
f 8302 9265 8303
f 9265 8264 8303
f 9265 9251 8264
f 9265 8306 8304
f 9251 9265 8304
f 9251 8304 8267
f 8313 9266 8314
f 9252 8277 8314
f 9266 9252 8314
f 9267 9252 9266
f 9252 9268 9253
f 9252 9267 9268
f 9268 8315 8279
f 9268 8279 9253
f 8316 9269 9254
f 8316 9254 8280
f 9255 9254 9270
f 9270 9254 9269
f 9273 9272 9271
f 9271 9274 9273
f 9277 9276 9275
f 9279 9278 9275
f 9275 9278 9277
f 9278 9279 9259
f 9279 9258 9259
f 9279 9280 9258
f 8319 9281 8318
f 9281 9258 8318
f 9258 9280 8318
f 9258 9281 9260
f 9282 9261 8320
f 9261 9281 8320
f 9281 8319 8320
f 9261 9262 9281
f 9282 8322 8323
f 9263 9282 8323
f 9261 9282 9263
f 9263 8323 8282
f 8327 9264 8288
f 9264 8327 8290
f 8342 9265 8302
f 9265 8342 8306
f 8346 9283 8347
f 9283 8349 8347
f 8353 9266 8313
f 9266 8353 8355
f 9284 9266 8355
f 9267 9266 9284
f 9284 8357 8358
f 9268 9284 8358
f 9267 9284 9268
f 9268 8358 8315
f 8359 9285 9269
f 8359 9269 8316
f 9270 9269 9286
f 9286 9269 9285
f 9289 9288 9287
f 9287 9290 9289
f 9293 9292 9291
f 9293 9291 9272
f 9291 9271 9272
f 9291 9294 9271
f 9274 9271 9295
f 9271 9296 9295
f 9271 9294 9296
f 9295 9296 9276
f 9296 9275 9276
f 9296 9297 9275
f 9275 9298 9279
f 9275 9297 9298
f 9279 9299 9280
f 9279 9298 9299
f 9300 8360 8318
f 9280 9300 8318
f 9299 9300 9280
f 9300 8320 8360
f 9300 9282 8320
f 9300 8363 8361
f 9282 9300 8361
f 9301 8361 8365
f 9301 9282 8361
f 9301 8364 8322
f 9282 9301 8322
f 9301 8367 8364
f 8386 9283 8346
f 9283 8386 8349
f 8393 9302 9284
f 8393 9284 8355
f 9303 8394 8357
f 9284 9303 8357
f 9302 9303 9284
f 9303 8395 8394
f 8396 9304 9285
f 8396 9285 8359
f 9286 9285 9305
f 9305 9285 9304
f 9287 9288 9306
f 9306 9288 9307
f 9290 9287 9308
f 9287 9309 9308
f 9287 9306 9309
f 9308 9309 9292
f 9309 9291 9292
f 9309 9310 9291
f 9291 9311 9294
f 9291 9310 9311
f 9294 9312 9296
f 9294 9311 9312
f 9296 9313 9297
f 9296 9312 9313
f 9297 9314 9298
f 9297 9313 9314
f 9314 8398 8399
f 9299 9314 8399
f 9298 9314 9299
f 9299 8399 8400
f 9299 8400 9300
f 9300 8400 8363
f 8403 9301 8365
f 9301 8403 8367
f 8427 9315 8428
f 9316 8429 8428
f 9316 8428 9315
f 9302 8393 8429
f 9316 9302 8429
f 9317 9302 9316
f 9317 8430 8431
f 9303 9317 8431
f 9302 9317 9303
f 9303 8431 8395
f 9319 9318 9304
f 8396 9319 9304
f 8432 9319 8396
f 9304 9318 9305
f 9322 9321 9320
f 9324 9323 9320
f 9320 9323 9322
f 9323 9324 9307
f 9324 9306 9307
f 9324 9325 9306
f 9306 9326 9309
f 9306 9325 9326
f 9326 8434 8435
f 9310 9326 8435
f 9309 9326 9310
f 9310 8435 8436
f 9327 9310 8436
f 9311 9310 9327
f 9311 9328 9312
f 9311 9327 9328
f 9328 8438 8439
f 9313 9328 8439
f 9312 9328 9313
f 9313 8439 8440
f 9329 9313 8440
f 9314 9313 9329
f 9329 8442 8398
f 9329 8398 9314
f 8459 9315 8427
f 9315 8459 8461
f 9330 9315 8461
f 9316 9315 9330
f 9330 8463 8464
f 9317 9330 8464
f 9316 9330 9317
f 8430 9317 8464
f 8465 8466 9331
f 9331 8467 8465
f 8468 9319 8432
f 8468 9332 9319
f 9320 9321 9333
f 9333 9321 9334
f 9320 9335 9324
f 9320 9333 9335
f 9324 9336 9325
f 9324 9335 9336
f 9325 9337 9326
f 9325 9336 9337
f 9338 8469 8434
f 9326 9338 8434
f 9337 9338 9326
f 8472 9327 8436
f 8470 8469 9338
f 9327 8472 8473
f 9327 8473 9328
f 9328 8473 8438
f 8476 9329 8440
f 8442 9329 8476
f 8478 8479 9339
f 9339 8481 8478
f 8499 9330 8461
f 9330 8499 8463
f 8502 9340 9331
f 8502 9331 8466
f 9340 8503 8467
f 9340 8467 9331
f 8504 9332 8468
f 8504 9341 9332
f 9334 9342 9333
f 9333 9342 9335
f 9335 9342 9343
f 9345 9344 9343
f 9344 9335 9343
f 9344 9336 9335
f 9336 9346 9337
f 9336 9344 9346
f 9337 9347 9338
f 9337 9346 9347
f 9347 8506 8470
f 9347 8470 9338
f 8507 9348 8508
f 9348 8510 8508
f 8512 9339 8479
f 9339 8512 8481
f 8522 9349 8523
f 9349 8502 8523
f 9349 9340 8502
f 9349 8526 8524
f 9340 9349 8524
f 9340 8524 8503
f 8527 9341 8504
f 8527 9350 9341
f 9353 9352 9351
f 9355 9354 9351
f 9351 9354 9353
f 9354 9355 9345
f 9355 9344 9345
f 9355 9356 9344
f 9344 9357 9346
f 9344 9356 9357
f 9357 8529 8530
f 9347 9357 8530
f 9346 9357 9347
f 8506 9347 8530
f 8531 8532 9358
f 8535 9348 8507
f 8533 8531 9358
f 9348 8535 8510
f 8551 9349 8522
f 9349 8551 8526
f 9361 9360 9359
f 9362 9359 8554
f 9359 9350 8554
f 9350 8527 8554
f 9350 9359 9360
f 8556 9362 8554
f 9351 9352 9363
f 9363 9352 9364
f 9351 9365 9355
f 9351 9363 9365
f 9355 9366 9356
f 9355 9365 9366
f 9366 8558 8559
f 9357 9366 8559
f 9356 9366 9357
f 9357 8559 8529
f 8561 9367 9358
f 8561 9358 8532
f 9367 8563 8533
f 9367 8533 9358
f 9368 9361 9359
f 9368 9359 9362
f 9368 9362 9369
f 9362 8556 9369
f 8556 9370 9369
f 8556 8578 9370
f 9373 9372 9371
f 9373 9371 9364
f 9371 9363 9364
f 9371 9374 9363
f 9363 9375 9365
f 9363 9374 9375
f 9365 9376 9366
f 9365 9375 9376
f 9377 8579 8558
f 9366 9377 8558
f 9376 9377 9366
f 9377 8581 8579
f 8582 9367 8561
f 9367 8582 8563
f 9379 9378 8601
f 9379 8601 8602
f 8578 8601 9370
f 9370 8601 9378
f 9372 9380 9371
f 9371 9380 9374
f 9374 9380 9381
f 9374 9381 9375
f 9375 9381 9382
f 9375 9382 9376
f 9376 9382 9383
f 9376 9383 9377
f 9377 9383 9384
f 9377 9384 8581
f 9384 8603 8581
f 9384 9385 8603
f 8603 9386 8604
f 9385 9386 8603
f 8604 9387 8605
f 9386 9387 8604
f 9387 9389 9388
f 8606 9387 9388
f 8605 9387 8606
f 8606 9388 9390
f 9391 8606 9390
f 8607 8606 9391
f 8607 9392 8608
f 9391 9392 8607
f 9392 9394 9393
f 8609 9392 9393
f 8608 9392 8609
f 9395 8610 8609
f 9395 8609 9393
f 9396 8611 8610
f 9396 8610 9395
f 9397 8612 8611
f 9397 8611 9396
f 9398 8613 8612
f 9398 8612 9397
f 9399 8614 8613
f 9399 8613 9398
f 9400 8615 8614
f 9400 8614 9399
f 9401 8616 8615
f 9401 8615 9400
f 9402 8617 8616
f 9402 8616 9401
f 9403 8618 8617
f 9403 8617 9402
f 9404 8619 8618
f 9404 8618 9403
f 9405 8620 8619
f 9405 8619 9404
f 9406 8621 8620
f 9406 8620 9405
f 9407 8622 8621
f 9407 8621 9406
f 9408 8623 8622
f 9408 8622 9407
f 9409 8624 8623
f 9409 8623 9408
f 9410 8625 8624
f 9410 8624 9409
f 9411 8626 8625
f 9411 8625 9410
f 9412 8627 8626
f 9412 8626 9411
f 9413 8628 8627
f 9413 8627 9412
f 9414 8629 8628
f 9414 8628 9413
f 9414 8631 8629
f 8632 9415 8633
f 9415 8635 8633
f 8637 9416 8636
f 9416 8639 8636
f 8643 9417 8644
f 9417 8646 8644
f 9419 9418 8647
f 9419 8647 8648
f 8602 8647 9379
f 9379 8647 9418
f 9389 9420 9388
f 9388 9420 9390
f 9394 9421 9393
f 9393 9421 9395
f 9395 9421 9422
f 9395 9422 9396
f 9396 9422 9423
f 9396 9423 9397
f 9397 9423 9424
f 9397 9424 9398
f 9398 9424 9425
f 9398 9425 9399
f 9399 9425 9426
f 9399 9426 9400
f 9400 9426 9427
f 9400 9427 9401
f 9401 9427 9428
f 9430 9429 9428
f 9429 9401 9428
f 9429 9402 9401
f 9402 9431 9403
f 9402 9429 9431
f 9403 9432 9404
f 9403 9431 9432
f 9404 9433 9405
f 9404 9432 9433
f 9405 9434 9406
f 9405 9433 9434
f 9406 9435 9407
f 9406 9434 9435
f 9407 9436 9408
f 9407 9435 9436
f 9408 9437 9409
f 9408 9436 9437
f 9409 9438 9410
f 9409 9437 9438
f 9410 9439 9411
f 9410 9438 9439
f 9411 9440 9412
f 9411 9439 9440
f 9412 9441 9413
f 9412 9440 9441
f 9413 9442 9414
f 9413 9441 9442
f 9443 8649 8631
f 9414 9443 8631
f 9442 9443 9414
f 9415 8632 8649
f 9443 9415 8649
f 9444 9415 9443
f 9445 8650 8635
f 9415 9445 8635
f 9444 9445 9415
f 9416 8637 8650
f 9445 9416 8650
f 9446 9416 9445
f 9447 8651 8639
f 9416 9447 8639
f 9446 9447 9416
f 9448 8652 8651
f 9448 8651 9447
f 9449 8653 8652
f 9449 8652 9448
f 9450 8654 8653
f 9450 8653 9449
f 9417 8643 8654
f 9450 9417 8654
f 9451 9417 9450
f 9451 8656 8646
f 9451 8646 9417
f 8658 9452 8657
f 9452 9453 8657
f 9453 8648 8657
f 9453 9419 8648
f 9429 9430 9454
f 9454 9430 9455
f 9429 9456 9431
f 9429 9454 9456
f 9431 9457 9432
f 9431 9456 9457
f 9432 9458 9433
f 9432 9457 9458
f 9433 9459 9434
f 9433 9458 9459
f 9434 9460 9435
f 9434 9459 9460
f 9435 9461 9436
f 9435 9460 9461
f 9436 9462 9437
f 9436 9461 9462
f 9437 9463 9438
f 9437 9462 9463
f 9438 9464 9439
f 9438 9463 9464
f 9439 9465 9440
f 9439 9464 9465
f 9440 9466 9441
f 9440 9465 9466
f 9441 9467 9442
f 9441 9466 9467
f 9442 9468 9443
f 9442 9467 9468
f 9443 9469 9444
f 9443 9468 9469
f 9444 9470 9445
f 9444 9469 9470
f 9445 9471 9446
f 9445 9470 9471
f 9446 9472 9447
f 9446 9471 9472
f 9447 9473 9448
f 9447 9472 9473
f 9448 9474 9449
f 9448 9473 9474
f 9449 9475 9450
f 9449 9474 9475
f 9450 9476 9451
f 9450 9475 9476
f 9476 8660 8656
f 9476 8656 9451
f 8661 9477 9452
f 8661 9452 8658
f 9453 9452 9478
f 9452 9479 9478
f 9452 9477 9479
f 9481 9480 9479
f 9479 9480 9478
f 9481 9482 9480
f 9485 9484 9483
f 9487 9486 9483
f 9483 9486 9485
f 9489 9488 9487
f 9487 9488 9486
f 9491 9490 9489
f 9489 9490 9488
f 9491 9492 9490
f 9493 8663 8664
f 8665 9494 8664
f 8664 9494 9493
f 9494 8665 8667
f 9497 9496 9495
f 9499 9498 9495
f 9495 9498 9497
f 9501 9500 9499
f 9499 9500 9498
f 9503 9502 9501
f 9501 9502 9500
f 9503 9504 9502
f 9507 9506 9505
f 9505 9508 9507
f 9511 9510 9509
f 9511 9509 9455
f 9509 9454 9455
f 9509 9512 9454
f 9454 9513 9456
f 9454 9512 9513
f 9456 9514 9457
f 9456 9513 9514
f 9457 9515 9458
f 9457 9514 9515
f 9458 9516 9459
f 9458 9515 9516
f 9459 9517 9460
f 9459 9516 9517
f 9460 9518 9461
f 9460 9517 9518
f 9461 9519 9462
f 9461 9518 9519
f 9462 9520 9463
f 9462 9519 9520
f 9463 9521 9464
f 9463 9520 9521
f 9464 9522 9465
f 9464 9521 9522
f 9465 9523 9466
f 9465 9522 9523
f 9466 9524 9467
f 9466 9523 9524
f 9467 9525 9468
f 9467 9524 9525
f 9525 8668 8669
f 9469 9525 8669
f 9468 9525 9469
f 9469 8669 8670
f 9469 8670 9470
f 9470 8670 8671
f 9470 8671 9471
f 9471 8671 8672
f 9471 8672 9472
f 9472 8672 8673
f 9472 8673 9473
f 9473 8673 8674
f 9526 9473 8674
f 9474 9473 9526
f 9474 9527 9475
f 9474 9526 9527
f 9475 9528 9476
f 9475 9527 9528
f 9528 8675 8660
f 9528 8660 9476
f 8676 9477 8661
f 9477 8676 8677
f 9529 9477 8677
f 9479 9477 9529
f 9479 9530 9481
f 9479 9529 9530
f 9482 9481 9531
f 9531 9481 9530
f 9534 9533 9532
f 9534 9532 9484
f 9532 9483 9484
f 9532 9535 9483
f 9483 9536 9487
f 9483 9535 9536
f 9487 9537 9489
f 9487 9536 9537
f 9489 9538 9491
f 9489 9537 9538
f 9492 9491 9539
f 9491 9540 9539
f 9491 9538 9540
f 9542 9541 9540
f 9540 9541 9539
f 9541 9493 9543
f 9493 9541 8663
f 9542 8663 9541
f 8663 9542 8678
f 9544 8678 9542
f 8680 8678 9544
f 9545 9543 9494
f 9493 9494 9543
f 9545 9495 9496
f 9545 8681 9495
f 9545 9494 8667
f 8681 9545 8667
f 9495 8681 8683
f 9546 9495 8683
f 9499 9495 9546
f 9546 8685 8686
f 9501 9546 8686
f 9499 9546 9501
f 9501 8686 8687
f 9547 9501 8687
f 9503 9501 9547
f 9504 9503 9548
f 9503 9549 9548
f 9503 9547 9549
f 9548 9549 9506
f 9506 9549 9505
f 9549 8689 9505
f 8689 8690 9505
f 9551 9550 8691
f 8691 9550 8690
f 9550 9508 8690
f 9508 9505 8690
f 9553 9552 9551
f 9551 9552 9550
f 9552 9553 9510
f 9553 9509 9510
f 9553 9554 9509
f 9509 9555 9512
f 9509 9554 9555
f 9512 9556 9513
f 9512 9555 9556
f 9513 9557 9514
f 9513 9556 9557
f 9514 9558 9515
f 9514 9557 9558
f 9558 8693 8694
f 9516 9558 8694
f 9515 9558 9516
f 9516 8694 8695
f 9516 8695 9517
f 9517 8695 8697
f 9517 8697 9518
f 9518 8697 8699
f 9518 8699 9519
f 9519 8699 8701
f 9519 8701 9520
f 9520 8701 8703
f 9520 8703 9521
f 9521 8703 8705
f 9521 8705 9522
f 9522 8705 8707
f 9522 8707 9523
f 9523 8707 8709
f 9523 8709 9524
f 9524 8709 8711
f 9524 8711 9525
f 9525 8711 8668
f 8713 9526 8674
f 9526 8713 8715
f 9526 8715 9527
f 9527 8715 8717
f 9527 8717 9528
f 9528 8717 8675
f 8720 9559 9529
f 8720 9529 8677
f 9529 9560 9530
f 9529 9559 9560
f 9531 9530 9561
f 9530 9562 9561
f 9530 9560 9562
f 9562 9563 9561
f 9532 9533 8724
f 9533 8723 8724
f 9533 9564 8723
f 9532 8724 8725
f 9532 8725 9535
f 9535 8725 8727
f 9535 8727 9536
f 9536 8727 8729
f 9536 8729 9537
f 9537 8729 8730
f 9537 8730 9538
f 9538 8730 8732
f 9538 8732 9540
f 9540 8732 8734
f 9540 8734 9542
f 9542 8734 8736
f 9542 8736 9544
f 9544 8736 8680
f 8739 9546 8683
f 9546 8739 8685
f 8740 9547 8687
f 9547 8740 8742
f 9547 8742 9549
f 9549 8742 8689
f 8743 9551 8691
f 9551 8743 8744
f 9551 8744 9553
f 9553 8744 8745
f 9553 8745 9554
f 9554 8745 8747
f 9554 8747 9555
f 9555 8747 8749
f 9555 8749 9556
f 9556 8749 8751
f 9556 8751 9557
f 9557 8751 8753
f 9557 8753 9558
f 9558 8753 8693
f 8758 9559 8720
f 9559 8758 8759
f 9565 9559 8759
f 9560 9559 9565
f 9568 9567 9566
f 9562 8762 8763
f 8762 9562 9565
f 9560 9565 9562
f 9570 8764 9569
f 8764 9570 9562
f 9563 9562 9570
f 8764 9562 8763
f 9566 9567 9571
f 9564 9570 9569
f 8765 9564 9569
f 8723 9564 8765
f 8766 9565 8759
f 9566 9572 9568
f 8762 9565 8766
f 8764 8768 9569
f 9566 9571 9572
f 9569 8768 8765
f 8777 9573 8776
f 9573 8779 8776
f 8783 9574 8782
f 9575 8784 8782
f 9575 8782 9574
f 9575 8785 8784
f 8788 9576 8789
f 9577 8791 8789
f 9577 8789 9576
f 9578 8792 8791
f 9578 8791 9577
f 9579 8793 8792
f 9579 8792 9578
f 9579 8795 8793
f 9582 9581 9580
f 8798 8797 9580
f 9581 8798 9580
f 9583 8798 9581
f 8798 9584 8799
f 9583 9584 8798
f 9586 9585 8801
f 8799 9586 8801
f 9584 9586 8799
f 9587 9585 9586
f 8804 9588 8803
f 9588 8807 8803
f 8809 9589 8810
f 9589 8812 8810
f 9592 9591 9590
f 9591 8815 9590
f 9591 8814 8815
f 9591 9594 9593
f 8814 9591 9593
f 9593 8817 8814
f 9596 9595 8818
f 9596 8818 8819
f 9598 9597 8821
f 8818 9598 8821
f 9595 9598 8818
f 9599 9597 9598
f 9601 9600 8822
f 9601 8822 8823
f 9600 9603 9602
f 8825 9600 9602
f 8822 9600 8825
f 9604 8826 8825
f 9604 8825 9602
f 9604 8828 8826
f 8830 9605 8829
f 8829 9605 9606
f 9607 8829 9606
f 8832 8829 9607
f 9607 9609 9608
f 8834 9607 9608
f 8832 9607 8834
f 9611 9608 9610
f 9611 8834 9608
f 9611 9612 8836
f 8834 9611 8836
f 8838 8837 9612
f 9611 8838 9612
f 9613 8838 9611
f 9615 9614 8840
f 8838 9615 8840
f 9613 9615 8838
f 9615 9616 9573
f 8841 9615 9573
f 8777 8841 9573
f 9614 9615 8841
f 9573 9616 8779
f 9616 8842 8779
f 9616 9617 8842
f 8842 9618 8844
f 9617 9618 8842
f 8844 9619 8845
f 9618 9619 8844
f 9621 9620 8846
f 8845 9621 8846
f 9619 9621 8845
f 9574 9622 8847
f 9622 9574 9621
f 8783 9621 9574
f 9621 8783 9620
f 8847 9620 8783
f 9620 8847 9622
f 9574 8847 8850
f 9574 8850 9575
f 9575 8850 8785
f 8853 9623 8854
f 9623 9624 8854
f 8854 9624 8788
f 9624 9625 8788
f 9625 9576 8788
f 9627 9626 9625
f 9626 9576 9625
f 9626 9577 9576
f 9626 8856 8857
f 9578 9626 8857
f 9577 9626 9578
f 9578 8857 8858
f 9578 8858 9579
f 9579 8858 8795
f 9582 9580 8860
f 8861 9582 8860
f 9628 9582 8861
f 8860 9580 8797
f 9585 8862 8801
f 9587 9629 9585
f 9629 8862 9585
f 9629 8863 8862
f 8804 8863 9588
f 8863 9630 9588
f 8863 9629 9630
f 9588 9630 8807
f 9630 8864 8807
f 9630 9631 8864
f 8864 9632 8865
f 9631 9632 8864
f 8809 8865 9589
f 8865 9633 9589
f 8865 9632 9633
f 9589 9633 8812
f 9633 8867 8812
f 9633 9634 8867
f 9590 8868 9592
f 8868 9634 9592
f 8868 8867 9634
f 9594 9635 9593
f 8868 9590 8815
f 9593 9635 8817
f 9635 8869 8817
f 9635 9636 8869
f 9637 8871 8872
f 9596 8819 9636
f 8869 9636 8819
f 8821 9597 8874
f 9637 8872 8873
f 9599 9638 9597
f 9638 8874 9597
f 9638 8875 8874
f 8875 9639 8876
f 9638 9639 8875
f 8823 8876 9601
f 9601 8876 9639
f 9603 9640 9602
f 9602 9640 9604
f 9604 9640 9641
f 9604 9641 8828
f 9641 8877 8828
f 9641 9642 8877
f 8830 8877 9605
f 8877 9643 9605
f 8877 9642 9643
f 9605 9643 9606
f 9609 9644 9608
f 9612 8878 8836
f 9644 9610 9608
f 8878 9612 8837
f 9614 8879 8840
f 8879 9614 8841
f 9620 8880 8846
f 8882 8880 9620
f 9622 8882 9620
f 9645 8882 9622
f 8886 9646 9623
f 8886 9623 8853
f 9624 9623 9647
f 9647 9623 9646
f 9627 9648 9626
f 8856 9626 9648
f 9649 8856 9648
f 8888 8856 9649
f 8891 9650 8890
f 9650 9651 8890
f 9651 8861 8890
f 9651 9628 8861
f 9637 8892 8871
f 8892 9637 8873
f 9645 8894 8882
f 9652 8894 9645
f 8898 9646 8886
f 9653 9647 9646
f 8898 9653 9646
f 8900 9653 8898
f 9654 8900 8902
f 9654 9653 8900
f 8904 8905 9655
f 9656 9655 8905
f 9649 8902 8888
f 8902 9649 9654
f 8904 9657 8906
f 9655 9657 8904
f 8906 9658 8907
f 9657 9658 8906
f 8908 8907 9658
f 8908 9658 9659
f 9661 9660 9650
f 8891 9661 9650
f 8909 9661 8891
f 9650 9660 9651
f 9663 9662 8912
f 8912 9662 8911
f 9664 8912 8913
f 9664 9663 8912
f 8913 8894 9652
f 8913 9652 9664
f 8920 9665 8921
f 9666 8922 8921
f 9666 8921 9665
f 9666 9667 8922
f 9667 8905 8922
f 9667 9656 8905
f 9670 9669 9668
f 9659 9670 9668
f 8924 9659 9668
f 8908 9659 8924
f 8926 9661 8909
f 8926 9671 9661
f 9674 9673 9672
f 9672 9675 9674
f 9678 9677 9676
f 9676 9679 9678
f 9682 9681 9680
f 9662 9682 9680
f 8928 9662 9680
f 8911 9662 8928
f 8935 9683 9665
f 8935 9665 8920
f 9665 9684 9666
f 9665 9683 9684
f 9667 9666 9685
f 9685 9666 9684
f 9688 9687 9686
f 9689 9668 9669
f 9686 9690 9688
f 8924 9668 9689
f 9691 8924 9689
f 8937 8924 9691
f 8939 9671 8926
f 8939 9692 9671
f 9695 9694 9693
f 9693 9696 9695
f 9672 9673 9697
f 9697 9673 9698
f 9675 9672 9699
f 9672 9700 9699
f 9672 9697 9700
f 9702 9701 9700
f 9701 9676 9700
f 9677 9699 9700
f 9677 9700 9676
f 9676 9701 9679
f 9704 9703 8942
f 8942 9703 8941
f 8942 8943 9704
f 9704 8943 9705
f 9708 9707 9706
f 9706 9709 9708
f 9712 9711 9710
f 9714 9713 9710
f 9710 9713 9712
f 9714 9715 9713
f 9680 9681 8946
f 9681 8945 8946
f 9681 9716 8945
f 9680 8946 8928
f 8954 9717 9683
f 8954 9683 8935
f 9683 9718 9684
f 9683 9717 9718
f 9685 9684 9719
f 9684 9720 9719
f 9684 9718 9720
f 9719 9720 9687
f 9720 9686 9687
f 9720 9721 9686
f 9690 9686 9722
f 9686 9723 9722
f 9686 9721 9723
f 9691 9722 9723
f 8956 9691 9723
f 8937 9691 8956
f 8958 9692 8939
f 8958 9724 9692
f 9693 9694 9725
f 9725 9694 9726
f 9696 9693 9727
f 9727 9693 9725
f 9697 9698 9728
f 9728 9698 9729
f 9731 9700 9730
f 9700 9728 9730
f 9700 9697 9728
f 9731 9732 9700
f 9732 9733 9700
f 9734 9702 9700
f 9734 9700 9733
f 9736 9735 9733
f 9733 9735 9734
f 9736 9737 9735
f 9740 9739 9738
f 9738 9741 9740
f 9744 9743 9742
f 9703 9744 9742
f 8960 9703 9742
f 8941 9703 8960
f 8961 9705 8943
f 8961 9745 9705
f 9706 9707 9746
f 9746 9707 9747
f 9709 9706 9748
f 9706 9749 9748
f 9706 9746 9749
f 9751 9750 9749
f 9750 9710 9749
f 9711 9748 9749
f 9711 9749 9710
f 9753 9752 9750
f 9752 9710 9750
f 9752 9714 9710
f 9715 9714 9754
f 9714 9755 9754
f 9714 9752 9755
f 9716 9754 9755
f 8963 9716 9755
f 8945 9716 8963
f 8971 9756 9717
f 8971 9717 8954
f 9717 9757 9718
f 9717 9756 9757
f 9718 9758 9720
f 9718 9757 9758
f 9720 9759 9721
f 9720 9758 9759
f 9721 9760 9723
f 9721 9759 9760
f 9760 8973 8956
f 9760 8956 9723
f 8975 9724 8958
f 8975 9761 9724
f 9764 9763 9762
f 9762 9765 9764
f 9768 9767 9766
f 9770 9769 9766
f 9766 9769 9768
f 9772 9771 9770
f 9770 9771 9769
f 9771 9772 9726
f 9772 9725 9726
f 9772 9773 9725
f 9727 9725 9774
f 9725 9775 9774
f 9725 9773 9775
f 9774 9775 9729
f 9775 9728 9729
f 9775 9776 9728
f 9730 9728 9777
f 9728 9778 9777
f 9728 9776 9778
f 9777 9778 9732
f 9732 9778 9733
f 9778 8977 9733
f 8977 8978 9733
f 9733 8978 8979
f 9733 8979 9736
f 9779 9737 9736
f 8979 9779 9736
f 8981 9779 8979
f 8983 9738 9739
f 9779 8983 9739
f 8981 8983 9779
f 9780 9741 9738
f 8983 9780 9738
f 8985 9780 8983
f 8987 9742 9743
f 9780 8987 9743
f 8985 8987 9780
f 9742 8987 8960
f 8990 9782 9781
f 9745 8990 9781
f 8961 8990 9745
f 9784 9783 9782
f 9782 9783 9781
f 9784 9785 9783
f 9788 9787 9786
f 9788 9786 9747
f 9786 9746 9747
f 9786 9789 9746
f 9789 8992 8993
f 9749 9789 8993
f 9746 9789 9749
f 9790 9751 9749
f 8993 9790 9749
f 8994 9790 8993
f 8996 9752 9753
f 9790 8996 9753
f 8994 8996 9790
f 9752 8996 8998
f 9752 8998 9755
f 9755 8998 8963
f 9008 9756 8971
f 9756 9008 9010
f 9756 9010 9757
f 9757 9010 9012
f 9791 9757 9012
f 9758 9757 9791
f 9758 9792 9759
f 9758 9791 9792
f 9759 9793 9760
f 9759 9792 9793
f 9793 9014 8973
f 9793 8973 9760
f 9015 9761 8975
f 9015 9794 9761
f 9762 9763 9795
f 9795 9763 9796
f 9765 9762 9797
f 9797 9762 9795
f 9800 9799 9798
f 9800 9798 9767
f 9798 9766 9767
f 9798 9801 9766
f 9766 9802 9770
f 9766 9801 9802
f 9770 9803 9772
f 9770 9802 9803
f 9772 9804 9773
f 9772 9803 9804
f 9773 9805 9775
f 9773 9804 9805
f 9775 9806 9776
f 9775 9805 9806
f 9806 9017 9018
f 9778 9806 9018
f 9776 9806 9778
f 9778 9018 8977
f 9026 9782 8990
f 9782 9026 9028
f 9782 9028 9784
f 9807 9785 9784
f 9028 9807 9784
f 9030 9807 9028
f 9032 9786 9787
f 9807 9032 9787
f 9030 9032 9807
f 9786 9032 9034
f 9786 9034 9789
f 9789 9034 8992
f 9050 9791 9012
f 9791 9050 9052
f 9791 9052 9792
f 9792 9052 9054
f 9792 9054 9793
f 9793 9054 9014
f 9057 9794 9015
f 9057 9808 9794
f 9795 9796 9809
f 9809 9796 9810
f 9797 9795 9811
f 9811 9795 9809
f 9799 9812 9798
f 9798 9812 9801
f 9801 9812 9813
f 9801 9813 9802
f 9802 9813 9814
f 9802 9814 9803
f 9803 9814 9815
f 9817 9816 9815
f 9816 9803 9815
f 9816 9804 9803
f 9804 9818 9805
f 9804 9816 9818
f 9805 9819 9806
f 9805 9818 9819
f 9819 9059 9017
f 9819 9017 9806
f 9090 9808 9057
f 9090 9820 9808
f 9809 9810 9821
f 9821 9810 9822
f 9811 9809 9823
f 9809 9824 9823
f 9809 9821 9824
f 9824 9825 9823
f 9828 9827 9826
f 9830 9829 9826
f 9826 9829 9828
f 9832 9831 9830
f 9830 9831 9829
f 9831 9832 9817
f 9832 9816 9817
f 9832 9833 9816
f 9816 9834 9818
f 9816 9833 9834
f 9818 9835 9819
f 9818 9834 9835
f 9835 9092 9059
f 9835 9059 9819
f 9123 9820 9090
f 9123 9836 9820
f 9821 9822 9837
f 9837 9822 9838
f 9821 9839 9824
f 9821 9837 9839
f 9825 9824 9840
f 9840 9824 9839
f 9826 9827 9841
f 9841 9827 9842
f 9826 9843 9830
f 9826 9841 9843
f 9830 9844 9832
f 9830 9843 9844
f 9832 9845 9833
f 9832 9844 9845
f 9833 9846 9834
f 9833 9845 9846
f 9846 9125 9126
f 9835 9846 9126
f 9834 9846 9835
f 9092 9835 9126
f 9127 9128 9847
f 9847 9130 9127
f 9157 9836 9123
f 9157 9848 9836
f 9851 9850 9849
f 9851 9849 9838
f 9849 9837 9838
f 9849 9852 9837
f 9837 9853 9839
f 9837 9852 9853
f 9840 9839 9854
f 9839 9855 9854
f 9839 9853 9855
f 9854 9855 9842
f 9855 9841 9842
f 9855 9856 9841
f 9841 9857 9843
f 9841 9856 9857
f 9843 9858 9844
f 9843 9857 9858
f 9858 9159 9160
f 9845 9858 9160
f 9844 9858 9845
f 9845 9160 9161
f 9845 9161 9846
f 9125 9846 9161
f 9163 9164 9859
f 9859 9128 9163
f 9859 9847 9128
f 9859 9167 9165
f 9847 9859 9165
f 9847 9165 9130
f 9188 9848 9157
f 9188 9860 9848
f 9849 9850 9861
f 9861 9850 9862
f 9849 9863 9852
f 9849 9861 9863
f 9852 9864 9853
f 9852 9863 9864
f 9853 9865 9855
f 9853 9864 9865
f 9855 9866 9856
f 9855 9865 9866
f 9856 9867 9857
f 9856 9866 9867
f 9857 9868 9858
f 9857 9867 9868
f 9868 9190 9159
f 9868 9159 9858
f 9192 9859 9164
f 9859 9192 9167
f 9869 9860 9188
f 9869 9188 9213
f 9213 9215 9869
f 9869 9215 9870
f 9861 9862 9871
f 9871 9862 9872
f 9861 9873 9863
f 9861 9871 9873
f 9863 9874 9864
f 9863 9873 9874
f 9864 9875 9865
f 9864 9874 9875
f 9865 9876 9866
f 9865 9875 9876
f 9866 9877 9867
f 9866 9876 9877
f 9867 9878 9868
f 9867 9877 9878
f 9879 9216 9190
f 9868 9879 9190
f 9878 9879 9868
f 9879 9218 9216
f 9233 9870 9215
f 9233 9880 9870
f 9871 9872 9881
f 9881 9872 9882
f 9871 9883 9873
f 9871 9881 9883
f 9873 9884 9874
f 9873 9883 9884
f 9874 9885 9875
f 9874 9884 9885
f 9875 9886 9876
f 9875 9885 9886
f 9876 9887 9877
f 9876 9886 9887
f 9887 9235 9236
f 9878 9887 9236
f 9877 9887 9878
f 9878 9236 9237
f 9878 9237 9879
f 9218 9879 9237
f 9239 9240 9888
f 9888 9242 9239
f 9243 9889 9244
f 9889 9246 9244
f 9255 9891 9890
f 9880 9255 9890
f 9233 9255 9880
f 9891 9892 9890
f 9881 9882 9893
f 9893 9882 9894
f 9881 9895 9883
f 9881 9893 9895
f 9883 9896 9884
f 9883 9895 9896
f 9884 9897 9885
f 9884 9896 9897
f 9885 9898 9886
f 9885 9897 9898
f 9886 9899 9887
f 9886 9898 9899
f 9900 9256 9235
f 9887 9900 9235
f 9899 9900 9887
f 9901 9257 9256
f 9901 9256 9900
f 9888 9240 9257
f 9901 9888 9257
f 9902 9888 9901
f 9902 9259 9242
f 9902 9242 9888
f 9260 9903 9889
f 9260 9889 9243
f 9903 9262 9246
f 9903 9246 9889
f 9905 9904 9891
f 9255 9905 9891
f 9270 9905 9255
f 9891 9904 9892
f 9893 9894 9906
f 9906 9894 9907
f 9893 9908 9895
f 9893 9906 9908
f 9895 9909 9896
f 9895 9908 9909
f 9896 9910 9897
f 9896 9909 9910
f 9897 9911 9898
f 9897 9910 9911
f 9911 9272 9273
f 9899 9911 9273
f 9898 9911 9899
f 9899 9273 9274
f 9912 9899 9274
f 9900 9899 9912
f 9912 9276 9277
f 9901 9912 9277
f 9900 9912 9901
f 9901 9277 9278
f 9901 9278 9902
f 9902 9278 9259
f 9281 9903 9260
f 9903 9281 9262
f 9286 9905 9270
f 9286 9913 9905
f 9907 9914 9906
f 9916 9915 9914
f 9915 9906 9914
f 9915 9908 9906
f 9915 9288 9289
f 9909 9915 9289
f 9908 9915 9909
f 9909 9289 9290
f 9917 9909 9290
f 9910 9909 9917
f 9917 9292 9293
f 9911 9917 9293
f 9910 9917 9911
f 9911 9293 9272
f 9295 9912 9274
f 9912 9295 9276
f 9305 9913 9286
f 9305 9918 9913
f 9921 9920 9919
f 9921 9919 9916
f 9919 9915 9916
f 9919 9922 9915
f 9922 9307 9288
f 9922 9288 9915
f 9308 9917 9290
f 9917 9308 9292
f 9319 9923 9318
f 9923 9924 9318
f 9924 9305 9318
f 9924 9918 9305
f 9927 9926 9925
f 9927 9925 9920
f 9920 9925 9919
f 9925 9321 9919
f 9321 9322 9919
f 9919 9322 9323
f 9919 9323 9922
f 9922 9323 9307
f 9332 9928 9923
f 9332 9923 9319
f 9924 9923 9929
f 9929 9923 9928
f 9925 9926 9930
f 9930 9926 9931
f 9930 9334 9321
f 9930 9321 9925
f 9934 9933 9932
f 9933 9935 9932
f 9332 9341 9928
f 9936 9928 9341
f 9929 9928 9937
f 9928 9938 9937
f 9928 9936 9938
f 9937 9938 9931
f 9938 9930 9931
f 9938 9939 9930
f 9940 9342 9334
f 9930 9940 9334
f 9939 9940 9930
f 9941 9343 9342
f 9941 9342 9940
f 9941 9345 9343
f 9934 9932 9942
f 9934 9942 9943
f 9944 9932 9935
f 9944 9935 9945
f 9944 9945 9946
f 9944 9946 9936
f 9944 9936 9341
f 9944 9341 9350
f 9944 9350 9942
f 9944 9942 9932
f 9936 9947 9938
f 9936 9946 9947
f 9938 9948 9939
f 9938 9947 9948
f 9948 9352 9353
f 9940 9948 9353
f 9939 9948 9940
f 9940 9353 9354
f 9940 9354 9941
f 9941 9354 9345
f 9943 9942 9360
f 9361 9943 9360
f 9949 9943 9361
f 9942 9350 9360
f 9951 9945 9950
f 9945 9951 9946
f 9946 9952 9947
f 9946 9951 9952
f 9947 9953 9948
f 9947 9952 9953
f 9953 9364 9352
f 9953 9352 9948
f 9361 9368 9954
f 9955 9361 9954
f 9949 9361 9955
f 9950 9956 9951
f 9956 9368 9951
f 9368 9369 9951
f 9368 9956 9954
f 9951 9369 9370
f 9957 9951 9370
f 9952 9951 9957
f 9957 9372 9373
f 9953 9957 9373
f 9952 9957 9953
f 9953 9373 9364
f 9958 9955 9954
f 9378 9379 9959
f 9954 9956 9958
f 9959 9960 9378
f 9378 9960 9370
f 9960 9961 9370
f 9961 9957 9370
f 9961 9963 9962
f 9961 9962 9380
f 9957 9961 9380
f 9372 9957 9380
f 9964 9381 9380
f 9964 9380 9962
f 9965 9382 9381
f 9965 9381 9964
f 9382 9965 9966
f 9967 9382 9966
f 9383 9382 9967
f 9383 9968 9384
f 9967 9968 9383
f 9384 9969 9385
f 9968 9969 9384
f 9385 9970 9386
f 9969 9970 9385
f 9970 9972 9971
f 9387 9970 9971
f 9386 9970 9387
f 9971 9389 9387
f 9390 9973 9391
f 9974 9392 9391
f 9974 9391 9973
f 9974 9394 9392
f 9419 9975 9418
f 9975 9976 9418
f 9418 9976 9379
f 9976 9977 9379
f 9977 9959 9379
f 9959 9977 9960
f 9963 9978 9962
f 9962 9978 9964
f 9964 9978 9979
f 9981 9980 9979
f 9980 9964 9979
f 9980 9965 9964
f 9966 9965 9982
f 9982 9965 9980
f 9972 9983 9971
f 9983 9985 9984
f 9983 9984 9420
f 9971 9983 9420
f 9389 9971 9420
f 9984 9986 9420
f 9420 9986 9390
f 9986 9987 9390
f 9987 9973 9390
f 9989 9988 9987
f 9988 9973 9987
f 9988 9974 9973
f 9974 9988 9394
f 9988 9990 9394
f 9990 9421 9394
f 9988 9991 9990
f 9990 9993 9992
f 9422 9990 9992
f 9421 9990 9422
f 9422 9992 9994
f 9995 9422 9994
f 9423 9422 9995
f 9995 9997 9996
f 9424 9995 9996
f 9423 9995 9424
f 9998 9425 9424
f 9998 9424 9996
f 9999 9426 9425
f 9999 9425 9998
f 10000 9427 9426
f 10000 9426 9999
f 10001 9428 9427
f 10001 9427 10000
f 10001 9430 9428
f 10003 10002 9975
f 9419 10003 9975
f 9453 10003 9419
f 9975 10002 9976
f 10006 10005 10004
f 10006 10004 9981
f 10004 9980 9981
f 10004 10007 9980
f 9982 9980 10008
f 10008 9980 10007
f 10011 10010 10009
f 10013 10012 10009
f 10009 10012 10011
f 10015 10014 10013
f 10013 10014 10012
f 10017 10016 10015
f 10015 10016 10014
f 10016 10017 9985
f 10017 9984 9985
f 10017 10018 9984
f 9986 9984 10019
f 9984 10020 10019
f 9984 10018 10020
f 10019 10020 9989
f 10020 9988 9989
f 10020 10021 9988
f 9991 9988 10022
f 9988 10023 10022
f 9988 10021 10023
f 10022 10023 9993
f 10023 9992 9993
f 10023 10024 9992
f 9994 9992 10025
f 9992 10026 10025
f 9992 10024 10026
f 10025 10026 9997
f 10026 9996 9997
f 10026 10027 9996
f 9996 10028 9998
f 9996 10027 10028
f 9998 10029 9999
f 9998 10028 10029
f 9999 10030 10000
f 9999 10029 10030
f 10000 10031 10001
f 10000 10030 10031
f 10031 9455 9430
f 10031 9430 10001
f 10032 10003 9453
f 10032 9453 9478
f 10033 9478 9480
f 10033 10032 9478
f 9480 9482 10033
f 10033 9482 10034
f 10004 10005 10035
f 10035 10005 10036
f 10035 9484 9485
f 10007 10035 9485
f 10004 10035 10007
f 10037 10008 10007
f 9485 10037 10007
f 9486 10037 9485
f 9488 10009 10010
f 10037 9488 10010
f 9486 9488 10037
f 10009 9488 9490
f 10009 9490 10013
f 10013 9490 9492
f 10038 10013 9492
f 10015 10013 10038
f 10015 10039 10017
f 10015 10038 10039
f 10017 10040 10018
f 10017 10039 10040
f 10018 10041 10020
f 10018 10040 10041
f 10041 9496 9497
f 10021 10041 9497
f 10020 10041 10021
f 10021 9497 9498
f 10021 9498 10023
f 10023 9498 9500
f 10023 9500 10024
f 10024 9500 9502
f 10024 9502 10026
f 10026 9502 9504
f 10042 10026 9504
f 10027 10026 10042
f 10042 9506 9507
f 10028 10042 9507
f 10027 10042 10028
f 10028 9507 9508
f 10043 10028 9508
f 10029 10028 10043
f 10029 10044 10030
f 10029 10043 10044
f 10044 9510 9511
f 10031 10044 9511
f 10030 10044 10031
f 10031 9511 9455
f 9531 10034 9482
f 9531 10045 10034
f 10048 10047 10046
f 10048 10046 10036
f 10036 10046 10035
f 10046 9533 10035
f 9533 9534 10035
f 10035 9534 9484
f 9539 10038 9492
f 10038 9539 9541
f 10038 9541 10039
f 10039 9541 9543
f 10039 9543 10040
f 10040 9543 9545
f 10040 9545 10041
f 10041 9545 9496
f 9548 10042 9504
f 10042 9548 9506
f 9550 10043 9508
f 10043 9550 9552
f 10043 9552 10044
f 10044 9552 9510
f 10049 10045 9531
f 10049 9531 9561
f 10050 10046 9563
f 10046 10049 9563
f 10049 9561 9563
f 10046 10047 10049
f 10050 9564 9533
f 10050 9533 10046
f 9568 10051 9567
f 9570 10050 9563
f 9571 9567 10051
f 10050 9570 9564
f 9572 10051 9568
f 10051 9572 9571
f 10053 10052 9581
f 10053 9581 9582
f 10052 10055 10054
f 9583 10052 10054
f 9581 10052 9583
f 10056 9584 9583
f 10056 9583 10054
f 10057 9586 9584
f 10057 9584 10056
f 10057 9587 9586
f 9592 10058 9591
f 10058 9594 9591
f 9596 10059 9595
f 10060 9598 9595
f 10060 9595 10059
f 10060 9599 9598
f 9601 10061 9600
f 10061 9603 9600
f 9606 10062 9607
f 10062 9609 9607
f 9610 10063 9611
f 10064 9613 9611
f 10064 9611 10063
f 10065 9615 9613
f 10065 9613 10064
f 10066 9616 9615
f 10066 9615 10065
f 10067 9617 9616
f 10067 9616 10066
f 10068 9618 9617
f 10068 9617 10067
f 10069 9619 9618
f 10069 9618 10068
f 10070 9621 9619
f 10070 9619 10069
f 10070 9622 9621
f 9624 10071 9625
f 10071 9627 9625
f 9628 10053 9582
f 9628 10072 10053
f 10055 10073 10054
f 10075 10074 10073
f 10074 10054 10073
f 10074 10056 10054
f 10077 10057 10076
f 10057 10074 10076
f 10057 10056 10074
f 10077 10079 10078
f 10077 10078 9629
f 10057 10077 9629
f 9587 10057 9629
f 9629 10078 10080
f 10081 9629 10080
f 9630 9629 10081
f 10081 10083 10082
f 9631 10081 10082
f 9630 10081 9631
f 10084 9632 9631
f 10084 9631 10082
f 10085 9633 9632
f 10085 9632 10084
f 10086 9634 9633
f 10086 9633 10085
f 10058 9592 9634
f 10086 10058 9634
f 10087 10058 10086
f 10088 9635 9594
f 10058 10088 9594
f 10087 10088 10058
f 10089 9636 9635
f 10089 9635 10088
f 10059 9596 9636
f 10089 10059 9636
f 10090 10059 10089
f 10059 10091 10060
f 10059 10090 10091
f 10092 9638 9599
f 10060 10092 9599
f 10091 10092 10060
f 10093 9639 9638
f 10093 9638 10092
f 10061 9601 9639
f 10093 10061 9639
f 10094 10061 10093
f 10095 9640 9603
f 10061 10095 9603
f 10094 10095 10061
f 10096 9641 9640
f 10096 9640 10095
f 10097 9642 9641
f 10097 9641 10096
f 10098 9643 9642
f 10098 9642 10097
f 10062 9606 9643
f 10098 10062 9643
f 10099 10062 10098
f 10100 9644 9609
f 10062 10100 9609
f 10099 10100 10062
f 10063 9610 9644
f 10100 10063 9644
f 10101 10063 10100
f 10063 10102 10064
f 10063 10101 10102
f 10064 10103 10065
f 10064 10102 10103
f 10065 10104 10066
f 10065 10103 10104
f 10066 10105 10067
f 10066 10104 10105
f 10067 10106 10068
f 10067 10105 10106
f 10068 10107 10069
f 10068 10106 10107
f 10069 10108 10070
f 10069 10107 10108
f 10108 9645 9622
f 10108 9622 10070
f 9647 10109 10071
f 9647 10071 9624
f 10110 9648 9627
f 10071 10110 9627
f 10109 10110 10071
f 10110 9649 9648
f 9651 10072 9628
f 9651 10111 10072
f 10075 10112 10074
f 10074 10112 10076
f 10078 10079 10113
f 10113 10079 10114
f 10080 10078 10115
f 10115 10078 10113
f 10082 10083 10116
f 10116 10083 10117
f 10082 10118 10084
f 10082 10116 10118
f 10084 10119 10085
f 10084 10118 10119
f 10085 10120 10086
f 10085 10119 10120
f 10086 10121 10087
f 10086 10120 10121
f 10087 10122 10088
f 10087 10121 10122
f 10088 10123 10089
f 10088 10122 10123
f 10089 10124 10090
f 10089 10123 10124
f 10090 10125 10091
f 10090 10124 10125
f 10091 10126 10092
f 10091 10125 10126
f 10092 10127 10093
f 10092 10126 10127
f 10093 10128 10094
f 10093 10127 10128
f 10094 10129 10095
f 10094 10128 10129
f 10095 10130 10096
f 10095 10129 10130
f 10096 10131 10097
f 10096 10130 10131
f 10097 10132 10098
f 10097 10131 10132
f 10098 10133 10099
f 10098 10132 10133
f 10099 10134 10100
f 10099 10133 10134
f 10100 10135 10101
f 10100 10134 10135
f 10101 10136 10102
f 10101 10135 10136
f 10102 10137 10103
f 10102 10136 10137
f 10103 10138 10104
f 10103 10137 10138
f 10104 10139 10105
f 10104 10138 10139
f 10105 10140 10106
f 10105 10139 10140
f 10106 10141 10107
f 10106 10140 10141
f 10107 10142 10108
f 10107 10141 10142
f 10142 9652 9645
f 10142 9645 10108
f 9653 10109 9647
f 10109 9653 9654
f 10109 9654 10110
f 9649 10110 9654
f 9655 9656 10143
f 10144 9657 9655
f 10144 9655 10143
f 10145 9658 9657
f 10145 9657 10144
f 10145 9659 9658
f 9661 10146 9660
f 10146 10147 9660
f 10147 9651 9660
f 10147 10111 9651
f 10150 10149 10148
f 10150 10148 10114
f 10148 10113 10114
f 10148 10151 10113
f 10115 10113 10152
f 10113 10153 10152
f 10113 10151 10153
f 10152 10153 10117
f 10153 10116 10117
f 10153 10154 10116
f 10116 10155 10118
f 10116 10154 10155
f 10118 10156 10119
f 10118 10155 10156
f 10119 10157 10120
f 10119 10156 10157
f 10120 10158 10121
f 10120 10157 10158
f 10121 10159 10122
f 10121 10158 10159
f 10122 10160 10123
f 10122 10159 10160
f 10123 10161 10124
f 10123 10160 10161
f 10124 10162 10125
f 10124 10161 10162
f 10125 10163 10126
f 10125 10162 10163
f 10126 10164 10127
f 10126 10163 10164
f 10127 10165 10128
f 10127 10164 10165
f 10128 10166 10129
f 10128 10165 10166
f 10129 10167 10130
f 10129 10166 10167
f 10130 10168 10131
f 10130 10167 10168
f 10131 10169 10132
f 10131 10168 10169
f 10132 10170 10133
f 10132 10169 10170
f 10133 10171 10134
f 10133 10170 10171
f 10134 10172 10135
f 10134 10171 10172
f 10135 10173 10136
f 10135 10172 10173
f 10136 10174 10137
f 10136 10173 10174
f 10137 10175 10138
f 10137 10174 10175
f 10138 10176 10139
f 10138 10175 10176
f 10139 10177 10140
f 10139 10176 10177
f 10177 9662 9663
f 10141 10177 9663
f 10140 10177 10141
f 10141 9663 9664
f 10141 9664 10142
f 10142 9664 9652
f 9667 10178 10143
f 9667 10143 9656
f 10143 10179 10144
f 10143 10178 10179
f 10179 9669 9670
f 10145 10179 9670
f 10144 10179 10145
f 10145 9670 9659
f 9671 10180 10146
f 9671 10146 9661
f 10147 10146 10181
f 10181 10146 10180
f 10184 10183 10182
f 10184 10182 10149
f 10182 10148 10149
f 10182 10185 10148
f 10148 10186 10151
f 10148 10185 10186
f 10151 10187 10153
f 10151 10186 10187
f 10153 10188 10154
f 10153 10187 10188
f 10154 10189 10155
f 10154 10188 10189
f 10155 10190 10156
f 10155 10189 10190
f 10156 10191 10157
f 10156 10190 10191
f 10157 10192 10158
f 10157 10191 10192
f 10192 9673 9674
f 10159 10192 9674
f 10158 10192 10159
f 10159 9674 9675
f 10193 10159 9675
f 10160 10159 10193
f 10193 9677 9678
f 10161 10193 9678
f 10160 10193 10161
f 10161 9678 9679
f 10194 10161 9679
f 10162 10161 10194
f 10162 10195 10163
f 10162 10194 10195
f 10163 10196 10164
f 10163 10195 10196
f 10164 10197 10165
f 10164 10196 10197
f 10165 10198 10166
f 10165 10197 10198
f 10166 10199 10167
f 10166 10198 10199
f 10167 10200 10168
f 10167 10199 10200
f 10168 10201 10169
f 10168 10200 10201
f 10169 10202 10170
f 10169 10201 10202
f 10170 10203 10171
f 10170 10202 10203
f 10171 10204 10172
f 10171 10203 10204
f 10172 10205 10173
f 10172 10204 10205
f 10173 10206 10174
f 10173 10205 10206
f 10174 10207 10175
f 10174 10206 10207
f 10175 10208 10176
f 10175 10207 10208
f 10208 9681 9682
f 10177 10208 9682
f 10176 10208 10177
f 10177 9682 9662
f 9685 10209 10178
f 9685 10178 9667
f 10209 9687 9688
f 10179 10209 9688
f 10178 10209 10179
f 10210 9688 9690
f 10210 10179 9688
f 10210 9689 9669
f 10179 10210 9669
f 10210 9691 9689
f 9692 10211 10180
f 9692 10180 9671
f 10181 10180 10212
f 10212 10180 10211
f 10183 10213 10182
f 10182 10213 10185
f 10185 10213 10214
f 10216 10215 10214
f 10215 10185 10214
f 10215 10186 10185
f 10186 10217 10187
f 10186 10215 10217
f 10187 10218 10188
f 10187 10217 10218
f 10188 10219 10189
f 10188 10218 10219
f 10189 10220 10190
f 10189 10219 10220
f 10220 9694 9695
f 10191 10220 9695
f 10190 10220 10191
f 10191 9695 9696
f 10221 10191 9696
f 10192 10191 10221
f 10221 9698 9673
f 10221 9673 10192
f 9699 10193 9675
f 9677 10193 9699
f 9701 9702 10222
f 10194 9679 9701
f 10222 10194 9701
f 10223 10194 10222
f 10194 10224 10195
f 10194 10223 10224
f 10195 10225 10196
f 10195 10224 10225
f 10196 10226 10197
f 10196 10225 10226
f 10197 10227 10198
f 10197 10226 10227
f 10227 9703 9704
f 10199 10227 9704
f 10198 10227 10199
f 10199 9704 9705
f 10228 10199 9705
f 10200 10199 10228
f 10200 10229 10201
f 10200 10228 10229
f 10201 10230 10202
f 10201 10229 10230
f 10202 10231 10203
f 10202 10230 10231
f 10231 9707 9708
f 10204 10231 9708
f 10203 10231 10204
f 10204 9708 9709
f 10232 10204 9709
f 10205 10204 10232
f 10232 9711 9712
f 10206 10232 9712
f 10205 10232 10206
f 10206 9712 9713
f 10206 9713 10207
f 10207 9713 9715
f 10233 10207 9715
f 10208 10207 10233
f 10233 9716 9681
f 10233 9681 10208
f 9719 10209 9685
f 10209 9719 9687
f 9722 10210 9690
f 10210 9722 9691
f 9724 10234 10211
f 9724 10211 9692
f 10212 10211 10235
f 10235 10211 10234
f 10238 10237 10236
f 10236 10239 10238
f 10215 10216 10240
f 10240 10216 10241
f 10215 10242 10217
f 10215 10240 10242
f 10217 10243 10218
f 10217 10242 10243
f 10218 10244 10219
f 10218 10243 10244
f 10219 10245 10220
f 10219 10244 10245
f 10245 9726 9694
f 10245 9694 10220
f 9727 10246 10221
f 9727 10221 9696
f 10246 9729 9698
f 10246 9698 10221
f 9730 10247 9731
f 9734 10222 9702
f 9732 9731 10247
f 10222 9734 9735
f 10222 9735 10223
f 10223 9735 9737
f 10248 10223 9737
f 10224 10223 10248
f 10248 9739 9740
f 10225 10248 9740
f 10224 10248 10225
f 10225 9740 9741
f 10249 10225 9741
f 10226 10225 10249
f 10249 9743 9744
f 10227 10249 9744
f 10226 10249 10227
f 10227 9744 9703
f 9745 10250 10228
f 9745 10228 9705
f 10228 10251 10229
f 10228 10250 10251
f 10229 10252 10230
f 10229 10251 10252
f 10230 10253 10231
f 10230 10252 10253
f 10253 9747 9707
f 10253 9707 10231
f 9748 10232 9709
f 9711 10232 9748
f 9750 9751 10254
f 10254 9753 9750
f 9754 10233 9715
f 10233 9754 9716
f 9761 10255 10234
f 9761 10234 9724
f 10235 10234 10256
f 10256 10234 10255
f 10259 10258 10257
f 10259 10257 10237
f 10257 10236 10237
f 10257 10260 10236
f 9764 10261 9763
f 10261 10236 9763
f 10236 10260 9763
f 10236 10261 10239
f 10262 10240 9765
f 10240 10261 9765
f 10261 9764 9765
f 10240 10241 10261
f 10240 10263 10242
f 10240 10262 10263
f 10263 9767 9768
f 10243 10263 9768
f 10242 10263 10243
f 10243 9768 9769
f 10243 9769 10244
f 10244 9769 9771
f 10244 9771 10245
f 10245 9771 9726
f 9774 10246 9727
f 10246 9774 9729
f 9777 10247 9730
f 10247 9777 9732
f 9779 10248 9737
f 10248 9779 9739
f 9780 10249 9741
f 10249 9780 9743
f 9781 10250 9745
f 10250 9781 9783
f 10250 9783 10251
f 10251 9783 9785
f 10264 10251 9785
f 10252 10251 10264
f 10264 9787 9788
f 10253 10264 9788
f 10252 10264 10253
f 10253 9788 9747
f 9790 10254 9751
f 10254 9790 9753
f 9794 10265 10255
f 9794 10255 9761
f 10256 10255 10266
f 10266 10255 10265
f 10257 10258 10267
f 10267 10258 10268
f 10257 10269 10260
f 10257 10267 10269
f 10269 9796 9763
f 10269 9763 10260
f 9797 10270 10262
f 9797 10262 9765
f 10270 9799 9800
f 10263 10270 9800
f 10262 10270 10263
f 10263 9800 9767
f 9807 10264 9785
f 10264 9807 9787
f 9808 10271 10265
f 9808 10265 9794
f 10266 10265 10272
f 10265 10273 10272
f 10265 10271 10273
f 10275 10274 10273
f 10274 10267 10273
f 10268 10272 10273
f 10268 10273 10267
f 10267 10274 10269
f 10269 10274 10276
f 9796 10269 10276
f 10277 9796 10276
f 9810 9796 10277
f 9811 10278 10270
f 9811 10270 9797
f 10279 9812 9799
f 10270 10279 9799
f 10278 10279 10270
f 10280 9813 9812
f 10280 9812 10279
f 10281 9814 9813
f 10281 9813 10280
f 10282 9815 9814
f 10282 9814 10281
f 10282 9817 9815
f 9820 10283 10271
f 9820 10271 9808
f 10271 10284 10273
f 10271 10283 10284
f 10275 10273 10285
f 10285 10273 10284
f 10288 10287 10286
f 10277 10288 10286
f 9822 10277 10286
f 9810 10277 9822
f 9823 10278 9811
f 10278 9823 9825
f 10289 10278 9825
f 10279 10278 10289
f 10289 9827 9828
f 10280 10289 9828
f 10279 10289 10280
f 10280 9828 9829
f 10280 9829 10281
f 10281 9829 9831
f 10281 9831 10282
f 10282 9831 9817
f 9836 10290 10283
f 9836 10283 9820
f 10283 10291 10284
f 10283 10290 10291
f 10285 10284 10292
f 10284 10293 10292
f 10284 10291 10293
f 10292 10293 10287
f 10293 10286 10287
f 10293 10294 10286
f 10294 9838 9822
f 10294 9822 10286
f 9840 10295 10289
f 9840 10289 9825
f 10295 9842 9827
f 10295 9827 10289
f 9848 10296 10290
f 9848 10290 9836
f 10290 10297 10291
f 10290 10296 10297
f 10291 10298 10293
f 10291 10297 10298
f 10298 9850 9851
f 10294 10298 9851
f 10293 10298 10294
f 10294 9851 9838
f 9854 10295 9840
f 10295 9854 9842
f 9860 10299 10296
f 9860 10296 9848
f 10296 10300 10297
f 10296 10299 10300
f 10302 10298 10301
f 10298 10300 10301
f 10298 10297 10300
f 9850 10298 10302
f 10303 9850 10302
f 9862 9850 10303
f 9869 10299 9860
f 10299 9869 9870
f 10304 10299 9870
f 10300 10299 10304
f 10301 10300 10305
f 10300 10306 10305
f 10300 10304 10306
f 10303 10305 10306
f 9872 10303 10306
f 9862 10303 9872
f 9880 10307 10304
f 9880 10304 9870
f 10304 10308 10306
f 10304 10307 10308
f 10308 9882 9872
f 10308 9872 10306
f 9890 10307 9880
f 10307 9890 9892
f 10309 10307 9892
f 10308 10307 10309
f 10309 9894 9882
f 10309 9882 10308
f 9905 10310 9904
f 10309 9892 9904
f 10310 10309 9904
f 10311 10309 10310
f 10311 9907 9894
f 10311 9894 10309
f 9913 10312 10310
f 9913 10310 9905
f 10310 10313 10311
f 10310 10312 10313
f 10314 9914 9907
f 10311 10314 9907
f 10313 10314 10311
f 10314 9916 9914
f 9918 10315 10312
f 9918 10312 9913
f 10312 10316 10313
f 10312 10315 10316
f 10316 9920 9921
f 10314 10316 9921
f 10313 10316 10314
f 10314 9921 9916
f 9924 10317 10315
f 9924 10315 9918
f 10317 9926 9927
f 10316 10317 9927
f 10315 10317 10316
f 10316 9927 9920
f 9929 10318 10317
f 9929 10317 9924
f 10318 9931 9926
f 10318 9926 10317
f 9934 10319 9933
f 10319 9935 9933
f 9937 10318 9929
f 10318 9937 9931
f 9943 10320 10319
f 9943 10319 9934
f 10320 9945 9935
f 10320 9935 10319
f 9949 10321 10320
f 9949 10320 9943
f 10321 9950 9945
f 10321 9945 10320
f 9955 10322 10321
f 9955 10321 9949
f 10322 9956 9950
f 10322 9950 10321
f 9958 10322 9955
f 10322 9958 9956
f 9960 10323 9961
f 10323 9963 9961
f 9966 10324 9967
f 10325 9968 9967
f 10325 9967 10324
f 10326 9969 9968
f 10326 9968 10325
f 10327 9970 9969
f 10327 9969 10326
f 10327 9972 9970
f 9976 10328 9977
f 10328 10329 9977
f 9977 10329 9960
f 10329 10330 9960
f 10330 10323 9960
f 10330 10332 10331
f 10330 10331 9978
f 10323 10330 9978
f 9963 10323 9978
f 10333 9979 9978
f 10333 9978 10331
f 10333 9981 9979
f 9982 10334 10324
f 9982 10324 9966
f 10324 10335 10325
f 10324 10334 10335
f 10325 10336 10326
f 10325 10335 10336
f 10326 10337 10327
f 10326 10336 10337
f 10338 9983 9972
f 10327 10338 9972
f 10337 10338 10327
f 10338 9985 9983
f 9986 10339 9987
f 10339 9989 9987
f 9991 10340 9990
f 10340 9993 9990
f 9994 10341 9995
f 10341 9997 9995
f 10003 10342 10002
f 10328 9976 10002
f 10342 10328 10002
f 10343 10328 10342
f 10329 10328 10344
f 10328 10345 10344
f 10328 10343 10345
f 10344 10345 10332
f 10345 10331 10332
f 10345 10346 10331
f 10346 10005 10006
f 10333 10346 10006
f 10331 10346 10333
f 10333 10006 9981
f 10008 10347 10334
f 10008 10334 9982
f 10347 10010 10011
f 10335 10347 10011
f 10334 10347 10335
f 10335 10011 10012
f 10335 10012 10336
f 10336 10012 10014
f 10336 10014 10337
f 10337 10014 10016
f 10337 10016 10338
f 10338 10016 9985
f 10019 10339 9986
f 10339 10019 9989
f 10022 10340 9991
f 10340 10022 9993
f 10025 10341 9994
f 10341 10025 9997
f 10032 10342 10003
f 10342 10032 10033
f 10342 10033 10343
f 10343 10033 10034
f 10348 10343 10034
f 10345 10343 10348
f 10345 10349 10346
f 10345 10348 10349
f 10349 10036 10005
f 10349 10005 10346
f 10037 10347 10008
f 10347 10037 10010
f 10045 10350 10348
f 10045 10348 10034
f 10350 10047 10048
f 10349 10350 10048
f 10348 10350 10349
f 10349 10048 10036
f 10049 10350 10045
f 10350 10049 10047
f 10053 10351 10052
f 10351 10055 10052
f 10072 10352 10351
f 10072 10351 10053
f 10353 10073 10055
f 10351 10353 10055
f 10352 10353 10351
f 10353 10075 10073
f 10076 10354 10077
f 10354 10079 10077
f 10080 10355 10081
f 10355 10083 10081
f 10111 10356 10352
f 10111 10352 10072
f 10352 10357 10353
f 10352 10356 10357
f 10358 10112 10075
f 10353 10358 10075
f 10357 10358 10353
f 10354 10076 10112
f 10358 10354 10112
f 10359 10354 10358
f 10359 10114 10079
f 10359 10079 10354
f 10115 10360 10355
f 10115 10355 10080
f 10360 10117 10083
f 10360 10083 10355
f 10147 10361 10356
f 10147 10356 10111
f 10356 10362 10357
f 10356 10361 10362
f 10357 10363 10358
f 10357 10362 10363
f 10363 10149 10150
f 10359 10363 10150
f 10358 10363 10359
f 10359 10150 10114
f 10152 10360 10115
f 10360 10152 10117
f 10181 10364 10361
f 10181 10361 10147
f 10361 10365 10362
f 10361 10364 10365
f 10365 10183 10184
f 10363 10365 10184
f 10362 10365 10363
f 10363 10184 10149
f 10212 10366 10364
f 10212 10364 10181
f 10364 10367 10365
f 10364 10366 10367
f 10368 10213 10183
f 10365 10368 10183
f 10367 10368 10365
f 10369 10214 10213
f 10369 10213 10368
f 10369 10216 10214
f 10235 10370 10366
f 10235 10366 10212
f 10366 10371 10367
f 10366 10370 10371
f 10371 10237 10238
f 10368 10371 10238
f 10367 10371 10368
f 10368 10238 10239
f 10372 10368 10239
f 10369 10368 10372
f 10372 10241 10216
f 10372 10216 10369
f 10256 10373 10370
f 10256 10370 10235
f 10373 10258 10259
f 10371 10373 10259
f 10370 10373 10371
f 10371 10259 10237
f 10261 10372 10239
f 10372 10261 10241
f 10266 10374 10373
f 10266 10373 10256
f 10374 10268 10258
f 10374 10258 10373
f 10272 10374 10266
f 10268 10374 10272
f 10274 10275 10375
f 10376 10276 10274
f 10376 10274 10375
f 10376 10277 10276
f 10285 10377 10375
f 10285 10375 10275
f 10377 10287 10288
f 10376 10377 10288
f 10375 10377 10376
f 10376 10288 10277
f 10292 10377 10285
f 10377 10292 10287
f 10301 10378 10302
f 10378 10303 10302
f 10305 10378 10301
f 10378 10305 10303
f 10329 10379 10330
f 10379 10332 10330
f 10344 10379 10329
f 10379 10344 10332

