# https://github.com/mikedh/trimesh
v 0.54663332 0.20871961 0.21456561
v 0.54714163 0.20816698 0.21456561
v 0.54714163 0.20871961 0.21367501
v 0.54714163 0.20871961 0.21498443
v 0.54714163 0.21009451 0.21456561
v 0.54514915 0.22871961 0.20456561
v 0.54714163 0.22588146 0.20456561
v 0.54714163 0.22871961 0.20165235
v 0.54714163 0.22871961 0.20690538
v 0.54714163 0.23168971 0.20456561
v 0.55118612 0.08371961 0.19956561
v 0.55214163 0.08274553 0.19956561
v 0.55214163 0.08371961 0.19598407
v 0.55214163 0.08371961 0.20084283
v 0.55214163 0.08488256 0.19956561
v 0.55186510 0.11371961 0.18956561
v 0.55214163 0.11342224 0.18956561
v 0.55214163 0.11371961 0.18925716
v 0.55214163 0.11371961 0.19005849
v 0.55214163 0.11400363 0.18956561
v 0.55193648 0.17371961 0.20956561
v 0.55214163 0.17310650 0.20956561
v 0.55214163 0.17371961 0.20928388
v 0.55214163 0.17371961 0.20961048
v 0.55214163 0.17381988 0.20956561
v 0.55197877 0.19871961 0.20956561
v 0.55214163 0.19833053 0.20956561
v 0.55214163 0.19871961 0.20933286
v 0.55214163 0.19871961 0.20975589
v 0.55214163 0.19896656 0.20956561
v 0.55167180 0.20871961 0.19956561
v 0.55214163 0.20755649 0.19956561
v 0.55214163 0.20871961 0.19858240
v 0.54931296 0.20871961 0.20456561
v 0.55214163 0.20582889 0.20456561
v 0.55148773 0.20871961 0.20956561
v 0.55214163 0.20790983 0.20956561
v 0.55214163 0.20701091 0.21456561
v 0.55214163 0.20871961 0.21629072
v 0.55105196 0.21371961 0.07956561
v 0.55214163 0.21285648 0.07956561
v 0.55214163 0.21371961 0.07882059
v 0.55214163 0.21371961 0.08057496
v 0.55209669 0.21371961 0.17456561
v 0.55214163 0.21366993 0.17456561
v 0.55214163 0.21371961 0.17448986
v 0.55214163 0.21371961 0.17464201
v 0.55137149 0.21371961 0.19456561
v 0.55214163 0.21254018 0.19456561
v 0.55214163 0.21371961 0.19400404
v 0.54884122 0.21371961 0.19956561
v 0.55214163 0.21371961 0.20336410
v 0.55214163 0.21160919 0.20456561
v 0.55214163 0.21371961 0.20953575
v 0.55211938 0.21371961 0.20956561
v 0.54957803 0.21371961 0.21456561
v 0.55214163 0.21371961 0.21570573
v 0.55214163 0.21460056 0.07956561
v 0.55154446 0.21871961 0.17456561
v 0.55214163 0.21871961 0.17361150
v 0.55214163 0.21871961 0.17513528
v 0.55214163 0.21619962 0.19456561
v 0.55214163 0.21871961 0.19694307
v 0.55160659 0.21871961 0.19956561
v 0.55214163 0.21871961 0.20442129
v 0.55096622 0.21871961 0.20956561
v 0.55214163 0.21871961 0.20462804
v 0.55031790 0.21871961 0.21456561
v 0.55214163 0.21871961 0.21602286
v 0.55111616 0.22371961 0.16956561
v 0.55214163 0.22168140 0.16956561
v 0.55214163 0.22371961 0.16639207
v 0.55214163 0.22043100 0.17456561
v 0.55214163 0.22371961 0.17258037
v 0.55200122 0.22371961 0.18956561
v 0.55214163 0.22291494 0.18956561
v 0.55214163 0.22371961 0.18870460
v 0.55214163 0.22371961 0.19091470
v 0.55214163 0.22310796 0.19956561
v 0.55214163 0.22371961 0.19972272
v 0.54925077 0.22371961 0.20456561
v 0.55214163 0.21875396 0.20456561
v 0.55194551 0.22371961 0.20956561
v 0.55214163 0.22371961 0.21028094
v 0.55214163 0.22216005 0.21456561
v 0.55152447 0.22871961 0.14956561
v 0.55214163 0.22785007 0.14956561
v 0.55214163 0.22871961 0.14650979
v 0.55214163 0.22871961 0.15078658
v 0.55057191 0.22871961 0.15956561
v 0.55214163 0.22602504 0.15956561
v 0.55214163 0.22871961 0.15704154
v 0.55214163 0.22871961 0.16141729
v 0.55176255 0.22871961 0.16956561
v 0.55214163 0.22871961 0.16928619
v 0.55214163 0.22871961 0.16985649
v 0.54992177 0.22871961 0.17956561
v 0.55214163 0.22512809 0.17956561
v 0.55214163 0.22871961 0.17700843
v 0.55059468 0.22871961 0.18456561
v 0.55214163 0.22475967 0.18456561
v 0.55214163 0.22407989 0.18956561
v 0.55214163 0.22871961 0.18750053
v 0.55214163 0.22871961 0.19425649
v 0.55201189 0.22871961 0.19456561
v 0.55214163 0.22752596 0.19456561
v 0.54972285 0.22871961 0.19956561
v 0.55214163 0.22395981 0.19956561
v 0.55214163 0.22573412 0.20956561
v 0.55214163 0.22871961 0.20779775
v 0.55170569 0.23371961 0.12956561
v 0.55214163 0.23335186 0.12956561
v 0.55214163 0.23371961 0.12814278
v 0.55214163 0.23371961 0.13074256
v 0.55214163 0.22933842 0.14956561
v 0.55214163 0.23072180 0.15956561
v 0.55214163 0.22938261 0.16956561
v 0.55214163 0.23231371 0.17956561
v 0.55214163 0.23190359 0.18456561
v 0.55214163 0.23371961 0.18814445
v 0.55154057 0.23371961 0.18956561
v 0.55214163 0.23250207 0.18956561
v 0.55214163 0.23051949 0.19456561
v 0.55214163 0.23371961 0.19323131
v 0.55214163 0.23371961 0.19485360
v 0.54945290 0.23371961 0.19956561
v 0.55214163 0.22930244 0.20456561
v 0.55214163 0.23371961 0.20211650
v 0.55214163 0.23312080 0.20956561
v 0.55214163 0.23371961 0.20951700
v 0.55197605 0.23371961 0.20956561
v 0.55214163 0.23371961 0.20959920
v 0.55214163 0.23411306 0.12956561
v 0.55198641 0.23871961 0.16456561
v 0.55214163 0.23844034 0.16456561
v 0.55214163 0.23871961 0.16437000
v 0.55214163 0.23871961 0.16477771
v 0.55214163 0.23509651 0.18956561
v 0.55214163 0.23744522 0.19956561
v 0.55214163 0.23379074 0.20956561
v 0.55214163 0.23887163 0.16456561
v 0.55549668 0.08371961 0.15956561
v 0.55714163 0.08203245 0.15956561
v 0.55714163 0.08371961 0.15541087
v 0.55714163 0.08371961 0.16100824
v 0.55431613 0.08371961 0.19956561
v 0.55714163 0.08525713 0.15956561
v 0.55714163 0.11370057 0.18956561
v 0.55714163 0.11371961 0.18954623
v 0.55714163 0.11371961 0.18957717
v 0.55714163 0.11372972 0.18956561
v 0.55483692 0.13871961 0.19956561
v 0.55714163 0.13411632 0.19956561
v 0.55714163 0.13871961 0.19594589
v 0.55714163 0.13871961 0.20308475
v 0.55714163 0.14228268 0.19956561
v 0.55714163 0.14371961 0.20296819
v 0.55661772 0.14371961 0.20456561
v 0.55714163 0.14216808 0.20456561
v 0.55714163 0.14371961 0.20641502
v 0.55710398 0.14871961 0.19456561
v 0.55714163 0.14868152 0.19456561
v 0.55714163 0.14871961 0.19450742
v 0.55468818 0.14871961 0.19956561
v 0.55714163 0.14498316 0.19956561
v 0.55403463 0.14871961 0.20456561
v 0.55714163 0.14871961 0.20941569
v 0.55708309 0.15371961 0.12456562
v 0.55714163 0.15364481 0.12456562
v 0.55714163 0.15371961 0.12450934
v 0.55714163 0.15371961 0.12460587
v 0.55424042 0.15371961 0.19456561
v 0.55714163 0.15371961 0.19318123
v 0.55639449 0.15371961 0.19956561
v 0.55502234 0.15371961 0.20456561
v 0.55714163 0.15128984 0.20956561
v 0.55699227 0.15371961 0.20956561
v 0.55714163 0.15371961 0.20967443
v 0.55664833 0.15871961 0.09956561
v 0.55714163 0.15809834 0.09956561
v 0.55714163 0.15871961 0.09849191
v 0.55714163 0.15871961 0.10021733
v 0.55714163 0.15379336 0.12456562
v 0.55714163 0.15706411 0.19456561
v 0.55714163 0.15871961 0.19520831
v 0.55471516 0.15871961 0.19956561
v 0.55573599 0.15871961 0.20456561
v 0.55547396 0.15871961 0.20956561
v 0.55714163 0.15871961 0.21040046
v 0.55714163 0.15911555 0.09956561
v 0.55632310 0.16371961 0.18956561
v 0.55714163 0.15908271 0.18956561
v 0.55714163 0.16371961 0.18659411
v 0.55565276 0.16371961 0.19456561
v 0.55714163 0.16062444 0.19456561
v 0.55469365 0.16371961 0.19956561
v 0.55597014 0.16371961 0.20456561
v 0.55609283 0.16371961 0.20956561
v 0.55714163 0.16371961 0.21041505
v 0.55659067 0.16871961 0.17456561
v 0.55714163 0.16725972 0.17456561
v 0.55714163 0.16871961 0.17264116
v 0.55714163 0.16871961 0.17572280
v 0.55444967 0.16871961 0.18456561
v 0.55714163 0.16555664 0.18456561
v 0.55714163 0.16871961 0.18264570
v 0.55714163 0.16871961 0.18906404
v 0.55714163 0.16814025 0.18956561
v 0.55714163 0.16871961 0.19056857
v 0.55577153 0.16871961 0.19456561
v 0.55564426 0.16871961 0.19956561
v 0.55509295 0.16871961 0.20456561
v 0.55578388 0.16871961 0.20956561
v 0.55714163 0.16576224 0.21456561
v 0.55410596 0.16871961 0.21456561
v 0.55714163 0.16871961 0.21688081
v 0.55681023 0.17371961 0.04956562
v 0.55714163 0.17323059 0.04956562
v 0.55714163 0.17371961 0.04892400
v 0.55714163 0.17371961 0.05020894
v 0.55656340 0.17371961 0.17456561
v 0.55714163 0.17371961 0.17335188
v 0.55714163 0.17341556 0.17956561
v 0.55693840 0.17371961 0.17956561
v 0.55692771 0.17371961 0.18456561
v 0.55714163 0.17083620 0.18956561
v 0.55647515 0.17371961 0.18956561
v 0.55575084 0.17371961 0.19456561
v 0.55595188 0.17371961 0.19956561
v 0.55350350 0.17371961 0.20456561
v 0.55714163 0.17174375 0.21456561
v 0.55714163 0.17371961 0.21040757
v 0.55714163 0.17417126 0.04956562
v 0.55714163 0.17576088 0.17456561
v 0.55714163 0.17768343 0.17956561
v 0.55714163 0.17871961 0.17993285
v 0.55649473 0.17871961 0.18456561
v 0.55714163 0.17871961 0.18567450
v 0.55714163 0.17428058 0.18956561
v 0.55714163 0.17708367 0.19456561
v 0.55714163 0.17789167 0.19956561
v 0.55714163 0.17871961 0.20040376
v 0.55551610 0.17871961 0.20456561
v 0.55714163 0.17671543 0.20956561
v 0.55714163 0.17871961 0.20802938
v 0.55616345 0.18371961 0.17956561
v 0.55714163 0.17887311 0.17956561
v 0.55714163 0.18371961 0.17807990
v 0.55714163 0.18371961 0.18221328
v 0.55714163 0.18027056 0.18456561
v 0.55714163 0.18371961 0.18695507
v 0.55518182 0.18371961 0.18956561
v 0.55714163 0.18167402 0.18956561
v 0.55714163 0.18371961 0.19285604
v 0.55492545 0.18371961 0.19956561
v 0.55714163 0.17920177 0.19956561
v 0.55714163 0.18371961 0.19558902
v 0.55411450 0.18371961 0.20456561
v 0.55714163 0.18121831 0.20956561
v 0.55615359 0.18371961 0.20956561
v 0.55714163 0.18371961 0.21011937
v 0.55585816 0.18871961 0.15456561
v 0.55714163 0.18729742 0.15456561
v 0.55714163 0.18871961 0.15328937
v 0.55714163 0.18871961 0.15537326
v 0.55589935 0.18871961 0.17456561
v 0.55714163 0.18755796 0.17456561
v 0.55714163 0.18871961 0.17257124
v 0.55635216 0.18871961 0.17956561
v 0.55714163 0.18820341 0.18456561
v 0.55702985 0.18871961 0.18456561
v 0.55697651 0.18871961 0.18956561
v 0.55714163 0.18468217 0.19456561
v 0.55458111 0.18871961 0.19456561
v 0.55255853 0.18871961 0.19956561
v 0.55294261 0.18871961 0.20456561
v 0.55714163 0.18871961 0.20871730
v 0.55714163 0.18603269 0.20956561
v 0.55714163 0.18936662 0.15456561
v 0.55714163 0.19037443 0.17456561
v 0.55714163 0.19371961 0.17949595
v 0.55711880 0.19371961 0.17956561
v 0.55476016 0.19371961 0.18456561
v 0.55613852 0.19371961 0.18956561
v 0.55586778 0.19371961 0.19456561
v 0.55529746 0.19371961 0.19956561
v 0.55516777 0.19371961 0.20456561
v 0.55714163 0.18984577 0.20956561
v 0.55447088 0.19371961 0.20956561
v 0.55714163 0.19371961 0.21317867
v 0.55662563 0.19871961 0.17956561
v 0.55714163 0.19871961 0.17862216
v 0.55648025 0.19871961 0.18456561
v 0.55616897 0.19871961 0.18956561
v 0.55301613 0.19871961 0.19456561
v 0.55594864 0.19871961 0.19956561
v 0.55458827 0.19871961 0.20456561
v 0.55714163 0.19871961 0.21260400
v 0.55697859 0.20371961 0.14956561
v 0.55714163 0.20357811 0.14956561
v 0.55714163 0.20371961 0.14947250
v 0.55714163 0.20371961 0.14972772
v 0.55652501 0.20371961 0.16956561
v 0.55714163 0.19972547 0.16956561
v 0.55714163 0.20371961 0.16803321
v 0.55704057 0.20371961 0.17456561
v 0.55714163 0.20353464 0.17456561
v 0.55714163 0.20129591 0.17956561
v 0.55714163 0.20371961 0.17531240
v 0.55714163 0.20371961 0.18034461
v 0.55604378 0.20371961 0.18456561
v 0.55464544 0.20371961 0.18956561
v 0.55504498 0.20371961 0.19456561
v 0.55330307 0.20371961 0.19956561
v 0.55430864 0.20371961 0.20456561
v 0.55707887 0.20371961 0.20956561
v 0.55714163 0.20371961 0.20992442
v 0.55474214 0.20871961 0.13456561
v 0.55714163 0.20539342 0.13456561
v 0.55714163 0.20871961 0.13088832
v 0.55485046 0.20871961 0.13956561
v 0.55714163 0.20691736 0.13956561
v 0.55714163 0.20871961 0.14181327
v 0.55666496 0.20871961 0.14956561
v 0.55714163 0.20871961 0.14836864
v 0.55714163 0.20871961 0.15056441
v 0.55531717 0.20871961 0.15956561
v 0.55714163 0.20541160 0.15956561
v 0.55714163 0.20871961 0.15759055
v 0.55554970 0.20871961 0.16456561
v 0.55714163 0.20553236 0.16456561
v 0.55536617 0.20871961 0.16956561
v 0.55644140 0.20871961 0.17456561
v 0.55714163 0.20412164 0.17956561
v 0.55463188 0.20871961 0.17956561
v 0.55714163 0.20871961 0.18452903
v 0.55714163 0.20864300 0.18456561
v 0.55714163 0.20871961 0.18461372
v 0.55450674 0.20871961 0.18956561
v 0.55395114 0.20871961 0.19456561
v 0.55714163 0.20454838 0.21456561
v 0.55714163 0.20871961 0.21601241
v 0.55347375 0.21371961 0.07956561
v 0.55624284 0.21371961 0.13456561
v 0.55714163 0.21371961 0.13289720
v 0.55655791 0.21371961 0.13956561
v 0.55714163 0.21280653 0.14456561
v 0.55668467 0.21371961 0.14456561
v 0.55675977 0.21371961 0.14956561
v 0.55714163 0.21348795 0.15456561
v 0.55694791 0.21371961 0.15456561
v 0.55510756 0.21371961 0.15956561
v 0.55525348 0.21371961 0.16456561
v 0.55630741 0.21371961 0.16956561
v 0.55382344 0.21371961 0.17956561
v 0.55714163 0.20875841 0.18456561
v 0.55422145 0.21371961 0.18456561
v 0.55524072 0.21371961 0.18956561
v 0.55349591 0.21371961 0.20456561
v 0.55450305 0.21371961 0.21456561
v 0.55714163 0.21371961 0.21202107
v 0.55714163 0.21116729 0.21456561
v 0.55613382 0.21871961 0.09456561
v 0.55714163 0.21710506 0.09456561
v 0.55714163 0.21871961 0.09280048
v 0.55690295 0.21871961 0.09956561
v 0.55714163 0.21849260 0.09956561
v 0.55714163 0.21871961 0.09997365
v 0.55652954 0.21871961 0.11956561
v 0.55714163 0.21580433 0.11956561
v 0.55714163 0.21871961 0.11889195
v 0.55714163 0.21871961 0.12059503
v 0.55617187 0.21871961 0.12956561
v 0.55714163 0.21573652 0.12956561
v 0.55714163 0.21871961 0.12685110
v 0.55459831 0.21871961 0.13456561
v 0.55553710 0.21871961 0.13956561
v 0.55429985 0.21871961 0.14456561
v 0.55714163 0.21871961 0.14823247
v 0.55714163 0.21477016 0.14956561
v 0.55714163 0.21871961 0.15101804
v 0.55464163 0.21871961 0.15456561
v 0.55565706 0.21871961 0.15956561
v 0.55525134 0.21871961 0.16456561
v 0.55595847 0.21871961 0.16956561
v 0.55529774 0.21871961 0.17956561
v 0.55299091 0.21871961 0.18456561
v 0.55455842 0.21871961 0.18956561
v 0.55290302 0.21871961 0.19456561
v 0.55217756 0.21871961 0.20456561
v 0.55683141 0.21871961 0.21456561
v 0.55714163 0.21871961 0.21428637
v 0.55698678 0.22371961 0.06456562
v 0.55714163 0.22352737 0.06456562
v 0.55714163 0.22371961 0.06428511
v 0.55714163 0.22371961 0.06474699
v 0.55549248 0.22371961 0.09456561
v 0.55714163 0.22371961 0.09248084
v 0.55614220 0.22371961 0.09956561
v 0.55714163 0.22234512 0.10456561
v 0.55605370 0.22371961 0.10456561
v 0.55714163 0.22371961 0.10590413
v 0.55584943 0.22371961 0.11956561
v 0.55714163 0.22371961 0.11795834
v 0.55714163 0.22250064 0.12456561
v 0.55679006 0.22371961 0.12456561
v 0.55583372 0.22371961 0.12956561
v 0.55682705 0.22371961 0.13456561
v 0.55527242 0.22371961 0.13956561
v 0.55684157 0.22371961 0.14456561
v 0.55714163 0.22371961 0.14601649
v 0.55502737 0.22371961 0.15456561
v 0.55714163 0.22371961 0.15251929
v 0.55552708 0.22371961 0.15956561
v 0.55714163 0.22371961 0.16344640
v 0.55714163 0.22322141 0.16456561
v 0.55714163 0.22371961 0.16523118
v 0.55482599 0.22371961 0.17456561
v 0.55410406 0.22371961 0.17956561
v 0.55342165 0.22371961 0.18456561
v 0.55295072 0.22371961 0.19456561
v 0.55227065 0.22371961 0.19956561
v 0.55714163 0.22371961 0.21189252
v 0.55694416 0.22871961 0.04456562
v 0.55714163 0.22832723 0.04456562
v 0.55714163 0.22871961 0.04362060
v 0.55562526 0.22871961 0.04956562
v 0.55714163 0.22738735 0.04956562
v 0.55714163 0.22871961 0.05188099
v 0.55667118 0.22871961 0.05956562
v 0.55714163 0.22814396 0.05956562
v 0.55714163 0.22871961 0.05874091
v 0.55714163 0.22406252 0.06456562
v 0.55714163 0.22871961 0.06025965
v 0.55682189 0.22871961 0.08456561
v 0.55714163 0.22706005 0.08456561
v 0.55714163 0.22871961 0.08210082
v 0.55714163 0.22871961 0.08783228
v 0.55696240 0.22871961 0.09456561
v 0.55714163 0.22871961 0.09202840
v 0.55657414 0.22871961 0.09956561
v 0.55714163 0.22871961 0.10369161
v 0.55714163 0.22802806 0.10456561
v 0.55615901 0.22871961 0.11956561
v 0.55714163 0.22871961 0.11752408
v 0.55696798 0.22871961 0.12456561
v 0.55657207 0.22871961 0.12956561
v 0.55576412 0.22871961 0.13456561
v 0.55419800 0.22871961 0.13956561
v 0.55714163 0.22871961 0.14296498
v 0.55714163 0.22464100 0.14456561
v 0.55714163 0.22871961 0.14572229
v 0.55714163 0.22443260 0.14956561
v 0.55714163 0.22499239 0.15456561
v 0.55714163 0.22871961 0.15330417
v 0.55714163 0.22871961 0.15651519
v 0.55706581 0.22871961 0.16456561
v 0.55714163 0.22780958 0.16456561
v 0.55487722 0.22871961 0.17456561
v 0.55480879 0.22871961 0.18956561
v 0.55714163 0.22871961 0.20908170
v 0.55714163 0.22845993 0.20956561
v 0.55714163 0.22899416 0.04456562
v 0.55714163 0.23204763 0.04956562
v 0.55714163 0.22992239 0.05956562
v 0.55714163 0.22921417 0.08456561
v 0.55714163 0.22904241 0.09456561
v 0.55714163 0.23138285 0.09956561
v 0.55714163 0.23033590 0.11956561
v 0.55714163 0.22891036 0.12456561
v 0.55271970 0.23371961 0.12956561
v 0.55714163 0.22959312 0.12956561
v 0.55714163 0.23061271 0.13456561
v 0.55714163 0.23173418 0.13956561
v 0.55714163 0.23084663 0.14956561
v 0.55714163 0.23125055 0.15456561
v 0.55714163 0.23371961 0.15358588
v 0.55521424 0.23371961 0.15456561
v 0.55714163 0.23371961 0.15576171
v 0.55714163 0.23039585 0.15956561
v 0.55714163 0.22994423 0.16456561
v 0.55558603 0.23371961 0.16956561
v 0.55714163 0.23371961 0.16563318
v 0.55714163 0.23371961 0.17060813
v 0.55714163 0.23144163 0.17456561
v 0.55714163 0.23220066 0.17956561
v 0.55714163 0.22941813 0.18456561
v 0.55588585 0.23084663 0.18651117
v 0.55714163 0.23263221 0.18956561
v 0.55499032 0.23371961 0.18956561
v 0.55349842 0.23132244 0.19333921
v 0.55714163 0.23275476 0.19456561
v 0.55714163 0.23362989 0.19956561
v 0.55707964 0.23371961 0.19956561
v 0.55551039 0.23371961 0.20456561
v 0.55714163 0.23371961 0.19969707
v 0.55258912 0.23371961 0.20956561
v 0.55714163 0.23371961 0.20871049
v 0.55714163 0.23617495 0.15456561
v 0.55242416 0.23871961 0.16456561
v 0.55714163 0.23496355 0.16956561
v 0.55714163 0.23871961 0.17377245
v 0.55650624 0.23871961 0.17456561
v 0.55714163 0.23806755 0.17456561
v 0.55714163 0.23871961 0.17534194
v 0.55714163 0.23871961 0.19408197
v 0.55661230 0.23871961 0.19456561
v 0.55714163 0.23672502 0.19456561
v 0.55714163 0.23871961 0.19486213
v 0.55714163 0.23562917 0.20456561
v 0.55627135 0.24371961 0.09456561
v 0.55714163 0.24285288 0.09456561
v 0.55714163 0.24371961 0.09399247
v 0.55714163 0.24371961 0.09584756
v 0.55424809 0.24371961 0.10956561
v 0.55714163 0.24157167 0.10956561
v 0.55714163 0.24371961 0.10717504
v 0.55714163 0.24371961 0.11180935
v 0.55714163 0.23906185 0.17456561
v 0.55714163 0.23953687 0.19456561
v 0.55704296 0.24871961 0.07956561
v 0.55714163 0.24862074 0.07956561
v 0.55714163 0.24871961 0.07949305
v 0.55714163 0.24871961 0.07966620
v 0.55714163 0.24419599 0.09456561
v 0.55714163 0.24567829 0.10956561
v 0.55714163 0.24878687 0.07956561
v 0.56196763 0.06871961 0.17456561
v 0.56214163 0.06852063 0.17456561
v 0.56214163 0.06871961 0.17425260
v 0.56214163 0.06871961 0.17476642
v 0.56161520 0.06871961 0.19956561
v 0.56214163 0.06816982 0.19956561
v 0.56214163 0.06871961 0.19740119
v 0.56214163 0.06871961 0.20069122
v 0.56214163 0.06891702 0.17456561
v 0.56214163 0.06931705 0.19956561
v 0.56179456 0.07871961 0.12956562
v 0.56214163 0.07823622 0.12956562
v 0.56214163 0.07871961 0.12895171
v 0.56214163 0.07871961 0.13002605
v 0.56051324 0.07871961 0.15456561
v 0.56214163 0.07774865 0.15456561
v 0.56214163 0.07871961 0.15025920
v 0.56214163 0.07871961 0.15595764
v 0.55967568 0.07871961 0.19956561
v 0.56214163 0.07652792 0.19956561
v 0.56214163 0.07871961 0.19497501
v 0.56013581 0.07871961 0.20456561
v 0.56214163 0.07692525 0.20456561
v 0.56213998 0.07871961 0.20956561
v 0.56214163 0.07871832 0.20956561
v 0.56214163 0.07871961 0.20956645
v 0.55895690 0.08371961 0.04956562
v 0.56214163 0.08169660 0.04956562
v 0.56214163 0.08371961 0.04630921
v 0.56214163 0.08371961 0.05287195
v 0.56102066 0.08371961 0.11956561
v 0.56214163 0.08288460 0.11956561
v 0.56214163 0.08371961 0.11750801
v 0.56214163 0.08371961 0.12209363
v 0.56214163 0.07935738 0.12956562
v 0.56203791 0.08371961 0.14956562
v 0.56214163 0.08207054 0.14956562
v 0.56214163 0.08371961 0.14941285
v 0.56214163 0.08079961 0.15456561
v 0.56214163 0.08371961 0.14983282
v 0.55988392 0.08371961 0.15956561
v 0.56191297 0.08371961 0.16956561
v 0.56214163 0.08357048 0.16956561
v 0.56214163 0.08371961 0.16919517
v 0.56214163 0.08371961 0.17111040
v 0.56129877 0.08371961 0.17956561
v 0.56214163 0.08210337 0.17956561
v 0.56214163 0.08371961 0.17612041
v 0.56214163 0.08371961 0.18352029
v 0.56141441 0.08371961 0.19956561
v 0.56214163 0.08371961 0.19618259
v 0.56214163 0.08371961 0.20047811
v 0.56214163 0.08227347 0.20456561
v 0.56214163 0.07872342 0.20956561
v 0.55949239 0.08871961 0.01956561
v 0.56214163 0.08620819 0.01956561
v 0.56214163 0.08871961 0.01691046
v 0.56214163 0.08871961 0.02369627
v 0.56214163 0.08585526 0.04956562
v 0.55983305 0.08871961 0.05956562
v 0.56214163 0.08579483 0.05956562
v 0.56214163 0.08871961 0.05712735
v 0.56214163 0.08871961 0.06264607
v 0.56094367 0.08871961 0.06956561
v 0.56214163 0.08689506 0.06956561
v 0.56214163 0.08871961 0.06774847
v 0.56214163 0.08871961 0.07341569
v 0.56214163 0.08560341 0.11956561
v 0.56155047 0.08871961 0.13456562
v 0.56214163 0.08822928 0.13456562
v 0.56214163 0.08871961 0.13388423
v 0.56214163 0.08871961 0.13577182
v 0.56210391 0.08871961 0.14456562
v 0.56214163 0.08867938 0.14456562
v 0.56214163 0.08871961 0.14447681
v 0.56214163 0.08406965 0.14956561
v 0.56214163 0.08871961 0.14466064
v 0.56214163 0.08395775 0.16956561
v 0.56214163 0.08532790 0.17956561
v 0.56214163 0.08481598 0.19956561
v 0.56214163 0.09211149 0.01956561
v 0.56214163 0.09139638 0.05956562
v 0.56214163 0.08987806 0.06956561
v 0.56214163 0.09256719 0.13456562
v 0.56214163 0.08877238 0.14456562
v 0.56184812 0.09371961 0.17956561
v 0.56214163 0.09304944 0.17956561
v 0.56214163 0.09371961 0.17882837
v 0.56214163 0.09371961 0.17999519
v 0.56151960 0.09371961 0.19956561
v 0.56214163 0.09281476 0.19956561
v 0.56214163 0.09371961 0.19894172
v 0.56001468 0.09371961 0.20456561
v 0.56214163 0.09183030 0.20456561
v 0.56205645 0.09371961 0.20956561
v 0.56214163 0.09365574 0.20956561
v 0.56214163 0.09371961 0.20961757
v 0.56046735 0.09871961 0.14956561
v 0.56214163 0.09726003 0.14956561
v 0.56214163 0.09871961 0.14878131
v 0.56214163 0.09871961 0.15072948
v 0.56214163 0.09461765 0.17956561
v 0.56173396 0.09871961 0.18956561
v 0.56214163 0.09617503 0.18956561
v 0.56214163 0.09871961 0.18907266
v 0.56139956 0.09871961 0.19456561
v 0.56214163 0.09764735 0.19456561
v 0.56182432 0.09871961 0.19956561
v 0.56154056 0.09871961 0.20456561
v 0.56214163 0.09871961 0.20562360
v 0.56214163 0.09385684 0.20956561
v 0.56214163 0.09871961 0.21272119
v 0.56131810 0.09871961 0.21456561
v 0.56214163 0.09782654 0.21456561
v 0.56214163 0.09871961 0.21523288
v 0.56161461 0.10371961 0.03456562
v 0.56214163 0.10314161 0.03456562
v 0.56214163 0.10371961 0.03370080
v 0.56214163 0.10371961 0.03530466
v 0.56214163 0.09941891 0.14956561
v 0.56214163 0.10079038 0.18956561
v 0.56214163 0.10371961 0.19037429
v 0.56021157 0.10371961 0.19456561
v 0.56100096 0.10371961 0.19956561
v 0.56214163 0.10371961 0.20202739
v 0.56214163 0.10057783 0.20456561
v 0.56214163 0.09968544 0.21456561
v 0.56003912 0.10871961 0.01456562
v 0.56214163 0.10714989 0.01456562
v 0.56214163 0.10871961 0.01315352
v 0.56214163 0.10871961 0.01915169
v 0.56214163 0.10470023 0.03456562
v 0.56214163 0.10757274 0.19456561
v 0.56214163 0.10739007 0.19956561
v 0.56214163 0.10871961 0.20014318
v 0.55965782 0.10871961 0.20456561
v 0.56214163 0.10507461 0.20456561
v 0.56214163 0.10871961 0.20663784
v 0.56150569 0.11371961 0.00956561
v 0.56214163 0.11307711 0.00956561
v 0.56214163 0.11371961 0.00924942
v 0.56214163 0.11119453 0.01456562
v 0.56214163 0.11371961 0.01090850
v 0.56147917 0.11371961 0.10956561
v 0.56214163 0.11234842 0.10956561
v 0.56214163 0.11371961 0.10845194
v 0.56214163 0.11371961 0.11065148
v 0.56214163 0.10993496 0.18956561
v 0.56214163 0.11371961 0.18642373
v 0.56090166 0.11371961 0.19456561
v 0.56214163 0.10990020 0.19456561
v 0.56055047 0.11371961 0.19956561
v 0.56214163 0.10962684 0.19956561
v 0.55844315 0.11371961 0.20456561
v 0.56214163 0.11203701 0.20956561
v 0.56048063 0.11371961 0.20956561
v 0.56136223 0.11371961 0.21456561
v 0.56214163 0.11296858 0.21456561
v 0.56214163 0.11371961 0.21542225
v 0.56214163 0.11510564 0.00956561
v 0.56074928 0.11871961 0.02956561
v 0.56214163 0.11693504 0.02956561
v 0.56214163 0.11871961 0.02484710
v 0.56214163 0.11871961 0.03157638
v 0.56214163 0.11490010 0.10956561
v 0.56203292 0.11871961 0.16456561
v 0.56214163 0.11857947 0.16456561
v 0.56214163 0.11871961 0.16411464
v 0.56214163 0.11871961 0.16478534
v 0.55958652 0.11871961 0.18456561
v 0.56214163 0.11439912 0.18456561
v 0.56214163 0.11871961 0.18212071
v 0.56214163 0.11871961 0.18907098
v 0.56214163 0.11725860 0.18956561
v 0.56155845 0.11871961 0.19456561
v 0.56214163 0.11871961 0.19224433
v 0.55947883 0.11871961 0.19956561
v 0.55983238 0.11871961 0.20456561
v 0.56151780 0.11871961 0.20956561
v 0.56214163 0.11871961 0.21039895
v 0.56214163 0.11529547 0.21456561
v 0.56214163 0.12074346 0.02956561
v 0.56201341 0.12371961 0.09956561
v 0.56214163 0.12350542 0.09956561
v 0.56214163 0.12371961 0.09939031
v 0.56214163 0.12371961 0.09980071
v 0.56214163 0.11985694 0.16456561
v 0.56077456 0.12371961 0.18456561
v 0.56214163 0.12371961 0.18277412
v 0.56214163 0.12371961 0.18720026
v 0.55909050 0.12371961 0.19456561
v 0.56214163 0.12371961 0.19068862
v 0.55947105 0.12371961 0.19956561
v 0.56214163 0.12371961 0.20374490
v 0.56214163 0.12225268 0.20456561
v 0.56214163 0.12371961 0.20647382
v 0.56094712 0.12371961 0.20956561
v 0.56214163 0.12371961 0.21096635
v 0.56201358 0.12871961 0.01456562
v 0.56214163 0.12800305 0.01456562
v 0.56214163 0.12871961 0.01438214
v 0.56096391 0.12871961 0.01956561
v 0.56214163 0.12629405 0.01956561
v 0.56214163 0.12871961 0.02050593
v 0.56214163 0.12387854 0.09956561
v 0.56214163 0.12597740 0.18456561
v 0.56214163 0.12871961 0.18888736
v 0.56178138 0.12871961 0.18956561
v 0.56214163 0.12784397 0.18956561
v 0.55873203 0.12871961 0.19456561
v 0.55854924 0.12871961 0.19956561
v 0.56214163 0.12561576 0.20456561
v 0.55791713 0.12871961 0.20456561
v 0.56110504 0.12871961 0.20956561
v 0.56214163 0.12871961 0.21199476
v 0.56063263 0.13371961 0.01456562
v 0.56214163 0.13371961 0.01298219
v 0.56214163 0.13371961 0.01601409
v 0.56214163 0.12975752 0.01956561
v 0.56030854 0.13371961 0.14456561
v 0.56214163 0.13169506 0.14456561
v 0.56214163 0.13371961 0.14284471
v 0.56207328 0.13371961 0.14956561
v 0.56214163 0.13358854 0.14956561
v 0.56214163 0.13371961 0.14967487
v 0.56077773 0.13371961 0.18456561
v 0.56214163 0.13240448 0.18456561
v 0.56214163 0.13371961 0.18360047
v 0.56214163 0.13092291 0.18956561
v 0.56214163 0.13371961 0.18777453
v 0.56214163 0.13371961 0.19011148
v 0.55957458 0.13371961 0.19456561
v 0.55752159 0.13371961 0.19956561
v 0.56123661 0.13371961 0.20456561
v 0.56134879 0.13371961 0.20956561
v 0.56214163 0.13371961 0.21078649
v 0.56214163 0.13731512 0.01456562
v 0.56144480 0.13871961 0.12456562
v 0.56214163 0.13841107 0.12456562
v 0.56214163 0.13871961 0.12426040
v 0.56214163 0.13871961 0.12555783
v 0.56214163 0.13573996 0.14456561
v 0.56214163 0.13376583 0.14956561
v 0.56122899 0.13871961 0.16456561
v 0.56214163 0.13628359 0.16456561
v 0.56214163 0.13871961 0.15993106
v 0.56214163 0.13871961 0.16752048
v 0.56100194 0.13871961 0.18456561
v 0.56214163 0.13871961 0.18031700
v 0.56214163 0.13466424 0.18956561
v 0.56103052 0.13871961 0.18956561
v 0.56001334 0.13871961 0.19456561
v 0.56032238 0.13871961 0.20456561
v 0.56109290 0.13871961 0.20956561
v 0.56214163 0.13601535 0.21456561
v 0.56005014 0.13871961 0.21456561
v 0.56214163 0.13871961 0.21715259
v 0.56214163 0.13926100 0.12456562
v 0.56070945 0.14371961 0.16456561
v 0.56214163 0.14371961 0.16189397
v 0.56214163 0.14015611 0.16956561
v 0.55948029 0.14371961 0.16956561
v 0.55890459 0.14371961 0.17456561
v 0.56214163 0.13922708 0.17456561
v 0.55996537 0.14371961 0.17956561
v 0.56214163 0.13884113 0.17956561
v 0.55846950 0.14371961 0.18456561
v 0.56158069 0.14371961 0.18956561
v 0.55951752 0.14371961 0.19456561
v 0.55787886 0.14371961 0.19956561
v 0.55843018 0.14371961 0.20956561
v 0.56091584 0.14371961 0.21456561
v 0.56214163 0.14371961 0.21535018
v 0.56202408 0.14871961 0.01956561
v 0.56214163 0.14806494 0.01956561
v 0.56214163 0.14871961 0.01814501
v 0.56214163 0.14871961 0.01993201
v 0.56094064 0.14871961 0.03456562
v 0.56214163 0.14745679 0.03456562
v 0.56214163 0.14871961 0.03195248
v 0.56214163 0.14871961 0.03550029
v 0.56002013 0.14871961 0.15956561
v 0.56214163 0.14676561 0.15956561
v 0.56214163 0.14871961 0.15790918
v 0.56214163 0.14871961 0.16347079
v 0.56214163 0.14804212 0.16456561
v 0.56214163 0.14871961 0.16771175
v 0.56173096 0.14871961 0.16956561
v 0.56159606 0.14871961 0.17456561
v 0.56050275 0.14871961 0.17956561
v 0.56034892 0.14871961 0.18456561
v 0.55900908 0.14871961 0.18956561
v 0.55744306 0.14871961 0.20956561
v 0.56214163 0.14871961 0.21136493
v 0.56214163 0.14434910 0.21456561
v 0.55981899 0.15371961 0.01456562
v 0.56214163 0.14992248 0.01456562
v 0.56214163 0.15371961 0.01216126
v 0.56214163 0.14929957 0.01956561
v 0.56214163 0.15371961 0.01711900
v 0.56214163 0.15371961 0.02296278
v 0.56148082 0.15371961 0.02456562
v 0.56214163 0.15261269 0.02456562
v 0.56214163 0.15371961 0.02600915
v 0.56214163 0.15049512 0.03456562
v 0.56195808 0.15371961 0.04456562
v 0.56214163 0.15297469 0.04456562
v 0.56214163 0.15371961 0.04375986
v 0.56214163 0.15371961 0.04468555
v 0.55729929 0.15371961 0.12456562
v 0.56170086 0.15371961 0.15456561
v 0.56214163 0.15268249 0.15456561
v 0.56214163 0.15371961 0.15267381
v 0.56214163 0.15041242 0.15956561
v 0.56214163 0.15371961 0.15562984
v 0.56214163 0.15371961 0.16221452
v 0.56053341 0.15371961 0.16456561
v 0.56214163 0.14941550 0.16456561
v 0.56123658 0.15371961 0.16956561
v 0.56039888 0.15371961 0.17456561
v 0.55919090 0.15371961 0.17956561
v 0.55976286 0.15371961 0.18456561
v 0.56005101 0.15371961 0.18956561
v 0.56086455 0.15371961 0.21456561
v 0.56214163 0.15199685 0.21456561
v 0.56214163 0.15371961 0.21613458
v 0.56211517 0.15871961 0.01456562
v 0.56214163 0.15871961 0.01443572
v 0.56214163 0.15763606 0.01956561
v 0.56177446 0.15871961 0.01956561
v 0.56200561 0.15871961 0.02456562
v 0.56214163 0.15871961 0.02529364
v 0.56214163 0.15398432 0.04456562
v 0.56187754 0.15871961 0.05956562
v 0.56214163 0.15836591 0.05956562
v 0.56214163 0.15871961 0.05902900
v 0.56214163 0.15871961 0.06001414
v 0.56202559 0.15871961 0.07956561
v 0.56214163 0.15862955 0.07956561
v 0.56214163 0.15871961 0.07946599
v 0.56214163 0.15871961 0.07975057
v 0.55875024 0.15871961 0.09956561
v 0.56197093 0.15871961 0.13956561
v 0.56214163 0.15762377 0.13956561
v 0.56214163 0.15871961 0.13863624
v 0.56214163 0.15871961 0.14002830
v 0.55938761 0.15871961 0.14956561
v 0.56214163 0.15470034 0.14956561
v 0.56214163 0.15871961 0.14630756
v 0.56214163 0.15871961 0.15368894
v 0.56214163 0.15577589 0.15456561
v 0.56214163 0.15871961 0.15716766
v 0.56076182 0.15871961 0.15956561
v 0.56214163 0.15740492 0.15956561
v 0.56150043 0.15871961 0.16456561
v 0.55974622 0.15871961 0.16956561
v 0.56214163 0.15871961 0.17390131
v 0.56214163 0.15619832 0.17456561
v 0.56214163 0.15871961 0.17548453
v 0.55946886 0.15871961 0.17956561
v 0.55752187 0.15871961 0.18456561
v 0.55721246 0.15871961 0.18956561
v 0.55795482 0.15871961 0.19456561
v 0.56214163 0.15871961 0.21064948
v 0.56214163 0.15522541 0.21456561
v 0.56214163 0.15875917 0.01456562
v 0.56214163 0.16371961 0.01682463
v 0.55951686 0.16371961 0.01956561
v 0.56076928 0.16371961 0.02456562
v 0.56214163 0.16371961 0.02763548
v 0.56214163 0.15897178 0.05956562
v 0.56214163 0.15888465 0.07956561
v 0.56214163 0.16355095 0.13956561
v 0.56214163 0.16272170 0.14956561
v 0.56214163 0.16213546 0.15956561
v 0.56214163 0.16371961 0.15996168
v 0.55986359 0.16371961 0.16456561
v 0.55910376 0.16371961 0.16956561
v 0.56214163 0.15923125 0.17456561
v 0.55841561 0.16371961 0.17456561
v 0.55854282 0.16371961 0.17956561
v 0.55828289 0.16371961 0.18456561
v 0.56214163 0.16371961 0.21404666
v 0.56005644 0.16871961 0.01456562
v 0.56214163 0.16615005 0.01456562
v 0.56214163 0.16871961 0.01282964
v 0.56214163 0.16871961 0.01781195
v 0.56214163 0.16711937 0.01956561
v 0.56214163 0.16656763 0.02456562
v 0.56085870 0.16871961 0.13456561
v 0.56214163 0.16661294 0.13456561
v 0.56214163 0.16871961 0.13280397
v 0.56214163 0.16871961 0.13680639
v 0.56108175 0.16871961 0.14456561
v 0.56214163 0.16601519 0.14456561
v 0.56214163 0.16871961 0.14362920
v 0.56109474 0.16871961 0.14956561
v 0.56214163 0.16646488 0.14956561
v 0.56114805 0.16871961 0.15456561
v 0.56214163 0.16493078 0.15456561
v 0.56024753 0.16871961 0.15956561
v 0.56214163 0.16495216 0.15956561
v 0.55933892 0.16871961 0.16456561
v 0.55860835 0.16871961 0.16956561
v 0.55962124 0.16871961 0.17956561
v 0.55733153 0.16871961 0.18956561
v 0.56091569 0.16871961 0.21456561
v 0.56214163 0.16871961 0.21247674
v 0.56158386 0.17371961 0.00956561
v 0.56214163 0.17298976 0.00956561
v 0.56214163 0.17371961 0.00917757
v 0.56214163 0.17244118 0.01456562
v 0.56214163 0.17371961 0.01198234
v 0.56172639 0.17371961 0.04456562
v 0.56214163 0.17169442 0.04456562
v 0.56214163 0.17371961 0.04357393
v 0.56214163 0.17145168 0.04956562
v 0.56214163 0.17371961 0.05192368
v 0.56214163 0.17073949 0.13456561
v 0.55803413 0.17371961 0.14456561
v 0.56214163 0.17371961 0.14229679
v 0.55982345 0.17371961 0.14956561
v 0.55950839 0.17371961 0.15456561
v 0.55960111 0.17371961 0.15956561
v 0.56002924 0.17371961 0.16456561
v 0.56015049 0.17371961 0.16956561
v 0.56033297 0.17371961 0.21456561
v 0.56214163 0.17105613 0.21456561
v 0.56214163 0.17371961 0.21642187
v 0.56172784 0.17871961 0.00956561
v 0.56214163 0.17871961 0.00925834
v 0.56214163 0.17525885 0.01456562
v 0.55958876 0.17871961 0.01456562
v 0.56214163 0.17871961 0.01725946
v 0.55944651 0.17871961 0.02956561
v 0.56214163 0.17784885 0.02956561
v 0.56214163 0.17871961 0.02714569
v 0.56135406 0.17871961 0.03456562
v 0.56214163 0.17804199 0.03456562
v 0.56037846 0.17871961 0.03956562
v 0.56214163 0.17651004 0.03956562
v 0.56214163 0.17871961 0.04400704
v 0.56214163 0.17728464 0.04456562
v 0.56166853 0.17871961 0.04956562
v 0.56214163 0.17871961 0.04551800
v 0.56214163 0.17871961 0.05327022
v 0.56085514 0.17871961 0.11956561
v 0.56214163 0.17458507 0.11956561
v 0.56214163 0.17871961 0.11873328
v 0.56214163 0.17871961 0.12309078
v 0.56073531 0.17871961 0.14456561
v 0.56214163 0.17871961 0.14090030
v 0.56214163 0.17871961 0.14940038
v 0.56214163 0.17862767 0.14956561
v 0.56214163 0.17871961 0.14964528
v 0.55933147 0.17871961 0.15456561
v 0.56169019 0.17871961 0.15956561
v 0.56214163 0.17871961 0.16307927
v 0.56214163 0.17837167 0.16456561
v 0.56214163 0.17871961 0.16475566
v 0.55752420 0.17871961 0.16956561
v 0.55909192 0.17871961 0.17456561
v 0.55720764 0.17871961 0.17956561
v 0.55886341 0.17871961 0.18956561
v 0.55817517 0.17871961 0.19456561
v 0.55777519 0.17871961 0.19956561
v 0.55760443 0.17871961 0.20956561
v 0.56214163 0.17871961 0.21350126
v 0.56214163 0.17678009 0.21456561
v 0.55933064 0.18371961 0.00956561
v 0.56214163 0.18371961 0.00854009
v 0.56164411 0.18371961 0.01456562
v 0.56214163 0.18129141 0.01956561
v 0.56090503 0.18371961 0.01956561
v 0.56214163 0.18371961 0.02408462
v 0.56214163 0.18140084 0.02956561
v 0.56214163 0.17945426 0.03456562
v 0.56214163 0.18056758 0.03956562
v 0.56134694 0.18371961 0.04956562
v 0.56214163 0.18371961 0.04834610
v 0.56214163 0.18371961 0.05024430
v 0.56146221 0.18371961 0.11956561
v 0.56214163 0.18371961 0.11828898
v 0.56214163 0.18371961 0.12103792
v 0.56185116 0.18371961 0.13456561
v 0.56214163 0.18204084 0.13456561
v 0.56214163 0.18371961 0.13370641
v 0.56214163 0.18371961 0.13735187
v 0.56030298 0.18371961 0.14456561
v 0.56214163 0.18371961 0.14032934
v 0.56214163 0.17880196 0.14956561
v 0.56033415 0.18371961 0.14956561
v 0.56165609 0.18371961 0.15456561
v 0.55985699 0.18371961 0.15956561
v 0.56214163 0.17923480 0.16456561
v 0.56083571 0.18371961 0.16456561
v 0.56214163 0.18371961 0.16685800
v 0.56214163 0.18227517 0.16956561
v 0.56214163 0.18371961 0.17110044
v 0.55972349 0.18371961 0.17456561
v 0.55801796 0.18371961 0.18456561
v 0.55791330 0.18371961 0.19456561
v 0.56214163 0.18371961 0.21332317
v 0.56214163 0.18820238 0.00956561
v 0.56214163 0.18871961 0.01023952
v 0.56043649 0.18871961 0.01456562
v 0.56214163 0.18871961 0.01760463
v 0.56214163 0.18661535 0.01956561
v 0.56214163 0.18441723 0.04956562
v 0.56070490 0.18871961 0.11956561
v 0.56214163 0.18871961 0.11806014
v 0.56214163 0.18871961 0.12115695
v 0.56214163 0.18431961 0.13456561
v 0.56214163 0.18871961 0.13703647
v 0.55945688 0.18871961 0.13956561
v 0.56214163 0.18419818 0.13956561
v 0.56214163 0.18871961 0.14395582
v 0.56214163 0.18776304 0.14456561
v 0.56214163 0.18752823 0.14956561
v 0.56214163 0.18871961 0.15213592
v 0.55985536 0.18871961 0.15956561
v 0.56172064 0.18871961 0.16456561
v 0.56214163 0.18503250 0.16956561
v 0.55854835 0.18871961 0.16956561
v 0.55818510 0.18871961 0.20956561
v 0.56214163 0.18871961 0.21414744
v 0.56180224 0.19371961 0.00956561
v 0.56214163 0.19033878 0.00956561
v 0.56214163 0.19371961 0.00927100
v 0.56070823 0.19371961 0.01456562
v 0.56214163 0.19110222 0.01956561
v 0.55933757 0.19371961 0.01956561
v 0.56214163 0.19371961 0.02345548
v 0.56199987 0.19371961 0.09456561
v 0.56214163 0.19237150 0.09456561
v 0.56214163 0.19371961 0.09412083
v 0.56214163 0.19371961 0.09744274
v 0.56214163 0.19124523 0.11956561
v 0.56067746 0.19371961 0.13956561
v 0.56214163 0.19371961 0.13811847
v 0.56214163 0.18966081 0.14456561
v 0.56076611 0.19371961 0.14456561
v 0.55833284 0.19371961 0.14956561
v 0.56214163 0.19038999 0.14956561
v 0.55928727 0.19371961 0.15456561
v 0.55827968 0.19371961 0.15956561
v 0.55971554 0.19371961 0.16456561
v 0.56056024 0.19371961 0.16956561
v 0.55824939 0.19371961 0.17456561
v 0.55916836 0.19371961 0.21456561
v 0.56214163 0.18947742 0.21456561
v 0.56214163 0.19371961 0.21527520
v 0.56161537 0.19871961 0.00956561
v 0.56214163 0.19871961 0.00922275
v 0.56126622 0.19871961 0.01456562
v 0.56214163 0.19871961 0.01942230
v 0.56214163 0.19865826 0.01956561
v 0.56081515 0.19871961 0.02956561
v 0.56214163 0.19626064 0.02956561
v 0.56214163 0.19871961 0.02628063
v 0.56214163 0.19871961 0.03390132
v 0.56193928 0.19871961 0.04956562
v 0.56214163 0.19851551 0.04956562
v 0.56214163 0.19871961 0.04935748
v 0.56214163 0.19871961 0.05242900
v 0.56214163 0.19401958 0.09456561
v 0.56214163 0.19871961 0.09890807
v 0.56145166 0.19871961 0.09956561
v 0.56214163 0.19490573 0.09956561
v 0.56214163 0.19871961 0.10154016
v 0.56209986 0.19871961 0.10956561
v 0.56214163 0.19835754 0.10956561
v 0.56214163 0.19871961 0.10935755
v 0.56214163 0.19871961 0.11045430
v 0.56191645 0.19871961 0.12456561
v 0.56214163 0.19831461 0.12456561
v 0.56214163 0.19871961 0.12394274
v 0.55974638 0.19871961 0.12956561
v 0.56214163 0.19433370 0.12956561
v 0.56214163 0.19871961 0.13349189
v 0.56008087 0.19871961 0.13956561
v 0.56214163 0.19871961 0.13546789
v 0.56047496 0.19871961 0.14456561
v 0.56214163 0.19871961 0.14800584
v 0.56214163 0.19800165 0.14956561
v 0.56214163 0.19871961 0.15213287
v 0.56184590 0.19871961 0.15456561
v 0.56214163 0.19871961 0.15571527
v 0.56214163 0.19809095 0.15956561
v 0.56214163 0.19871961 0.16233951
v 0.56118482 0.19871961 0.16456561
v 0.55757301 0.19871961 0.16956561
v 0.55830141 0.19871961 0.17456561
v 0.55937205 0.19871961 0.21456561
v 0.56214163 0.19871961 0.21542434
v 0.56214163 0.20206858 0.00956561
v 0.56214163 0.20371961 0.01000065
v 0.56033941 0.20371961 0.01456562
v 0.56214163 0.20371961 0.01806790
v 0.56049055 0.20371961 0.02456562
v 0.56214163 0.20025541 0.02456562
v 0.56214163 0.20371961 0.02148948
v 0.56214163 0.20371961 0.02770616
v 0.56214163 0.20166555 0.02956561
v 0.56214163 0.20371961 0.03404791
v 0.56185187 0.20371961 0.03456562
v 0.56214163 0.20199697 0.03456562
v 0.56214163 0.20371961 0.03891294
v 0.56113521 0.20371961 0.04956562
v 0.56214163 0.20371961 0.04608159
v 0.56214163 0.20371961 0.05143296
v 0.56081487 0.20371961 0.09456561
v 0.56214163 0.20269655 0.09456561
v 0.56214163 0.20371961 0.09255712
v 0.56085937 0.20371961 0.09956561
v 0.56214163 0.20089193 0.10456561
v 0.56138735 0.20371961 0.10456561
v 0.56214163 0.19884332 0.10956561
v 0.56214163 0.20371961 0.10672556
v 0.55969286 0.20371961 0.12456562
v 0.56214163 0.20371961 0.11962593
v 0.55964573 0.20371961 0.12956561
v 0.56214163 0.20371961 0.13244850
v 0.56214163 0.20128341 0.13956561
v 0.56214163 0.20371961 0.14352184
v 0.56157233 0.20371961 0.14456561
v 0.56214163 0.19950464 0.14956561
v 0.55954465 0.20371961 0.15456561
v 0.56214163 0.20032827 0.15956561
v 0.55887712 0.20371961 0.15956561
v 0.55991650 0.20371961 0.16456561
v 0.55781394 0.20371961 0.17956561
v 0.55786087 0.20371961 0.21456561
v 0.56214163 0.20371961 0.21793275
v 0.55978611 0.20871961 0.01456562
v 0.56214163 0.20871961 0.00976383
v 0.56214163 0.20766754 0.01956561
v 0.56156856 0.20871961 0.01956561
v 0.56104157 0.20871961 0.02456562
v 0.56214163 0.20828470 0.02956561
v 0.56192338 0.20871961 0.02956561
v 0.55930009 0.20871961 0.03456562
v 0.56214163 0.20871961 0.03813441
v 0.55957794 0.20871961 0.04456562
v 0.56214163 0.20429415 0.04456562
v 0.56214163 0.20871961 0.04091452
v 0.56214163 0.20871961 0.04781759
v 0.56214163 0.20550432 0.04956562
v 0.56214163 0.20871961 0.05178807
v 0.56067429 0.20871961 0.05456562
v 0.56214163 0.20585441 0.05456562
v 0.56214163 0.20871961 0.05800820
v 0.56130684 0.20871961 0.06456562
v 0.56214163 0.20617618 0.06456562
v 0.56214163 0.20871961 0.06264460
v 0.56214163 0.20871961 0.06899224
v 0.55955379 0.20871961 0.07956561
v 0.56214163 0.20560158 0.07956561
v 0.56214163 0.20871961 0.07724073
v 0.56214163 0.20871961 0.08181785
v 0.55801199 0.20871961 0.08956561
v 0.56214163 0.20470020 0.08956561
v 0.56214163 0.20871961 0.08608650
v 0.56214163 0.20871961 0.09393015
v 0.56214163 0.20636667 0.09456561
v 0.56214163 0.20871961 0.09686060
v 0.56030662 0.20871961 0.09956561
v 0.56069972 0.20871961 0.10456561
v 0.56214163 0.20624353 0.10956561
v 0.56077390 0.20871961 0.10956561
v 0.55835595 0.20871961 0.11456561
v 0.56214163 0.20424534 0.11456561
v 0.56201272 0.20871961 0.11956561
v 0.56214163 0.20497356 0.11956561
v 0.56032630 0.20871961 0.12456561
v 0.56214163 0.20871961 0.12710635
v 0.56214163 0.20728246 0.12956561
v 0.56214163 0.20871961 0.13014451
v 0.56214163 0.20468210 0.13456561
v 0.56214163 0.20544071 0.13956561
v 0.55871043 0.20871961 0.14456561
v 0.55922861 0.20871961 0.15456561
v 0.55719150 0.20871961 0.18456561
v 0.56214163 0.20871961 0.21616944
v 0.56204448 0.21371961 0.00956561
v 0.56214163 0.21105051 0.00956561
v 0.56214163 0.21371961 0.00951358
v 0.56068704 0.21371961 0.01456562
v 0.56214163 0.21371961 0.01884514
v 0.56214163 0.21219938 0.01956561
v 0.56214163 0.21371961 0.01978174
v 0.55920331 0.21371961 0.02456562
v 0.56175900 0.21371961 0.02956561
v 0.56214163 0.21371961 0.03218618
v 0.56214163 0.21334633 0.03456562
v 0.55938022 0.21371961 0.04456562
v 0.56214163 0.21371961 0.03966452
v 0.56214163 0.21333788 0.04956562
v 0.56191444 0.21371961 0.04956562
v 0.55986325 0.21371961 0.05456562
v 0.56214163 0.21371961 0.05757807
v 0.56189144 0.21371961 0.06456562
v 0.56214163 0.21371961 0.06417418
v 0.56214163 0.20878025 0.06956561
v 0.55801340 0.21371961 0.06956561
v 0.56074280 0.21371961 0.07456561
v 0.56214163 0.21133920 0.07456561
v 0.55959490 0.21371961 0.07956561
v 0.56214163 0.21371961 0.08264728
v 0.55933141 0.21371961 0.08956561
v 0.56214163 0.21371961 0.08583210
v 0.56214163 0.20998817 0.09456561
v 0.55992635 0.21371961 0.09456561
v 0.55990749 0.21371961 0.09956561
v 0.55934291 0.21371961 0.10456561
v 0.56214163 0.21371961 0.10822619
v 0.56214163 0.21139177 0.10956561
v 0.56214163 0.21371961 0.11149798
v 0.55860834 0.21371961 0.11456561
v 0.55768033 0.21371961 0.11956561
v 0.55844673 0.21371961 0.12456561
v 0.56214163 0.21025675 0.12956561
v 0.55864922 0.21371961 0.12956561
v 0.56214163 0.21371961 0.21345424
v 0.56214163 0.21165792 0.21456561
v 0.56070341 0.21871961 0.00956561
v 0.56214163 0.21871961 0.00939582
v 0.56214163 0.21871961 0.01125830
v 0.56214163 0.21694322 0.01456562
v 0.56214163 0.21871961 0.01511562
v 0.55796209 0.21871961 0.01956561
v 0.56214163 0.21390154 0.01956561
v 0.55961632 0.21871961 0.02456562
v 0.56033520 0.21871961 0.02956561
v 0.56214163 0.21401201 0.03456562
v 0.55805018 0.21871961 0.03456562
v 0.56080998 0.21871961 0.03956562
v 0.56214163 0.21388290 0.03956562
v 0.56079301 0.21871961 0.04456562
v 0.56089163 0.21871961 0.04956562
v 0.55953715 0.21871961 0.05456562
v 0.56214163 0.21871961 0.05868166
v 0.55987528 0.21871961 0.06456562
v 0.56214163 0.21871961 0.06042366
v 0.55967854 0.21871961 0.06956561
v 0.56116347 0.21871961 0.07456561
v 0.56001630 0.21871961 0.07956561
v 0.56214163 0.21643365 0.08456561
v 0.56108718 0.21871961 0.08456561
v 0.55989860 0.21871961 0.08956561
v 0.55942023 0.21871961 0.09456561
v 0.56214163 0.21871961 0.09234182
v 0.56214163 0.21663335 0.09456561
v 0.56214163 0.21871961 0.09582015
v 0.56067532 0.21871961 0.10456561
v 0.56214163 0.21497606 0.10956561
v 0.55863282 0.21871961 0.10956561
v 0.55924142 0.21871961 0.11456561
v 0.55891265 0.21871961 0.12456561
v 0.55976244 0.21871961 0.14956561
v 0.56214163 0.21871961 0.21328396
v 0.55960597 0.22371961 0.00956561
v 0.56214163 0.22371961 0.00875876
v 0.56214163 0.22005419 0.01456562
v 0.55870399 0.22371961 0.01456562
v 0.56094552 0.22371961 0.01956561
v 0.56184975 0.22371961 0.02456562
v 0.56214163 0.22371961 0.02745249
v 0.56214163 0.22315042 0.02956561
v 0.56214163 0.22371961 0.02973255
v 0.55909754 0.22371961 0.03456562
v 0.56070742 0.22371961 0.03956562
v 0.56026679 0.22371961 0.04456562
v 0.56192521 0.22371961 0.04956562
v 0.56110644 0.22371961 0.05456562
v 0.56214163 0.22006982 0.05956562
v 0.56010012 0.22371961 0.05956562
v 0.55971033 0.22371961 0.06956561
v 0.55918949 0.22371961 0.07456561
v 0.56028011 0.22371961 0.07956561
v 0.55981843 0.22371961 0.08456561
v 0.55961013 0.22371961 0.08956561
v 0.56214163 0.22257452 0.09456561
v 0.56037315 0.22371961 0.10956561
v 0.55974109 0.22371961 0.11456561
v 0.56043978 0.22371961 0.14956561
v 0.55767032 0.22371961 0.16456561
v 0.56214163 0.22360138 0.21456561
v 0.56208282 0.22371961 0.21456561
v 0.56214163 0.22371961 0.21461614
v 0.56114842 0.22871961 0.00456562
v 0.56214163 0.22723547 0.00456562
v 0.56214163 0.22871961 0.00345836
v 0.56214163 0.22549739 0.00956561
v 0.56214163 0.22871961 0.00730353
v 0.56214163 0.22776441 0.01456562
v 0.56214163 0.22871961 0.01708685
v 0.56141467 0.22871961 0.01956561
v 0.56214163 0.22871961 0.02031221
v 0.56214163 0.22412582 0.02456562
v 0.56214163 0.22871961 0.02772079
v 0.55969400 0.22871961 0.02956561
v 0.56214163 0.22421795 0.02956561
v 0.55817758 0.22871961 0.03456562
v 0.55878295 0.22871961 0.03956562
v 0.56214163 0.22792727 0.05456562
v 0.56214163 0.22871961 0.05375733
v 0.56214163 0.22871961 0.05555154
v 0.56056946 0.22871961 0.06456562
v 0.56026914 0.22871961 0.06956561
v 0.56095088 0.22871961 0.07456561
v 0.55825865 0.22871961 0.07956561
v 0.56044172 0.22871961 0.08956561
v 0.55849279 0.22871961 0.10456561
v 0.56018041 0.22871961 0.10956561
v 0.56214163 0.22871961 0.11200615
v 0.56214163 0.22806444 0.11456561
v 0.56214163 0.22871961 0.11554867
v 0.56081966 0.22871961 0.13456561
v 0.56214163 0.22871961 0.13386899
v 0.56214163 0.22787614 0.13456561
v 0.56214163 0.22871961 0.13596965
v 0.56214163 0.22871961 0.14289750
v 0.56214163 0.22783598 0.14456561
v 0.56214163 0.22871961 0.14595365
v 0.56075314 0.22871961 0.15456561
v 0.55889339 0.22871961 0.20956561
v 0.56214163 0.22871961 0.21038318
v 0.56214163 0.22384781 0.21456561
v 0.56214163 0.23098560 0.00456562
v 0.56214163 0.23371961 0.00840515
v 0.55978544 0.23371961 0.00956561
v 0.56214163 0.23218851 0.00956561
v 0.56214163 0.23371961 0.01152430
v 0.56034728 0.23371961 0.01956561
v 0.56214163 0.23371961 0.01761568
v 0.56214163 0.23371961 0.02273623
v 0.55895014 0.23371961 0.02956561
v 0.56214163 0.23371961 0.02559946
v 0.56214163 0.23371961 0.03263185
v 0.56214163 0.23185300 0.03456562
v 0.56214163 0.23371961 0.03679604
v 0.55929049 0.23371961 0.03956562
v 0.56214163 0.23160290 0.04456562
v 0.56214163 0.23371961 0.04179036
v 0.55905837 0.23371961 0.04956562
v 0.56214163 0.23371961 0.04766488
v 0.56214163 0.22922196 0.05456562
v 0.56042855 0.23371961 0.05456562
v 0.56214163 0.23371961 0.05943825
v 0.56214163 0.23344784 0.05956562
v 0.56214163 0.23064215 0.06456562
v 0.56214163 0.23330831 0.06956561
v 0.56214163 0.23371961 0.07007923
v 0.55957299 0.23371961 0.07456561
v 0.56214163 0.23371961 0.07688977
v 0.56214163 0.23078620 0.07956561
v 0.56214163 0.23081724 0.08456561
v 0.56214163 0.22893913 0.08956561
v 0.56214163 0.22920826 0.09456561
v 0.56214163 0.23255858 0.09956561
v 0.56214163 0.22967967 0.10456561
v 0.56214163 0.22941757 0.10956561
v 0.56214163 0.23371961 0.11217817
v 0.55971584 0.23371961 0.11456561
v 0.56214163 0.22950441 0.11456561
v 0.56214163 0.23371961 0.11697616
v 0.56214163 0.23079257 0.11956561
v 0.56214163 0.23121961 0.12456561
v 0.56214163 0.23161716 0.12956561
v 0.56214163 0.23371961 0.13630616
v 0.55962515 0.23371961 0.13956561
v 0.56214163 0.22981271 0.14456561
v 0.55950376 0.23371961 0.14456561
v 0.56214163 0.23371961 0.14657855
v 0.56214163 0.23036535 0.14956561
v 0.56214163 0.23371961 0.15206500
v 0.56013008 0.23371961 0.15956561
v 0.55889849 0.23371961 0.16456561
v 0.56002738 0.23371961 0.17456561
v 0.56214163 0.23371961 0.17936154
v 0.56214163 0.23350306 0.17956561
v 0.55995680 0.23371961 0.18456561
v 0.56214163 0.23371961 0.18005860
v 0.55907813 0.23371961 0.18956561
v 0.56214163 0.23371961 0.19365079
v 0.56214163 0.23272122 0.19456561
v 0.56214163 0.23254430 0.19956561
v 0.56214163 0.23371961 0.20158454
v 0.56214163 0.23371961 0.20638458
v 0.56214163 0.22922231 0.20956561
v 0.56214163 0.23463587 0.00956561
v 0.56214163 0.23871961 0.01421659
v 0.56192260 0.23871961 0.01456562
v 0.56214163 0.23783346 0.01456562
v 0.56088760 0.23871961 0.01956561
v 0.56214163 0.23639527 0.02456562
v 0.56169916 0.23871961 0.02456562
v 0.56214163 0.23514114 0.02956561
v 0.56214163 0.23871961 0.02497827
v 0.56214163 0.23871961 0.03404911
v 0.56157091 0.23871961 0.03456562
v 0.56214163 0.23714466 0.03456562
v 0.56214163 0.23485345 0.03956562
v 0.56214163 0.23871961 0.03505544
v 0.56214163 0.23834675 0.04956562
v 0.56214163 0.23871961 0.04999039
v 0.56064163 0.23871961 0.05456562
v 0.56214163 0.23871961 0.05655136
v 0.56087134 0.23871961 0.06956561
v 0.56214163 0.23558450 0.06956561
v 0.56214163 0.23871961 0.06905613
v 0.56214163 0.23871961 0.07152284
v 0.56214163 0.23756811 0.07456561
v 0.56158263 0.23871961 0.09956561
v 0.56214163 0.23654569 0.09956561
v 0.56214163 0.23871961 0.09875594
v 0.56142036 0.23871961 0.10456561
v 0.56214163 0.23751825 0.10456561
v 0.56214163 0.23871961 0.10566545
v 0.56214163 0.23634537 0.11456561
v 0.56214163 0.23480816 0.13956561
v 0.56214163 0.23736227 0.14456561
v 0.56214163 0.23620189 0.15456561
v 0.56214163 0.23581388 0.15956561
v 0.56214163 0.23430117 0.16456561
v 0.56214163 0.23489753 0.16956561
v 0.55759140 0.23871961 0.17456561
v 0.56214163 0.23534784 0.17456561
v 0.56214163 0.23871961 0.17868423
v 0.56071835 0.23871961 0.17956561
v 0.56214163 0.23415764 0.17956561
v 0.56214163 0.23871961 0.18174024
v 0.56214163 0.23573562 0.18456561
v 0.56214163 0.23701609 0.18956561
v 0.56214163 0.23871961 0.19005464
v 0.56214163 0.23394395 0.19456561
v 0.56214163 0.23871961 0.19956535
v 0.56167490 0.23871961 0.20456561
v 0.56214163 0.23871961 0.19956884
v 0.56214163 0.23871961 0.20507321
v 0.56214163 0.23908977 0.01456562
v 0.56214163 0.24115259 0.01956561
v 0.56214163 0.23912750 0.02456562
v 0.56214163 0.23914417 0.03456562
v 0.56214163 0.24163368 0.05456562
v 0.56142956 0.24371961 0.06456562
v 0.56214163 0.24278815 0.06456562
v 0.56214163 0.24371961 0.06399236
v 0.56214163 0.23915083 0.06956561
v 0.56214163 0.24371961 0.06536553
v 0.55780516 0.24371961 0.09456561
v 0.56214163 0.23940788 0.09956561
v 0.56214163 0.24371961 0.10328433
v 0.56104741 0.24371961 0.10456561
v 0.56003080 0.24371961 0.10956561
v 0.56214163 0.24371961 0.10604090
v 0.56214163 0.23959755 0.17956561
v 0.56214163 0.24121899 0.19456561
v 0.56214163 0.23918499 0.20456561
v 0.56108853 0.24871962 0.01456562
v 0.56214163 0.24705295 0.01456562
v 0.56214163 0.24871962 0.01282755
v 0.56214163 0.24871962 0.01595544
v 0.56139210 0.24871962 0.02456562
v 0.56214163 0.24804378 0.02456562
v 0.56214163 0.24871962 0.02387179
v 0.56214163 0.24871962 0.02509071
v 0.56043742 0.24871962 0.03456562
v 0.56214163 0.24694353 0.03456562
v 0.56214163 0.24871962 0.03288332
v 0.56214163 0.24871962 0.03636346
v 0.56214163 0.24421276 0.06456562
v 0.55726775 0.24871961 0.07956561
v 0.56214163 0.24709141 0.10456561
v 0.56197701 0.24871961 0.11956561
v 0.56214163 0.24826155 0.11956561
v 0.56214163 0.24871961 0.11840997
v 0.56214163 0.24871961 0.12103224
v 0.56153469 0.24871961 0.13956561
v 0.56214163 0.24742759 0.13956561
v 0.56214163 0.24871961 0.13906078
v 0.56214163 0.24871961 0.14025003
v 0.56214163 0.25031006 0.01456562
v 0.56214163 0.24921282 0.02456562
v 0.56214163 0.25032496 0.03456562
v 0.56214163 0.24888058 0.11956561
v 0.56214163 0.24911505 0.13956561
v 0.56037692 0.25871962 0.04456562
v 0.56214163 0.25664756 0.04456562
v 0.56214163 0.25871962 0.04329740
v 0.56214163 0.25871962 0.04590253
v 0.56214163 0.25998783 0.04456562
v 0.56689035 0.06871961 0.15956561
v 0.56714163 0.06847619 0.15956561
v 0.56714163 0.06871961 0.15923826
v 0.56714163 0.06871961 0.15977005
v 0.56234371 0.06871961 0.17456561
v 0.56305037 0.06871961 0.19956561
v 0.56589184 0.07371961 0.09956561
v 0.56714163 0.07241399 0.09956561
v 0.56714163 0.07371961 0.09752035
v 0.56714163 0.07371961 0.10202882
v 0.56622579 0.07371961 0.13456562
v 0.56714163 0.07255387 0.13456562
v 0.56714163 0.07371961 0.13282466
v 0.56714163 0.07371961 0.13609802
v 0.56714163 0.06891629 0.15956561
v 0.56714163 0.07371961 0.16429380
v 0.56693037 0.07371961 0.16456561
v 0.56714163 0.07343727 0.16456561
v 0.56714163 0.07371961 0.16606380
v 0.56714163 0.07371961 0.17819636
v 0.56629633 0.07371961 0.17956561
v 0.56714163 0.07157701 0.17956561
v 0.56714163 0.07371961 0.18082051
v 0.56714163 0.07371961 0.19900630
v 0.56674300 0.07371961 0.19956561
v 0.56714163 0.07309865 0.19956561
v 0.56714163 0.07292968 0.20456561
v 0.56683695 0.07371961 0.20456561
v 0.56714163 0.07371961 0.20575641
v 0.56714163 0.07657316 0.09956561
v 0.56548611 0.07871961 0.10956561
v 0.56714163 0.07570663 0.10956561
v 0.56714163 0.07871961 0.10475100
v 0.56612827 0.07871961 0.11456561
v 0.56714163 0.07747177 0.11456561
v 0.56714163 0.07871961 0.11542428
v 0.56322500 0.07871961 0.12956562
v 0.56714163 0.07717333 0.13456562
v 0.56714163 0.07871961 0.13719129
v 0.56642806 0.07871961 0.13956562
v 0.56714163 0.07796080 0.13956562
v 0.56703358 0.07871961 0.14456562
v 0.56714163 0.07862637 0.14456562
v 0.56308294 0.07871961 0.14956561
v 0.56714163 0.07785754 0.14956561
v 0.56714163 0.07802847 0.15456561
v 0.56614956 0.07871961 0.15956561
v 0.56714163 0.07789531 0.15956561
v 0.56628033 0.07871961 0.16456561
v 0.56714163 0.07506706 0.16956561
v 0.56592244 0.07871961 0.16956561
v 0.56591975 0.07871961 0.17456561
v 0.56714163 0.07701276 0.17456561
v 0.56514108 0.07871961 0.17956561
v 0.56714163 0.07828482 0.18456561
v 0.56675116 0.07871961 0.18456561
v 0.56494401 0.07871961 0.18956561
v 0.56714163 0.07653908 0.18956561
v 0.56346573 0.07871961 0.19456561
v 0.56714163 0.07762309 0.19456561
v 0.56714163 0.07560070 0.20956561
v 0.56714163 0.07871961 0.21086057
v 0.56553228 0.08371961 0.00956561
v 0.56714163 0.08181557 0.00956561
v 0.56714163 0.08371961 0.00779043
v 0.56563075 0.08371961 0.01456562
v 0.56714163 0.08189692 0.01456562
v 0.56683231 0.08371961 0.01956561
v 0.56714163 0.08330731 0.01956561
v 0.56714163 0.08371961 0.02013996
v 0.56639495 0.08371961 0.04456562
v 0.56714163 0.08278037 0.04456562
v 0.56714163 0.08371961 0.04351475
v 0.56714163 0.08159724 0.04956562
v 0.56714163 0.08371961 0.05342985
v 0.56650366 0.08371961 0.05956562
v 0.56714163 0.08220292 0.05956562
v 0.56714163 0.08371961 0.05761325
v 0.56714163 0.08371961 0.06018876
v 0.56647819 0.08371961 0.07456561
v 0.56714163 0.08257366 0.07456561
v 0.56714163 0.08371961 0.07340705
v 0.56325068 0.08371961 0.07956561
v 0.56714163 0.08133421 0.07956561
v 0.56579357 0.08371961 0.08456561
v 0.56714163 0.08064442 0.08456561
v 0.56458086 0.08371961 0.08956561
v 0.56714163 0.08117293 0.08956561
v 0.56714163 0.08371961 0.09143490
v 0.56513331 0.08371961 0.10456561
v 0.56714163 0.07892994 0.10456561
v 0.56714163 0.08371961 0.09998545
v 0.56714163 0.08371961 0.10755141
v 0.56714163 0.08186126 0.10956561
v 0.56714163 0.08371961 0.11245992
v 0.56533360 0.08371961 0.11456561
v 0.56714163 0.08145214 0.11956561
v 0.56320558 0.08371961 0.12456562
v 0.56714163 0.07944000 0.12456562
v 0.56714163 0.08023014 0.12956562
v 0.56439285 0.08371961 0.12956562
v 0.56714163 0.08012903 0.13456562
v 0.56592038 0.08371961 0.13456562
v 0.56617868 0.08371961 0.13956562
v 0.56597239 0.08371961 0.14456562
v 0.56382108 0.08371961 0.15456561
v 0.56310314 0.08371961 0.15956561
v 0.56553844 0.08371961 0.16456561
v 0.56334976 0.08371961 0.17456561
v 0.56232494 0.08371961 0.18456561
v 0.56247367 0.08371961 0.18956561
v 0.56242151 0.08371961 0.19456561
v 0.56332197 0.08371961 0.20456561
v 0.56499001 0.08371961 0.20956561
v 0.56714163 0.08371961 0.21055099
v 0.56714163 0.08818267 0.00956561
v 0.56714163 0.08719846 0.01456562
v 0.56714163 0.08871961 0.01647351
v 0.56714163 0.08871961 0.02279622
v 0.56218382 0.08871961 0.02956561
v 0.56714163 0.08373430 0.02956561
v 0.56714163 0.08871961 0.02519795
v 0.56531778 0.08871961 0.03456562
v 0.56714163 0.08395051 0.03456562
v 0.56672345 0.08871961 0.03956562
v 0.56714163 0.08758602 0.03956562
v 0.56714163 0.08470358 0.04456562
v 0.56714163 0.08871961 0.04062846
v 0.56652069 0.08871961 0.04956562
v 0.56714163 0.08871961 0.04790848
v 0.56714163 0.08776926 0.05456562
v 0.56696703 0.08871961 0.05456562
v 0.56416061 0.08871961 0.06456562
v 0.56714163 0.08592978 0.06456562
v 0.56714163 0.08578857 0.06956561
v 0.56249805 0.08871961 0.07456561
v 0.56540769 0.08871961 0.07956561
v 0.56714163 0.08871961 0.08225047
v 0.56714163 0.08435582 0.08456561
v 0.56714163 0.08871961 0.08773907
v 0.56579397 0.08871961 0.08956561
v 0.56714163 0.08871961 0.09328148
v 0.56714163 0.08835621 0.10456561
v 0.56714163 0.08871961 0.10595839
v 0.56647285 0.08871961 0.10956561
v 0.56714163 0.08756307 0.10956561
v 0.56706703 0.08871961 0.11456561
v 0.56587786 0.08871961 0.11956561
v 0.56678058 0.08871961 0.12456562
v 0.56446579 0.08871961 0.12956562
v 0.56459174 0.08871961 0.13956562
v 0.56545479 0.08871961 0.14956561
v 0.56714163 0.08871961 0.15150775
v 0.56714163 0.08755373 0.15456561
v 0.56714163 0.08871961 0.15736802
v 0.56569992 0.08871961 0.15956561
v 0.56714163 0.08871961 0.16156207
v 0.56714163 0.08572283 0.16456561
v 0.56714163 0.08633290 0.16956561
v 0.56279737 0.08871961 0.17456561
v 0.56714163 0.08871961 0.17004608
v 0.56526292 0.08871961 0.17956561
v 0.56316846 0.08871961 0.18456561
v 0.56337199 0.08871961 0.18956561
v 0.56397228 0.08871961 0.19456561
v 0.56310599 0.08871961 0.19956561
v 0.56416946 0.08871961 0.20456561
v 0.56538049 0.08871961 0.20956561
v 0.56714163 0.08871961 0.21089088
v 0.56683026 0.09371961 0.00456562
v 0.56714163 0.09324293 0.00456562
v 0.56714163 0.09371961 0.00302404
v 0.56687608 0.09371961 0.00956561
v 0.56714163 0.09200529 0.00956561
v 0.56301027 0.09371961 0.01456562
v 0.56714163 0.08995824 0.01456562
v 0.56640666 0.09371961 0.01956561
v 0.56714163 0.08963015 0.02456562
v 0.56354034 0.09371961 0.02456562
v 0.56505102 0.09371961 0.02956561
v 0.56481176 0.09371961 0.03456562
v 0.56493901 0.09371961 0.03956562
v 0.56714163 0.09029298 0.04456562
v 0.56483598 0.09371961 0.04456562
v 0.56540558 0.09371961 0.04956562
v 0.56464789 0.09371961 0.05456562
v 0.56714163 0.09303488 0.05956562
v 0.56714163 0.09371961 0.05899981
v 0.56660651 0.09371961 0.06456562
v 0.56714163 0.09371961 0.06247325
v 0.56714163 0.09333785 0.06956561
v 0.56714163 0.09371961 0.06750224
v 0.56714163 0.09164265 0.07456561
v 0.56714163 0.09092337 0.07956561
v 0.56641593 0.09371961 0.08956561
v 0.56714163 0.09371961 0.08846956
v 0.56714163 0.09371961 0.09425531
v 0.56514549 0.09371961 0.10456561
v 0.56714163 0.08916905 0.10456561
v 0.56714163 0.09371961 0.10184098
v 0.56714163 0.09371961 0.10888384
v 0.56714163 0.09181137 0.10956561
v 0.56714163 0.09371961 0.11017373
v 0.56559479 0.09371961 0.11456561
v 0.56590283 0.09371961 0.11956561
v 0.56714163 0.09371961 0.12118041
v 0.56714163 0.08939125 0.12456562
v 0.56714163 0.09342662 0.12956562
v 0.56335597 0.09371961 0.13456562
v 0.56714163 0.09371961 0.13120187
v 0.56714163 0.09371961 0.13774110
v 0.56714163 0.09301552 0.13956562
v 0.56494815 0.09371961 0.14456561
v 0.56714163 0.09371961 0.14013595
v 0.56520821 0.09371961 0.14956561
v 0.56714163 0.09120467 0.15456561
v 0.56574756 0.09371961 0.15456561
v 0.56395623 0.09371961 0.15956561
v 0.56714163 0.09371961 0.16387626
v 0.56367774 0.09371961 0.16956561
v 0.56714163 0.08953930 0.16956561
v 0.56714163 0.09371961 0.16513502
v 0.56697101 0.09371961 0.17456561
v 0.56545734 0.09371961 0.18456561
v 0.56254731 0.09371961 0.18956561
v 0.56366157 0.09371961 0.19456561
v 0.56714163 0.09371961 0.21086397
v 0.56714163 0.09478180 0.00456562
v 0.56714163 0.09871961 0.00766897
v 0.56582311 0.09871961 0.00956561
v 0.56681350 0.09871961 0.01456562
v 0.56548151 0.09871961 0.01956561
v 0.56652844 0.09871961 0.02456562
v 0.56376965 0.09871961 0.02956561
v 0.56684951 0.09871961 0.03456562
v 0.56714163 0.09871961 0.03665358
v 0.56714163 0.09820237 0.03956562
v 0.56714163 0.09871961 0.04076662
v 0.56642442 0.09871961 0.04456562
v 0.56714163 0.09871961 0.04559129
v 0.56714163 0.09603152 0.04956562
v 0.56714163 0.09725678 0.05456562
v 0.56714163 0.09871961 0.05809755
v 0.56551622 0.09871961 0.05956562
v 0.56714163 0.09584985 0.05956562
v 0.56714163 0.09450249 0.06456562
v 0.56714163 0.09871961 0.06085513
v 0.56680609 0.09871961 0.08456561
v 0.56714163 0.09848400 0.08456561
v 0.56714163 0.09871961 0.08428932
v 0.56714163 0.09524576 0.08956561
v 0.56714163 0.09871961 0.08492474
v 0.56714163 0.09660144 0.10456561
v 0.56714163 0.09690954 0.11456561
v 0.56714163 0.09496111 0.11956561
v 0.56669719 0.09871961 0.13456562
v 0.56714163 0.09871961 0.12997451
v 0.56714163 0.09871961 0.13660346
v 0.56714163 0.09764608 0.14456561
v 0.56714163 0.09753448 0.14956561
v 0.56553123 0.09871961 0.14956561
v 0.56714163 0.09871961 0.15056104
v 0.56530642 0.09871961 0.15456561
v 0.56683459 0.09871961 0.15956561
v 0.56714163 0.09871961 0.16127416
v 0.56672663 0.09871961 0.16956561
v 0.56714163 0.09871961 0.16763759
v 0.56522911 0.09871961 0.17456561
v 0.56714163 0.09863459 0.17956561
v 0.56714163 0.09871961 0.17949712
v 0.56468971 0.09871961 0.18456561
v 0.56714163 0.09871961 0.17965047
v 0.56464599 0.09871961 0.20956561
v 0.56296332 0.09871961 0.21456561
v 0.56714163 0.09871961 0.21082109
v 0.56530815 0.10371961 0.00956561
v 0.56714163 0.10371961 0.00529483
v 0.56605413 0.10371961 0.01456562
v 0.56696790 0.10371961 0.01956561
v 0.56366861 0.10371961 0.02456562
v 0.56445479 0.10371961 0.02956561
v 0.56422496 0.10371961 0.03456562
v 0.56714163 0.10371961 0.03355900
v 0.56714163 0.09998570 0.03456562
v 0.56714163 0.10232682 0.04456562
v 0.56623063 0.10371961 0.05456562
v 0.56714163 0.10264606 0.05456562
v 0.56714163 0.10371961 0.05338468
v 0.56714163 0.10170466 0.05956562
v 0.56714163 0.10371961 0.05703332
v 0.56714163 0.09925147 0.08456561
v 0.56628392 0.10371961 0.10456561
v 0.56714163 0.10260907 0.10456561
v 0.56714163 0.10371961 0.10384083
v 0.56714163 0.10371961 0.10569113
v 0.56608887 0.10371961 0.11456561
v 0.56714163 0.10180540 0.11456561
v 0.56714163 0.10371961 0.11277990
v 0.56714163 0.10371961 0.11598879
v 0.56595924 0.10371961 0.12456562
v 0.56714163 0.10153726 0.12456562
v 0.56714163 0.10371961 0.12288305
v 0.56714163 0.10371961 0.12629664
v 0.56714163 0.10006706 0.13456562
v 0.56633388 0.10371961 0.14456561
v 0.56714163 0.10188862 0.14456561
v 0.56714163 0.10371961 0.14311548
v 0.56714163 0.09985973 0.14956561
v 0.56610505 0.10371961 0.14956561
v 0.56540874 0.10000712 0.15089305
v 0.56714163 0.10015183 0.15456561
v 0.56714163 0.10371961 0.15082820
v 0.56714163 0.09987027 0.15956561
v 0.56714163 0.10371961 0.16079599
v 0.56368376 0.10371961 0.16456561
v 0.56714163 0.09951070 0.16456561
v 0.56714163 0.10371961 0.16837402
v 0.56714163 0.10008859 0.16956561
v 0.56714163 0.10312315 0.17456561
v 0.56714163 0.10371961 0.17598915
v 0.56578599 0.10371961 0.17956561
v 0.56714163 0.09891565 0.17956561
v 0.56311386 0.10371961 0.18456561
v 0.56241172 0.10371961 0.18956561
v 0.56368491 0.10371961 0.20456561
v 0.56406079 0.10371961 0.20956561
v 0.56714163 0.10371961 0.21099706
v 0.56573893 0.10871961 0.00956561
v 0.56714163 0.10871961 0.00813478
v 0.56248080 0.10871961 0.01956561
v 0.56714163 0.10871961 0.02403556
v 0.56714163 0.10779731 0.02456562
v 0.56714163 0.10871961 0.02569350
v 0.56545367 0.10871961 0.02956561
v 0.56714163 0.10871961 0.03157206
v 0.56714163 0.10498797 0.05456562
v 0.56602059 0.10871961 0.09956561
v 0.56714163 0.10709691 0.09956561
v 0.56714163 0.10871961 0.09844130
v 0.56536413 0.10871961 0.10456561
v 0.56714163 0.10871961 0.10681239
v 0.56714163 0.10829513 0.11456561
v 0.56714163 0.10480230 0.12456562
v 0.56644810 0.10871961 0.14456561
v 0.56714163 0.10871961 0.14351180
v 0.56566532 0.10871961 0.14956561
v 0.56714163 0.10871961 0.15224668
v 0.56545550 0.10871961 0.16456561
v 0.56714163 0.10871961 0.16312589
v 0.56714163 0.10871961 0.16716851
v 0.56564492 0.10871961 0.17456561
v 0.56714163 0.10484252 0.17456561
v 0.56714163 0.10871961 0.17210401
v 0.56354248 0.10871961 0.17956561
v 0.56314351 0.10871961 0.18456561
v 0.56232945 0.10871961 0.18956561
v 0.56287158 0.10871961 0.19456561
v 0.56270938 0.10871961 0.19956561
v 0.56572043 0.10871961 0.20956561
v 0.56714163 0.10871961 0.21109401
v 0.56619646 0.11371961 0.00456562
v 0.56714163 0.11200168 0.00456562
v 0.56714163 0.11371961 0.00352461
v 0.56383586 0.11371961 0.01456562
v 0.56544962 0.11371961 0.01956561
v 0.56714163 0.10978818 0.02456562
v 0.56561691 0.11371961 0.02456562
v 0.56714163 0.11371961 0.02707703
v 0.56714163 0.11114453 0.02956561
v 0.56714163 0.11371961 0.03158217
v 0.56378790 0.11371961 0.03456562
v 0.56714163 0.11115503 0.03456562
v 0.56714163 0.11371961 0.03642098
v 0.56704380 0.11371961 0.05956562
v 0.56714163 0.11317008 0.05956562
v 0.56714163 0.11371961 0.05913308
v 0.56714163 0.11371961 0.05983999
v 0.56714163 0.11320907 0.09956561
v 0.56714163 0.11076172 0.10456561
v 0.56326795 0.11371961 0.10956561
v 0.56714163 0.11038628 0.14456561
v 0.56714163 0.11110082 0.14956561
v 0.56714163 0.11371961 0.15365697
v 0.56682403 0.11371961 0.15456561
v 0.56714163 0.11261859 0.15456561
v 0.56714163 0.11371961 0.15605451
v 0.56714163 0.11077406 0.16456561
v 0.56714163 0.11371961 0.16718459
v 0.56597629 0.11371961 0.16956561
v 0.56714163 0.11078968 0.16956561
v 0.56546382 0.11371961 0.17456561
v 0.56334251 0.11371961 0.17956561
v 0.56309629 0.11371961 0.18456561
v 0.56714163 0.11371961 0.21183071
v 0.56445999 0.11371961 0.21456561
v 0.56714163 0.11487282 0.00456562
v 0.56514447 0.11871961 0.00956561
v 0.56714163 0.11871961 0.00891131
v 0.56428489 0.11871961 0.01456562
v 0.56503823 0.11871961 0.01956561
v 0.56286304 0.11871961 0.02456562
v 0.56714163 0.11596828 0.02956561
v 0.56705604 0.11871961 0.03456562
v 0.56714163 0.11871961 0.03494644
v 0.56714163 0.11415857 0.05956562
v 0.56481813 0.11871961 0.09456561
v 0.56714163 0.11395870 0.09456561
v 0.56714163 0.11871961 0.09091873
v 0.56714163 0.11871961 0.09711730
v 0.56632318 0.11871961 0.12956562
v 0.56714163 0.11787724 0.12956562
v 0.56714163 0.11871961 0.12850247
v 0.56714163 0.11871961 0.13055110
v 0.56677759 0.11871961 0.15456561
v 0.56714163 0.11871961 0.15386043
v 0.56714163 0.11871961 0.15575387
v 0.56615952 0.11871961 0.16456561
v 0.56714163 0.11747449 0.16956561
v 0.56714163 0.11871961 0.17100709
v 0.56553250 0.11871961 0.17456561
v 0.56466417 0.11871961 0.17956561
v 0.56291875 0.11871961 0.18956561
v 0.56714163 0.11871961 0.21216575
v 0.56628150 0.12371961 0.00456562
v 0.56714163 0.12263019 0.00456562
v 0.56714163 0.12371961 0.00355471
v 0.56616921 0.12371961 0.00956561
v 0.56279123 0.12371961 0.01456562
v 0.56566899 0.12371961 0.01956561
v 0.56714163 0.12371961 0.02059554
v 0.56714163 0.12076900 0.02456562
v 0.56714163 0.12191026 0.02956561
v 0.56714163 0.11882208 0.03456562
v 0.56714163 0.12371961 0.03911510
v 0.56681705 0.12371961 0.03956562
v 0.56714163 0.12231624 0.03956562
v 0.56714163 0.12371961 0.04101493
v 0.56714163 0.12306463 0.09456561
v 0.56242117 0.12371961 0.09956561
v 0.56688646 0.12371961 0.11456561
v 0.56714163 0.12130581 0.11456561
v 0.56714163 0.12371961 0.11418223
v 0.56714163 0.12371961 0.11675954
v 0.56714163 0.12134014 0.12956562
v 0.56708917 0.12371961 0.13956561
v 0.56714163 0.12275886 0.13956561
v 0.56714163 0.12371961 0.13920179
v 0.56714163 0.12371961 0.14021272
v 0.56714163 0.12098892 0.15456561
v 0.56360518 0.12371961 0.16456561
v 0.56714163 0.12371961 0.16034584
v 0.56714163 0.11886423 0.16456561
v 0.56714163 0.11969846 0.16956561
v 0.56504525 0.12371961 0.16956561
v 0.56480184 0.12371961 0.17456561
v 0.56520946 0.12371961 0.17956561
v 0.56350375 0.12371961 0.18956561
v 0.56334389 0.12371961 0.20456561
v 0.56714163 0.12371961 0.21088288
v 0.56714163 0.12466154 0.00456562
v 0.56714163 0.12871961 0.00822340
v 0.56363821 0.12871961 0.00956561
v 0.56714163 0.12871961 0.02317906
v 0.56359407 0.12871961 0.02956561
v 0.56714163 0.12581381 0.02956561
v 0.56714163 0.12871961 0.02711037
v 0.56588369 0.12871961 0.03456562
v 0.56714163 0.12762989 0.03456562
v 0.56520428 0.12871961 0.03956562
v 0.56714163 0.12871961 0.04066817
v 0.56706571 0.12871961 0.06456562
v 0.56714163 0.12821885 0.06456562
v 0.56714163 0.12871961 0.06336763
v 0.56714163 0.12871961 0.06473830
v 0.56714163 0.12440701 0.11456561
v 0.56714163 0.12380863 0.13956561
v 0.56714163 0.12871961 0.14448497
v 0.56706821 0.12871961 0.14456561
v 0.56714163 0.12812698 0.14456561
v 0.56714163 0.12871961 0.14501068
v 0.56449111 0.12871961 0.15456561
v 0.56714163 0.12546644 0.15456561
v 0.56714163 0.12871961 0.15141374
v 0.56617100 0.12871961 0.15956561
v 0.56714163 0.12467735 0.15956561
v 0.56354493 0.12871961 0.16456561
v 0.56306147 0.12871961 0.16956561
v 0.56510763 0.12871961 0.17456561
v 0.56426842 0.12871961 0.17956561
v 0.56430322 0.12871961 0.18456561
v 0.56714163 0.12760640 0.21456561
v 0.56408052 0.12871961 0.21456561
v 0.56714163 0.12871961 0.21532270
v 0.56481879 0.13371961 0.00956561
v 0.56714163 0.13371961 0.00578870
v 0.56413008 0.13371961 0.01956561
v 0.56714163 0.13029641 0.02456562
v 0.56448608 0.13371961 0.02456562
v 0.56451319 0.13371961 0.02956561
v 0.56688663 0.13371961 0.03456562
v 0.56714163 0.13371961 0.03497864
v 0.56714163 0.12956049 0.03956562
v 0.56714163 0.12908821 0.06456562
v 0.56681670 0.13371961 0.10456561
v 0.56714163 0.13308054 0.10456561
v 0.56714163 0.13371961 0.10368589
v 0.56714163 0.13371961 0.10525577
v 0.56498666 0.13371961 0.14456561
v 0.56714163 0.12886013 0.14456561
v 0.56714163 0.13371961 0.14777206
v 0.56714163 0.13044973 0.14956561
v 0.56468617 0.13371961 0.15456561
v 0.56397989 0.13371961 0.15956561
v 0.56379404 0.13371961 0.16456561
v 0.56386824 0.13371961 0.16956561
v 0.56552131 0.13371961 0.17456561
v 0.56562112 0.13371961 0.17956561
v 0.56243894 0.13371961 0.18956561
v 0.56714163 0.13371961 0.21324724
v 0.56714163 0.13115528 0.21456561
v 0.56440466 0.13871961 0.00956561
v 0.56714163 0.13871961 0.00770626
v 0.56324362 0.13871961 0.01456562
v 0.56247889 0.13871961 0.01956561
v 0.56528889 0.13871961 0.02456562
v 0.56315307 0.13871961 0.02956561
v 0.56367661 0.13871961 0.03456562
v 0.56714163 0.13852065 0.03956562
v 0.56697949 0.13871961 0.03956562
v 0.56463784 0.13871961 0.04456562
v 0.56714163 0.13627284 0.04456562
v 0.56404952 0.13871961 0.04956562
v 0.56714163 0.13503181 0.04956562
v 0.56714163 0.13871961 0.05361780
v 0.56692191 0.13871961 0.07456561
v 0.56714163 0.13711781 0.07456561
v 0.56714163 0.13871961 0.07397662
v 0.56714163 0.13871961 0.07700204
v 0.56700539 0.13871961 0.09956561
v 0.56714163 0.13846140 0.09956561
v 0.56714163 0.13871961 0.09756532
v 0.56714163 0.13433565 0.10456561
v 0.56714163 0.13871961 0.09973860
v 0.56259391 0.13871961 0.12456562
v 0.56714163 0.13871961 0.14538856
v 0.56585952 0.13871961 0.14956561
v 0.56458958 0.13871961 0.15456561
v 0.56233565 0.13871961 0.15956561
v 0.56268664 0.13871961 0.16956561
v 0.56714163 0.13871961 0.17371457
v 0.56714163 0.13623936 0.17456561
v 0.56714163 0.13871961 0.17646167
v 0.56227677 0.13871961 0.17956561
v 0.56413518 0.13871961 0.21456561
v 0.56714163 0.13871961 0.21189532
v 0.56349705 0.14371961 0.00956561
v 0.56714163 0.14371961 0.00702360
v 0.56425692 0.14371961 0.01456562
v 0.56368446 0.14371961 0.01956561
v 0.56480762 0.14371961 0.02456562
v 0.56495853 0.14371961 0.02956561
v 0.56507895 0.14371961 0.03456562
v 0.56714163 0.14371961 0.03714847
v 0.56714163 0.13909392 0.03956562
v 0.56714163 0.14371961 0.04285830
v 0.56570745 0.14371961 0.04456562
v 0.56641631 0.14371961 0.04956562
v 0.56714163 0.14371961 0.05081562
v 0.56572903 0.14371961 0.05956562
v 0.56714163 0.14054087 0.05956562
v 0.56714163 0.14371961 0.05721296
v 0.56714163 0.14371961 0.06345376
v 0.56642735 0.14371961 0.06956561
v 0.56714163 0.14252823 0.06956561
v 0.56714163 0.14371961 0.06634506
v 0.56714163 0.13980260 0.07456561
v 0.56714163 0.14371961 0.07153112
v 0.56648333 0.14371961 0.09956561
v 0.56714163 0.14371961 0.09887102
v 0.56714163 0.14371961 0.10070402
v 0.56551912 0.14371961 0.11956561
v 0.56714163 0.14156664 0.11956561
v 0.56714163 0.14371961 0.11676573
v 0.56714163 0.14371961 0.12231168
v 0.56676581 0.14371961 0.13956561
v 0.56714163 0.14257124 0.13956561
v 0.56714163 0.14371961 0.13696077
v 0.56573942 0.14371961 0.14456561
v 0.56714163 0.14005971 0.14456561
v 0.56393784 0.14371961 0.14956561
v 0.56305355 0.14371961 0.15456561
v 0.56355129 0.14371961 0.15956561
v 0.56714163 0.14051144 0.17456561
v 0.56317192 0.14371961 0.21456561
v 0.56714163 0.14371961 0.21268413
v 0.56320220 0.14871961 0.00956561
v 0.56714163 0.14871961 0.00811400
v 0.56263135 0.14871961 0.01456562
v 0.56714163 0.14871459 0.02456562
v 0.56714163 0.14871961 0.02455951
v 0.56714163 0.14871961 0.02456920
v 0.56307462 0.14871961 0.02956561
v 0.56528448 0.14871961 0.03956562
v 0.56714163 0.14587338 0.03956562
v 0.56404250 0.14871961 0.04456562
v 0.56605286 0.14871961 0.04956562
v 0.56714163 0.14871961 0.05099764
v 0.56661447 0.14871961 0.05956562
v 0.56714163 0.14871961 0.05886018
v 0.56714163 0.14871961 0.06097727
v 0.56714163 0.14609334 0.06956561
v 0.56714163 0.14871961 0.07269815
v 0.56642694 0.14871961 0.07456561
v 0.56714163 0.14722293 0.07456561
v 0.56714163 0.14871961 0.07597471
v 0.56652980 0.14871961 0.08456561
v 0.56714163 0.14594021 0.08456561
v 0.56714163 0.14871961 0.08268276
v 0.56635237 0.14871961 0.08956561
v 0.56714163 0.14534343 0.08956561
v 0.56714163 0.14871961 0.09166471
v 0.56714163 0.14780847 0.09956561
v 0.56714163 0.14559735 0.11956561
v 0.56616132 0.14871961 0.13456561
v 0.56714163 0.14442741 0.13456561
v 0.56714163 0.14871961 0.12971523
v 0.56714163 0.14871961 0.13953908
v 0.56714163 0.14857516 0.13956561
v 0.56714163 0.14871961 0.13957271
v 0.56427416 0.14871961 0.14456561
v 0.56509027 0.14871961 0.14956561
v 0.56426443 0.14871961 0.15456561
v 0.56259522 0.14871961 0.16456561
v 0.56714163 0.14871961 0.21239721
v 0.56369936 0.15371961 0.00956561
v 0.56714163 0.15371961 0.00806897
v 0.56369180 0.15371961 0.01956561
v 0.56714163 0.14872614 0.02456562
v 0.56714163 0.15265896 0.02956561
v 0.56714163 0.15371961 0.02792089
v 0.56430404 0.15371961 0.03456562
v 0.56714163 0.15371961 0.03111696
v 0.56714163 0.15371961 0.03750069
v 0.56714163 0.15174559 0.03956562
v 0.56318238 0.15371961 0.04456562
v 0.56714163 0.15226951 0.04456562
v 0.56664116 0.15371961 0.04956562
v 0.56714163 0.15371961 0.04684903
v 0.56714163 0.15280979 0.05456562
v 0.56669404 0.15371961 0.05456562
v 0.56714163 0.15022161 0.05956562
v 0.56714163 0.15371961 0.05640401
v 0.56714163 0.15059627 0.07456561
v 0.56714163 0.15116829 0.08456561
v 0.56714163 0.15088921 0.08956561
v 0.56605649 0.15371961 0.10956561
v 0.56714163 0.15133027 0.10956561
v 0.56714163 0.15371961 0.10761262
v 0.56626358 0.15371961 0.11456561
v 0.56714163 0.15153456 0.11456561
v 0.56685056 0.15371961 0.11956561
v 0.56714163 0.15293466 0.11956561
v 0.56511366 0.15371961 0.12456562
v 0.56714163 0.14924813 0.12456562
v 0.56658429 0.15371961 0.12956561
v 0.56714163 0.14907794 0.12956561
v 0.56311991 0.15371961 0.13456561
v 0.56714163 0.14874959 0.13956561
v 0.56402563 0.15371961 0.13956561
v 0.56535344 0.15371961 0.14456561
v 0.56364027 0.15371961 0.14956561
v 0.56433930 0.15371961 0.15956561
v 0.56401483 0.15371961 0.21456561
v 0.56714163 0.15371961 0.21146568
v 0.56290241 0.15871961 0.00956561
v 0.56714163 0.15871961 0.00728685
v 0.56714163 0.15536899 0.02956561
v 0.56415130 0.15871961 0.02956561
v 0.56714163 0.15871961 0.03335242
v 0.56714163 0.15758729 0.03456562
v 0.56714163 0.15871961 0.03558533
v 0.56394155 0.15871961 0.03956562
v 0.56714163 0.15562487 0.03956562
v 0.56714163 0.15560078 0.04456562
v 0.56583828 0.15871961 0.04456562
v 0.56294317 0.15871961 0.04956562
v 0.56485154 0.15871961 0.05456562
v 0.56285364 0.15871961 0.05956562
v 0.56714163 0.15871961 0.05725845
v 0.56674820 0.15871961 0.07456561
v 0.56714163 0.15711114 0.07456561
v 0.56714163 0.15871961 0.07380968
v 0.56263020 0.15871961 0.07956561
v 0.56714163 0.15871961 0.07612912
v 0.56714163 0.15780695 0.08456561
v 0.56714163 0.15871961 0.08371010
v 0.56680052 0.15871961 0.08456561
v 0.56659425 0.15871961 0.08956561
v 0.56714163 0.15759666 0.08956561
v 0.56714163 0.15871961 0.09153356
v 0.56714163 0.15499892 0.10956561
v 0.56714163 0.15871961 0.11367766
v 0.56664211 0.15871961 0.11456561
v 0.56532749 0.15871961 0.11956561
v 0.56705975 0.15871961 0.12456562
v 0.56509194 0.15871961 0.12956561
v 0.56352419 0.15871961 0.13456561
v 0.56425274 0.15871961 0.14456561
v 0.56339087 0.15871961 0.15456561
v 0.56714163 0.15871961 0.17452121
v 0.56714163 0.15870103 0.17456561
v 0.56714163 0.15871961 0.17458726
v 0.56714163 0.15871961 0.21234735
v 0.56327655 0.16371961 0.00956561
v 0.56714163 0.16371961 0.00826845
v 0.56428475 0.16371961 0.01456562
v 0.56402281 0.16371961 0.02956561
v 0.56714163 0.15953394 0.03456562
v 0.56491813 0.16371961 0.03456562
v 0.56264664 0.16371961 0.03956562
v 0.56637108 0.16371961 0.04456562
v 0.56394156 0.16371961 0.04956562
v 0.56478597 0.16371961 0.05456562
v 0.56714163 0.16371961 0.05753432
v 0.56714163 0.16371961 0.06208896
v 0.56566533 0.16371961 0.06456562
v 0.56714163 0.16072507 0.06456562
v 0.56714163 0.16371961 0.06598188
v 0.56687103 0.16371961 0.07456561
v 0.56714163 0.16371961 0.07442032
v 0.56714163 0.16371961 0.07463290
v 0.56570135 0.16371961 0.08456561
v 0.56714163 0.16371961 0.08377206
v 0.56714163 0.16371961 0.08710618
v 0.56714163 0.16003563 0.08956561
v 0.56714163 0.16371961 0.09250877
v 0.56601078 0.16371961 0.09456561
v 0.56714163 0.16092249 0.09456561
v 0.56714163 0.16371961 0.09569778
v 0.56569945 0.16371961 0.11456561
v 0.56714163 0.16371961 0.11345451
v 0.56446835 0.16371961 0.11956561
v 0.56623734 0.16371961 0.12456562
v 0.56558718 0.16371961 0.12956561
v 0.56449294 0.16371961 0.13456561
v 0.56216852 0.16371961 0.13956561
v 0.56258294 0.16371961 0.14456561
v 0.56530631 0.16371961 0.14956561
v 0.56272671 0.16371961 0.15456561
v 0.56265650 0.16371961 0.15956561
v 0.56714163 0.15875321 0.17456561
v 0.56714163 0.16083954 0.21456561
v 0.56269112 0.16371961 0.21456561
v 0.56714163 0.16371961 0.21576223
v 0.56498954 0.16871961 0.00956561
v 0.56714163 0.16871961 0.00667895
v 0.56368415 0.16871961 0.01956561
v 0.56352836 0.16871961 0.02456562
v 0.56545482 0.16871961 0.02956561
v 0.56435749 0.16871961 0.03456562
v 0.56329941 0.16871961 0.03956562
v 0.56332599 0.16871961 0.04456562
v 0.56570187 0.16871961 0.04956562
v 0.56658855 0.16871961 0.05456562
v 0.56714163 0.16514127 0.05956562
v 0.56451189 0.16871961 0.05956562
v 0.56669523 0.16871961 0.06456562
v 0.56714163 0.16871961 0.06517734
v 0.56497217 0.16871961 0.07456561
v 0.56714163 0.16871961 0.07292772
v 0.56714163 0.16871961 0.07932254
v 0.56714163 0.16452564 0.08456561
v 0.56714163 0.16518428 0.09456561
v 0.56714163 0.16871961 0.09789421
v 0.56617663 0.16871961 0.09956561
v 0.56714163 0.16741026 0.09956561
v 0.56697839 0.16871961 0.10456561
v 0.56714163 0.16833120 0.10456561
v 0.56682265 0.16871961 0.10956561
v 0.56714163 0.16797909 0.10956561
v 0.56635131 0.16871961 0.11456561
v 0.56631345 0.16871961 0.11956561
v 0.56436490 0.16871961 0.12456562
v 0.56445245 0.16871961 0.12956561
v 0.56407473 0.16871961 0.13956561
v 0.56714163 0.16871961 0.21379026
v 0.56714163 0.16739478 0.21456561
v 0.56532631 0.17371961 0.00456562
v 0.56714163 0.17033614 0.00456562
v 0.56714163 0.17371961 0.00275228
v 0.56444435 0.17371961 0.01456562
v 0.56373373 0.17371961 0.01956561
v 0.56714163 0.17371961 0.02363155
v 0.56714163 0.17321179 0.02456562
v 0.56714163 0.17325111 0.02956561
v 0.56714163 0.17307718 0.03456562
v 0.56714163 0.17371961 0.03583134
v 0.56444565 0.17371961 0.03956562
v 0.56319834 0.17371961 0.04456562
v 0.56714163 0.17371961 0.04236046
v 0.56714163 0.17151518 0.04456562
v 0.56714163 0.17371961 0.04603426
v 0.56507071 0.17371961 0.05456562
v 0.56673823 0.17371961 0.05956562
v 0.56714163 0.17371961 0.06101017
v 0.56714163 0.17020662 0.06456562
v 0.56714163 0.17371961 0.06710432
v 0.56561551 0.17371961 0.06956561
v 0.56714163 0.17250953 0.06956561
v 0.56631723 0.17371961 0.07456561
v 0.56714163 0.17371961 0.07690328
v 0.56446953 0.17371961 0.08456561
v 0.56714163 0.17258702 0.08456561
v 0.56714163 0.17371961 0.08151799
v 0.56714163 0.17371961 0.08658346
v 0.56714163 0.17075419 0.09956561
v 0.56714163 0.17371961 0.10125582
v 0.56544235 0.17371961 0.10456561
v 0.56328813 0.17371961 0.10956561
v 0.56527419 0.17371961 0.11456561
v 0.56249698 0.17371961 0.11956561
v 0.56613703 0.17371961 0.12456561
v 0.56364669 0.17371961 0.12956561
v 0.56466934 0.17371961 0.13456561
v 0.56486592 0.17371961 0.13956561
v 0.56361864 0.17371961 0.21456561
v 0.56714163 0.17371961 0.21191476
v 0.56714163 0.17720896 0.00456562
v 0.56714163 0.17871961 0.00682565
v 0.56563610 0.17871961 0.01956561
v 0.56714163 0.17515854 0.02456562
v 0.56472240 0.17871961 0.02456562
v 0.56714163 0.17397760 0.02956561
v 0.56648902 0.17871961 0.03456562
v 0.56714163 0.17871961 0.03443587
v 0.56714163 0.17871961 0.03475240
v 0.56243218 0.17871961 0.04456562
v 0.56714163 0.17553891 0.04456562
v 0.56714163 0.17871961 0.05294136
v 0.56714163 0.17580541 0.05456562
v 0.56714163 0.17871961 0.05552982
v 0.56495791 0.17871961 0.05956562
v 0.56714163 0.17512936 0.06456562
v 0.56527030 0.17871961 0.06456562
v 0.56714163 0.17871961 0.06890707
v 0.56714163 0.17729499 0.06956561
v 0.56714163 0.17871961 0.07067913
v 0.56366033 0.17871961 0.07456561
v 0.56714163 0.17871961 0.07743156
v 0.56714163 0.17747355 0.08456561
v 0.56714163 0.17699391 0.10456561
v 0.56714163 0.17607777 0.10956561
v 0.56714163 0.17871961 0.11287006
v 0.56605784 0.17871961 0.11456561
v 0.56310690 0.17871961 0.12456562
v 0.56470806 0.17871961 0.12956561
v 0.56345519 0.17871961 0.13456561
v 0.56288395 0.17871961 0.13956561
v 0.56714163 0.17871961 0.14866027
v 0.56714163 0.17804476 0.14956561
v 0.56714163 0.17871961 0.15077884
v 0.56230853 0.17871961 0.16456561
v 0.56354464 0.17871961 0.21456561
v 0.56714163 0.17669373 0.21456561
v 0.56714163 0.17871961 0.21667552
v 0.56494133 0.18371961 0.00456562
v 0.56714163 0.17994901 0.00456562
v 0.56714163 0.18371961 0.00213795
v 0.56278653 0.18371961 0.02456562
v 0.56370854 0.18371961 0.02956561
v 0.56714163 0.18177663 0.03456562
v 0.56706079 0.18371961 0.03456562
v 0.56500442 0.18371961 0.03956562
v 0.56340246 0.18371961 0.04456562
v 0.56714163 0.18282256 0.05456562
v 0.56695481 0.18371961 0.05456562
v 0.56667737 0.18371961 0.05956562
v 0.56714163 0.18371961 0.06026521
v 0.56714163 0.18227529 0.06456562
v 0.56607616 0.18371961 0.07456561
v 0.56714163 0.18371961 0.07027524
v 0.56714163 0.18157736 0.07956561
v 0.56647086 0.18371961 0.07956561
v 0.56700333 0.18371961 0.08456561
v 0.56714163 0.18266257 0.08456561
v 0.56641199 0.18371961 0.08956561
v 0.56714163 0.18221661 0.08956561
v 0.56714163 0.18371961 0.09166478
v 0.56430679 0.18371961 0.10456561
v 0.56714163 0.18110720 0.10456561
v 0.56714163 0.18371961 0.10236819
v 0.56613288 0.18371961 0.10956561
v 0.56714163 0.18198864 0.10956561
v 0.56629847 0.18371961 0.11456561
v 0.56529560 0.18371961 0.12456561
v 0.56634305 0.18371961 0.12956561
v 0.56285641 0.18371961 0.13956561
v 0.56714163 0.17910761 0.14956561
v 0.56321573 0.18371961 0.16956561
v 0.56714163 0.18371961 0.21427578
v 0.56714163 0.18311635 0.21456561
v 0.56714163 0.18673158 0.00456562
v 0.56249266 0.18871961 0.00956561
v 0.56714163 0.18871961 0.00740635
v 0.56384842 0.18871961 0.01956561
v 0.56426188 0.18871961 0.02456562
v 0.56384881 0.18871961 0.02956561
v 0.56580367 0.18871961 0.03456562
v 0.56320059 0.18871961 0.03956562
v 0.56693954 0.18871961 0.04456562
v 0.56504083 0.18871961 0.04956562
v 0.56605915 0.18871961 0.05456562
v 0.56415368 0.18871961 0.05956562
v 0.56714163 0.18535675 0.06456562
v 0.56525286 0.18871961 0.06456562
v 0.56714163 0.18871961 0.06710382
v 0.56482606 0.18871961 0.07456561
v 0.56714163 0.18871961 0.07234234
v 0.56714163 0.18871961 0.07694457
v 0.56714163 0.18518345 0.07956561
v 0.56714163 0.18871961 0.08155620
v 0.56495492 0.18871961 0.08456561
v 0.56531180 0.18871961 0.08956561
v 0.56714163 0.18871961 0.09220331
v 0.56594464 0.18871961 0.09956561
v 0.56714163 0.18650953 0.09956561
v 0.56714163 0.18871961 0.09658213
v 0.56714163 0.18566797 0.10456561
v 0.56714163 0.18871961 0.10152621
v 0.56714163 0.18871961 0.10769815
v 0.56241692 0.18871961 0.10956561
v 0.56714163 0.18871961 0.11324795
v 0.56714163 0.18631261 0.11456561
v 0.56714163 0.18871961 0.11586389
v 0.56585609 0.18871961 0.12456561
v 0.56505468 0.18871961 0.12956561
v 0.56564346 0.18871961 0.13456561
v 0.56272737 0.18871961 0.14456561
v 0.56387940 0.18871961 0.14956561
v 0.56714163 0.18871961 0.21408767
v 0.56714163 0.19371961 0.00838496
v 0.56252667 0.19371961 0.02456562
v 0.56430207 0.19371961 0.02956561
v 0.56284813 0.19371961 0.03456562
v 0.56242962 0.19371961 0.03956562
v 0.56693009 0.19371961 0.04456562
v 0.56407747 0.19371961 0.04956562
v 0.56714163 0.19371961 0.05443603
v 0.56714163 0.19092598 0.05456562
v 0.56714163 0.19321661 0.05956562
v 0.56714163 0.19371961 0.06010347
v 0.56305836 0.19371961 0.06456562
v 0.56714163 0.19190662 0.06956561
v 0.56356214 0.19371961 0.06956561
v 0.56576952 0.19371961 0.07456561
v 0.56714163 0.19365526 0.07956561
v 0.56698386 0.19371961 0.07956561
v 0.56714163 0.19362518 0.08456561
v 0.56714163 0.19371961 0.08111270
v 0.56714163 0.19153320 0.08956561
v 0.56714163 0.19371961 0.09165705
v 0.56714163 0.19098547 0.09456561
v 0.56429153 0.19371961 0.09956561
v 0.56714163 0.19237863 0.10456561
v 0.56491607 0.19371961 0.10456561
v 0.56254008 0.19371961 0.10956561
v 0.56714163 0.19004902 0.11456561
v 0.56445491 0.19371961 0.11456561
v 0.56418428 0.19371961 0.11956561
v 0.56599697 0.19371961 0.12456561
v 0.56714163 0.19371961 0.12796402
v 0.56714163 0.19139919 0.12956561
v 0.56714163 0.19371961 0.13015790
v 0.56476847 0.19371961 0.13456561
v 0.56714163 0.19353159 0.15456561
v 0.56704048 0.19371961 0.15456561
v 0.56714163 0.19371961 0.15406264
v 0.56714163 0.19371961 0.15500068
v 0.56714163 0.18911968 0.21456561
v 0.56714163 0.19371961 0.21741792
v 0.56685256 0.19871961 0.00456562
v 0.56714163 0.19825191 0.00456562
v 0.56714163 0.19871961 0.00424275
v 0.56233156 0.19871961 0.01956561
v 0.56379998 0.19871961 0.02456562
v 0.56279699 0.19871961 0.03456562
v 0.56413532 0.19871961 0.03956562
v 0.56514621 0.19871961 0.04456562
v 0.56239437 0.19871961 0.05456562
v 0.56714163 0.19404934 0.05456562
v 0.56424247 0.19871961 0.05956562
v 0.56714163 0.19425746 0.05956562
v 0.56670341 0.19871961 0.06456562
v 0.56635794 0.19871961 0.06956561
v 0.56347945 0.19871961 0.07456561
v 0.56461389 0.19871961 0.07956561
v 0.56714163 0.19871961 0.08454653
v 0.56518840 0.19871961 0.08956561
v 0.56714163 0.19555610 0.08956561
v 0.56714163 0.19871961 0.08461228
v 0.56422991 0.19871961 0.09456561
v 0.56375779 0.19871961 0.10456561
v 0.56275241 0.19871961 0.11456561
v 0.56406685 0.19871961 0.11956561
v 0.56714163 0.19571226 0.12956561
v 0.56310904 0.19871961 0.13456561
v 0.56268774 0.19871961 0.14956561
v 0.56714163 0.19414650 0.15456561
v 0.56314213 0.19871961 0.15956561
v 0.56714163 0.19871961 0.21604831
v 0.56510677 0.20371961 0.00456562
v 0.56714163 0.20371961 0.00238189
v 0.56344878 0.20371961 0.00956561
v 0.56404984 0.20371961 0.01956561
v 0.56412019 0.20371961 0.02956561
v 0.56217748 0.20371961 0.03956562
v 0.56327918 0.20371961 0.04456562
v 0.56445476 0.20371961 0.05456562
v 0.56258428 0.20371961 0.05956562
v 0.56331900 0.20371961 0.06456562
v 0.56286650 0.20371961 0.06956561
v 0.56714163 0.20371961 0.07222818
v 0.56714163 0.20297577 0.07456561
v 0.56714163 0.20371961 0.07563518
v 0.56406095 0.20371961 0.07956561
v 0.56714163 0.19896660 0.08456561
v 0.56692002 0.20371961 0.08456561
v 0.56489735 0.20371961 0.08956561
v 0.56714163 0.20336094 0.09956561
v 0.56638279 0.20371961 0.09956561
v 0.56714163 0.20371961 0.09915662
v 0.56714163 0.20371961 0.10018445
v 0.56714163 0.20371961 0.10839215
v 0.56714163 0.20289524 0.10956561
v 0.56292557 0.20371961 0.11456561
v 0.56714163 0.20371961 0.11028474
v 0.56223160 0.20371961 0.11956561
v 0.56582477 0.20371961 0.12456561
v 0.56714163 0.20371961 0.12281982
v 0.56714163 0.20241516 0.12456561
v 0.56714163 0.20371961 0.12633911
v 0.56480095 0.20371961 0.13456561
v 0.56458963 0.20371961 0.13956561
v 0.56714163 0.20270731 0.15456561
v 0.56662011 0.20371961 0.15456561
v 0.56714163 0.20371961 0.15389665
v 0.56714163 0.20371961 0.15500512
v 0.56714163 0.20371961 0.21518632
v 0.56628392 0.20871961 0.00456562
v 0.56714163 0.20871961 0.00376062
v 0.56225152 0.20871961 0.00956561
v 0.56345258 0.20871961 0.03956562
v 0.56336369 0.20871961 0.04956562
v 0.56315717 0.20871961 0.05956562
v 0.56225141 0.20871961 0.06956561
v 0.56714163 0.20415510 0.07456561
v 0.56361162 0.20871961 0.07456561
v 0.56525808 0.20871961 0.08456561
v 0.56263300 0.20871961 0.09456561
v 0.56714163 0.20418218 0.09956561
v 0.56714163 0.20467397 0.10956561
v 0.56714163 0.20458036 0.12456561
v 0.56330038 0.20871961 0.12956561
v 0.56714163 0.20412674 0.15456561
v 0.56621821 0.20871961 0.21456561
v 0.56714163 0.20871961 0.21419877
v 0.56714163 0.20652816 0.21456561
v 0.56465448 0.21371961 0.00456562
v 0.56714163 0.21371961 0.00207604
v 0.56237634 0.21371961 0.01956561
v 0.56239894 0.21371961 0.03456562
v 0.56225821 0.21371961 0.03956562
v 0.56413708 0.21371961 0.05956562
v 0.56327022 0.21371961 0.08456561
v 0.56397833 0.21371961 0.10956561
v 0.56418224 0.21371961 0.21456561
v 0.56714163 0.20962999 0.21456561
v 0.56714163 0.21371961 0.21608436
v 0.56582058 0.21871961 -0.00043439
v 0.56714163 0.21725797 -0.00043439
v 0.56714163 0.21871961 -0.00194889
v 0.56606623 0.21871961 0.00456562
v 0.56282518 0.21871961 0.01456562
v 0.56304388 0.21871961 0.05956562
v 0.56353549 0.21871961 0.09456561
v 0.56621351 0.21871961 0.21456561
v 0.56714163 0.21871961 0.21486278
v 0.56714163 0.22229679 -0.00043439
v 0.56714163 0.22371961 0.00050634
v 0.56481097 0.22371961 0.00456562
v 0.56237285 0.22371961 0.02956561
v 0.56714163 0.22371961 0.21332826
v 0.56227311 0.22371961 0.21456561
v 0.56714163 0.21973287 0.21456561
v 0.56714163 0.22871961 0.00276845
v 0.56409056 0.22871961 0.00956561
v 0.56276182 0.22871961 0.01456562
v 0.56444949 0.22871961 0.02456562
v 0.56714163 0.22871961 0.05326883
v 0.56714163 0.22790666 0.05456562
v 0.56714163 0.22871961 0.05586720
v 0.56444156 0.22871961 0.08456561
v 0.56714163 0.22871961 0.08257243
v 0.56714163 0.22745663 0.08456561
v 0.56714163 0.22871961 0.08590671
v 0.56323082 0.22871961 0.11456561
v 0.56714163 0.22871961 0.13348060
v 0.56714163 0.22787123 0.13456561
v 0.56714163 0.22871961 0.13544812
v 0.56714163 0.22871961 0.14254266
v 0.56714163 0.22618364 0.14456561
v 0.56714163 0.22689937 0.14956561
v 0.56462728 0.22871961 0.14956561
v 0.56714163 0.22871961 0.15116407
v 0.56413921 0.22871961 0.21456561
v 0.56714163 0.22568609 0.21456561
v 0.56714163 0.22871961 0.21673351
v 0.56619688 0.23371961 -0.00043439
v 0.56714163 0.23260374 -0.00043439
v 0.56714163 0.23371961 -0.00139965
v 0.56675398 0.23371961 0.00456562
v 0.56714163 0.23371961 0.00565891
v 0.56714163 0.23262541 0.00956561
v 0.56568531 0.23279836 0.00645118
v 0.56464959 0.23371961 0.00956561
v 0.56399782 0.23120596 0.01279456
v 0.56714163 0.23371961 0.01226598
v 0.56537794 0.23371961 0.01456562
v 0.56714163 0.23371961 0.02448018
v 0.56714163 0.23360456 0.02456562
v 0.56714163 0.23128496 0.02956561
v 0.56398952 0.23371961 0.02956561
v 0.56714163 0.23318331 0.03456562
v 0.56714163 0.23371961 0.03570029
v 0.56605335 0.23371961 0.04456562
v 0.56714163 0.23083621 0.04956562
v 0.56714163 0.23371961 0.04577627
v 0.56420785 0.23371961 0.04956562
v 0.56396459 0.23371961 0.05456562
v 0.56714163 0.23345619 0.05956562
v 0.56714163 0.22961500 0.06456562
v 0.56243400 0.23371961 0.06956561
v 0.56714163 0.23371961 0.06754754
v 0.56707567 0.23371961 0.07456561
v 0.56714163 0.23371961 0.07452961
v 0.56714163 0.23361130 0.07456561
v 0.56714163 0.22995380 0.07956561
v 0.56714163 0.23292805 0.08456561
v 0.56714163 0.23371961 0.08436932
v 0.56645350 0.23371961 0.08456561
v 0.56688932 0.23371961 0.08956561
v 0.56714163 0.23371961 0.08995791
v 0.56714163 0.23200634 0.09456561
v 0.56591479 0.23371961 0.09956561
v 0.56714163 0.23371961 0.09883010
v 0.56674194 0.23371961 0.10456561
v 0.56714163 0.23371961 0.10473724
v 0.56714163 0.22883318 0.10956561
v 0.56714163 0.23371961 0.11205712
v 0.56714163 0.22974378 0.11956561
v 0.56714163 0.23371961 0.11686116
v 0.56689839 0.23371961 0.12456561
v 0.56714163 0.23371961 0.12445599
v 0.56696499 0.23371961 0.12956561
v 0.56714163 0.23371961 0.12987148
v 0.56714163 0.23127658 0.13956561
v 0.56423268 0.23371961 0.13956561
v 0.56459061 0.23371961 0.14456561
v 0.56489082 0.23371961 0.14956561
v 0.56714163 0.23060667 0.14956561
v 0.56714163 0.23371961 0.14687368
v 0.56714163 0.23371961 0.17525159
v 0.56714163 0.23122846 0.17956561
v 0.56714163 0.23279792 0.18456561
v 0.56561725 0.23371961 0.18456561
v 0.56714163 0.23366800 0.18956561
v 0.56694763 0.23371961 0.18956561
v 0.56714163 0.23294872 0.19456561
v 0.56331363 0.23371961 0.19956561
v 0.56714163 0.23371961 0.19503637
v 0.56423049 0.23371961 0.20456561
v 0.56714163 0.23371961 0.20263303
v 0.56714163 0.23170791 0.20456561
v 0.56714163 0.23371961 0.20784284
v 0.56566544 0.23371961 0.20956561
v 0.56714163 0.23371961 0.21290819
v 0.56714163 0.23274639 0.21456561
v 0.56714163 0.23475292 -0.00043439
v 0.56714163 0.23390712 0.00456562
v 0.56714163 0.23871961 0.01375022
v 0.56714163 0.23653801 0.01956561
v 0.56385485 0.23871961 0.01956561
v 0.56714163 0.23871961 0.01535073
v 0.56392310 0.23871961 0.02456562
v 0.56714163 0.23607538 0.02956561
v 0.56714163 0.23871961 0.02544589
v 0.56498158 0.23871961 0.02956561
v 0.56714163 0.23871961 0.03214525
v 0.56283659 0.23871961 0.03456562
v 0.56714163 0.23761589 0.03956562
v 0.56714163 0.23414834 0.04456562
v 0.56379045 0.23871961 0.05456562
v 0.56714163 0.23819719 0.06956561
v 0.56450288 0.23871961 0.06956561
v 0.56714163 0.23414474 0.08456561
v 0.56714163 0.23386873 0.08956561
v 0.56714163 0.23871961 0.09179660
v 0.56404434 0.23871961 0.09456561
v 0.56714163 0.23484636 0.09456561
v 0.56281340 0.23871961 0.09956561
v 0.56714163 0.23871961 0.09739881
v 0.56714163 0.23402744 0.09956561
v 0.56714163 0.23399887 0.10456561
v 0.56302752 0.23871961 0.10456561
v 0.56714163 0.23605461 0.11456561
v 0.56714163 0.23384313 0.12456561
v 0.56714163 0.23871961 0.12706330
v 0.56297842 0.23871961 0.12956561
v 0.56714163 0.23471855 0.13456561
v 0.56237052 0.23871961 0.13456561
v 0.56714163 0.23871961 0.13863094
v 0.56714163 0.23853710 0.14956561
v 0.56714163 0.23623895 0.15456561
v 0.56714163 0.23416057 0.15956561
v 0.56714163 0.23562504 0.16456561
v 0.56714163 0.23372419 0.16956561
v 0.56572130 0.23871961 0.17456561
v 0.56714163 0.23871961 0.17296884
v 0.56338781 0.23438164 0.17836385
v 0.56714163 0.23871961 0.17661851
v 0.56350711 0.23871961 0.17956561
v 0.56714163 0.23871961 0.19256343
v 0.56714163 0.23438766 0.19456561
v 0.56714163 0.23620294 0.19956561
v 0.56714163 0.23871961 0.19656272
v 0.56300499 0.23871961 0.20456561
v 0.56714163 0.23871961 0.20794418
v 0.56611046 0.23871961 0.20956561
v 0.56714163 0.23512066 0.21456561
v 0.56576678 0.23871961 0.21456561
v 0.56714163 0.23871961 0.21565175
v 0.56586102 0.24371961 0.01456562
v 0.56714163 0.24371961 0.01196879
v 0.56714163 0.24371961 0.01747145
v 0.56714163 0.24068136 0.02956561
v 0.56264286 0.24371961 0.06456562
v 0.56714163 0.24270099 0.09456561
v 0.56314163 0.24371961 0.10456561
v 0.56714163 0.24073266 0.12956561
v 0.56714163 0.24158491 0.13456561
v 0.56714163 0.24055156 0.17456561
v 0.56714163 0.23992962 0.19456561
v 0.56714163 0.23949100 0.20956561
v 0.56714163 0.23971100 0.21456561
v 0.56366944 0.24871962 0.01456562
v 0.56714163 0.24488232 0.01456562
v 0.56319919 0.24871962 0.02456562
v 0.56609631 0.24871962 0.03456562
v 0.56234175 0.24871961 0.11956561
v 0.56280738 0.24871961 0.13956561
v 0.56351712 0.25871962 0.04456562
v 0.57153746 0.05871961 0.14956561
v 0.57214163 0.05821715 0.14956561
v 0.57214163 0.05871961 0.14909976
v 0.57214163 0.05871961 0.15005477
v 0.57065821 0.06371961 0.14956561
v 0.57214163 0.06371961 0.14831193
v 0.57214163 0.06371961 0.15080951
v 0.57196770 0.06871961 0.08456561
v 0.57214163 0.06852155 0.08456561
v 0.57214163 0.06871961 0.08438414
v 0.57214163 0.06871961 0.08475207
v 0.57125208 0.06871961 0.09956561
v 0.57214163 0.06756201 0.09956561
v 0.57214163 0.06871961 0.09798704
v 0.57214163 0.06871961 0.10242547
v 0.57156804 0.06871961 0.11456561
v 0.57214163 0.06826746 0.11456561
v 0.57214163 0.06871961 0.11390693
v 0.57214163 0.06871961 0.11529169
v 0.56997755 0.06871961 0.12456562
v 0.57214163 0.06471101 0.12456562
v 0.57214163 0.06871961 0.12222677
v 0.57214163 0.06871961 0.12705428
v 0.57214163 0.06494616 0.14956561
v 0.56733623 0.06871961 0.15956561
v 0.57214163 0.06677833 0.16456561
v 0.57214163 0.06871961 0.16362367
v 0.57115979 0.06871961 0.16456561
v 0.57214163 0.06871961 0.16698760
v 0.57095435 0.06871961 0.17956561
v 0.57214163 0.06730275 0.17956561
v 0.57214163 0.06871961 0.17895265
v 0.57214163 0.06871961 0.17997911
v 0.57067543 0.07371961 0.03956562
v 0.57214163 0.07252860 0.03956562
v 0.57214163 0.07371961 0.03815981
v 0.57175061 0.07371961 0.04456562
v 0.57214163 0.07327968 0.04456562
v 0.57157352 0.07371961 0.04956562
v 0.57214163 0.07337565 0.04956562
v 0.57214163 0.07371961 0.05040780
v 0.57214163 0.06920012 0.08456561
v 0.57214163 0.07371961 0.08858223
v 0.57159105 0.07371961 0.08956561
v 0.57214163 0.07331015 0.08956561
v 0.57214163 0.07371961 0.09198698
v 0.57214163 0.07371961 0.09509921
v 0.57214163 0.07371961 0.10306353
v 0.57139787 0.07371961 0.10956561
v 0.57214163 0.07338346 0.10956561
v 0.57214163 0.07371961 0.10895149
v 0.57214163 0.06942912 0.11456561
v 0.57214163 0.07371961 0.10992978
v 0.57214163 0.07236290 0.12456562
v 0.57214163 0.07216102 0.13456562
v 0.57214163 0.07371961 0.13253509
v 0.57214163 0.07371961 0.13695094
v 0.56980091 0.07371961 0.14456561
v 0.57214163 0.07203481 0.14456561
v 0.57214163 0.07371961 0.14166400
v 0.57123236 0.07371961 0.14956561
v 0.57214163 0.07281461 0.14956561
v 0.57016988 0.07371961 0.15456561
v 0.57214163 0.07121202 0.15456561
v 0.57214163 0.07238937 0.15956561
v 0.57080052 0.07371961 0.15956561
v 0.56840887 0.07371961 0.16956561
v 0.57214163 0.07065444 0.16956561
v 0.57002299 0.07371961 0.17456561
v 0.57214163 0.07173897 0.17456561
v 0.56996181 0.07371961 0.18456561
v 0.57214163 0.07205127 0.18456561
v 0.56983631 0.07371961 0.18956561
v 0.57214163 0.07151813 0.18956561
v 0.57024300 0.07371961 0.19456561
v 0.57214163 0.07209635 0.19456561
v 0.57214163 0.07234306 0.19956561
v 0.57214163 0.07097616 0.20456561
v 0.56998452 0.07371961 0.20956561
v 0.57214163 0.07294487 0.20956561
v 0.57214163 0.07371961 0.21029027
v 0.57045831 0.07871961 0.01456562
v 0.57214163 0.07780158 0.01456562
v 0.57214163 0.07871961 0.01130283
v 0.57066605 0.07871961 0.01956561
v 0.57214163 0.07736615 0.01956561
v 0.57214163 0.07871961 0.02209763
v 0.57018369 0.07871961 0.02956561
v 0.57214163 0.07752496 0.02956561
v 0.57214163 0.07871961 0.02699333
v 0.56828836 0.07871961 0.03456562
v 0.57214163 0.07688796 0.03456562
v 0.57083644 0.07871961 0.03956562
v 0.57214163 0.07871961 0.04180630
v 0.57214163 0.07551084 0.04456562
v 0.57214163 0.07871961 0.04692715
v 0.57056130 0.07871961 0.04956562
v 0.57214163 0.07755315 0.05456562
v 0.56968087 0.07871961 0.05456562
v 0.56858654 0.07871961 0.05956562
v 0.57214163 0.07395066 0.05956562
v 0.57030386 0.07871961 0.06456562
v 0.57214163 0.07748700 0.06456562
v 0.57054689 0.07871961 0.06956561
v 0.57214163 0.07662570 0.06956561
v 0.57052491 0.07871961 0.07456561
v 0.57214163 0.07652150 0.07456561
v 0.57211617 0.07871961 0.07956561
v 0.57214163 0.07868779 0.07956561
v 0.56758321 0.07871961 0.08456561
v 0.57214163 0.07656150 0.08456561
v 0.56971766 0.07871961 0.08956561
v 0.57214163 0.07516227 0.09456561
v 0.56979280 0.07871961 0.09456561
v 0.56978603 0.07871961 0.09956561
v 0.57214163 0.07767051 0.10456561
v 0.56789063 0.07871961 0.10456561
v 0.57214163 0.07693970 0.11456561
v 0.57151832 0.07871961 0.11956561
v 0.57214163 0.07796809 0.11956561
v 0.56885951 0.07871961 0.12456562
v 0.57214163 0.07587243 0.12456562
v 0.56824829 0.07871961 0.12956562
v 0.57214163 0.07541671 0.12956562
v 0.56801695 0.07871961 0.13456562
v 0.57214163 0.07639111 0.13956562
v 0.57214163 0.07871961 0.21078105
v 0.56929059 0.08371961 0.00456562
v 0.57214163 0.08118159 0.00456562
v 0.57214163 0.08371961 0.00232052
v 0.57214163 0.07993739 0.00956561
v 0.57037170 0.08371961 0.02456562
v 0.57214163 0.08131050 0.02456562
v 0.56727433 0.08371961 0.02956561
v 0.56726780 0.08371961 0.03456562
v 0.56994837 0.08371961 0.03956562
v 0.57214163 0.08082337 0.04456562
v 0.56926635 0.08371961 0.05456562
v 0.56954819 0.08371961 0.06456562
v 0.57085985 0.08371961 0.06956561
v 0.57164333 0.08371961 0.09456561
v 0.56759804 0.08371961 0.09956561
v 0.56818483 0.08371961 0.10956561
v 0.57214163 0.08371961 0.21135442
v 0.57087660 0.08871961 0.00456562
v 0.57214163 0.08871961 0.00357659
v 0.56771007 0.08871961 0.00956561
v 0.56835551 0.08871961 0.01456562
v 0.56778622 0.08871961 0.02456562
v 0.56861558 0.08871961 0.04456562
v 0.57142851 0.08871961 0.08456561
v 0.56767921 0.08871961 0.09456561
v 0.56877786 0.08871961 0.09956561
v 0.56751377 0.08871961 0.10456561
v 0.56915078 0.08871961 0.15456561
v 0.56857108 0.08871961 0.16456561
v 0.56828435 0.08871961 0.16956561
v 0.57214163 0.08620621 0.21456561
v 0.57011753 0.08871961 0.21456561
v 0.57214163 0.08871961 0.21670278
v 0.57214163 0.09371961 0.00146519
v 0.56830668 0.09371961 0.05956562
v 0.56750874 0.09371961 0.06956561
v 0.57049926 0.09371961 0.07456561
v 0.57054907 0.09371961 0.07956561
v 0.57030584 0.09371961 0.08456561
v 0.56724133 0.09371961 0.09456561
v 0.56879616 0.09371961 0.09956561
v 0.56748043 0.09371961 0.10956561
v 0.56885546 0.09371961 0.12456562
v 0.56742866 0.09371961 0.12956562
v 0.56779992 0.09371961 0.13956562
v 0.56765417 0.09371961 0.16456561
v 0.57214163 0.09371961 0.21168521
v 0.57214163 0.09158147 0.21456561
v 0.56855580 0.09871961 0.00456562
v 0.57214163 0.09871961 0.00218719
v 0.56733435 0.09871961 0.03956562
v 0.57059902 0.09871961 0.04956562
v 0.57008671 0.09871961 0.05456562
v 0.56886066 0.09871961 0.06456562
v 0.57021242 0.09871961 0.06956561
v 0.56951005 0.09871961 0.07456561
v 0.56954070 0.09871961 0.07956561
v 0.56933802 0.09871961 0.08956561
v 0.56814541 0.09871961 0.09456561
v 0.56967173 0.09871961 0.09956561
v 0.57214163 0.09805131 0.10456561
v 0.57214163 0.09871961 0.10411596
v 0.57214163 0.09865083 0.10956561
v 0.56901243 0.09871961 0.11456561
v 0.57214163 0.09871961 0.10970178
v 0.57035558 0.09871961 0.11956561
v 0.56942210 0.09871961 0.12456562
v 0.57214163 0.09871961 0.12926149
v 0.57214163 0.09861645 0.12956562
v 0.57214163 0.09871961 0.12984868
v 0.56782109 0.09871961 0.13956561
v 0.56824108 0.09871961 0.14456561
v 0.57214163 0.09871961 0.14942083
v 0.57214163 0.09861634 0.14956561
v 0.57214163 0.09871961 0.14970119
v 0.56968099 0.09871961 0.15956561
v 0.57214163 0.09871961 0.15929218
v 0.57214163 0.09845562 0.15956561
v 0.57214163 0.09871961 0.16035583
v 0.56850045 0.09871961 0.16456561
v 0.56721552 0.09871961 0.17956561
v 0.57214163 0.09623532 0.21456561
v 0.57035669 0.09871961 0.21456561
v 0.57214163 0.09871961 0.21715856
v 0.56732337 0.10371961 0.00456562
v 0.57214163 0.10371961 0.00203865
v 0.56795996 0.10371961 0.03456562
v 0.56869939 0.10371961 0.03956562
v 0.56848035 0.10371961 0.04456562
v 0.56969612 0.10371961 0.04956562
v 0.56778772 0.10371961 0.05956562
v 0.57110366 0.10371961 0.06456562
v 0.57214163 0.10371961 0.06619073
v 0.57214163 0.10265937 0.06956561
v 0.57214163 0.10371961 0.07183658
v 0.57140649 0.10371961 0.07456561
v 0.56953315 0.10371961 0.07956561
v 0.57214163 0.10185217 0.08456561
v 0.57214163 0.10371961 0.08095583
v 0.56907262 0.10371961 0.08956561
v 0.57214163 0.10371961 0.08753977
v 0.57214163 0.10371961 0.09377686
v 0.57214163 0.10330259 0.09456561
v 0.57214163 0.10371961 0.09525298
v 0.56984548 0.10371961 0.09956561
v 0.57214163 0.09915103 0.10456561
v 0.56925778 0.10371961 0.10956561
v 0.57214163 0.09886889 0.10956561
v 0.56876473 0.10371961 0.11956561
v 0.56874414 0.10371961 0.12956562
v 0.57214163 0.09884111 0.12956562
v 0.56970843 0.10371961 0.13456562
v 0.56836340 0.10371961 0.13956561
v 0.57214163 0.09907031 0.14956561
v 0.57091624 0.10371961 0.15456561
v 0.57214163 0.09901833 0.15956561
v 0.56804114 0.10371961 0.15956561
v 0.56795783 0.10371961 0.16956561
v 0.56794029 0.10371961 0.17456561
v 0.57214163 0.10371961 0.21331754
v 0.57214163 0.10244911 0.21456561
v 0.57214163 0.10841856 0.00456562
v 0.57214163 0.10871961 0.00509731
v 0.56946444 0.10871961 0.02456562
v 0.56880830 0.10871961 0.03456562
v 0.56873700 0.10871961 0.03956562
v 0.56961190 0.10871961 0.04456562
v 0.57214163 0.10871961 0.04932456
v 0.57214163 0.10839926 0.04956562
v 0.56936638 0.10871961 0.05456562
v 0.57214163 0.10871961 0.04983859
v 0.57043982 0.10871961 0.05956562
v 0.57036820 0.10871961 0.06456562
v 0.57214163 0.10627034 0.06956561
v 0.57115448 0.10871961 0.06956561
v 0.57050719 0.10871961 0.07456561
v 0.57214163 0.10871961 0.07933173
v 0.57214163 0.10833186 0.07956561
v 0.57076823 0.10871961 0.08956561
v 0.57214163 0.10871961 0.08777305
v 0.57214163 0.10871961 0.09330747
v 0.57214163 0.10871961 0.09517264
v 0.57212406 0.10871961 0.10956561
v 0.56757764 0.10871961 0.11456561
v 0.56953402 0.10871961 0.11956561
v 0.57163063 0.10871961 0.12456562
v 0.56914480 0.10871961 0.12956562
v 0.56923289 0.10871961 0.13456562
v 0.56971126 0.10871961 0.13956561
v 0.57026958 0.10871961 0.15456561
v 0.56922857 0.10871961 0.15956561
v 0.56887147 0.10871961 0.16956561
v 0.57214163 0.10871961 0.21369714
v 0.57214163 0.10898313 0.00456562
v 0.57214163 0.11371961 0.00190536
v 0.56780704 0.11371961 0.02956561
v 0.57016901 0.11371961 0.03956562
v 0.56868392 0.11371961 0.04456562
v 0.57214163 0.10901116 0.04956562
v 0.56742018 0.11371961 0.04956562
v 0.57022235 0.11371961 0.05456562
v 0.56991857 0.11371961 0.06456562
v 0.56817265 0.11371961 0.06956561
v 0.57214163 0.11371961 0.07304445
v 0.57214163 0.11290898 0.07456561
v 0.57214163 0.11371961 0.07565414
v 0.57051584 0.11371961 0.07956561
v 0.57214163 0.10904923 0.07956561
v 0.57200059 0.11371961 0.08456561
v 0.57214163 0.11310757 0.08456561
v 0.57214163 0.11175782 0.08956561
v 0.57214163 0.11371961 0.08595945
v 0.57214163 0.11371961 0.09049425
v 0.56755146 0.11371961 0.09456561
v 0.57214163 0.10925043 0.09456561
v 0.56739142 0.11371961 0.09956561
v 0.56897564 0.11371961 0.10456561
v 0.57214163 0.11371961 0.10919283
v 0.57214163 0.10882463 0.10956561
v 0.57214163 0.11371961 0.11005627
v 0.56734113 0.11371961 0.11456561
v 0.56920847 0.11371961 0.11956561
v 0.57000475 0.11371961 0.12456562
v 0.56899663 0.11371961 0.12956562
v 0.57020520 0.11371961 0.13456561
v 0.57214163 0.11371961 0.13787381
v 0.57214163 0.11304675 0.13956561
v 0.56916952 0.11371961 0.14456561
v 0.57214163 0.11371961 0.14035644
v 0.57012580 0.11371961 0.14956561
v 0.56853635 0.11371961 0.15956561
v 0.57039466 0.11371961 0.16456561
v 0.57214163 0.11270874 0.17456561
v 0.57030107 0.11371961 0.17456561
v 0.57214163 0.11371961 0.17337611
v 0.57214163 0.11371961 0.17572546
v 0.57214163 0.11371961 0.21227357
v 0.57102530 0.11871961 0.00456562
v 0.57214163 0.11871961 0.00320889
v 0.56815197 0.11871961 0.03956562
v 0.57039767 0.11871961 0.04456562
v 0.57037737 0.11871961 0.04956562
v 0.56905686 0.11871961 0.05456562
v 0.56897247 0.11871961 0.05956562
v 0.56868195 0.11871961 0.06456562
v 0.56801021 0.11871961 0.06956561
v 0.57214163 0.11511977 0.07456561
v 0.57079311 0.11871961 0.07456561
v 0.57045910 0.11871961 0.07956561
v 0.57166252 0.11871961 0.08456561
v 0.57214163 0.11479671 0.08956561
v 0.56935468 0.11871961 0.08956561
v 0.56937099 0.11871961 0.09956561
v 0.56954155 0.11871961 0.10456561
v 0.57214163 0.11578943 0.10956561
v 0.57137335 0.11871961 0.10956561
v 0.56766641 0.11871961 0.11456561
v 0.56920189 0.11871961 0.11956561
v 0.57070511 0.11871961 0.12456562
v 0.56921271 0.11871961 0.13456561
v 0.57214163 0.11422938 0.13956561
v 0.56745491 0.11871961 0.13956561
v 0.56919013 0.11871961 0.14456561
v 0.56927815 0.11871961 0.14956561
v 0.56950515 0.11871961 0.15956561
v 0.56718501 0.11871961 0.16456561
v 0.56785628 0.11871961 0.16956561
v 0.57214163 0.11473955 0.17456561
v 0.57214163 0.11871961 0.21338306
v 0.57214163 0.12339341 0.00456562
v 0.57180574 0.12371961 0.00456562
v 0.57214163 0.12371961 0.00474984
v 0.56827021 0.12371961 0.02456562
v 0.56822383 0.12371961 0.02956561
v 0.56958780 0.12371961 0.03456562
v 0.56806123 0.12371961 0.04456562
v 0.56996872 0.12371961 0.04956562
v 0.56969114 0.12371961 0.05456562
v 0.56949102 0.12371961 0.05956562
v 0.56804355 0.12371961 0.06456562
v 0.57061744 0.12371961 0.06956561
v 0.57214163 0.12371961 0.07362865
v 0.57214163 0.12282885 0.07456561
v 0.57214163 0.12371961 0.07494317
v 0.56923286 0.12371961 0.07956561
v 0.57214163 0.12371961 0.08421623
v 0.57214163 0.12219517 0.08456561
v 0.57214163 0.12371961 0.08484182
v 0.56998070 0.12371961 0.08956561
v 0.57214163 0.12303691 0.09456561
v 0.57214163 0.12371961 0.09396471
v 0.56993808 0.12371961 0.09956561
v 0.57214163 0.12371961 0.09533538
v 0.57214163 0.12371961 0.10397060
v 0.57214163 0.12281895 0.10456561
v 0.57214163 0.12371961 0.10511134
v 0.56937009 0.12371961 0.10956561
v 0.56789406 0.12371961 0.11956561
v 0.57110976 0.12371961 0.12456562
v 0.56794718 0.12371961 0.12956562
v 0.56928857 0.12371961 0.13456561
v 0.56773371 0.12371961 0.14456561
v 0.56989433 0.12371961 0.14956561
v 0.56766188 0.12371961 0.15456561
v 0.56752267 0.12371961 0.15956561
v 0.57214163 0.12180335 0.21456561
v 0.57158735 0.12371961 0.21456561
v 0.57214163 0.12371961 0.21500272
v 0.57030698 0.12871961 0.00456562
v 0.57214163 0.12871961 0.00262781
v 0.57214163 0.12385976 0.00456562
v 0.56801531 0.12871961 0.02456562
v 0.57070000 0.12871961 0.04456562
v 0.56726120 0.12871961 0.04956562
v 0.57028744 0.12871961 0.05456562
v 0.56777816 0.12871961 0.05956562
v 0.56944362 0.12871961 0.06956561
v 0.57214163 0.12674327 0.07456561
v 0.57179900 0.12871961 0.07456561
v 0.57165186 0.12871961 0.07956561
v 0.57214163 0.12420988 0.08456561
v 0.57054899 0.12871961 0.08456561
v 0.56966354 0.12871961 0.08956561
v 0.57214163 0.12472884 0.09456561
v 0.56868987 0.12871961 0.09456561
v 0.57037210 0.12871961 0.09956561
v 0.57214163 0.12416580 0.10456561
v 0.56924583 0.12871961 0.10456561
v 0.56860845 0.12871961 0.10956561
v 0.56882212 0.12871961 0.11456561
v 0.56759278 0.12871961 0.11956561
v 0.56978256 0.12871961 0.12456562
v 0.56990302 0.12871961 0.12956562
v 0.56742986 0.12871961 0.13456561
v 0.57011441 0.12871961 0.13956561
v 0.56830172 0.12871961 0.14956561
v 0.57214163 0.12871961 0.21334877
v 0.56949420 0.12871961 0.21456561
v 0.57214163 0.12511427 0.21456561
v 0.56881626 0.13371961 0.00456562
v 0.57214163 0.13371961 0.00390276
v 0.57106772 0.13371961 0.03456562
v 0.57214163 0.13371961 0.03449311
v 0.57214163 0.13356280 0.03456562
v 0.56861347 0.13371961 0.03956562
v 0.57214163 0.13371961 0.03461646
v 0.56824769 0.13371961 0.04456562
v 0.56799545 0.13371961 0.04956562
v 0.56791209 0.13371961 0.05456562
v 0.56807179 0.13371961 0.05956562
v 0.56972400 0.13371961 0.06456562
v 0.57017537 0.13371961 0.06956561
v 0.56944932 0.13371961 0.07456561
v 0.56792766 0.13371961 0.07956561
v 0.57052299 0.13371961 0.08456561
v 0.57214163 0.13371961 0.08765245
v 0.57214163 0.13296358 0.08956561
v 0.57214163 0.13371961 0.09024480
v 0.56743976 0.13371961 0.09456561
v 0.57024058 0.13371961 0.09956561
v 0.57014220 0.13371961 0.10956561
v 0.56859135 0.13371961 0.11456561
v 0.56778436 0.13371961 0.11956561
v 0.56967904 0.13371961 0.12456562
v 0.56993086 0.13371961 0.12956561
v 0.56817232 0.13371961 0.13456561
v 0.56836061 0.13371961 0.13956561
v 0.56945270 0.13371961 0.14456561
v 0.57214163 0.13371961 0.21430723
v 0.57024345 0.13871961 0.00456562
v 0.57214163 0.13871961 0.00275068
v 0.57214163 0.13381488 0.03456562
v 0.56797855 0.13871961 0.05456562
v 0.57079615 0.13871961 0.05956562
v 0.57001677 0.13871961 0.06456562
v 0.57214163 0.13871961 0.06953205
v 0.57214163 0.13865830 0.06956561
v 0.57214163 0.13871961 0.06959265
v 0.56759295 0.13871961 0.07956561
v 0.56937357 0.13871961 0.08456561
v 0.57214163 0.13552153 0.08956561
v 0.57063091 0.13871961 0.08956561
v 0.56740374 0.13871961 0.09456561
v 0.56882145 0.13871961 0.10456561
v 0.57121713 0.13871961 0.10956561
v 0.56965805 0.13871961 0.11456561
v 0.56904370 0.13871961 0.11956561
v 0.57006353 0.13871961 0.12456562
v 0.57214163 0.13871961 0.12869769
v 0.57214163 0.13756373 0.12956561
v 0.57214163 0.13871961 0.13088594
v 0.56959615 0.13871961 0.13456561
v 0.56844587 0.13871961 0.13956561
v 0.56772111 0.13871961 0.14456561
v 0.56897645 0.13871961 0.17456561
v 0.57214163 0.13871961 0.21202916
v 0.57071906 0.14371961 0.00456562
v 0.57214163 0.14371961 0.00405562
v 0.56843204 0.14371961 0.03956562
v 0.56924805 0.14371961 0.05456562
v 0.56785567 0.14371961 0.06456562
v 0.57214163 0.13876407 0.06956561
v 0.56863584 0.14371961 0.07456561
v 0.56963575 0.14371961 0.07956561
v 0.56874352 0.14371961 0.08456561
v 0.56852940 0.14371961 0.08956561
v 0.57039883 0.14371961 0.09456561
v 0.57105414 0.14371961 0.09956561
v 0.57214163 0.14371961 0.09917898
v 0.57214163 0.14313108 0.09956561
v 0.57214163 0.14371961 0.10018995
v 0.57031768 0.14371961 0.10456561
v 0.56935518 0.14371961 0.10956561
v 0.56869901 0.14371961 0.11456561
v 0.56831649 0.14371961 0.12456562
v 0.57214163 0.14019516 0.12956561
v 0.56928978 0.14371961 0.12956561
v 0.56761621 0.14371961 0.13456561
v 0.57214163 0.14371961 0.21222463
v 0.57063369 0.14871961 0.00456562
v 0.57214163 0.14871961 0.00313979
v 0.56714394 0.14871961 0.02456562
v 0.56926696 0.14871961 0.05456562
v 0.56836515 0.14871961 0.05956562
v 0.57214163 0.14710226 0.05956562
v 0.57214163 0.14871961 0.05820240
v 0.57214163 0.14871961 0.06118932
v 0.56856011 0.14871961 0.06456562
v 0.56925545 0.14871961 0.06956561
v 0.56928255 0.14871961 0.07956561
v 0.56937044 0.14871961 0.09456561
v 0.57214163 0.14418445 0.09956561
v 0.56752129 0.14871961 0.09956561
v 0.56863273 0.14871961 0.10456561
v 0.56790984 0.14871961 0.10956561
v 0.56819528 0.14871961 0.11456561
v 0.57214163 0.14580831 0.11956561
v 0.57214163 0.14871961 0.11837658
v 0.56727241 0.14871961 0.12456562
v 0.57214163 0.14871961 0.12068275
v 0.57214163 0.14871961 0.12914563
v 0.57214163 0.14770056 0.12956561
v 0.57214163 0.14871961 0.12997175
v 0.56715823 0.14871961 0.13956561
v 0.57214163 0.14871961 0.21379781
v 0.57115498 0.15371961 0.00456562
v 0.57214163 0.15371961 0.00393515
v 0.56821729 0.15371961 0.02956561
v 0.56896923 0.15371961 0.03956562
v 0.56823956 0.15371961 0.04456562
v 0.56872846 0.15371961 0.05956562
v 0.57214163 0.15062586 0.05956562
v 0.56834821 0.15371961 0.06456562
v 0.56866218 0.15371961 0.06956561
v 0.56821384 0.15371961 0.07456561
v 0.56940270 0.15371961 0.07956561
v 0.56809466 0.15371961 0.08456561
v 0.56959509 0.15371961 0.08956561
v 0.56873737 0.15371961 0.09456561
v 0.56761813 0.15371961 0.09956561
v 0.57035329 0.15371961 0.10456561
v 0.57214163 0.15126621 0.11956561
v 0.57214163 0.15214596 0.12956561
v 0.57214163 0.15103627 0.21456561
v 0.57145327 0.15371961 0.21456561
v 0.57214163 0.15371961 0.21517614
v 0.57036263 0.15871961 0.00456562
v 0.57214163 0.15871961 0.00268188
v 0.56761592 0.15871961 0.03456562
v 0.56865127 0.15871961 0.05956562
v 0.56838908 0.15871961 0.06456562
v 0.56996102 0.15871961 0.06956561
v 0.56967698 0.15871961 0.07956561
v 0.57214163 0.15794125 0.09456561
v 0.57214163 0.15871961 0.09305021
v 0.57214163 0.15871961 0.09593276
v 0.56966097 0.15871961 0.09956561
v 0.56844874 0.15871961 0.10456561
v 0.57046290 0.15871961 0.10956561
v 0.56716744 0.15871961 0.17456561
v 0.57214163 0.15871961 0.21095247
v 0.57214163 0.15431064 0.21456561
v 0.57081123 0.16371961 0.00456562
v 0.57214163 0.16371961 0.00108669
v 0.56810839 0.16371961 0.05956562
v 0.56933943 0.16371961 0.06956561
v 0.57135274 0.16371961 0.07956561
v 0.56800384 0.16371961 0.08956561
v 0.57214163 0.15992589 0.09456561
v 0.57050539 0.16371961 0.09956561
v 0.57214163 0.16371961 0.10340612
v 0.57214163 0.16296997 0.10456561
v 0.57214163 0.16371961 0.10530130
v 0.56956167 0.16371961 0.10956561
v 0.57214163 0.16269835 0.21456561
v 0.57214163 0.16371961 0.21537925
v 0.56936230 0.16871961 0.00456562
v 0.57214163 0.16871961 0.00303642
v 0.57057828 0.16871961 0.06956561
v 0.56722860 0.16871961 0.07956561
v 0.57112882 0.16871961 0.08456561
v 0.56908102 0.16871961 0.08956561
v 0.56976574 0.16871961 0.09456561
v 0.57214163 0.16871961 0.10339388
v 0.56814163 0.16871961 0.10456561
v 0.57214163 0.16871961 0.10575355
v 0.57214163 0.16871961 0.21454782
v 0.57214163 0.16865582 0.21456561
v 0.57214163 0.17371961 0.00159257
v 0.56737985 0.17371961 0.02456562
v 0.56732566 0.17371961 0.02956561
v 0.56758459 0.17371961 0.03456562
v 0.56856275 0.17371961 0.04456562
v 0.56839775 0.17371961 0.06456562
v 0.56919854 0.17138764 0.06705778
v 0.57214163 0.17371961 0.06882015
v 0.57214163 0.17234786 0.06956561
v 0.57039121 0.17371961 0.06956561
v 0.57214163 0.17371961 0.06993386
v 0.56914139 0.17371961 0.07956561
v 0.56934755 0.17371961 0.08956561
v 0.56843809 0.17371961 0.09456561
v 0.56871358 0.17371961 0.09956561
v 0.57214163 0.17371961 0.10418029
v 0.57171623 0.17371961 0.10456561
v 0.57214163 0.17371961 0.10491424
v 0.57214163 0.17371961 0.21217161
v 0.56872471 0.17871961 0.00456562
v 0.57214163 0.17871961 0.00229288
v 0.56730332 0.17871961 0.03456562
v 0.56808835 0.17871961 0.05456562
v 0.57214163 0.17871961 0.06902461
v 0.57214163 0.17871961 0.07019132
v 0.56929398 0.17871961 0.07956561
v 0.56795978 0.17871961 0.08456561
v 0.56900756 0.17871961 0.08956561
v 0.56938613 0.17871961 0.09456561
v 0.56857009 0.17871961 0.09956561
v 0.57214163 0.17401976 0.10456561
v 0.56847046 0.17871961 0.10456561
v 0.57159459 0.17871961 0.10956561
v 0.56804388 0.17871961 0.14956561
v 0.57214163 0.17726369 0.21456561
v 0.57214163 0.17871961 0.21566301
v 0.57214163 0.18371961 0.00265088
v 0.56830901 0.18371961 0.06456562
v 0.57214163 0.17899296 0.06956561
v 0.56726542 0.18371961 0.06956561
v 0.56812590 0.18371961 0.09456561
v 0.57214163 0.18371961 0.09874099
v 0.57214163 0.18252944 0.09956561
v 0.57214163 0.18371961 0.10173731
v 0.56851561 0.18371961 0.21456561
v 0.57214163 0.18371961 0.21548570
v 0.57058756 0.18871961 0.00456562
v 0.57214163 0.18871961 0.00354618
v 0.56895613 0.18871961 0.06956561
v 0.56828724 0.18871961 0.07956561
v 0.56799458 0.18871961 0.09456561
v 0.57214163 0.18513870 0.09956561
v 0.56859623 0.18871961 0.10456561
v 0.56796831 0.18871961 0.11456561
v 0.57214163 0.18871961 0.21371116
v 0.57214163 0.18612869 0.21456561
v 0.56991266 0.19371961 0.00456562
v 0.57214163 0.19371961 0.00281641
v 0.56727890 0.19371961 0.05456562
v 0.56791588 0.19371961 0.05956562
v 0.56721079 0.19371961 0.08456561
v 0.56790996 0.19371961 0.08956561
v 0.56773301 0.19371961 0.12956561
v 0.56727569 0.19371961 0.15456561
v 0.57214163 0.19003660 0.21456561
v 0.57214163 0.19371961 0.21670951
v 0.57214163 0.19871961 0.00244931
v 0.56716969 0.19871961 0.08456561
v 0.57214163 0.19871961 0.21648305
v 0.57214163 0.20371961 0.00236879
v 0.56946376 0.20371961 0.07456561
v 0.56764765 0.20371961 0.09956561
v 0.56802966 0.20371961 0.10956561
v 0.56825894 0.20371961 0.12456561
v 0.56744490 0.20371961 0.15456561
v 0.57214163 0.20371961 0.21535045
v 0.57214163 0.20871961 0.00325437
v 0.56771440 0.20871961 0.21456561
v 0.57214163 0.20871961 0.21664407
v 0.57214163 0.21371961 0.00269233
v 0.57214163 0.21092762 0.21456561
v 0.56871608 0.21371961 0.21456561
v 0.57214163 0.21371961 0.21227359
v 0.57146914 0.21871961 -0.01043439
v 0.57214163 0.21845022 -0.01043439
v 0.57214163 0.21871961 -0.01069097
v 0.57214163 0.21871961 -0.00966573
v 0.57214163 0.21659118 -0.00043439
v 0.57214163 0.21871961 -0.00394828
v 0.56883602 0.21871961 0.21456561
v 0.57214163 0.21871961 0.21398216
v 0.57214163 0.22088938 -0.01043439
v 0.57214163 0.22371961 -0.00963802
v 0.57042874 0.22371961 -0.00543438
v 0.57214163 0.22094106 -0.00543438
v 0.57026098 0.22371961 -0.00043439
v 0.57022102 0.22371961 0.21456561
v 0.57214163 0.22093410 0.21456561
v 0.57214163 0.22371961 0.21523927
v 0.57078421 0.22871961 -0.00543438
v 0.57214163 0.22871961 -0.00669489
v 0.57214163 0.22871961 -0.00365517
v 0.57214163 0.22443203 -0.00043439
v 0.57214163 0.22871961 0.00226813
v 0.56810182 0.22871961 0.05456562
v 0.57109385 0.22871961 0.07956561
v 0.57214163 0.22871961 0.07841471
v 0.57214163 0.22807304 0.07956561
v 0.56801198 0.22871961 0.08456561
v 0.57214163 0.22871961 0.07995430
v 0.56947482 0.22871961 0.08956561
v 0.57214163 0.22871961 0.08758269
v 0.57214163 0.22664232 0.08956561
v 0.57214163 0.22871961 0.09302639
v 0.56821871 0.22871961 0.13456561
v 0.57043756 0.22871961 0.14456561
v 0.57052648 0.22871961 0.14956561
v 0.57191959 0.22871961 0.19456561
v 0.57214163 0.22871961 0.19444574
v 0.57214163 0.22862589 0.19456561
v 0.57214163 0.22871961 0.19466688
v 0.57214163 0.22871961 0.21465404
v 0.57029313 0.23371961 -0.00543438
v 0.57214163 0.23371961 -0.00736473
v 0.57214163 0.23315799 -0.00043439
v 0.57214163 0.23244939 0.00456562
v 0.56797974 0.23371961 0.00456562
v 0.57214163 0.23371961 0.00108629
v 0.57214163 0.23371961 0.00622993
v 0.56846254 0.23371961 0.00956561
v 0.57214163 0.23371961 0.02328247
v 0.57214163 0.23201761 0.02456562
v 0.56958435 0.23371961 0.02956561
v 0.57214163 0.23371961 0.02557118
v 0.56809847 0.23371961 0.03456562
v 0.56811551 0.23371961 0.04456562
v 0.57214163 0.23371961 0.03980018
v 0.57214163 0.23078417 0.04456562
v 0.57214163 0.23306639 0.04956562
v 0.57214163 0.23126010 0.05456562
v 0.57214163 0.22973259 0.05956562
v 0.57214163 0.23367018 0.06456562
v 0.57214163 0.23053266 0.06956561
v 0.57000582 0.23371961 0.06956561
v 0.57214163 0.23015831 0.07456561
v 0.57214163 0.22924837 0.07956561
v 0.57214163 0.23371961 0.07703912
v 0.57002393 0.23371961 0.07956561
v 0.57214163 0.23371961 0.08367457
v 0.57214163 0.23305025 0.08456561
v 0.56903079 0.23182888 0.08297652
v 0.56816225 0.23371961 0.08456561
v 0.56727398 0.23371961 0.08956561
v 0.57214163 0.23371961 0.09418114
v 0.57110727 0.23371961 0.09456561
v 0.57214163 0.23180023 0.09956561
v 0.57214163 0.23371961 0.09585160
v 0.56807314 0.23371961 0.09956561
v 0.57214163 0.23371961 0.10197622
v 0.57214163 0.23371961 0.10826485
v 0.57214163 0.23232607 0.10956561
v 0.57214163 0.22971613 0.11456561
v 0.57089186 0.23371961 0.11456561
v 0.57214163 0.23211596 0.11956561
v 0.57214163 0.23173366 0.12456561
v 0.56728156 0.23371961 0.12456561
v 0.57214163 0.23048710 0.12956561
v 0.56729286 0.23371961 0.12956561
v 0.57214163 0.23140060 0.13456561
v 0.57214163 0.23285204 0.13956561
v 0.57214163 0.23206518 0.14456561
v 0.57047831 0.23371961 0.14956561
v 0.57214163 0.23055559 0.14956561
v 0.57214163 0.23100062 0.15456561
v 0.56959174 0.23371961 0.15456561
v 0.57214163 0.23050199 0.15956561
v 0.56752247 0.23371961 0.15956561
v 0.57214163 0.23371961 0.16327032
v 0.57015997 0.23371961 0.17456561
v 0.57214163 0.23371961 0.17376419
v 0.57214163 0.23357162 0.17456561
v 0.57214163 0.23243153 0.17956561
v 0.57214163 0.23362696 0.18456561
v 0.56728865 0.23371961 0.18956561
v 0.57214163 0.23371961 0.18490020
v 0.57214163 0.22966877 0.19456561
v 0.56953615 0.23371961 0.19456561
v 0.57014600 0.23371961 0.20456561
v 0.57214163 0.23371961 0.21220640
v 0.57214163 0.22895882 0.21456561
v 0.57214163 0.23656309 -0.00543438
v 0.57214163 0.23479628 -0.00043439
v 0.56914459 0.23871961 0.00956561
v 0.57214163 0.23871962 0.00643760
v 0.57214163 0.23871961 0.01596901
v 0.57214163 0.23631529 0.01956561
v 0.57214163 0.23521084 0.02456562
v 0.56853611 0.23871961 0.02456562
v 0.57214163 0.23871961 0.02222953
v 0.57207351 0.23871961 0.02956561
v 0.57214163 0.23871961 0.02944367
v 0.57214163 0.23864666 0.02956561
v 0.57214163 0.23566965 0.03456562
v 0.57214163 0.23461107 0.03956562
v 0.57214163 0.23756916 0.04456562
v 0.57214163 0.23871961 0.04172325
v 0.57162242 0.23871961 0.04456562
v 0.57214163 0.23871961 0.04706479
v 0.56855662 0.23871961 0.05956562
v 0.57214163 0.23551058 0.05956562
v 0.57214163 0.23871961 0.05736663
v 0.57214163 0.23871961 0.06237811
v 0.57214163 0.23538458 0.07456561
v 0.57214163 0.23871961 0.06994364
v 0.56910943 0.23871961 0.07456561
v 0.57152003 0.23871961 0.07956561
v 0.57214163 0.23871961 0.08021232
v 0.57214163 0.23413851 0.09456561
v 0.56987416 0.23871961 0.09456561
v 0.57214163 0.23871961 0.10325034
v 0.57018007 0.23871961 0.10456561
v 0.57214163 0.23871961 0.10562808
v 0.56971927 0.23871961 0.12956561
v 0.57091512 0.23871961 0.13456561
v 0.56869886 0.23871961 0.14456561
v 0.57214163 0.23422228 0.14456561
v 0.57214163 0.23871961 0.14211360
v 0.57214163 0.23650170 0.14956561
v 0.56757682 0.23871961 0.14956561
v 0.57214163 0.23871961 0.15124669
v 0.57214163 0.23664867 0.16456561
v 0.57214163 0.23465387 0.16956561
v 0.57069271 0.23871961 0.17456561
v 0.56969301 0.23871961 0.18456561
v 0.57214163 0.23405197 0.18456561
v 0.57214163 0.23871961 0.18353620
v 0.57214163 0.23871961 0.18526249
v 0.57214163 0.23441219 0.18956561
v 0.57214163 0.23684027 0.19456561
v 0.57168274 0.23871961 0.19456561
v 0.57214163 0.23409041 0.19956561
v 0.57214163 0.23541346 0.20456561
v 0.57214163 0.23575652 0.20956561
v 0.56795395 0.23871961 0.20956561
v 0.56935283 0.23871961 0.21456561
v 0.57214163 0.24329925 0.00956561
v 0.57214163 0.23957433 0.01456562
v 0.56825719 0.24371961 0.01456562
v 0.57214163 0.24371174 0.02456562
v 0.57000381 0.24371961 0.03956562
v 0.57214163 0.24211010 0.03956562
v 0.57214163 0.24371961 0.03912426
v 0.57214163 0.23940203 0.04456562
v 0.57214163 0.24371961 0.03983505
v 0.57214163 0.24183994 0.05956562
v 0.57214163 0.24095112 0.07456561
v 0.57214163 0.23970640 0.07956561
v 0.57214163 0.24371961 0.08175430
v 0.57000138 0.24371961 0.08456561
v 0.57214163 0.24153486 0.08456561
v 0.57158028 0.24371961 0.08956561
v 0.57214163 0.24244133 0.08956561
v 0.57214163 0.24371961 0.09100602
v 0.57214163 0.24001014 0.10456561
v 0.56996184 0.24371961 0.11956561
v 0.57214163 0.24189449 0.11956561
v 0.57214163 0.24371961 0.11628325
v 0.57214163 0.24371961 0.12193575
v 0.57214163 0.24371961 0.12637313
v 0.57031004 0.24371961 0.12956561
v 0.57214163 0.24133370 0.12956561
v 0.57214163 0.24371961 0.13150953
v 0.57214163 0.24070951 0.14456561
v 0.57214163 0.23971002 0.14956561
v 0.57214163 0.23953073 0.18456561
v 0.57214163 0.24396113 0.03956562
v 0.57155007 0.24871961 0.06956561
v 0.57214163 0.24819172 0.06956561
v 0.57214163 0.24871961 0.06913789
v 0.57214163 0.24871961 0.06999538
v 0.57214163 0.24511831 0.08456561
v 0.57214163 0.24411499 0.08956561
v 0.57149680 0.24871961 0.11456561
v 0.57214163 0.24605263 0.11456561
v 0.57214163 0.24871961 0.11364691
v 0.57214163 0.24509945 0.11956561
v 0.57214163 0.24871961 0.11549398
v 0.57214163 0.24582638 0.12956561
v 0.57214163 0.24904861 0.06956561
v 0.57214163 0.24932571 0.11456561
v 0.57692303 0.05371961 0.12956562
v 0.57714163 0.05353146 0.12956562
v 0.57714163 0.05371961 0.12936144
v 0.57714163 0.05371961 0.12978996
v 0.57714163 0.05512785 0.12956562
v 0.57257330 0.05871961 0.14956561
v 0.57583700 0.06371961 0.05956562
v 0.57714163 0.06202204 0.05956562
v 0.57714163 0.06371961 0.05874490
v 0.57714163 0.06371961 0.06071389
v 0.57330442 0.06371961 0.14956561
v 0.57532883 0.06371961 0.15956561
v 0.57714163 0.06219217 0.15956561
v 0.57714163 0.06371961 0.15844484
v 0.57714163 0.06371961 0.16185962
v 0.57645390 0.06871961 0.00456562
v 0.57714163 0.06788475 0.00456562
v 0.57714163 0.06871961 0.00373076
v 0.57714163 0.06871961 0.00539911
v 0.57602494 0.06871961 0.01956561
v 0.57714163 0.06795673 0.01956561
v 0.57714163 0.06871961 0.01863326
v 0.57714163 0.06871961 0.02088882
v 0.57450986 0.06871961 0.05956562
v 0.57714163 0.06871961 0.05561978
v 0.57714163 0.06868586 0.06456562
v 0.57711160 0.06871961 0.06456562
v 0.57714163 0.06871961 0.06460147
v 0.57325340 0.06871961 0.08456561
v 0.57714163 0.06711054 0.08956561
v 0.57714163 0.06871961 0.08850673
v 0.57696604 0.06871961 0.08956561
v 0.57714163 0.06871961 0.09000125
v 0.57366838 0.06871961 0.09956561
v 0.57318686 0.06871961 0.11456561
v 0.57585900 0.06871961 0.12456562
v 0.57660235 0.06871961 0.14456561
v 0.57714163 0.06788408 0.14456561
v 0.57714163 0.06871961 0.13997623
v 0.57714163 0.06739990 0.14956561
v 0.57575268 0.06871961 0.14956561
v 0.57714163 0.06843399 0.15456561
v 0.57666932 0.06871961 0.15456561
v 0.57645882 0.06871961 0.15956561
v 0.57514795 0.06871961 0.16456561
v 0.57714163 0.06871961 0.16209947
v 0.57714163 0.06871961 0.16696674
v 0.57714163 0.06779668 0.16956561
v 0.57512788 0.06871961 0.16956561
v 0.57714163 0.06871961 0.17383600
v 0.57714163 0.06683853 0.17956561
v 0.57714163 0.06871961 0.17512435
v 0.57641151 0.06871961 0.18456561
v 0.57714163 0.06683058 0.18456561
v 0.57714163 0.06871961 0.18600528
v 0.57680249 0.06871961 0.19456561
v 0.57714163 0.06808551 0.19456561
v 0.57714163 0.06871961 0.19375066
v 0.57667796 0.06871961 0.19956561
v 0.57714163 0.06815428 0.19956561
v 0.57559832 0.06871961 0.20456561
v 0.57714163 0.06797979 0.20456561
v 0.57660207 0.06871961 0.20956561
v 0.57714163 0.06818640 0.20956561
v 0.57714163 0.06871961 0.21036575
v 0.57714163 0.07028401 0.00456562
v 0.57564589 0.07371961 0.01956561
v 0.57714163 0.07371961 0.01789282
v 0.57714163 0.07371961 0.02234093
v 0.57467293 0.07371961 0.03456562
v 0.57714163 0.07090939 0.03456562
v 0.57714163 0.07371961 0.03079286
v 0.57714163 0.07355679 0.03956562
v 0.57303886 0.07371961 0.04456562
v 0.57714163 0.07371961 0.03970182
v 0.57336902 0.07371961 0.04956562
v 0.57714163 0.07193630 0.05456562
v 0.57714163 0.07371961 0.05292481
v 0.57597570 0.07371961 0.05456562
v 0.57326480 0.07371961 0.05956562
v 0.57564121 0.07371961 0.06456562
v 0.57714163 0.07371961 0.06737773
v 0.57378805 0.07371961 0.07456561
v 0.57714163 0.07009908 0.07456561
v 0.57714163 0.07371961 0.07033632
v 0.57714163 0.07371961 0.07943057
v 0.57714163 0.07371961 0.07991901
v 0.57538709 0.07371961 0.08456561
v 0.57714163 0.07075719 0.08456561
v 0.57714163 0.07371961 0.09399334
v 0.57714163 0.07118240 0.09956561
v 0.57714163 0.07371961 0.09491691
v 0.57714163 0.07276592 0.10456561
v 0.57670379 0.07371961 0.10456561
v 0.57714163 0.06953501 0.10956561
v 0.57507253 0.07371961 0.11456561
v 0.57714163 0.07106890 0.11456561
v 0.57714163 0.07061635 0.11956561
v 0.57478189 0.07371961 0.11956561
v 0.57714163 0.07188332 0.12456562
v 0.57539303 0.07371961 0.12456562
v 0.57714163 0.07124751 0.12956562
v 0.57415584 0.07371961 0.12956562
v 0.57714163 0.07255247 0.13456562
v 0.57468937 0.07371961 0.13956561
v 0.57714163 0.06886796 0.13956561
v 0.57714163 0.06969289 0.16456561
v 0.57714163 0.06887803 0.17456561
v 0.57714163 0.07079264 0.18956561
v 0.57714163 0.07371961 0.21081012
v 0.57574822 0.07871961 0.00456562
v 0.57714163 0.07667147 0.00456562
v 0.57714163 0.07871961 0.00339580
v 0.57330165 0.07871961 0.00956561
v 0.57714163 0.07646820 0.00956561
v 0.57714163 0.07606079 0.01456562
v 0.57473569 0.07871961 0.02456562
v 0.57714163 0.07624401 0.02456562
v 0.57714163 0.07610510 0.02956561
v 0.57429189 0.07871961 0.04456562
v 0.57714163 0.07701083 0.04456562
v 0.57714163 0.07638915 0.04956562
v 0.57714163 0.07465682 0.06956561
v 0.57714163 0.07380121 0.07956561
v 0.57714163 0.07448782 0.09456561
v 0.57714163 0.07871961 0.21382671
v 0.57714163 0.08371961 0.00280203
v 0.57714163 0.08371961 0.21239011
v 0.57714163 0.08871961 0.00270769
v 0.57714163 0.08569897 0.21456561
v 0.57714163 0.08871961 0.21687116
v 0.57421827 0.09371961 -0.00043439
v 0.57714163 0.09194278 -0.00043439
v 0.57714163 0.09371961 -0.00199853
v 0.57407872 0.09371961 0.21456561
v 0.57714163 0.09371961 0.21671125
v 0.57714163 0.09596951 -0.00043439
v 0.57714163 0.09871961 0.00236027
v 0.57235505 0.09871961 0.10456561
v 0.57218857 0.09871961 0.10956561
v 0.57223113 0.09871961 0.12956562
v 0.57224596 0.09871961 0.14956561
v 0.57231057 0.09871961 0.15956561
v 0.57714163 0.09871961 0.21689798
v 0.57714163 0.10371961 0.00263689
v 0.57325768 0.10371961 0.06956561
v 0.57477648 0.10371961 0.08456561
v 0.57256291 0.10371961 0.09456561
v 0.57324247 0.10371961 0.21456561
v 0.57714163 0.10371961 0.21635433
v 0.57263896 0.10871961 0.00456562
v 0.57714163 0.10871961 0.00261689
v 0.57236231 0.10871961 0.04956562
v 0.57229866 0.10871961 0.07956561
v 0.57587171 0.10871961 0.08456561
v 0.57245653 0.10871961 0.09456561
v 0.57625928 0.10871961 0.12456562
v 0.57714163 0.10871961 0.12439752
v 0.57714163 0.10859737 0.12456562
v 0.57714163 0.10871961 0.12467528
v 0.57714163 0.10871961 0.21446939
v 0.57714163 0.10863141 0.21456561
v 0.57714163 0.11371961 0.00179207
v 0.57280267 0.11371961 0.07456561
v 0.57292936 0.11371961 0.08956561
v 0.57245198 0.11371961 0.10956561
v 0.57714163 0.10884460 0.12456562
v 0.57258574 0.11371961 0.13956561
v 0.57296831 0.11371961 0.17456561
v 0.57714163 0.11371961 0.21337467
v 0.57714163 0.11871961 0.00266065
v 0.57714163 0.11484805 0.21456561
v 0.57281638 0.11871961 0.21456561
v 0.57714163 0.11871961 0.21701196
v 0.57225877 0.12371961 0.00456562
v 0.57714163 0.12371961 0.00240533
v 0.57263380 0.12371961 0.07456561
v 0.57266389 0.12371961 0.08456561
v 0.57262910 0.12371961 0.09456561
v 0.57243916 0.12371961 0.10456561
v 0.57667537 0.12371961 0.10956561
v 0.57714163 0.12371961 0.10931346
v 0.57714163 0.12331916 0.10956561
v 0.57714163 0.12371961 0.10990854
v 0.57714163 0.12261947 0.21456561
v 0.57342040 0.12371961 0.21456561
v 0.57714163 0.12371961 0.21307771
v 0.57714163 0.12871961 0.00290601
v 0.57714163 0.12414989 0.10956561
v 0.57465162 0.12871961 0.21456561
v 0.57714163 0.12637738 0.21456561
v 0.57714163 0.12871961 0.21539927
v 0.57714163 0.13371961 0.00278878
v 0.57218412 0.13371961 0.03456562
v 0.57264092 0.13371961 0.08956561
v 0.57233466 0.13371961 0.21456561
v 0.57714163 0.13371961 0.21689657
v 0.57714163 0.13871961 0.00264532
v 0.57215492 0.13871961 0.06956561
v 0.57294702 0.13871961 0.12956561
v 0.57413967 0.13871961 0.21456561
v 0.57714163 0.13871961 0.21625070
v 0.57714163 0.14371961 0.00250984
v 0.57238324 0.14371961 0.09956561
v 0.57490226 0.14371961 0.21456561
v 0.57714163 0.14371961 0.21648707
v 0.57714163 0.14871961 0.00295242
v 0.57368820 0.14871961 0.05956562
v 0.57368322 0.14871961 0.11956561
v 0.57268651 0.14871961 0.12956561
v 0.57324839 0.14871961 0.21456561
v 0.57714163 0.14871961 0.21618042
v 0.57714163 0.15371961 0.00251663
v 0.57655881 0.15371961 0.09456561
v 0.57714163 0.15371961 0.09404017
v 0.57714163 0.15309625 0.09456561
v 0.57714163 0.15371961 0.09505657
v 0.57714163 0.15371961 0.21481082
v 0.57714163 0.15871961 0.00261024
v 0.57278000 0.15871961 0.09456561
v 0.57714163 0.15419366 0.09456561
v 0.57630456 0.15871961 0.21456561
v 0.57714163 0.15871961 0.21527191
v 0.57714163 0.16371961 0.00266116
v 0.57244937 0.16371961 0.10456561
v 0.57714163 0.16371961 0.21279851
v 0.57355378 0.16371961 0.21456561
v 0.57714163 0.15989794 0.21456561
v 0.57689533 0.16871961 -0.00043439
v 0.57714163 0.16845183 -0.00043439
v 0.57714163 0.16871961 -0.00066194
v 0.57286743 0.16871961 0.10456561
v 0.57714163 0.16871961 0.21378381
v 0.57714163 0.17089981 -0.00043439
v 0.57714163 0.17371961 0.00002461
v 0.57301173 0.17371961 0.06956561
v 0.57247630 0.17371961 0.10456561
v 0.57714163 0.17371961 0.21202659
v 0.57714163 0.17871961 0.00254240
v 0.57270785 0.17871961 0.06956561
v 0.57680678 0.17871961 0.21456561
v 0.57714163 0.17871961 0.21444507
v 0.57714163 0.18371961 0.00253545
v 0.57676391 0.18371961 0.05956562
v 0.57714163 0.18371961 0.05923939
v 0.57714163 0.18332708 0.05956562
v 0.57714163 0.18371961 0.06000113
v 0.57297765 0.18371961 0.09956561
v 0.57399540 0.18371961 0.21456561
v 0.57714163 0.18371961 0.21305543
v 0.57714163 0.18871961 0.00254756
v 0.57714163 0.18408560 0.05956562
v 0.57714163 0.18871961 0.21345306
v 0.57714163 0.19371961 0.00259162
v 0.57414593 0.19371961 0.21456561
v 0.57714163 0.19371961 0.21205138
v 0.57714163 0.19871961 0.00251663
v 0.57714163 0.19790206 0.21456561
v 0.57714163 0.19871961 0.21669030
v 0.57714163 0.20371961 0.00228108
v 0.57714163 0.20371961 0.21511116
v 0.57714163 0.20871961 0.00231387
v 0.57714163 0.20871961 0.21673036
v 0.57714163 0.21371961 0.00239747
v 0.57482094 0.21371961 0.21456561
v 0.57714163 0.21371961 0.21768083
v 0.57714163 0.21664282 -0.01043439
v 0.57714163 0.21871961 -0.01249354
v 0.57714163 0.21871961 -0.00835581
v 0.57714163 0.21732969 -0.00043439
v 0.57714163 0.21871961 -0.00182577
v 0.57390699 0.21871961 0.21456561
v 0.57714163 0.21866129 0.21956561
v 0.57711292 0.21871961 0.21956561
v 0.57714163 0.21871961 0.21958220
v 0.57714163 0.22197830 -0.01043439
v 0.57359161 0.22371961 -0.00543438
v 0.57714163 0.22078754 -0.00043439
v 0.57290958 0.22371961 -0.00043439
v 0.57714163 0.22371961 0.00222182
v 0.57714163 0.21881561 0.21956561
v 0.57714163 0.22371961 0.21776075
v 0.57637179 0.22871961 -0.00543438
v 0.57714163 0.22871961 0.00233871
v 0.57714163 0.22871961 0.07937185
v 0.57714163 0.22836088 0.07956561
v 0.57714163 0.22871961 0.07980085
v 0.57401302 0.22871961 0.08956561
v 0.57429867 0.22871961 0.10956561
v 0.57714163 0.22871961 0.10679699
v 0.57714163 0.22778400 0.10956561
v 0.57714163 0.22871961 0.11114833
v 0.57549972 0.22871961 0.12956561
v 0.57714163 0.22871961 0.12554695
v 0.57714163 0.22758755 0.12956561
v 0.57714163 0.22871961 0.13297055
v 0.57676755 0.22871961 0.16456561
v 0.57714163 0.22871961 0.16412339
v 0.57714163 0.22848810 0.16456561
v 0.57714163 0.22871961 0.16509813
v 0.57244500 0.22871961 0.19456561
v 0.57714163 0.22871961 0.21628250
v 0.57492816 0.23371961 -0.00543438
v 0.57332102 0.23371961 -0.00043439
v 0.57373829 0.23371961 0.00456562
v 0.57714163 0.23371961 0.00156123
v 0.57714163 0.23371961 0.02207213
v 0.57714163 0.23326696 0.02456562
v 0.57714163 0.22973825 0.02956561
v 0.57578574 0.23371961 0.02956561
v 0.57714163 0.23371961 0.03421750
v 0.57714163 0.23371961 0.04268203
v 0.57714163 0.23214901 0.04456562
v 0.57356178 0.23371961 0.04956562
v 0.57714163 0.23371961 0.04722467
v 0.57380443 0.23371961 0.05456562
v 0.57523231 0.23371961 0.05956562
v 0.57714163 0.23371961 0.06100972
v 0.57714163 0.22953865 0.06456562
v 0.57714163 0.23110267 0.06956561
v 0.57420966 0.23371961 0.07456561
v 0.57714163 0.23371961 0.07095142
v 0.57461165 0.22938865 0.07864990
v 0.57714163 0.23371961 0.07702513
v 0.57419611 0.23371961 0.07956561
v 0.57615332 0.23234571 0.08316165
v 0.57714163 0.23371961 0.08449388
v 0.57670270 0.23371961 0.08456561
v 0.57517348 0.23371961 0.08956561
v 0.57385103 0.23371961 0.09956561
v 0.57447593 0.23371961 0.10456561
v 0.57714163 0.23371961 0.10261956
v 0.57714163 0.23101173 0.10456561
v 0.57714163 0.23371961 0.11263401
v 0.57414717 0.23371961 0.11456561
v 0.57434000 0.23371961 0.11956561
v 0.57714163 0.23371961 0.12153175
v 0.57714163 0.22925739 0.12456561
v 0.57714163 0.23131141 0.12956561
v 0.57714163 0.23371961 0.12799361
v 0.57614673 0.23371961 0.12956561
v 0.57714163 0.23371961 0.13103465
v 0.57714163 0.22958654 0.13456561
v 0.57714163 0.23244791 0.13956561
v 0.57402593 0.23371961 0.14456561
v 0.57714163 0.23371961 0.14331351
v 0.57714163 0.23371961 0.14570573
v 0.57714163 0.23249100 0.14956561
v 0.57605115 0.23371961 0.15456561
v 0.57714163 0.23371961 0.15305417
v 0.57714163 0.23371961 0.15798530
v 0.57714163 0.23294042 0.15956561
v 0.57499780 0.23371961 0.16456561
v 0.57714163 0.23096826 0.16956561
v 0.57394809 0.23371961 0.16956561
v 0.57300415 0.23371961 0.17456561
v 0.57714163 0.23371961 0.17285955
v 0.57266587 0.23371961 0.17956561
v 0.57714163 0.23371961 0.18329332
v 0.57714163 0.23239335 0.18456561
v 0.57714163 0.23371961 0.18792096
v 0.57714163 0.23028898 0.19456561
v 0.57270155 0.23371961 0.19456561
v 0.57714163 0.23371961 0.19063255
v 0.57282889 0.23371961 0.19956561
v 0.57714163 0.23266611 0.19956561
v 0.57714163 0.23031131 0.20456561
v 0.57464803 0.23371961 0.20456561
v 0.57714163 0.23371961 0.20949040
v 0.57560487 0.23371961 0.21456561
v 0.57714163 0.23371961 0.21589376
v 0.57714163 0.23570408 0.00456562
v 0.57714163 0.23673713 0.00956561
v 0.57605762 0.23871962 0.00956561
v 0.57714163 0.23687860 0.01456562
v 0.57452999 0.23871961 0.01456562
v 0.57350875 0.23871961 0.01956561
v 0.57714163 0.23871962 0.01525737
v 0.57714163 0.23452225 0.02456562
v 0.57714163 0.23871961 0.02923154
v 0.57714163 0.23386320 0.03456562
v 0.57714163 0.23673664 0.03956562
v 0.57275331 0.23871961 0.04456562
v 0.57714163 0.23522595 0.04956562
v 0.57714163 0.23871961 0.05199044
v 0.57531399 0.23871961 0.05456562
v 0.57714163 0.23871961 0.05898455
v 0.57714163 0.23762622 0.05956562
v 0.57670161 0.23871961 0.05956562
v 0.57276441 0.23871961 0.06956561
v 0.57714163 0.23532308 0.06956561
v 0.57714163 0.23871961 0.06631578
v 0.57515013 0.23871961 0.07456561
v 0.57714163 0.23871961 0.07188958
v 0.57714163 0.23630327 0.07456561
v 0.57314190 0.23747369 0.07847083
v 0.57245704 0.23871961 0.07956561
v 0.57714163 0.23395319 0.08456561
v 0.57714163 0.23871961 0.08873963
v 0.57641158 0.23871961 0.08956561
v 0.57595435 0.23871961 0.09456561
v 0.57468729 0.23871961 0.09956561
v 0.57410255 0.23535965 0.10243830
v 0.57714163 0.23871961 0.10212270
v 0.57353812 0.23871961 0.10456561
v 0.57714163 0.23574882 0.11456561
v 0.57714163 0.23479320 0.11956561
v 0.57714163 0.23584226 0.12956561
v 0.57588914 0.23871961 0.13956561
v 0.57714163 0.23679125 0.13956561
v 0.57714163 0.23871961 0.13863969
v 0.57714163 0.23871961 0.14774781
v 0.57433380 0.23871961 0.14956561
v 0.57714163 0.23477003 0.15456561
v 0.57714163 0.23575226 0.17456561
v 0.57714163 0.23713712 0.17956561
v 0.57501932 0.23871961 0.18456561
v 0.57321543 0.23456768 0.18542737
v 0.57714163 0.23871961 0.18666847
v 0.57643515 0.23871961 0.18956561
v 0.57714163 0.23871961 0.19112451
v 0.57714163 0.23376547 0.20956561
v 0.57714163 0.23545868 0.21456561
v 0.57714163 0.24235470 0.01956561
v 0.57714163 0.23999205 0.02456562
v 0.57714163 0.23879850 0.02956561
v 0.57486221 0.24371961 0.02956561
v 0.57714163 0.24371961 0.02654613
v 0.57714163 0.24371961 0.03185625
v 0.57233721 0.24371961 0.03956562
v 0.57714163 0.24371961 0.04819582
v 0.57532907 0.24371961 0.04956562
v 0.57714163 0.24239265 0.04956562
v 0.57714163 0.24113650 0.05456562
v 0.57714163 0.24371961 0.05077281
v 0.57714163 0.24062612 0.06956561
v 0.57317753 0.24371961 0.08456561
v 0.57714163 0.23891975 0.08956561
v 0.57252809 0.24371961 0.08956561
v 0.57714163 0.24035319 0.09456561
v 0.57714163 0.24117395 0.09956561
v 0.57414993 0.24371961 0.11956561
v 0.57469614 0.24371961 0.12956561
v 0.57714163 0.23972280 0.13956561
v 0.57714163 0.24070327 0.14456561
v 0.57714163 0.24011217 0.18956561
v 0.57626366 0.24871962 0.02456562
v 0.57714163 0.24718633 0.02456562
v 0.57714163 0.24871962 0.02352244
v 0.57714163 0.24621292 0.02956561
v 0.57714163 0.24871962 0.02568527
v 0.57714163 0.24451986 0.04956562
v 0.57262561 0.24871961 0.06956561
v 0.57318291 0.24871961 0.11456561
v 0.57642687 0.25371961 0.00956561
v 0.57714163 0.25266518 0.00956561
v 0.57714163 0.25371961 0.00898010
v 0.57714163 0.25371961 0.01016853
v 0.57714163 0.24955586 0.02456562
v 0.57714163 0.25432152 0.00956561
v 0.57738757 0.05371961 0.12956562
v 0.58101518 0.05871961 0.07956561
v 0.58214163 0.05748442 0.07956561
v 0.58214163 0.05871961 0.07808947
v 0.58214163 0.05871961 0.08092749
v 0.57859849 0.06371961 0.05956562
v 0.58214163 0.06005058 0.07956561
v 0.58126464 0.06371961 0.15456561
v 0.58214163 0.06290149 0.15456561
v 0.58214163 0.06371961 0.15124072
v 0.57912223 0.06371961 0.15956561
v 0.58214163 0.06371961 0.15619392
v 0.58069523 0.06371961 0.16956561
v 0.58214163 0.06263075 0.16956561
v 0.58214163 0.06371961 0.16680167
v 0.58010603 0.06371961 0.17456561
v 0.58214163 0.06014043 0.17456561
v 0.58214163 0.06371961 0.17904235
v 0.58100647 0.06371961 0.18956561
v 0.58214163 0.06295038 0.18956561
v 0.58214163 0.06371961 0.18659235
v 0.58066925 0.06371961 0.19456561
v 0.58214163 0.06298634 0.19456561
v 0.58105841 0.06371961 0.19956561
v 0.58214163 0.06207954 0.19956561
v 0.58214163 0.06371961 0.20157024
v 0.58214163 0.06816117 0.00456562
v 0.58214163 0.06871961 0.00400717
v 0.58077541 0.06871961 0.00956561
v 0.58214163 0.06735146 0.00956561
v 0.58214163 0.06871961 0.01230143
v 0.57921547 0.06871961 0.01956561
v 0.58047144 0.06871961 0.03456562
v 0.58214163 0.06707121 0.03456562
v 0.58214163 0.06871961 0.03307715
v 0.58214163 0.06871961 0.03700389
v 0.57861859 0.06871961 0.05456562
v 0.58214163 0.06687526 0.05456562
v 0.58214163 0.06871961 0.05199063
v 0.58214163 0.06871961 0.05783312
v 0.58087887 0.06871961 0.05956562
v 0.57722640 0.06871961 0.06456562
v 0.58064627 0.06871961 0.07456561
v 0.58214163 0.06828391 0.07456561
v 0.58214163 0.06871961 0.07348218
v 0.58214163 0.06871961 0.07529566
v 0.57913404 0.06871961 0.08456561
v 0.58214163 0.06774255 0.08456561
v 0.58214163 0.06871961 0.08314080
v 0.58214163 0.06813631 0.08956561
v 0.58214163 0.06871961 0.09383406
v 0.57903503 0.06871961 0.11456561
v 0.58214163 0.06664739 0.11456561
v 0.58214163 0.06871961 0.11185355
v 0.58214163 0.06871961 0.11872353
v 0.58214163 0.06720827 0.14456561
v 0.58214163 0.06871961 0.13979751
v 0.58214163 0.06547480 0.14956561
v 0.58214163 0.06804816 0.15956561
v 0.58214163 0.06608552 0.16456561
v 0.57895789 0.06871961 0.16456561
v 0.58214163 0.06747693 0.17456561
v 0.58214163 0.06871961 0.17096355
v 0.58214163 0.06871961 0.17891054
v 0.58214163 0.06722439 0.17956561
v 0.58214163 0.06616713 0.18456561
v 0.57878491 0.06871961 0.18956561
v 0.58214163 0.06782551 0.20456561
v 0.57902407 0.06871961 0.20956561
v 0.58214163 0.06871961 0.20586999
v 0.58214163 0.06960540 0.00456562
v 0.58044848 0.07371961 0.00956561
v 0.58214163 0.07371961 0.00808948
v 0.58214163 0.07252133 0.01456562
v 0.58130046 0.07371961 0.01456562
v 0.58214163 0.06993870 0.01956561
v 0.58214163 0.07057865 0.02456562
v 0.57971461 0.07371961 0.02456562
v 0.57864534 0.07371961 0.02956561
v 0.58214163 0.07146648 0.02956561
v 0.58199502 0.07371961 0.03456562
v 0.58214163 0.07371961 0.03437360
v 0.58214163 0.07336091 0.03456562
v 0.58214163 0.07371961 0.03474286
v 0.58214163 0.07038544 0.03956562
v 0.58049324 0.07371961 0.04456562
v 0.58214163 0.07209047 0.04456562
v 0.58214163 0.07371961 0.04700247
v 0.58214163 0.07371961 0.05287879
v 0.58214163 0.07082384 0.05956562
v 0.58214163 0.07237766 0.06456562
v 0.58214163 0.07198398 0.06956561
v 0.57898346 0.07371961 0.06956561
v 0.57726928 0.07371961 0.07956561
v 0.58214163 0.07108451 0.07956561
v 0.58173698 0.07371961 0.08456561
v 0.58214163 0.07371961 0.08441840
v 0.58214163 0.07332870 0.08456561
v 0.58214163 0.07371961 0.08502811
v 0.58214163 0.06898385 0.09456561
v 0.57777318 0.07371961 0.09456561
v 0.58214163 0.07269849 0.09956561
v 0.58214163 0.07016771 0.10456561
v 0.58214163 0.07172886 0.10956561
v 0.58214163 0.06989186 0.11956561
v 0.58214163 0.06994939 0.12456562
v 0.58214163 0.07075682 0.12956561
v 0.58214163 0.06941933 0.13456561
v 0.58214163 0.06894587 0.13956561
v 0.58214163 0.07011683 0.17456561
v 0.57843752 0.07371961 0.19956561
v 0.58214163 0.07371961 0.19621812
v 0.58214163 0.06930391 0.19956561
v 0.58214163 0.06901170 0.20456561
v 0.57809340 0.07371961 0.20456561
v 0.58214163 0.07220124 0.20956561
v 0.58214163 0.07371961 0.20920961
v 0.58214163 0.07371961 0.21082163
v 0.58214163 0.07662111 0.00456562
v 0.58214163 0.07871961 0.00308089
v 0.58214163 0.07417432 0.03456562
v 0.58214163 0.07597352 0.04956562
v 0.58214163 0.07388474 0.08456561
v 0.57913958 0.07871961 0.19956561
v 0.58214163 0.07871961 0.19617151
v 0.57904985 0.07871961 0.20456561
v 0.58214163 0.07871961 0.20797895
v 0.58214163 0.07871961 0.21364359
v 0.58214163 0.08371961 0.00276862
v 0.58214163 0.08195091 0.19956561
v 0.58214163 0.08158795 0.20456561
v 0.58214163 0.08034169 0.21456561
v 0.58081955 0.08371961 0.21456561
v 0.58214163 0.08371961 0.21536428
v 0.58214163 0.08871961 0.00272709
v 0.58214163 0.08871961 0.21646552
v 0.58074290 0.09371961 -0.00043439
v 0.58214163 0.09371961 0.00075300
v 0.58214163 0.09371961 0.21726164
v 0.58214163 0.09871961 -0.00095680
v 0.58136892 0.09871961 -0.00043439
v 0.58214163 0.09689370 -0.00043439
v 0.58214163 0.09871961 0.21475246
v 0.58008532 0.10371961 -0.00043439
v 0.58214163 0.10371961 -0.00226956
v 0.58214163 0.10371961 0.21537896
v 0.58214163 0.10657403 -0.00043439
v 0.58214163 0.10871961 0.00118551
v 0.57724581 0.10871961 0.12456562
v 0.57820013 0.10871961 0.17456561
v 0.58214163 0.10871961 0.17170367
v 0.58214163 0.10586247 0.17456561
v 0.58214163 0.10591874 0.17956561
v 0.57908309 0.10871961 0.17956561
v 0.58214163 0.10593398 0.18456561
v 0.57878426 0.10871961 0.18456561
v 0.58214163 0.10871961 0.18730579
v 0.57727177 0.10871961 0.21456561
v 0.58214163 0.10871961 0.21590892
v 0.58214163 0.11371961 0.00225491
v 0.57881804 0.11371961 0.17456561
v 0.58214163 0.11371961 0.17178905
v 0.57888877 0.11371961 0.17956561
v 0.57888256 0.11371961 0.18456561
v 0.58214163 0.11371961 0.18745746
v 0.58201426 0.11371961 0.21456561
v 0.58214163 0.11371961 0.21460013
v 0.58214163 0.11871961 0.00199324
v 0.57872830 0.11871961 0.17456561
v 0.58214163 0.11871961 0.17153422
v 0.57861486 0.11871961 0.17956561
v 0.57871172 0.11871961 0.18456561
v 0.58214163 0.11871961 0.18750309
v 0.58214163 0.11871961 0.21628358
v 0.58214163 0.12371961 0.00247554
v 0.57738728 0.12371961 0.10956561
v 0.57899086 0.12371961 0.17456561
v 0.58214163 0.12371961 0.17176244
v 0.57868392 0.12371961 0.17956561
v 0.57896447 0.12371961 0.18456561
v 0.58214163 0.12371961 0.18743236
v 0.57878127 0.12371961 0.21456561
v 0.58214163 0.12371961 0.21633910
v 0.58214163 0.12871961 0.00291805
v 0.57942905 0.12871961 0.17456561
v 0.58214163 0.12871961 0.17176320
v 0.57892656 0.12871961 0.17956561
v 0.57884054 0.12871961 0.18456561
v 0.58214163 0.12871961 0.18719800
v 0.58214163 0.12871961 0.21203820
v 0.57831694 0.12871961 0.21456561
v 0.58214163 0.12580354 0.21456561
v 0.58214163 0.13371961 0.00218722
v 0.57901014 0.13371961 0.15456561
v 0.58214163 0.13371961 0.15103763
v 0.58214163 0.13069985 0.15456561
v 0.58214163 0.13090101 0.15956561
v 0.57889702 0.13371961 0.15956561
v 0.58214163 0.13075063 0.16456561
v 0.57853092 0.13371961 0.16456561
v 0.58214163 0.13091720 0.16956561
v 0.57870366 0.13371961 0.16956561
v 0.57894063 0.13371961 0.17456561
v 0.57862937 0.13371961 0.17956561
v 0.57890624 0.13371961 0.18456561
v 0.58214163 0.13371961 0.18719734
v 0.58214163 0.13089059 0.21456561
v 0.58214163 0.13371961 0.21674642
v 0.58214163 0.13871961 0.00252088
v 0.57836233 0.13871961 0.15456561
v 0.58214163 0.13871961 0.15116926
v 0.57918637 0.13871961 0.15956561
v 0.57927409 0.13871961 0.16456561
v 0.57889702 0.13871961 0.16956561
v 0.57860999 0.13871961 0.17456561
v 0.57887216 0.13871961 0.17956561
v 0.57923666 0.13871961 0.18456561
v 0.58214163 0.13871961 0.18735276
v 0.58048471 0.13871961 0.21456561
v 0.58214163 0.13871961 0.21329566
v 0.58214163 0.13744251 0.21456561
v 0.58214163 0.14371961 0.00244121
v 0.57871574 0.14371961 0.14956561
v 0.58214163 0.14371961 0.14643985
v 0.58214163 0.14032326 0.14956561
v 0.57872146 0.14371961 0.15456561
v 0.57902538 0.14371961 0.15956561
v 0.57891135 0.14371961 0.16456561
v 0.57894563 0.14371961 0.16956561
v 0.57902253 0.14371961 0.17456561
v 0.57900438 0.14371961 0.17956561
v 0.57884054 0.14371961 0.18456561
v 0.58214163 0.14371961 0.18732125
v 0.58214163 0.14177864 0.21456561
v 0.58214163 0.14371961 0.21548745
v 0.58214163 0.14871961 0.00235885
v 0.57899860 0.14871961 0.14956561
v 0.58214163 0.14871961 0.14661970
v 0.57901778 0.14871961 0.15456561
v 0.57920248 0.14871961 0.15956561
v 0.57940366 0.14871961 0.16456561
v 0.57930350 0.14871961 0.16956561
v 0.57907209 0.14871961 0.17456561
v 0.57921173 0.14871961 0.17956561
v 0.57918722 0.14871961 0.18456561
v 0.58214163 0.14871961 0.18730726
v 0.58141635 0.14871961 0.21456561
v 0.58214163 0.14871961 0.21428470
v 0.58214163 0.14763058 0.21456561
v 0.58214163 0.15371961 0.00220888
v 0.57748885 0.15371961 0.09456561
v 0.57901301 0.15371961 0.14956561
v 0.58214163 0.15371961 0.14678604
v 0.57872488 0.15371961 0.15456561
v 0.57882664 0.15371961 0.15956561
v 0.57916402 0.15371961 0.16456561
v 0.57907576 0.15371961 0.16956561
v 0.57950177 0.15371961 0.17456561
v 0.57912987 0.15371961 0.17956561
v 0.57943979 0.15371961 0.18456561
v 0.58214163 0.15371961 0.18711795
v 0.57754001 0.15371961 0.21456561
v 0.58214163 0.15371961 0.21232208
v 0.58152651 0.15871961 -0.00543438
v 0.58214163 0.15800010 -0.00543438
v 0.58214163 0.15871961 -0.00615390
v 0.58214163 0.15871961 -0.00318586
v 0.58214163 0.15871961 0.00073429
v 0.57927248 0.15871961 0.14956561
v 0.58214163 0.15871961 0.14692779
v 0.57914573 0.15871961 0.15456561
v 0.57920669 0.15871961 0.15956561
v 0.57897821 0.15871961 0.16456561
v 0.57926684 0.15871961 0.16956561
v 0.57940513 0.15871961 0.17456561
v 0.57927650 0.15871961 0.17956561
v 0.57907576 0.15871961 0.18456561
v 0.58214163 0.15871961 0.18704503
v 0.58095212 0.15871961 0.21456561
v 0.58214163 0.15871961 0.21423293
v 0.58214163 0.15965545 -0.00543438
v 0.58214163 0.16371961 -0.00238025
v 0.58031095 0.16371961 -0.00043439
v 0.58214163 0.16025282 -0.00043439
v 0.57907484 0.16371961 0.14956561
v 0.58214163 0.16371961 0.14670047
v 0.57905450 0.16371961 0.15456561
v 0.57918551 0.16371961 0.15956561
v 0.57926684 0.16371961 0.16456561
v 0.57919571 0.16371961 0.16956561
v 0.57947705 0.16371961 0.17456561
v 0.57925469 0.16371961 0.17956561
v 0.57945397 0.16371961 0.18456561
v 0.58214163 0.16371961 0.18719194
v 0.58214163 0.16371961 0.21146678
v 0.57749313 0.16871961 -0.00043439
v 0.58214163 0.16589775 -0.00043439
v 0.58214163 0.16871961 0.00157343
v 0.57889907 0.16871961 0.13956561
v 0.58214163 0.16871961 0.13658887
v 0.58214163 0.16595726 0.13956561
v 0.58214163 0.16585448 0.14456561
v 0.57909311 0.16871961 0.14456561
v 0.57916575 0.16871961 0.14956561
v 0.57918977 0.16871961 0.15456561
v 0.57905358 0.16871961 0.15956561
v 0.57903201 0.16871961 0.16456561
v 0.57924406 0.16871961 0.16956561
v 0.57910576 0.16871961 0.17456561
v 0.57912898 0.16871961 0.17956561
v 0.57924324 0.16871961 0.18456561
v 0.58214163 0.16871961 0.18723298
v 0.58214163 0.16792778 0.21456561
v 0.57955354 0.16871961 0.21456561
v 0.58214163 0.16871961 0.21542517
v 0.58214163 0.17371961 0.00065769
v 0.57946730 0.17371961 0.13956561
v 0.58214163 0.17371961 0.13673219
v 0.57899763 0.17371961 0.14456561
v 0.57915447 0.17371961 0.14956561
v 0.57891745 0.17371961 0.15456561
v 0.57909220 0.17371961 0.15956561
v 0.57929877 0.17371961 0.16456561
v 0.57927328 0.17371961 0.16956561
v 0.57897625 0.17371961 0.17456561
v 0.57939411 0.17371961 0.17956561
v 0.57951734 0.17371961 0.18456561
v 0.58214163 0.17371961 0.18712241
v 0.58214163 0.17371961 0.21168937
v 0.58214163 0.16944856 0.21456561
v 0.58008725 0.17871961 -0.00043439
v 0.58214163 0.17486001 -0.00043439
v 0.58214163 0.17871961 -0.00272822
v 0.57889804 0.17871961 0.12456561
v 0.58214163 0.17871961 0.12159492
v 0.58214163 0.17586725 0.12456561
v 0.58214163 0.17604389 0.12956561
v 0.57878480 0.17871961 0.12956561
v 0.58214163 0.17588619 0.13456561
v 0.57907484 0.17871961 0.13456561
v 0.57904236 0.17871961 0.13956561
v 0.57929877 0.17871961 0.14456561
v 0.57926441 0.17871961 0.14956561
v 0.57933692 0.17871961 0.15456561
v 0.57913958 0.17871961 0.15956561
v 0.57899860 0.17871961 0.16456561
v 0.57902348 0.17871961 0.16956561
v 0.57926280 0.17871961 0.17456561
v 0.57926199 0.17871961 0.17956561
v 0.57936881 0.17871961 0.18456561
v 0.58214163 0.17871961 0.18726888
v 0.58214163 0.17871961 0.21442798
v 0.58214163 0.18076093 -0.00043439
v 0.58214163 0.18371961 0.00229120
v 0.57735876 0.18371961 0.05956562
v 0.57866041 0.18371961 0.12456561
v 0.58214163 0.18371961 0.12163990
v 0.57952471 0.18371961 0.12956561
v 0.57891032 0.18371961 0.13456561
v 0.57886168 0.18371961 0.13956561
v 0.57900534 0.18371961 0.14456561
v 0.57903106 0.18371961 0.14956561
v 0.57880068 0.18371961 0.15456561
v 0.57907943 0.18371961 0.15956561
v 0.57904423 0.18371961 0.16456561
v 0.57919910 0.18371961 0.16956561
v 0.57918039 0.18371961 0.17456561
v 0.57926280 0.18371961 0.17956561
v 0.57941169 0.18371961 0.18456561
v 0.58214163 0.18371961 0.18743719
v 0.58214163 0.17927250 0.21456561
v 0.58067322 0.18371961 0.21456561
v 0.58214163 0.18371961 0.21526500
v 0.58214163 0.18871961 0.00224064
v 0.57864496 0.18871961 0.12456561
v 0.58214163 0.18871961 0.12162731
v 0.57902822 0.18871961 0.12956561
v 0.57949632 0.18871961 0.13456561
v 0.57905264 0.18871961 0.13956561
v 0.57897625 0.18871961 0.14456561
v 0.57932225 0.18871961 0.14956561
v 0.57923336 0.18871961 0.15456561
v 0.57949016 0.18871961 0.15956561
v 0.57919318 0.18871961 0.16456561
v 0.57926118 0.18871961 0.16956561
v 0.57869498 0.18871961 0.17456561
v 0.57929164 0.18871961 0.17956561
v 0.57931992 0.18871961 0.18456561
v 0.58214163 0.18871961 0.18707603
v 0.57968319 0.18871961 0.21456561
v 0.58214163 0.18871961 0.21577582
v 0.58214163 0.19371961 0.00214561
v 0.58214163 0.19171201 0.12456561
v 0.57894463 0.19371961 0.12956561
v 0.58214163 0.19371961 0.12657321
v 0.57955446 0.19371961 0.13456561
v 0.57906841 0.19371961 0.13956561
v 0.57923171 0.19371961 0.14456561
v 0.57941750 0.19371961 0.14956561
v 0.57908035 0.19371961 0.15456561
v 0.57875594 0.19371961 0.15956561
v 0.57929323 0.19371961 0.16456561
v 0.57943479 0.19371961 0.16956561
v 0.57948465 0.19371961 0.17456561
v 0.57911205 0.19371961 0.17956561
v 0.57917867 0.19371961 0.18456561
v 0.58214163 0.19371961 0.18705226
v 0.58214163 0.19371961 0.21316707
v 0.58214163 0.19054439 0.21456561
v 0.58214163 0.19871961 0.00237726
v 0.57890420 0.19871961 0.12956561
v 0.58214163 0.19871961 0.12667948
v 0.57904985 0.19871961 0.13456561
v 0.57930899 0.19871961 0.13956561
v 0.57943550 0.19871961 0.14456561
v 0.57891339 0.19871961 0.14956561
v 0.57911115 0.19871961 0.15456561
v 0.57949427 0.19871961 0.15956561
v 0.57909582 0.19871961 0.16456561
v 0.57926037 0.19871961 0.16956561
v 0.57920163 0.19871961 0.17456561
v 0.57889702 0.19871961 0.17956561
v 0.57944121 0.19871961 0.18456561
v 0.58214163 0.19871961 0.18725681
v 0.58214163 0.19671652 0.21456561
v 0.58214163 0.19871961 0.21586864
v 0.58214163 0.20371961 0.00229047
v 0.58214163 0.20148792 0.12956561
v 0.58214163 0.20151895 0.13456561
v 0.58214163 0.20146934 0.13956561
v 0.58214163 0.20135269 0.14456561
v 0.58214163 0.20162210 0.14956561
v 0.58214163 0.20142147 0.15456561
v 0.58214163 0.20150223 0.15956561
v 0.58214163 0.20149393 0.16456561
v 0.58214163 0.20157120 0.16956561
v 0.58214163 0.20138906 0.17456561
v 0.58214163 0.20133320 0.17956561
v 0.58214163 0.20136835 0.18456561
v 0.58214163 0.20371961 0.21642835
v 0.58126277 0.20871961 -0.00043439
v 0.58214163 0.20784074 -0.00043439
v 0.58214163 0.20871961 -0.00149976
v 0.58214163 0.20871961 0.21519910
v 0.57962225 0.21371961 -0.00043439
v 0.58214163 0.21371961 -0.00470193
v 0.58214163 0.21371961 0.21599046
v 0.58046582 0.21871961 -0.01043439
v 0.58214163 0.21740526 -0.00543438
v 0.58214163 0.21871961 -0.00617387
v 0.58184859 0.21871961 -0.00543438
v 0.57727792 0.21871961 0.21956561
v 0.58214163 0.21871961 0.21563111
v 0.57949840 0.22371961 -0.01043439
v 0.58214163 0.22371961 -0.01229445
v 0.58214163 0.22100395 -0.01043439
v 0.58214163 0.21933328 -0.00543438
v 0.58214163 0.22371961 -0.00798769
v 0.57985522 0.22371961 -0.00043439
v 0.58214163 0.22371961 -0.00297758
v 0.58214163 0.22371961 0.21762988
v 0.58017373 0.22871961 -0.01043439
v 0.58214163 0.22871961 -0.01137313
v 0.58214163 0.22566906 -0.00543438
v 0.57753842 0.22871961 -0.00543438
v 0.58214163 0.22871961 -0.00243333
v 0.58214163 0.22621102 -0.00043439
v 0.58214163 0.22871961 0.00168328
v 0.58006643 0.22871961 0.03956562
v 0.58214163 0.22871961 0.03695719
v 0.58214163 0.22692232 0.03956562
v 0.58214163 0.22731504 0.04456562
v 0.58103711 0.22871961 0.04456562
v 0.58214163 0.22871961 0.04751099
v 0.58180380 0.22871961 0.06456562
v 0.58214163 0.22871961 0.06446172
v 0.58214163 0.22856001 0.06456562
v 0.58214163 0.22871961 0.06464290
v 0.57760135 0.22871961 0.07956561
v 0.57937926 0.22871961 0.09956561
v 0.58214163 0.22871961 0.09803193
v 0.58214163 0.22694637 0.09956561
v 0.58214163 0.22871961 0.10139053
v 0.57823871 0.22871961 0.10956561
v 0.58081622 0.22871961 0.11456561
v 0.58214163 0.22871961 0.11366764
v 0.58214163 0.22781408 0.11456561
v 0.58214163 0.22871961 0.11725552
v 0.57875515 0.22871961 0.12956561
v 0.57755393 0.22871961 0.16456561
v 0.58214163 0.22871961 0.21759883
v 0.58214163 0.22967297 -0.01043439
v 0.58214163 0.23141455 -0.00543438
v 0.58214163 0.23356582 0.00456562
v 0.58188379 0.23371961 0.00456562
v 0.58214163 0.23371961 0.00493307
v 0.57767397 0.23371961 0.02456562
v 0.58214163 0.23371961 0.02769904
v 0.58214163 0.23172775 0.02956561
v 0.58214163 0.23143381 0.03456562
v 0.57741045 0.23371961 0.03456562
v 0.58214163 0.23220703 0.03956562
v 0.58214163 0.23371961 0.03776724
v 0.58214163 0.23371961 0.04055418
v 0.58214163 0.22988190 0.04956562
v 0.57905021 0.23371961 0.04956562
v 0.58214163 0.23342867 0.05456562
v 0.58202982 0.23371961 0.05456562
v 0.58214163 0.23257088 0.05956562
v 0.58049439 0.23371961 0.05956562
v 0.58214163 0.23371961 0.06635378
v 0.58143598 0.23371961 0.06956561
v 0.58214163 0.23371961 0.07755391
v 0.58214163 0.23203296 0.07956561
v 0.58214163 0.23371961 0.08193908
v 0.58129131 0.23371961 0.08956561
v 0.58214163 0.23371961 0.08793419
v 0.58214163 0.23275787 0.08956561
v 0.58214163 0.23293228 0.09456561
v 0.58072355 0.23371961 0.09456561
v 0.57910391 0.23371961 0.09956561
v 0.58214163 0.23371961 0.10435853
v 0.58166668 0.23371961 0.10456561
v 0.58015122 0.23371961 0.10956561
v 0.58214163 0.23371961 0.11285328
v 0.58037332 0.23371961 0.11456561
v 0.58214163 0.23044237 0.11956561
v 0.57893805 0.23371961 0.11956561
v 0.58214163 0.23041495 0.12456561
v 0.57829196 0.23371961 0.12956561
v 0.58214163 0.23073448 0.12956561
v 0.58214163 0.23371961 0.13288793
v 0.58007747 0.23371961 0.13456561
v 0.58054333 0.23371961 0.13956561
v 0.58214163 0.23149341 0.14456561
v 0.58214163 0.23371961 0.14178758
v 0.57895428 0.23371961 0.14456561
v 0.58214163 0.23322266 0.14956561
v 0.58214163 0.23232525 0.15456561
v 0.57940620 0.23371961 0.15456561
v 0.58214163 0.23270027 0.15956561
v 0.58214163 0.23365892 0.16456561
v 0.58125090 0.23371961 0.16956561
v 0.58214163 0.23371961 0.16485503
v 0.58071928 0.23371961 0.17956561
v 0.58214163 0.23371961 0.17479678
v 0.58214163 0.23115877 0.17956561
v 0.57969263 0.23371961 0.18456561
v 0.58214163 0.23371961 0.18230657
v 0.58214163 0.23083229 0.18956561
v 0.58214163 0.23371961 0.18713558
v 0.57889482 0.23371961 0.18956561
v 0.58214163 0.23371961 0.19192193
v 0.58033928 0.23371961 0.19456561
v 0.58214163 0.23371961 0.19782802
v 0.58214163 0.23288025 0.19956561
v 0.58030344 0.23371961 0.20456561
v 0.58214163 0.23371961 0.20219844
v 0.58214163 0.23371961 0.21509889
v 0.58185140 0.23871962 -0.00543438
v 0.58214163 0.23823114 -0.00543438
v 0.58214163 0.23871962 -0.00567522
v 0.58214163 0.23871962 -0.00467287
v 0.58214163 0.23871962 0.00497837
v 0.58017875 0.23871962 0.00956561
v 0.58214163 0.23871962 0.01088589
v 0.58214163 0.23565918 0.01456562
v 0.58214163 0.23755243 0.01956561
v 0.58149880 0.23871962 0.01956561
v 0.58214163 0.23871962 0.02288336
v 0.58214163 0.23871962 0.02581359
v 0.58214163 0.23431436 0.03956562
v 0.57941497 0.23871961 0.05456562
v 0.57848514 0.23871961 0.06956561
v 0.58214163 0.23385818 0.06956561
v 0.58094558 0.23436845 0.07048400
v 0.58214163 0.23463627 0.07456561
v 0.58214163 0.23443600 0.08456561
v 0.57727529 0.23871961 0.08956561
v 0.57787808 0.23871961 0.09456561
v 0.57886274 0.23871961 0.09956561
v 0.58214163 0.23381216 0.10456561
v 0.58214163 0.23476289 0.10956561
v 0.58214163 0.23545194 0.13456561
v 0.57876451 0.23871961 0.13956561
v 0.58214163 0.23504219 0.13956561
v 0.58019839 0.23871961 0.14456561
v 0.58214163 0.23871961 0.15399636
v 0.58152783 0.23871961 0.15456561
v 0.58214163 0.23720247 0.15456561
v 0.58214163 0.23871961 0.15528089
v 0.58214163 0.23496057 0.16956561
v 0.58214163 0.23420782 0.17456561
v 0.58214163 0.23772525 0.18456561
v 0.58174543 0.23871961 0.18956561
v 0.58214163 0.23632012 0.19456561
v 0.58214163 0.23546861 0.20456561
v 0.58214163 0.23456345 0.20956561
v 0.58214163 0.23464060 0.21456561
v 0.58214163 0.23896622 -0.00543438
v 0.58214163 0.24371961 -0.00092929
v 0.58144079 0.24371961 -0.00043439
v 0.58214163 0.24234163 -0.00043439
v 0.58214163 0.24371961 0.00048647
v 0.58214163 0.23935955 0.00956561
v 0.58214163 0.23938377 0.02456562
v 0.57890522 0.24371961 0.02956561
v 0.57790121 0.24371961 0.04956562
v 0.58214163 0.23901671 0.15456561
v 0.58214163 0.24425066 -0.00043439
v 0.57820887 0.24871962 0.02456562
v 0.57761666 0.25371961 0.00956561
v 0.58344366 0.05871961 0.07956561
v 0.58586688 0.05871961 0.15456561
v 0.58714163 0.05742605 0.15456561
v 0.58714163 0.05871961 0.15203046
v 0.58714163 0.05871961 0.15650060
v 0.58552209 0.05871961 0.17956561
v 0.58714163 0.05710247 0.17956561
v 0.58714163 0.05871961 0.17513925
v 0.58714163 0.05871961 0.18091813
v 0.58530917 0.06371961 0.02456562
v 0.58714163 0.06191038 0.02456562
v 0.58714163 0.06371961 0.02255328
v 0.58714163 0.06371961 0.02616686
v 0.58579167 0.06371961 0.03456562
v 0.58714163 0.06273698 0.03456562
v 0.58714163 0.06371961 0.03347171
v 0.58714163 0.06371961 0.03579987
v 0.58515958 0.06371961 0.08956561
v 0.58714163 0.06199178 0.08956561
v 0.58714163 0.06371961 0.08775305
v 0.58714163 0.06371961 0.09162241
v 0.58282454 0.06371961 0.10456561
v 0.58714163 0.06248297 0.10456561
v 0.58714163 0.06371961 0.10063115
v 0.58714163 0.06371961 0.10558242
v 0.58714163 0.06371961 0.15348966
v 0.58433354 0.06371961 0.15956561
v 0.58714163 0.06127392 0.15956561
v 0.58714163 0.06371961 0.16154863
v 0.58437232 0.06371961 0.16956561
v 0.58479803 0.06371961 0.17456561
v 0.58714163 0.06146677 0.17956561
v 0.58714163 0.06360102 0.18956561
v 0.58714163 0.06371961 0.18938913
v 0.58353507 0.06371961 0.19456561
v 0.58714163 0.06371961 0.18970256
v 0.58674897 0.06371961 0.19956561
v 0.58714163 0.06780743 0.00456562
v 0.58714163 0.06871961 0.00365344
v 0.58568794 0.06871961 0.00956561
v 0.58714163 0.06871961 0.00752067
v 0.58346745 0.06871961 0.01956561
v 0.58714163 0.06623231 0.01956561
v 0.58714163 0.06871961 0.01635961
v 0.58714163 0.06571686 0.02456562
v 0.58714163 0.06871961 0.02203722
v 0.58477058 0.06871961 0.03456562
v 0.58714163 0.06599299 0.03456562
v 0.58533462 0.06871961 0.04956562
v 0.58714163 0.06501449 0.04956562
v 0.58714163 0.06871961 0.04754056
v 0.58540562 0.06871961 0.05456562
v 0.58714163 0.06871961 0.05206820
v 0.58304764 0.06871961 0.07456561
v 0.58714163 0.06427486 0.07956561
v 0.58714163 0.06871961 0.07687230
v 0.58477035 0.06871961 0.07956561
v 0.58639788 0.06871961 0.08456561
v 0.58714163 0.06871961 0.08420727
v 0.58714163 0.06741055 0.08956561
v 0.58395078 0.06871961 0.08956561
v 0.58333257 0.06871961 0.10456561
v 0.58714163 0.06871961 0.10148036
v 0.58714163 0.06637406 0.10956561
v 0.58417087 0.06871961 0.10956561
v 0.58542219 0.06871961 0.11456561
v 0.58714163 0.06871961 0.11307590
v 0.58714163 0.06871961 0.11865557
v 0.58714163 0.06778813 0.11956561
v 0.58531454 0.06871961 0.11956561
v 0.58714163 0.06871961 0.12074500
v 0.58314073 0.06871961 0.12956561
v 0.58714163 0.06500382 0.12956561
v 0.58714163 0.06871961 0.12701209
v 0.58512619 0.06871961 0.13456561
v 0.58714163 0.06643731 0.13456561
v 0.58714163 0.06871961 0.13518438
v 0.58709993 0.06871961 0.14456561
v 0.58714163 0.06871961 0.14526714
v 0.58714163 0.06858558 0.14956561
v 0.58714163 0.06498114 0.15456561
v 0.58302321 0.06871961 0.15456561
v 0.58714163 0.06871961 0.14972955
v 0.58714163 0.06871961 0.15700733
v 0.58714163 0.06744864 0.16456561
v 0.58315948 0.06871961 0.16956561
v 0.58714163 0.06871961 0.16687107
v 0.58422111 0.06871961 0.17456561
v 0.58382931 0.06717936 0.17125629
v 0.58714163 0.06871961 0.17216302
v 0.58714163 0.06699508 0.17456561
v 0.58714163 0.06761487 0.17956561
v 0.58714163 0.06667480 0.18456561
v 0.58507419 0.06871961 0.19456561
v 0.58714163 0.06871961 0.19186504
v 0.58518402 0.06871961 0.19956561
v 0.58714163 0.06701375 0.20456561
v 0.58714163 0.06871961 0.20065769
v 0.58714163 0.06871961 0.20730245
v 0.58714163 0.06989684 0.00456562
v 0.58714163 0.07341197 0.00956561
v 0.58714163 0.07371961 0.00949672
v 0.58714163 0.07280663 0.01456562
v 0.58714163 0.07123320 0.02456562
v 0.58714163 0.07040276 0.02956561
v 0.58232069 0.07371961 0.03456562
v 0.58714163 0.07023154 0.03456562
v 0.58656205 0.07371961 0.03956562
v 0.58714163 0.07371961 0.03898059
v 0.58489630 0.07371961 0.04456562
v 0.58714163 0.07371961 0.04675311
v 0.58464620 0.07371961 0.04956562
v 0.58714163 0.07019973 0.05456562
v 0.58714163 0.07212972 0.05956562
v 0.58498201 0.07371961 0.06456562
v 0.58714163 0.07371961 0.06350781
v 0.58714163 0.07371961 0.06684516
v 0.58714163 0.07316235 0.06956561
v 0.58714163 0.07146729 0.07456561
v 0.58714163 0.06895387 0.08456561
v 0.58225814 0.07371961 0.08456561
v 0.58714163 0.07135130 0.08956561
v 0.58714163 0.07049416 0.09456561
v 0.58714163 0.07022511 0.09956561
v 0.58714163 0.07371961 0.10786463
v 0.58714163 0.07292725 0.10956561
v 0.58567087 0.07371961 0.10956561
v 0.58714163 0.07172345 0.11456561
v 0.58714163 0.07371961 0.11156754
v 0.58714163 0.07371961 0.12159508
v 0.58659680 0.07371961 0.12456561
v 0.58714163 0.07371961 0.12553142
v 0.58714163 0.07354484 0.13956561
v 0.58714163 0.06993822 0.14456561
v 0.58714163 0.07151003 0.15456561
v 0.58714163 0.07163126 0.16956561
v 0.58714163 0.07208014 0.19456561
v 0.58714163 0.07371961 0.19511199
v 0.58714163 0.06988727 0.20456561
v 0.58714163 0.07065147 0.20956561
v 0.58714163 0.07371961 0.20813666
v 0.58714163 0.07371961 0.21164504
v 0.58714163 0.07810884 0.00456562
v 0.58714163 0.07871961 0.00410764
v 0.58714163 0.07525688 0.03956562
v 0.58714163 0.07455447 0.04456562
v 0.58714163 0.07443880 0.06456562
v 0.58714163 0.07485880 0.10956561
v 0.58714163 0.07533851 0.12456561
v 0.58714163 0.07871961 0.19608380
v 0.58714163 0.07871961 0.20811500
v 0.58714163 0.07871961 0.21360519
v 0.58714163 0.08371961 0.00302041
v 0.58714163 0.08167743 0.19956561
v 0.58714163 0.08170503 0.20456561
v 0.58714163 0.08103693 0.21456561
v 0.58714163 0.08371961 0.21502814
v 0.58714163 0.08871961 0.00215278
v 0.58714163 0.08871961 0.21563594
v 0.58675218 0.09371961 -0.00543438
v 0.58714163 0.09330922 -0.00543438
v 0.58714163 0.09371961 -0.00584477
v 0.58345963 0.09371961 -0.00043439
v 0.58714163 0.09184824 -0.00043439
v 0.58714163 0.09371961 0.21576415
v 0.58714163 0.09414506 -0.00543438
v 0.58714163 0.09871961 -0.00238922
v 0.58714163 0.09871961 0.21585948
v 0.58714163 0.10371961 -0.00267000
v 0.58714163 0.10371961 0.21654707
v 0.58531352 0.10871961 -0.00043439
v 0.58714163 0.10871961 -0.00171271
v 0.58714163 0.10871961 0.17192439
v 0.58714163 0.10592103 0.17456561
v 0.58714163 0.10599113 0.17956561
v 0.58714163 0.10611997 0.18456561
v 0.58714163 0.10871961 0.18717652
v 0.58686196 0.10871961 0.21456561
v 0.58714163 0.10871961 0.21444928
v 0.58714163 0.10843555 0.21456561
v 0.58540867 0.11371961 -0.00043439
v 0.58714163 0.11371961 -0.00213840
v 0.58714163 0.11371961 0.17182766
v 0.58714163 0.11371961 0.18751746
v 0.58222663 0.11371961 0.21456561
v 0.58714163 0.11371961 0.21323717
v 0.58653232 0.11871961 -0.00043439
v 0.58714163 0.11871961 -0.00111626
v 0.58714163 0.11871961 0.17193862
v 0.58714163 0.11871961 0.18738578
v 0.58714163 0.11526679 0.21456561
v 0.58714163 0.11871961 0.21682717
v 0.58714163 0.11919289 -0.00043439
v 0.58714163 0.12371961 0.00231240
v 0.58714163 0.12371961 0.17199340
v 0.58714163 0.12371961 0.18715867
v 0.58714163 0.12371961 0.21558752
v 0.58714163 0.12871961 0.00219868
v 0.58714163 0.12871961 0.17183568
v 0.58714163 0.12871961 0.18710657
v 0.58500664 0.12871961 0.21456561
v 0.58714163 0.12871961 0.21625386
v 0.58714163 0.13371961 0.00223785
v 0.58714163 0.13371961 0.15185518
v 0.58714163 0.13096840 0.15456561
v 0.58714163 0.13093927 0.15956561
v 0.58714163 0.13099403 0.16456561
v 0.58714163 0.13098967 0.16956561
v 0.58714163 0.13371961 0.18714107
v 0.58714163 0.13371961 0.21578050
v 0.58714163 0.13871961 0.00210530
v 0.58714163 0.13871961 0.15176320
v 0.58714163 0.13871961 0.18746482
v 0.58489512 0.13871961 0.21456561
v 0.58714163 0.13871961 0.21547784
v 0.58714163 0.14371961 0.00215540
v 0.58714163 0.14371961 0.14667132
v 0.58714163 0.14091720 0.14956561
v 0.58714163 0.14371961 0.18705953
v 0.58714163 0.14182624 0.21456561
v 0.58494484 0.14371961 0.21456561
v 0.58714163 0.14371961 0.21391406
v 0.58714163 0.14871961 0.00226035
v 0.58714163 0.14871961 0.14676627
v 0.58714163 0.14871961 0.18703307
v 0.58331951 0.14871961 0.21456561
v 0.58714163 0.14604196 0.21456561
v 0.58714163 0.14871961 0.21526006
v 0.58714163 0.15371961 0.00217121
v 0.58714163 0.15371961 0.14699468
v 0.58714163 0.15371961 0.18715017
v 0.58714163 0.15371961 0.21341426
v 0.58714163 0.15111371 0.21456561
v 0.58714163 0.15682641 -0.00543438
v 0.58714163 0.15871961 -0.00732759
v 0.58563966 0.15871961 -0.00043439
v 0.58714163 0.15831386 -0.00043439
v 0.58714163 0.15871961 0.14691070
v 0.58714163 0.15871961 0.18720479
v 0.58714163 0.15574901 0.21456561
v 0.58288909 0.15871961 0.21456561
v 0.58714163 0.15871961 0.21595176
v 0.58700926 0.16371961 -0.00543438
v 0.58714163 0.16371961 -0.00553171
v 0.58714163 0.16371961 0.14675937
v 0.58714163 0.16371961 0.18714172
v 0.58683022 0.16371961 0.21456561
v 0.58714163 0.16371961 0.21491235
v 0.58714163 0.16382117 -0.00543438
v 0.58486089 0.16871961 -0.00043439
v 0.58714163 0.16871961 -0.00216169
v 0.58714163 0.16871961 0.13684944
v 0.58714163 0.16613375 0.13956561
v 0.58714163 0.16591337 0.14456561
v 0.58714163 0.16871961 0.18706805
v 0.58714163 0.16871961 0.21216722
v 0.58341176 0.16871961 0.21456561
v 0.58714163 0.16425614 0.21456561
v 0.58321738 0.17371961 -0.00043439
v 0.58714163 0.17371961 -0.00272875
v 0.58714163 0.17371961 0.13721376
v 0.58714163 0.17371961 0.18725116
v 0.58714163 0.17371961 0.21264774
v 0.58714163 0.17871961 -0.00226701
v 0.58714163 0.17871961 0.12195470
v 0.58714163 0.17599040 0.12456561
v 0.58714163 0.17608112 0.12956561
v 0.58714163 0.17636776 0.13456561
v 0.58714163 0.17871961 0.18728107
v 0.58714163 0.17791396 0.21456561
v 0.58296592 0.17871961 0.21456561
v 0.58714163 0.17871961 0.21506868
v 0.58714163 0.18014107 -0.00043439
v 0.58714163 0.18371961 0.00202597
v 0.58714163 0.18371961 0.12191070
v 0.58714163 0.18371961 0.18720546
v 0.58714163 0.17946267 0.21456561
v 0.58322667 0.18371961 0.21456561
v 0.58714163 0.18371961 0.21240962
v 0.58714163 0.18871961 0.00216592
v 0.58714163 0.18871961 0.12199210
v 0.58714163 0.18871961 0.18727031
v 0.58602041 0.18871961 0.21456561
v 0.58714163 0.18871961 0.21417499
v 0.58714163 0.19371961 0.00232052
v 0.58714163 0.19164116 0.12456561
v 0.58714163 0.19371961 0.12664407
v 0.58714163 0.19371961 0.18730945
v 0.58398383 0.19371961 0.21456561
v 0.58714163 0.18916137 0.21456561
v 0.58714163 0.19371961 0.21732869
v 0.58714163 0.19871961 0.00208406
v 0.58714163 0.19871961 0.12697780
v 0.58714163 0.19871961 0.18712114
v 0.58714163 0.19871961 0.21553991
v 0.58714163 0.20371961 0.00207480
v 0.58714163 0.20130481 0.12956561
v 0.58714163 0.20149769 0.13456561
v 0.58714163 0.20127897 0.13956561
v 0.58714163 0.20128603 0.14456561
v 0.58714163 0.20138835 0.14956561
v 0.58714163 0.20142431 0.15456561
v 0.58714163 0.20128732 0.15956561
v 0.58714163 0.20110433 0.16456561
v 0.58714163 0.20125865 0.16956561
v 0.58714163 0.20131399 0.17456561
v 0.58714163 0.20127514 0.17956561
v 0.58714163 0.20116821 0.18456561
v 0.58714163 0.20371961 0.21773137
v 0.58714163 0.20755266 -0.00043439
v 0.58714163 0.20871961 -0.00148211
v 0.58714163 0.20871961 0.21482100
v 0.58714163 0.21371961 -0.00313348
v 0.58714163 0.21371961 0.21683269
v 0.58469027 0.21871961 -0.01043439
v 0.58714163 0.21743852 -0.01043439
v 0.58714163 0.21871961 -0.01191002
v 0.58441151 0.21871961 -0.00543438
v 0.58714163 0.21871961 -0.00632607
v 0.58714163 0.21871961 -0.00491466
v 0.58714163 0.21871961 0.21835941
v 0.58714163 0.22371961 -0.01124751
v 0.58714163 0.22371961 -0.00831143
v 0.58714163 0.22144689 -0.00043439
v 0.58444819 0.22371961 -0.00043439
v 0.58714163 0.22371961 0.00203864
v 0.58714163 0.22371961 0.21755008
v 0.58714163 0.22840519 -0.01043439
v 0.58689598 0.22871962 -0.01043439
v 0.58647549 0.22871961 -0.00543438
v 0.58714163 0.22871961 0.00003982
v 0.58524759 0.22871961 0.03956562
v 0.58306247 0.22871961 0.04456562
v 0.58225566 0.22871961 0.06456562
v 0.58617291 0.22871961 0.06956561
v 0.58714163 0.22871961 0.06824955
v 0.58714163 0.22756613 0.06956561
v 0.58714163 0.22724094 0.07456561
v 0.58660885 0.22871961 0.07456561
v 0.58714163 0.22871961 0.07589401
v 0.58406604 0.22871961 0.09956561
v 0.58517820 0.22871961 0.11456561
v 0.58686471 0.22871961 0.11956561
v 0.58714163 0.22871961 0.11920437
v 0.58714163 0.22856710 0.11956561
v 0.58714163 0.22779718 0.12456561
v 0.58391900 0.22871961 0.12456561
v 0.58714163 0.22871961 0.12586630
v 0.58704699 0.22871961 0.13456561
v 0.58714163 0.22871961 0.13446502
v 0.58714163 0.22865044 0.13456561
v 0.58714163 0.22871961 0.13472739
v 0.58697163 0.22871961 0.15456561
v 0.58714163 0.22871961 0.15441816
v 0.58714163 0.22854711 0.15456561
v 0.58714163 0.22871961 0.15485767
v 0.58714163 0.22871961 0.21784128
v 0.58444405 0.23371961 0.00456562
v 0.58714163 0.23371961 0.00417821
v 0.58713565 0.23371961 0.01456562
v 0.58714163 0.23371961 0.01456374
v 0.58714163 0.23371177 0.01456562
v 0.58714163 0.23371961 0.01457091
v 0.58452357 0.23371961 0.02456562
v 0.58714163 0.23371961 0.02168489
v 0.58714163 0.23144947 0.02456562
v 0.58714163 0.22941873 0.02956561
v 0.58598658 0.23371961 0.03456562
v 0.58714163 0.23371961 0.03266185
v 0.58714163 0.23371961 0.03713735
v 0.58714163 0.23239835 0.03956562
v 0.58702469 0.22897598 0.03476104
v 0.58546394 0.23371961 0.03956562
v 0.58714163 0.23154081 0.04456562
v 0.58639001 0.23371961 0.04956562
v 0.58714163 0.23371961 0.04903344
v 0.58714163 0.23371961 0.05188497
v 0.58714163 0.23319857 0.05456562
v 0.58714163 0.23108694 0.05956562
v 0.58714163 0.23113716 0.06456562
v 0.58686163 0.23371961 0.06956561
v 0.58714163 0.23371961 0.06970000
v 0.58714163 0.23193619 0.07456561
v 0.58714163 0.23371961 0.07520212
v 0.58714163 0.23082470 0.07956561
v 0.58714163 0.23125365 0.08456561
v 0.58396247 0.23371961 0.08456561
v 0.58714163 0.23336999 0.08956561
v 0.58457397 0.23371961 0.09456561
v 0.58714163 0.23371961 0.09084699
v 0.58685030 0.23371961 0.09956561
v 0.58308027 0.23371961 0.10456561
v 0.58714163 0.23299433 0.10456561
v 0.58714163 0.23371961 0.10080894
v 0.58714163 0.23371961 0.10721000
v 0.58714163 0.23371961 0.11109136
v 0.58714163 0.23054323 0.11456561
v 0.58714163 0.23334659 0.12956561
v 0.58424061 0.23371961 0.13456561
v 0.58714163 0.23199467 0.13956561
v 0.58471672 0.23371961 0.13956561
v 0.58714163 0.23371961 0.14224273
v 0.58516548 0.23371961 0.14456561
v 0.58714163 0.23371961 0.14719800
v 0.58714163 0.23290451 0.14956561
v 0.58714163 0.22937010 0.15456561
v 0.58714163 0.23371961 0.15201265
v 0.58524995 0.23371961 0.15456561
v 0.58646285 0.23371961 0.15956561
v 0.58714163 0.23371961 0.16040826
v 0.58714163 0.23307194 0.16456561
v 0.58714163 0.23371961 0.16952481
v 0.58647375 0.23371961 0.17956561
v 0.58714163 0.23371961 0.18869722
v 0.58714163 0.23289316 0.18956561
v 0.58714163 0.23371961 0.19200908
v 0.58698329 0.23371961 0.19956561
v 0.58357204 0.23371961 0.21456561
v 0.58714163 0.23371961 0.21081878
v 0.58714163 0.23245380 0.21456561
v 0.58714163 0.23728203 -0.00543438
v 0.58714163 0.23871962 -0.00640182
v 0.58714163 0.23871962 -0.00363799
v 0.58714163 0.23427038 0.00456562
v 0.58714163 0.23699541 0.00956561
v 0.58339815 0.23871962 0.00956561
v 0.58714163 0.23695080 0.01956561
v 0.58352319 0.23871962 0.02456562
v 0.58714163 0.23500969 0.03456562
v 0.58714163 0.23441315 0.04956562
v 0.58714163 0.23400804 0.07456561
v 0.58714163 0.23410935 0.09456561
v 0.58714163 0.23385111 0.09956561
v 0.58714163 0.23405845 0.10956561
v 0.58714163 0.23604250 0.14456561
v 0.58352053 0.23871961 0.15456561
v 0.58714163 0.23545593 0.15456561
v 0.58714163 0.23393206 0.15956561
v 0.58714163 0.23372850 0.16956561
v 0.58714163 0.23373018 0.17456561
v 0.58714163 0.23686024 0.17956561
v 0.58714163 0.23798292 0.18456561
v 0.58594879 0.23871961 0.19456561
v 0.58714163 0.23871961 0.19390813
v 0.58714163 0.23871961 0.19646052
v 0.58714163 0.23389692 0.19956561
v 0.58714163 0.23674330 0.20456561
v 0.58714163 0.23437860 0.20956561
v 0.58714163 0.23975063 -0.00543438
v 0.58319600 0.24371961 -0.00043439
v 0.58714163 0.23899568 0.19456561
v 0.59195314 0.05871961 0.08456561
v 0.59214163 0.05859614 0.08456561
v 0.59214163 0.05871961 0.08448189
v 0.59214163 0.05871961 0.08468168
v 0.59048272 0.05871961 0.11456561
v 0.59214163 0.05726127 0.11456561
v 0.59214163 0.05871961 0.11036355
v 0.59214163 0.05871961 0.11637540
v 0.59036016 0.05871961 0.13956561
v 0.59214163 0.05760945 0.13956561
v 0.59214163 0.05871961 0.13804229
v 0.59214163 0.05871961 0.14116392
v 0.59016077 0.05871961 0.15456561
v 0.58866519 0.05871961 0.17956561
v 0.58904747 0.06371961 0.02456562
v 0.58879668 0.06371961 0.03456562
v 0.58908269 0.06371961 0.05956562
v 0.59214163 0.06201121 0.05956562
v 0.59214163 0.06371961 0.05566516
v 0.59214163 0.06371961 0.06142928
v 0.58860555 0.06371961 0.07456561
v 0.59214163 0.05887673 0.07456561
v 0.59214163 0.06371961 0.07029551
v 0.59214163 0.06371961 0.07795963
v 0.59155645 0.06371961 0.08456561
v 0.59214163 0.06371961 0.08349748
v 0.59002154 0.06371961 0.08956561
v 0.59214163 0.06371961 0.08576803
v 0.58840969 0.06371961 0.10456561
v 0.59183693 0.06371961 0.11456561
v 0.59214163 0.06371961 0.11424687
v 0.59214163 0.06371961 0.11482644
v 0.58804080 0.06371961 0.12956561
v 0.59214163 0.05895101 0.12956561
v 0.59214163 0.06371961 0.12814825
v 0.59214163 0.06371961 0.13172824
v 0.59214163 0.06141254 0.13956561
v 0.58835826 0.06371961 0.15456561
v 0.59047496 0.06371961 0.15956561
v 0.59185800 0.06371961 0.17456561
v 0.59214163 0.06334076 0.17456561
v 0.59214163 0.06371961 0.17409873
v 0.59214163 0.06371961 0.17503108
v 0.58748357 0.06371961 0.18956561
v 0.58790457 0.06871961 0.00456562
v 0.59214163 0.06681233 0.00956561
v 0.59214163 0.06871961 0.00790421
v 0.58814289 0.06871961 0.00956561
v 0.59214163 0.06871961 0.01204597
v 0.58918582 0.06871961 0.01956561
v 0.59214163 0.06871961 0.03841608
v 0.59014016 0.06871961 0.03956562
v 0.59214163 0.06748946 0.03956562
v 0.59202271 0.06871961 0.04456562
v 0.59214163 0.06790258 0.04456562
v 0.58841060 0.06871961 0.04956562
v 0.59214163 0.06871961 0.04462575
v 0.59214163 0.06636854 0.05956562
v 0.59214163 0.06790812 0.07456561
v 0.59016167 0.06871961 0.07956561
v 0.59214163 0.06442093 0.08456561
v 0.59214163 0.06871961 0.09345864
v 0.59094382 0.06871961 0.09456561
v 0.59214163 0.06735749 0.09456561
v 0.59214163 0.06871961 0.09549512
v 0.59214163 0.06720006 0.10456561
v 0.59214163 0.06871961 0.10294936
v 0.59165391 0.06871961 0.10956561
v 0.59214163 0.06871961 0.10843805
v 0.59214163 0.06447155 0.11456561
v 0.58805358 0.06871961 0.11956561
v 0.59214163 0.06628793 0.12956561
v 0.58914777 0.06871961 0.12956561
v 0.58785321 0.06608012 0.13297895
v 0.59214163 0.06636454 0.13456561
v 0.59214163 0.06871961 0.13180389
v 0.59214163 0.06871961 0.13659940
v 0.58728582 0.06871961 0.14956561
v 0.59214163 0.06575491 0.15956561
v 0.59214163 0.06871961 0.15637714
v 0.58894847 0.06871961 0.16456561
v 0.59214163 0.06871961 0.16177972
v 0.59214163 0.06608919 0.16956561
v 0.59214163 0.06871961 0.16741765
v 0.58947940 0.06871961 0.16956561
v 0.59214163 0.06871961 0.17653680
v 0.58951375 0.06871961 0.17956561
v 0.59020199 0.06871961 0.18456561
v 0.59077235 0.06871961 0.18956561
v 0.59214163 0.06773663 0.19456561
v 0.59214163 0.06871961 0.19313260
v 0.59157031 0.06871961 0.19456561
v 0.59214163 0.06871961 0.19567407
v 0.59099468 0.06871961 0.20456561
v 0.59214163 0.07371961 0.00866627
v 0.59214163 0.07099524 0.01456562
v 0.59214163 0.07218554 0.01956561
v 0.59170549 0.07371961 0.02456562
v 0.59214163 0.07371961 0.02390929
v 0.59188562 0.07371961 0.02956561
v 0.59090899 0.07371961 0.03456562
v 0.59214163 0.07371961 0.03682474
v 0.58839297 0.07371961 0.03956562
v 0.58840301 0.07371961 0.04456562
v 0.59214163 0.07116474 0.04956562
v 0.59214163 0.07145199 0.05456562
v 0.59214163 0.07244887 0.05956562
v 0.58778797 0.07371961 0.06456562
v 0.59214163 0.07128968 0.06456562
v 0.59214163 0.07170395 0.06956561
v 0.59214163 0.07049955 0.07456561
v 0.59192531 0.07371961 0.07956561
v 0.59214163 0.07371961 0.07940648
v 0.59214163 0.07328675 0.08456561
v 0.59214163 0.07371961 0.08023392
v 0.58884814 0.07371961 0.08956561
v 0.59214163 0.07371961 0.08546668
v 0.59214163 0.07236510 0.09456561
v 0.59183911 0.07371961 0.09456561
v 0.59214163 0.07371961 0.09496950
v 0.59214163 0.07126343 0.09956561
v 0.58849604 0.07371961 0.10956561
v 0.59214163 0.06959841 0.10956561
v 0.59214163 0.07264575 0.11456561
v 0.59214163 0.07313304 0.11956561
v 0.59214163 0.06979879 0.12456561
v 0.58838552 0.07371961 0.12456561
v 0.59214163 0.07371961 0.12777803
v 0.59070727 0.07371961 0.12956561
v 0.59214163 0.07371961 0.13066564
v 0.58811840 0.07371961 0.13956561
v 0.59214163 0.07371961 0.13914043
v 0.58820696 0.07371961 0.14456561
v 0.59214163 0.07371961 0.14497737
v 0.59214163 0.07180814 0.14956561
v 0.59214163 0.07010519 0.15456561
v 0.59105936 0.07371961 0.15956561
v 0.59214163 0.07371961 0.15851062
v 0.59214163 0.07230039 0.15956561
v 0.59214163 0.07218944 0.16456561
v 0.59214163 0.07371961 0.16164895
v 0.59214163 0.07323973 0.17456561
v 0.59208999 0.07371961 0.17456561
v 0.59214163 0.07371961 0.17436086
v 0.59214163 0.07317251 0.17956561
v 0.59214163 0.07371961 0.17636533
v 0.59214163 0.07201003 0.18456561
v 0.59214163 0.07122530 0.18956561
v 0.59214163 0.07371961 0.19464755
v 0.59214163 0.07371961 0.20949376
v 0.59214163 0.07352377 0.20956561
v 0.59214163 0.07371961 0.20987886
v 0.59214163 0.07863865 0.00456562
v 0.59214163 0.07871961 0.00452309
v 0.59214163 0.07836391 0.00956561
v 0.59083650 0.07871961 0.00956561
v 0.59214163 0.07871961 0.00704008
v 0.59214163 0.07871961 0.00977071
v 0.59025978 0.07871961 0.01956561
v 0.59214163 0.07871961 0.01855564
v 0.59214163 0.07792660 0.01956561
v 0.59214163 0.07532053 0.02456562
v 0.59214163 0.07871961 0.02141614
v 0.59214163 0.07388140 0.02956561
v 0.59071294 0.07871961 0.03456562
v 0.59214163 0.07871961 0.03370202
v 0.59214163 0.07871961 0.03756736
v 0.59214163 0.07394768 0.07956561
v 0.59214163 0.07666141 0.08956561
v 0.59214163 0.07438805 0.09456561
v 0.59214163 0.07569001 0.12956561
v 0.59214163 0.07413910 0.13956561
v 0.59214163 0.07412155 0.14456561
v 0.59214163 0.07461175 0.15956561
v 0.59214163 0.07379976 0.17456561
v 0.59214163 0.07871961 0.19637758
v 0.59214163 0.07871961 0.20916631
v 0.59214163 0.07871961 0.21045995
v 0.59214163 0.07877626 0.00456562
v 0.58868684 0.08371961 0.00456562
v 0.58854738 0.08371961 0.00956561
v 0.59214163 0.08371961 0.01326036
v 0.59214163 0.07956866 0.01956561
v 0.59214163 0.07950716 0.03456562
v 0.59214163 0.08192061 0.19956561
v 0.59214163 0.08187717 0.20456561
v 0.59214163 0.08302114 0.21456561
v 0.59214163 0.08371961 0.21484275
v 0.58955446 0.08871961 0.00456562
v 0.58919909 0.08871961 0.00956561
v 0.59214163 0.08871961 0.01337301
v 0.59214163 0.08871961 0.21649505
v 0.58811869 0.09371961 -0.00543438
v 0.59214163 0.09371961 -0.00384434
v 0.59214163 0.09151361 -0.00043439
v 0.59214163 0.09153125 0.00456562
v 0.59214163 0.09173049 0.00956561
v 0.59214163 0.09371961 0.21551639
v 0.59214163 0.09871961 -0.00252171
v 0.58970769 0.09871961 0.21456561
v 0.59214163 0.09871961 0.21287744
v 0.59214163 0.09596476 0.21456561
v 0.59214163 0.10371961 -0.00230305
v 0.59214163 0.10359191 0.21456561
v 0.59214163 0.10371961 0.21463020
v 0.59214163 0.10568464 -0.00043439
v 0.58815253 0.10871961 -0.00043439
v 0.59214163 0.10871961 0.00206439
v 0.58924570 0.10871961 0.12956561
v 0.59214163 0.10871961 0.12676013
v 0.59214163 0.10595354 0.12956561
v 0.59214163 0.10594980 0.13456561
v 0.58909128 0.10871961 0.13456561
v 0.59214163 0.10579138 0.13956561
v 0.58930821 0.10871961 0.13956561
v 0.59214163 0.10621227 0.14456561
v 0.58922009 0.10871961 0.14456561
v 0.59214163 0.10612260 0.14956561
v 0.58912721 0.10871961 0.14956561
v 0.59214163 0.10580638 0.15456561
v 0.58950924 0.10871961 0.15456561
v 0.59214163 0.10622569 0.15956561
v 0.58906563 0.10871961 0.15956561
v 0.59214163 0.10616726 0.16456561
v 0.58930507 0.10871961 0.16456561
v 0.59214163 0.10622934 0.16956561
v 0.58950041 0.10871961 0.16956561
v 0.59214163 0.10612655 0.17456561
v 0.59214163 0.10616535 0.17956561
v 0.59214163 0.10611268 0.18456561
v 0.59214163 0.10871961 0.18717853
v 0.59214163 0.10871961 0.21371339
v 0.59214163 0.10394625 0.21456561
v 0.58859162 0.11371961 -0.00043439
v 0.59214163 0.11371961 0.00193051
v 0.58929482 0.11371961 0.12956561
v 0.59214163 0.11371961 0.12688147
v 0.58922259 0.11371961 0.13456561
v 0.58952738 0.11371961 0.13956561
v 0.58916055 0.11371961 0.14456561
v 0.58907393 0.11371961 0.14956561
v 0.58941822 0.11371961 0.15456561
v 0.58956164 0.11371961 0.15956561
v 0.58945397 0.11371961 0.16456561
v 0.58940366 0.11371961 0.16956561
v 0.59214163 0.11371961 0.18700719
v 0.59214163 0.11180245 0.21456561
v 0.59069698 0.11371961 0.21456561
v 0.59214163 0.11371961 0.21519500
v 0.58761491 0.11871961 -0.00043439
v 0.59214163 0.11635472 0.00456562
v 0.58959563 0.11871961 0.00456562
v 0.59214163 0.11605433 0.00956561
v 0.58949289 0.11871961 0.00956561
v 0.59214163 0.11635472 0.01456562
v 0.58939999 0.11871961 0.01456562
v 0.59214163 0.11625095 0.01956561
v 0.58940439 0.11871961 0.01956561
v 0.59214163 0.11578552 0.02456562
v 0.58933384 0.11871961 0.02456562
v 0.59214163 0.11615961 0.02956561
v 0.58925223 0.11871961 0.02956561
v 0.59214163 0.11604528 0.03456562
v 0.58927087 0.11871961 0.03456562
v 0.59214163 0.11584078 0.03956562
v 0.58929402 0.11871961 0.03956562
v 0.59214163 0.11641849 0.04456562
v 0.58923913 0.11871961 0.04456562
v 0.59214163 0.11614545 0.04956562
v 0.58941096 0.11871961 0.04956562
v 0.59214163 0.11615769 0.05456562
v 0.58926846 0.11871961 0.05456562
v 0.59214163 0.11578720 0.05956562
v 0.58921508 0.11871961 0.05956562
v 0.59214163 0.11589556 0.06456562
v 0.58928608 0.11871961 0.06456562
v 0.59214163 0.11602062 0.06956561
v 0.58933922 0.11871961 0.06956561
v 0.59214163 0.11571050 0.07456561
v 0.58931992 0.11871961 0.07456561
v 0.59214163 0.11595727 0.07956561
v 0.58879085 0.11871961 0.07956561
v 0.59214163 0.11580306 0.08456561
v 0.58941096 0.11871961 0.08456561
v 0.59214163 0.11576434 0.08956561
v 0.58913341 0.11871961 0.08956561
v 0.59214163 0.11589478 0.09456561
v 0.58913428 0.11871961 0.09456561
v 0.59214163 0.11569360 0.09956561
v 0.58913341 0.11871961 0.09956561
v 0.59214163 0.11597431 0.10456561
v 0.58908673 0.11871961 0.10456561
v 0.59214163 0.11599330 0.10956561
v 0.58939706 0.11871961 0.10956561
v 0.59214163 0.11609532 0.11456561
v 0.58895854 0.11871961 0.11456561
v 0.59214163 0.11592408 0.11956561
v 0.58947635 0.11871961 0.11956561
v 0.59214163 0.11603547 0.12456561
v 0.58930977 0.11871961 0.12456561
v 0.58918466 0.11871961 0.12956561
v 0.58932690 0.11871961 0.13456561
v 0.58914310 0.11871961 0.13956561
v 0.58940073 0.11871961 0.14456561
v 0.58942545 0.11871961 0.14956561
v 0.58943335 0.11871961 0.15456561
v 0.58946241 0.11871961 0.15956561
v 0.58948672 0.11871961 0.16456561
v 0.58951464 0.11871961 0.16956561
v 0.59214163 0.11871961 0.18713395
v 0.59214163 0.11871961 0.21759833
v 0.58939484 0.12371961 0.00456562
v 0.58942112 0.12371961 0.00956561
v 0.58931602 0.12371961 0.01456562
v 0.58964528 0.12371961 0.01956561
v 0.58936355 0.12371961 0.02456562
v 0.58953005 0.12371961 0.02956561
v 0.58954987 0.12371961 0.03456562
v 0.58926441 0.12371961 0.03956562
v 0.58915446 0.12371961 0.04456562
v 0.58905636 0.12371961 0.04956562
v 0.58940073 0.12371961 0.05456562
v 0.58958547 0.12371961 0.05956562
v 0.58894163 0.12371961 0.06456562
v 0.58934839 0.12371961 0.06956561
v 0.58913252 0.12371961 0.07456561
v 0.58927488 0.12371961 0.07956561
v 0.58906008 0.12371961 0.08456561
v 0.58945397 0.12371961 0.08956561
v 0.58913252 0.12371961 0.09456561
v 0.58921842 0.12371961 0.09956561
v 0.58911205 0.12371961 0.10456561
v 0.58908035 0.12371961 0.10956561
v 0.58933539 0.12371961 0.11456561
v 0.58898601 0.12371961 0.11956561
v 0.58947705 0.12371961 0.12456561
v 0.58932690 0.12371961 0.12956561
v 0.58924570 0.12371961 0.13456561
v 0.58942329 0.12371961 0.13956561
v 0.58944476 0.12371961 0.14456561
v 0.58937182 0.12371961 0.14956561
v 0.58941967 0.12371961 0.15456561
v 0.58936129 0.12371961 0.15956561
v 0.58931055 0.12371961 0.16456561
v 0.58956941 0.12371961 0.16956561
v 0.59214163 0.12371961 0.18719598
v 0.59214163 0.12371961 0.21524348
v 0.58950856 0.12871961 0.00456562
v 0.58929006 0.12871961 0.00956561
v 0.58954791 0.12871961 0.01456562
v 0.58950041 0.12871961 0.01956561
v 0.58930663 0.12871961 0.02456562
v 0.58932999 0.12871961 0.02956561
v 0.58934458 0.12871961 0.03456562
v 0.58930270 0.12871961 0.03956562
v 0.58932069 0.12871961 0.04456562
v 0.58920332 0.12871961 0.04956562
v 0.58927730 0.12871961 0.05456562
v 0.58924979 0.12871961 0.05956562
v 0.58926603 0.12871961 0.06456562
v 0.58917781 0.12871961 0.06956561
v 0.58931913 0.12871961 0.07456561
v 0.58899377 0.12871961 0.07956561
v 0.58910305 0.12871961 0.08456561
v 0.58914573 0.12871961 0.08956561
v 0.58939853 0.12871961 0.09456561
v 0.58932069 0.12871961 0.09956561
v 0.58908491 0.12871961 0.10456561
v 0.58925550 0.12871961 0.10956561
v 0.58916142 0.12871961 0.11456561
v 0.58932613 0.12871961 0.11956561
v 0.58945185 0.12871961 0.12456561
v 0.58943836 0.12871961 0.12956561
v 0.58940220 0.12871961 0.13456561
v 0.58947843 0.12871961 0.13956561
v 0.58945749 0.12871961 0.14456561
v 0.58925469 0.12871961 0.14956561
v 0.58939042 0.12871961 0.15456561
v 0.58936129 0.12871961 0.15956561
v 0.58941605 0.12871961 0.16456561
v 0.58941169 0.12871961 0.16956561
v 0.59214163 0.12871961 0.18706866
v 0.59214163 0.12871961 0.21588489
v 0.58946939 0.13371961 0.00456562
v 0.58961199 0.13371961 0.00956561
v 0.58950381 0.13371961 0.01456562
v 0.58929955 0.13371961 0.01956561
v 0.58944760 0.13371961 0.02456562
v 0.58912098 0.13371961 0.02956561
v 0.58956552 0.13371961 0.03456562
v 0.58939632 0.13371961 0.03956562
v 0.58918721 0.13371961 0.04456562
v 0.58915446 0.13371961 0.04956562
v 0.58943048 0.13371961 0.05456562
v 0.58922840 0.13371961 0.05956562
v 0.58947566 0.13371961 0.06456562
v 0.58945396 0.13371961 0.06956561
v 0.58931446 0.13371961 0.07456561
v 0.58908400 0.13371961 0.07956561
v 0.58891948 0.13371961 0.08456561
v 0.58925794 0.13371961 0.08956561
v 0.58901396 0.13371961 0.09456561
v 0.58866868 0.13371961 0.09956561
v 0.58898795 0.13371961 0.10456561
v 0.58896840 0.13371961 0.10956561
v 0.58933692 0.13371961 0.11456561
v 0.58940659 0.13371961 0.11956561
v 0.58927328 0.13371961 0.12456561
v 0.58940585 0.13371961 0.12956561
v 0.58920754 0.13371961 0.13456561
v 0.58942040 0.13371961 0.13956561
v 0.58943407 0.13371961 0.14456561
v 0.58943120 0.13371961 0.14956561
v 0.59214163 0.13371961 0.18709838
v 0.59214163 0.13371961 0.21578239
v 0.58960194 0.13871961 0.00456562
v 0.58955772 0.13871961 0.00956561
v 0.58948809 0.13871961 0.01456562
v 0.58947009 0.13871961 0.01956561
v 0.58921842 0.13871961 0.02456562
v 0.58937257 0.13871961 0.02956561
v 0.58936881 0.13871961 0.03456562
v 0.58926118 0.13871961 0.03956562
v 0.58921759 0.13871961 0.04456562
v 0.58919826 0.13871961 0.04956562
v 0.58907668 0.13871961 0.05456562
v 0.58921089 0.13871961 0.05956562
v 0.58915360 0.13871961 0.06456562
v 0.58928608 0.13871961 0.06956561
v 0.58913781 0.13871961 0.07456561
v 0.58946310 0.13871961 0.07956561
v 0.58929402 0.13871961 0.08456561
v 0.58942329 0.13871961 0.08956561
v 0.58924652 0.13871961 0.09456561
v 0.58934992 0.13871961 0.09956561
v 0.58908218 0.13871961 0.10456561
v 0.58931914 0.13871961 0.10956561
v 0.58924406 0.13871961 0.11456561
v 0.58925956 0.13871961 0.11956561
v 0.58930977 0.13871961 0.12456561
v 0.58940073 0.13871961 0.12956561
v 0.58930821 0.13871961 0.13456561
v 0.58928767 0.13871961 0.13956561
v 0.58923419 0.13871961 0.14456561
v 0.58933922 0.13871961 0.14956561
v 0.59214163 0.13871961 0.18717519
v 0.59214163 0.13871961 0.21553235
v 0.58955185 0.14371961 0.00456562
v 0.58931368 0.14371961 0.00956561
v 0.58933692 0.14371961 0.01456562
v 0.58934687 0.14371961 0.01956561
v 0.58944334 0.14371961 0.02456562
v 0.58934992 0.14371961 0.02956561
v 0.58920332 0.14371961 0.03456562
v 0.58917265 0.14371961 0.03956562
v 0.58917781 0.14371961 0.04456562
v 0.58927730 0.14371961 0.04956562
v 0.58916228 0.14371961 0.05456562
v 0.58929956 0.14371961 0.05956562
v 0.59214163 0.14371961 0.06244525
v 0.59214163 0.14159925 0.06456562
v 0.59214163 0.14161636 0.06956561
v 0.59214163 0.14154678 0.07456561
v 0.58924897 0.14371961 0.07956561
v 0.59214163 0.14371961 0.07673845
v 0.58894163 0.14371961 0.08456561
v 0.58943192 0.14371961 0.08956561
v 0.58921592 0.14371961 0.09456561
v 0.58956034 0.14371961 0.09956561
v 0.58933539 0.14371961 0.10456561
v 0.58950110 0.14371961 0.10956561
v 0.58938746 0.14371961 0.11456561
v 0.58895259 0.14371961 0.11956561
v 0.58931134 0.14371961 0.12456561
v 0.58941097 0.14371961 0.12956561
v 0.58940878 0.14371961 0.13456561
v 0.58933461 0.14371961 0.13956561
v 0.58924734 0.14371961 0.14456561
v 0.59214163 0.14371961 0.18736419
v 0.59214163 0.14371961 0.21286027
v 0.59214163 0.14008344 0.21456561
v 0.58944689 0.14871961 0.00456562
v 0.58944618 0.14871961 0.00956561
v 0.58936807 0.14871961 0.01456562
v 0.58926764 0.14871961 0.01956561
v 0.58944263 0.14871961 0.02456562
v 0.58929243 0.14871961 0.02956561
v 0.58926441 0.14871961 0.03456562
v 0.58959690 0.14871961 0.03956562
v 0.58925794 0.14871961 0.04456562
v 0.58936731 0.14871961 0.04956562
v 0.58936279 0.14871961 0.05456562
v 0.58919487 0.14871961 0.05956562
v 0.59214163 0.14871961 0.06221161
v 0.58913870 0.14871961 0.07956561
v 0.59214163 0.14871961 0.07680327
v 0.58896446 0.14871961 0.08456561
v 0.58910576 0.14871961 0.08956561
v 0.58924815 0.14871961 0.09456561
v 0.58943764 0.14871961 0.09956561
v 0.58920585 0.14871961 0.10456561
v 0.58926684 0.14871961 0.10956561
v 0.58942833 0.14871961 0.11456561
v 0.58902158 0.14871961 0.11956561
v 0.58935144 0.14871961 0.12456561
v 0.58943335 0.14871961 0.12956561
v 0.58929877 0.14871961 0.13456561
v 0.58939633 0.14871961 0.13956561
v 0.58934229 0.14871961 0.14456561
v 0.59214163 0.14871961 0.18717853
v 0.58811106 0.14871961 0.21456561
v 0.59214163 0.14871961 0.21253747
v 0.58953603 0.15371961 0.00456562
v 0.58939926 0.15371961 0.00956561
v 0.58956423 0.15371961 0.01456562
v 0.58943835 0.15371961 0.01956561
v 0.58925875 0.15371961 0.02456562
v 0.58936204 0.15371961 0.02956561
v 0.58912542 0.15371961 0.03456562
v 0.58914835 0.15371961 0.03956562
v 0.58925223 0.15371961 0.04456562
v 0.58933230 0.15371961 0.04956562
v 0.58914747 0.15371961 0.05456562
v 0.58913517 0.15371961 0.05956562
v 0.59214163 0.15371961 0.06254063
v 0.58919571 0.15371961 0.07956561
v 0.59214163 0.15371961 0.07687654
v 0.58917867 0.15371961 0.08456561
v 0.58899473 0.15371961 0.08956561
v 0.58955577 0.15371961 0.09456561
v 0.58910305 0.15371961 0.09956561
v 0.58929640 0.15371961 0.10456561
v 0.58943622 0.15371961 0.10956561
v 0.58933076 0.15371961 0.11456561
v 0.58940951 0.15371961 0.11956561
v 0.58940878 0.15371961 0.12456561
v 0.58968717 0.15371961 0.12956561
v 0.58952538 0.15371961 0.13456561
v 0.58946241 0.15371961 0.13956561
v 0.58957071 0.15371961 0.14456561
v 0.59214163 0.15371961 0.18716989
v 0.58867384 0.15371961 0.21456561
v 0.59214163 0.15185932 0.21456561
v 0.59214163 0.15371961 0.21678264
v 0.58903483 0.15871961 -0.00543438
v 0.58754738 0.15871961 -0.00043439
v 0.58934763 0.15871961 0.00456562
v 0.58944476 0.15871961 0.00956561
v 0.58927087 0.15871961 0.01456562
v 0.58930977 0.15871961 0.01956561
v 0.58943335 0.15871961 0.02456562
v 0.58987413 0.15871961 0.02956561
v 0.58938375 0.15871961 0.03456562
v 0.58933922 0.15871961 0.03956562
v 0.58941895 0.15871961 0.04456562
v 0.58922591 0.15871961 0.04956562
v 0.58940805 0.15871961 0.05456562
v 0.58892251 0.15871961 0.05956562
v 0.59214163 0.15574460 0.06456562
v 0.58911920 0.15871961 0.06456562
v 0.59214163 0.15633155 0.06956561
v 0.58909854 0.15871961 0.06956561
v 0.59214163 0.15603054 0.07456561
v 0.58930428 0.15871961 0.07456561
v 0.58935220 0.15871961 0.07956561
v 0.58909220 0.15871961 0.08456561
v 0.58906655 0.15871961 0.08956561
v 0.58908856 0.15871961 0.09456561
v 0.58906748 0.15871961 0.09956561
v 0.58927730 0.15871961 0.10456561
v 0.58931524 0.15871961 0.10956561
v 0.58942112 0.15871961 0.11456561
v 0.58942112 0.15871961 0.11956561
v 0.58945890 0.15871961 0.12456561
v 0.58938449 0.15871961 0.12956561
v 0.58943550 0.15871961 0.13456561
v 0.58962998 0.15871961 0.13956561
v 0.58948672 0.15871961 0.14456561
v 0.59214163 0.15871961 0.18718253
v 0.59214163 0.15871961 0.21553953
v 0.58723895 0.16371961 -0.00543438
v 0.58933768 0.16371961 -0.00043439
v 0.58962194 0.16371961 0.00456562
v 0.58938449 0.16371961 0.00956561
v 0.58928368 0.16371961 0.01456562
v 0.58953868 0.16371961 0.01956561
v 0.58938152 0.16371961 0.02456562
v 0.58947288 0.16371961 0.02956561
v 0.58957521 0.16371961 0.03456562
v 0.58914309 0.16371961 0.03956562
v 0.58938227 0.16371961 0.04456562
v 0.58904891 0.16371961 0.04956562
v 0.58917265 0.16371961 0.05456562
v 0.58912987 0.16371961 0.05956562
v 0.58929482 0.16371961 0.06456562
v 0.58938449 0.16371961 0.06956561
v 0.58919317 0.16371961 0.07456561
v 0.58928290 0.16371961 0.07956561
v 0.58929876 0.16371961 0.08456561
v 0.58931680 0.16371961 0.08956561
v 0.58921926 0.16371961 0.09456561
v 0.58905729 0.16371961 0.09956561
v 0.58937407 0.16371961 0.10456561
v 0.58915097 0.16371961 0.10956561
v 0.58915446 0.16371961 0.11456561
v 0.58936732 0.16371961 0.11956561
v 0.58949290 0.16371961 0.12456561
v 0.58936732 0.16371961 0.12956561
v 0.58943979 0.16371961 0.13456561
v 0.58955577 0.16371961 0.13956561
v 0.58933539 0.16371961 0.14456561
v 0.59214163 0.16371961 0.18773589
v 0.58770850 0.16371961 0.21456561
v 0.59214163 0.16371961 0.21276414
v 0.59214163 0.16031782 0.21456561
v 0.58882019 0.16871961 -0.00043439
v 0.58960635 0.16871961 0.00456562
v 0.58949768 0.16871961 0.00956561
v 0.58952270 0.16871961 0.01456562
v 0.58937779 0.16871961 0.01956561
v 0.58962194 0.16871961 0.02456562
v 0.58941096 0.16871961 0.02956561
v 0.58938301 0.16871961 0.03456562
v 0.58958865 0.16871961 0.03956562
v 0.58930820 0.16871961 0.04456562
v 0.58917609 0.16871961 0.04956562
v 0.58931836 0.16871961 0.05456562
v 0.58931913 0.16871961 0.05956562
v 0.58936731 0.16871961 0.06456562
v 0.58930113 0.16871961 0.06956561
v 0.58930977 0.16871961 0.07456561
v 0.58910396 0.16871961 0.07956561
v 0.58935751 0.16871961 0.08456561
v 0.58933692 0.16871961 0.08956561
v 0.58930977 0.16871961 0.09456561
v 0.58916921 0.16871961 0.09956561
v 0.58941750 0.16871961 0.10456561
v 0.58936129 0.16871961 0.10956561
v 0.58930192 0.16871961 0.11456561
v 0.58921340 0.16871961 0.11956561
v 0.58958738 0.16871961 0.12456561
v 0.58924160 0.16871961 0.12956561
v 0.58942545 0.16871961 0.13456561
v 0.59214163 0.16871961 0.18794237
v 0.59214163 0.16871961 0.21262081
v 0.58927408 0.17371961 -0.00043439
v 0.58979837 0.17371961 0.00456562
v 0.58957393 0.17371961 0.00956561
v 0.58950856 0.17371961 0.01456562
v 0.58957393 0.17371961 0.01956561
v 0.58932534 0.17371961 0.02456562
v 0.58946521 0.17371961 0.02956561
v 0.58928926 0.17371961 0.03456562
v 0.58944050 0.17371961 0.03956562
v 0.58922508 0.17371961 0.04456562
v 0.58917695 0.17371961 0.04956562
v 0.58958227 0.17371961 0.05456562
v 0.58926926 0.17371961 0.05956562
v 0.58910034 0.17371961 0.06456562
v 0.58930428 0.17371961 0.06956561
v 0.58931992 0.17371961 0.07456561
v 0.58941241 0.17371961 0.07956561
v 0.58930428 0.17371961 0.08456561
v 0.58947497 0.17371961 0.08956561
v 0.58942256 0.17371961 0.09456561
v 0.58927489 0.17371961 0.09956561
v 0.58926926 0.17371961 0.10456561
v 0.58934152 0.17371961 0.10956561
v 0.58941677 0.17371961 0.11456561
v 0.58916402 0.17371961 0.11956561
v 0.58941241 0.17371961 0.12456561
v 0.58950314 0.17371961 0.12956561
v 0.58978977 0.17371961 0.13456561
v 0.59214163 0.17371961 0.18867641
v 0.59214163 0.17371961 0.21261962
v 0.58856309 0.17871961 -0.00043439
v 0.58968952 0.17871961 0.00456562
v 0.58956034 0.17871961 0.00956561
v 0.58952337 0.17871961 0.01456562
v 0.58939558 0.17871961 0.01956561
v 0.58945396 0.17871961 0.02456562
v 0.58943622 0.17871961 0.02956561
v 0.58944972 0.17871961 0.03456562
v 0.58936505 0.17871961 0.03956562
v 0.58928767 0.17871961 0.04456562
v 0.58928049 0.17871961 0.04956562
v 0.58939263 0.17871961 0.05456562
v 0.58941895 0.17871961 0.05956562
v 0.58921005 0.17871961 0.06456562
v 0.58930977 0.17871961 0.06956561
v 0.58920079 0.17871961 0.07456561
v 0.58906748 0.17871961 0.07956561
v 0.58888877 0.17871961 0.08456561
v 0.58930270 0.17871961 0.08956561
v 0.58939411 0.17871961 0.09456561
v 0.58952671 0.17871961 0.09956561
v 0.58942040 0.17871961 0.10456561
v 0.58944972 0.17871961 0.10956561
v 0.58939926 0.17871961 0.11456561
v 0.58953072 0.17871961 0.11956561
v 0.59214163 0.17499114 0.18956561
v 0.58999239 0.17871961 0.18956561
v 0.59214163 0.17871961 0.19256147
v 0.59214163 0.17812307 0.21456561
v 0.59214163 0.17871961 0.21491753
v 0.58968127 0.18371961 0.00456562
v 0.58941967 0.18371961 0.00956561
v 0.58941387 0.18371961 0.01456562
v 0.58953338 0.18371961 0.01956561
v 0.58939632 0.18371961 0.02456562
v 0.58950992 0.18371961 0.02956561
v 0.58920417 0.18371961 0.03456562
v 0.58941895 0.18371961 0.03956562
v 0.58951262 0.18371961 0.04456562
v 0.58930899 0.18371961 0.04956562
v 0.58929876 0.18371961 0.05456562
v 0.58933615 0.18371961 0.05956562
v 0.58945819 0.18371961 0.06456562
v 0.58913693 0.18371961 0.06956561
v 0.58932999 0.18371961 0.07456561
v 0.58935296 0.18371961 0.07956561
v 0.58931914 0.18371961 0.08456561
v 0.58950653 0.18371961 0.08956561
v 0.58935448 0.18371961 0.09456561
v 0.58941967 0.18371961 0.09956561
v 0.58939190 0.18371961 0.10456561
v 0.58929403 0.18371961 0.10956561
v 0.58942833 0.18371961 0.11456561
v 0.58948672 0.18371961 0.11956561
v 0.58990666 0.18371961 0.18956561
v 0.59214163 0.18371961 0.19455949
v 0.59084689 0.18371961 0.21456561
v 0.59214163 0.18371961 0.21540441
v 0.58954132 0.18871961 0.00456562
v 0.58948534 0.18871961 0.00956561
v 0.58938745 0.18871961 0.01456562
v 0.58949084 0.18871961 0.01956561
v 0.58943120 0.18871961 0.02456562
v 0.58951599 0.18871961 0.02956561
v 0.58984772 0.18871961 0.03456562
v 0.58954396 0.18871961 0.03956562
v 0.58954132 0.18871961 0.04456562
v 0.58938449 0.18871961 0.04956562
v 0.58963551 0.18871961 0.05456562
v 0.58918295 0.18871961 0.05956562
v 0.58933307 0.18871961 0.06456562
v 0.58938376 0.18871961 0.06956561
v 0.58926522 0.18871961 0.07456561
v 0.58936279 0.18871961 0.07956561
v 0.58914222 0.18871961 0.08456561
v 0.58961011 0.18871961 0.08956561
v 0.58926280 0.18871961 0.09456561
v 0.58973335 0.18871961 0.09956561
v 0.58941023 0.18871961 0.10456561
v 0.58942329 0.18871961 0.10956561
v 0.58935448 0.18871961 0.11456561
v 0.58956812 0.18871961 0.11956561
v 0.59157587 0.18871961 0.18956561
v 0.59214163 0.18372661 0.19456561
v 0.58979147 0.18871961 0.19456561
v 0.59214163 0.18871961 0.19712697
v 0.58752602 0.18871961 0.21456561
v 0.59214163 0.18871961 0.21868841
v 0.58938672 0.19371961 0.00456562
v 0.58946870 0.19371961 0.00956561
v 0.58945043 0.19371961 0.01456562
v 0.58944618 0.19371961 0.01956561
v 0.58929085 0.19371961 0.02456562
v 0.58964285 0.19371961 0.02956561
v 0.58935751 0.19371961 0.03456562
v 0.58953404 0.19371961 0.03956562
v 0.58938894 0.19371961 0.04456562
v 0.58935826 0.19371961 0.04956562
v 0.58954923 0.19371961 0.05456562
v 0.58950653 0.19371961 0.05956562
v 0.58937257 0.19371961 0.06456562
v 0.58949973 0.19371961 0.06956561
v 0.58950517 0.19371961 0.07456561
v 0.58956877 0.19371961 0.07956561
v 0.58951194 0.19371961 0.08456561
v 0.58924078 0.19371961 0.08956561
v 0.58945255 0.19371961 0.09456561
v 0.58951532 0.19371961 0.09956561
v 0.58949084 0.19371961 0.10456561
v 0.58940000 0.19371961 0.10956561
v 0.58940951 0.19371961 0.11456561
v 0.58946800 0.19371961 0.11956561
v 0.58922009 0.19371961 0.12456561
v 0.59214163 0.19043197 0.18956561
v 0.59214163 0.19371961 0.18870507
v 0.58964877 0.19371961 0.19456561
v 0.59214163 0.19371961 0.19063119
v 0.59214163 0.19371961 0.19793973
v 0.59214163 0.19371961 0.21794642
v 0.58962318 0.19871961 0.00456562
v 0.58968599 0.19871961 0.00956561
v 0.58940292 0.19871961 0.01456562
v 0.58957843 0.19871961 0.01956561
v 0.58924652 0.19871961 0.02456562
v 0.58950177 0.19871961 0.02956561
v 0.58925631 0.19871961 0.03456562
v 0.58939338 0.19871961 0.03956562
v 0.58930192 0.19871961 0.04456562
v 0.58955250 0.19871961 0.04956562
v 0.58940073 0.19871961 0.05456562
v 0.58929323 0.19871961 0.05956562
v 0.58929402 0.19871961 0.06456562
v 0.58968599 0.19871961 0.06956561
v 0.58926361 0.19871961 0.07456561
v 0.58945114 0.19871961 0.07956561
v 0.58946940 0.19871961 0.08456561
v 0.58939116 0.19871961 0.08956561
v 0.58893963 0.19871961 0.09456561
v 0.58950721 0.19871961 0.09956561
v 0.58947982 0.19871961 0.10456561
v 0.58956488 0.19871961 0.10956561
v 0.58953736 0.19871961 0.11456561
v 0.58958227 0.19871961 0.11956561
v 0.58955382 0.19871961 0.12456561
v 0.59214163 0.19871961 0.18741559
v 0.59214163 0.19794883 0.19456561
v 0.59214163 0.19871961 0.19607907
v 0.59027300 0.19871961 0.19956561
v 0.59214163 0.19639158 0.19956561
v 0.59214163 0.19871961 0.20092643
v 0.59214163 0.19871961 0.21563692
v 0.59214163 0.20160656 0.00456562
v 0.59214163 0.20371961 0.00096917
v 0.59214163 0.20131334 0.00956561
v 0.59214163 0.20123497 0.01456562
v 0.59214163 0.20112677 0.01956561
v 0.59214163 0.20120626 0.02456562
v 0.59214163 0.20133453 0.02956561
v 0.59214163 0.20196628 0.03456562
v 0.59214163 0.20151056 0.03956562
v 0.59214163 0.20128153 0.04456562
v 0.59214163 0.20139046 0.04956562
v 0.59214163 0.20174652 0.05456562
v 0.59214163 0.20157755 0.05956562
v 0.59214163 0.20130613 0.06456562
v 0.59214163 0.20133387 0.06956561
v 0.59214163 0.20158315 0.07456561
v 0.59214163 0.20119903 0.07956561
v 0.59214163 0.20160331 0.08456561
v 0.59214163 0.20115076 0.08956561
v 0.59214163 0.20158396 0.09456561
v 0.59214163 0.20127578 0.09956561
v 0.59214163 0.20122328 0.10456561
v 0.59214163 0.20132986 0.10956561
v 0.59214163 0.20141506 0.11456561
v 0.59214163 0.20141933 0.11956561
v 0.59214163 0.20114385 0.12456561
v 0.59214163 0.20114042 0.12956561
v 0.59214163 0.20136219 0.13456561
v 0.59214163 0.20111886 0.13956561
v 0.59214163 0.20092081 0.14456561
v 0.59214163 0.20121111 0.14956561
v 0.59214163 0.20121353 0.15456561
v 0.59214163 0.20114271 0.15956561
v 0.59214163 0.20106287 0.16456561
v 0.59214163 0.20111103 0.16956561
v 0.59214163 0.20116352 0.17456561
v 0.59214163 0.20126182 0.17956561
v 0.59214163 0.20109548 0.18456561
v 0.59146240 0.20371961 0.19956561
v 0.59214163 0.20371961 0.19877614
v 0.59214163 0.20371961 0.20006591
v 0.59214163 0.20199047 0.21956561
v 0.58975613 0.20371961 0.21956561
v 0.59214163 0.20371961 0.22117356
v 0.59214163 0.20647514 -0.00043439
v 0.59214163 0.20871961 -0.00127433
v 0.59214163 0.20422407 0.19956561
v 0.59214163 0.20871961 0.21673127
v 0.59214163 0.20526958 0.21956561
v 0.59214163 0.21371961 -0.00456789
v 0.59214163 0.21371961 0.21715752
v 0.58918478 0.21871961 -0.01043439
v 0.59214163 0.21871961 -0.00805665
v 0.59214163 0.21509145 -0.00543438
v 0.58774018 0.21871961 -0.00543438
v 0.59214163 0.21871961 0.21645789
v 0.59116393 0.22371961 -0.01543438
v 0.59214163 0.22046512 -0.01543438
v 0.59214163 0.22371961 -0.01648301
v 0.59214163 0.22371961 -0.01407801
v 0.58828786 0.22371961 -0.01043439
v 0.59214163 0.22371961 -0.00784021
v 0.58865642 0.22371961 -0.00543438
v 0.58822128 0.22049951 -0.00720086
v 0.59078100 0.22371961 -0.00043439
v 0.59214163 0.22371961 0.21790842
v 0.59214163 0.22461721 -0.01543438
v 0.59214163 0.22655226 -0.00543438
v 0.59214163 0.22871962 -0.00297708
v 0.58749666 0.22871961 -0.00043439
v 0.59151208 0.22871961 0.05956562
v 0.59214163 0.22871961 0.05903031
v 0.59214163 0.22819656 0.05956562
v 0.59214163 0.22871961 0.06081657
v 0.59214163 0.22871961 0.06677144
v 0.59214163 0.22711464 0.06956561
v 0.58786773 0.22871961 0.07456561
v 0.59214163 0.22871961 0.07051571
v 0.58757274 0.22871961 0.11956561
v 0.58857604 0.22871961 0.12456561
v 0.58739710 0.22871961 0.13456561
v 0.59070891 0.22871961 0.14956561
v 0.59214163 0.22871961 0.14798730
v 0.59214163 0.22683786 0.14956561
v 0.58741356 0.22871961 0.15456561
v 0.59214163 0.22871961 0.15172488
v 0.59214163 0.22871961 0.21641513
v 0.58929807 0.23371961 -0.00543438
v 0.59214163 0.23053017 -0.00543438
v 0.59214163 0.23371961 -0.00758094
v 0.59024423 0.23371961 -0.00043439
v 0.58777655 0.23371961 0.00456562
v 0.59214163 0.23239271 0.00456562
v 0.59214163 0.23371961 0.00213736
v 0.59214163 0.23371961 0.00713771
v 0.59214163 0.23371961 0.01232653
v 0.59214163 0.23198900 0.01456562
v 0.59214163 0.23371961 0.01764172
v 0.59214163 0.23371961 0.02237951
v 0.59214163 0.23309028 0.02456562
v 0.59021315 0.23371961 0.02956561
v 0.59214163 0.23371961 0.02680762
v 0.59214163 0.23371961 0.03489681
v 0.59214163 0.22948738 0.03956562
v 0.59214163 0.23346523 0.04456562
v 0.59214163 0.23189488 0.04956562
v 0.58907403 0.23371961 0.04956562
v 0.59214163 0.23321871 0.05456562
v 0.59214163 0.23028370 0.06456562
v 0.59214163 0.23371961 0.07346935
v 0.59117211 0.23371961 0.07956561
v 0.59214163 0.23371961 0.08055603
v 0.59214163 0.23024370 0.08456561
v 0.59020190 0.23371961 0.08956561
v 0.59214163 0.23371961 0.08934949
v 0.59113413 0.23371961 0.09456561
v 0.59214163 0.23371961 0.09188540
v 0.59214163 0.23325405 0.09456561
v 0.59214163 0.23248279 0.09956561
v 0.58838495 0.23371961 0.09956561
v 0.59214163 0.23120607 0.10456561
v 0.59214163 0.23371961 0.10725208
v 0.59214163 0.23371961 0.11340980
v 0.59214163 0.23211691 0.11456561
v 0.59019282 0.23371961 0.11956561
v 0.59214163 0.23371961 0.11566520
v 0.59214163 0.23371961 0.12229598
v 0.59214163 0.23211616 0.12456561
v 0.59214163 0.23084194 0.12956561
v 0.59214163 0.23162956 0.13456561
v 0.58950836 0.23371961 0.13956561
v 0.59214163 0.23371961 0.13672653
v 0.59214163 0.23170995 0.14456561
v 0.59214163 0.23371961 0.14117473
v 0.58849220 0.23371961 0.14456561
v 0.58961759 0.23219078 0.14757497
v 0.59214163 0.23271179 0.14956561
v 0.59214163 0.23371961 0.14882720
v 0.59042989 0.23371961 0.14956561
v 0.58872817 0.23074665 0.15313018
v 0.58992668 0.23371961 0.15456561
v 0.59214163 0.23254854 0.15456561
v 0.59214163 0.23371961 0.15149322
v 0.59214163 0.23371961 0.15606380
v 0.58909170 0.23371961 0.16456561
v 0.58918326 0.23371961 0.18956561
v 0.59214163 0.23371961 0.21152570
v 0.59214163 0.23113203 0.21456561
v 0.58828727 0.23871962 -0.00543438
v 0.59214163 0.23618317 -0.00543438
v 0.59214163 0.23468910 -0.00043439
v 0.59214163 0.23871962 0.00818440
v 0.59129908 0.23871962 0.00956561
v 0.59214163 0.23871962 0.01419352
v 0.59214163 0.23407772 0.01956561
v 0.59214163 0.23467169 0.02956561
v 0.59214163 0.23381433 0.03456562
v 0.59214163 0.23398298 0.07456561
v 0.59214163 0.23417808 0.07956561
v 0.59214163 0.23381025 0.08956561
v 0.59214163 0.23439438 0.10956561
v 0.59214163 0.23443285 0.11956561
v 0.59214163 0.23695577 0.13956561
v 0.59214163 0.23438997 0.14956561
v 0.59214163 0.23504663 0.15956561
v 0.59214163 0.23652120 0.16456561
v 0.59144301 0.23871961 0.16956561
v 0.59214163 0.23871961 0.16766761
v 0.59214163 0.23871961 0.17063314
v 0.59214163 0.23500420 0.17456561
v 0.59214163 0.23378956 0.17956561
v 0.59214163 0.23730005 0.18456561
v 0.59214163 0.23685578 0.18956561
v 0.59214163 0.23871961 0.19128423
v 0.59214163 0.23871961 0.19732532
v 0.59214163 0.23756036 0.19956561
v 0.58950354 0.23871961 0.20456561
v 0.59214163 0.23871961 0.20200418
v 0.59214163 0.23871961 0.20849309
v 0.59214163 0.23800243 0.20956561
v 0.59214163 0.23894837 0.00956561
v 0.59203274 0.24371961 0.12456561
v 0.59214163 0.24308344 0.12456561
v 0.59214163 0.24371961 0.12445672
v 0.59214163 0.24371961 0.12476671
v 0.59214163 0.23931019 0.16956561
v 0.59214163 0.23932901 0.19456561
v 0.59214163 0.23924873 0.20456561
v 0.59214163 0.24393922 0.12456561
v 0.59714163 0.05827328 0.08456561
v 0.59714163 0.05871961 0.08408503
v 0.59714163 0.05871961 0.08525067
v 0.59373837 0.05871961 0.11456561
v 0.59337710 0.05871961 0.13956561
v 0.59431667 0.06371961 0.05956562
v 0.59474099 0.06371961 0.07456561
v 0.59714163 0.05926778 0.08456561
v 0.59276088 0.06371961 0.08456561
v 0.59254005 0.06371961 0.11456561
v 0.59454156 0.06371961 0.12956561
v 0.59250956 0.06371961 0.17456561
v 0.59595618 0.06871961 0.00956561
v 0.59538669 0.06871961 0.03956562
v 0.59223857 0.06871961 0.04456562
v 0.59349548 0.06871961 0.09456561
v 0.59528887 0.06871961 0.10456561
v 0.59465555 0.06871961 0.13456561
v 0.59548456 0.06871961 0.15956561
v 0.59508242 0.06871961 0.16956561
v 0.59714163 0.06871961 0.17224988
v 0.59714163 0.06701521 0.17456561
v 0.59714163 0.06871961 0.17690786
v 0.59320315 0.06871961 0.19456561
v 0.59714163 0.06758347 0.19956561
v 0.59714163 0.06871961 0.19750539
v 0.59501417 0.06871961 0.19956561
v 0.59416175 0.06871961 0.20456561
v 0.59714163 0.06753089 0.20456561
v 0.59714163 0.06871961 0.20595435
v 0.59714163 0.07037363 0.00956561
v 0.59714163 0.07371961 0.00804396
v 0.59714163 0.07367633 0.01456562
v 0.59714163 0.07347062 0.01956561
v 0.59714163 0.07371961 0.02000827
v 0.59619876 0.07371961 0.03956562
v 0.59453271 0.07371961 0.04456562
v 0.59615348 0.07371961 0.04956562
v 0.59494214 0.07371961 0.05456562
v 0.59443066 0.07371961 0.05956562
v 0.59627831 0.07371961 0.06456562
v 0.59456779 0.07371961 0.06956561
v 0.59600832 0.07371961 0.07456561
v 0.59714163 0.06958920 0.08456561
v 0.59714163 0.07371961 0.08163719
v 0.59714163 0.07371961 0.08925764
v 0.59248808 0.07371961 0.09456561
v 0.59714163 0.07371961 0.08994108
v 0.59714163 0.07047206 0.09456561
v 0.59521605 0.07371961 0.09956561
v 0.59714163 0.07371961 0.09783223
v 0.59324952 0.07371961 0.10456561
v 0.59714163 0.07124692 0.10956561
v 0.59714163 0.07371961 0.10613313
v 0.59276836 0.07371961 0.11456561
v 0.59714163 0.07371961 0.11265081
v 0.59714163 0.07371961 0.11680024
v 0.59714163 0.07128164 0.11956561
v 0.59714163 0.07004230 0.12456561
v 0.59714163 0.07371961 0.12765139
v 0.59491144 0.07371961 0.13456561
v 0.59327983 0.07371961 0.14456561
v 0.59714163 0.07265482 0.14456561
v 0.59714163 0.07371961 0.14334081
v 0.59441939 0.07371961 0.14956561
v 0.59714163 0.07371961 0.14558080
v 0.59714163 0.07371961 0.15432521
v 0.59714163 0.07348530 0.15456561
v 0.59714163 0.07371961 0.15559942
v 0.59714163 0.07371961 0.16220973
v 0.59714163 0.07208895 0.16456561
v 0.59714163 0.07215381 0.16956561
v 0.59714163 0.07371961 0.17423696
v 0.59714163 0.07354036 0.17456561
v 0.59714163 0.07371961 0.17466895
v 0.59714163 0.07067829 0.17956561
v 0.59714163 0.07193844 0.18456561
v 0.59714163 0.07222638 0.18956561
v 0.59714163 0.07077464 0.19456561
v 0.59687252 0.07371961 0.19956561
v 0.59519379 0.07371961 0.20456561
v 0.59246040 0.07371961 0.20956561
v 0.59714163 0.07371961 0.20830953
v 0.59268433 0.07871961 0.00456562
v 0.59714163 0.07871961 0.00646557
v 0.59265862 0.07842962 0.00707411
v 0.59249549 0.07871961 0.00956561
v 0.59611678 0.07871961 0.01456562
v 0.59714163 0.07871961 0.01299247
v 0.59714163 0.07397117 0.01456562
v 0.59714163 0.07871961 0.01858021
v 0.59614162 0.07871961 0.01956561
v 0.59668467 0.07871961 0.02456562
v 0.59714163 0.07871961 0.02253342
v 0.59713892 0.07871961 0.02956561
v 0.59714163 0.07630141 0.03956562
v 0.59714163 0.07871961 0.03818205
v 0.59684507 0.07871961 0.04456562
v 0.59714163 0.07871961 0.04231599
v 0.59615553 0.07871961 0.04956562
v 0.59714163 0.07871961 0.05415437
v 0.59714163 0.07859629 0.05456562
v 0.59566689 0.07871961 0.05956562
v 0.59714163 0.07871961 0.05510861
v 0.59714163 0.07871961 0.06157838
v 0.59714163 0.07595873 0.06456562
v 0.59714163 0.07508162 0.06956561
v 0.59714163 0.07460815 0.07456561
v 0.59714163 0.07744807 0.07956561
v 0.59708456 0.07871961 0.08456561
v 0.59714163 0.07871961 0.08438671
v 0.59714163 0.07867524 0.08456561
v 0.59714163 0.07871961 0.08527303
v 0.59714163 0.07645533 0.08956561
v 0.59714163 0.07669556 0.09956561
v 0.59714163 0.07585424 0.10456561
v 0.59714163 0.07811550 0.10956561
v 0.59587101 0.07871961 0.10956561
v 0.59714163 0.07871961 0.10864996
v 0.59714163 0.07559124 0.11456561
v 0.59714163 0.07871961 0.11015050
v 0.59714163 0.07867883 0.12956561
v 0.59714163 0.07755497 0.13456561
v 0.59714163 0.07656622 0.13956561
v 0.59714163 0.07756849 0.14956561
v 0.59714163 0.07468480 0.15956561
v 0.59714163 0.07392734 0.17456561
v 0.59598476 0.07871961 0.19956561
v 0.59516050 0.07871961 0.20456561
v 0.59714163 0.07611121 0.20956561
v 0.59714163 0.07737502 0.21456561
v 0.59539977 0.07871961 0.21456561
v 0.59714163 0.07871961 0.21544969
v 0.59714163 0.08371961 0.00337797
v 0.59595399 0.08371961 0.00456562
v 0.59714163 0.07987970 0.00456562
v 0.59483495 0.08371961 0.00956561
v 0.59268968 0.07888207 0.00696473
v 0.59714163 0.07958116 0.01456562
v 0.59714163 0.07881863 0.02456562
v 0.59714163 0.07872231 0.02956561
v 0.59714163 0.08005926 0.03456562
v 0.59714163 0.07912548 0.04456562
v 0.59714163 0.07946607 0.04956562
v 0.59714163 0.08088801 0.05956562
v 0.59692959 0.08371961 0.08456561
v 0.59714163 0.08371961 0.08431849
v 0.59714163 0.08371961 0.08501116
v 0.59714163 0.07945904 0.10956561
v 0.59714163 0.08371961 0.21165708
v 0.59261980 0.08371961 0.21456561
v 0.59714163 0.08001086 0.21456561
v 0.59579812 0.08871961 0.00456562
v 0.59714163 0.08871961 0.00322210
v 0.59551282 0.08871961 0.00956561
v 0.59714163 0.08387070 0.08456561
v 0.59714163 0.08633547 0.21456561
v 0.59714163 0.08871961 0.21624305
v 0.59714163 0.09169549 -0.00043439
v 0.59714163 0.09371961 -0.00221435
v 0.59418222 0.09371961 0.21456561
v 0.59714163 0.09371961 0.21258355
v 0.59714163 0.09170133 0.21456561
v 0.59714163 0.09871961 -0.00285666
v 0.59714163 0.09871961 0.21283360
v 0.59714163 0.10371961 -0.00225545
v 0.59714163 0.10189559 0.21456561
v 0.59714163 0.10371961 0.21550157
v 0.59714163 0.10572895 -0.00043439
v 0.59714163 0.10871961 0.00210782
v 0.59459139 0.10871961 0.12956561
v 0.59459139 0.10871961 0.13456561
v 0.59466255 0.10871961 0.13956561
v 0.59456587 0.10871961 0.14456561
v 0.59468700 0.10871961 0.14956561
v 0.59474061 0.10871961 0.15456561
v 0.59573272 0.10871961 0.15956561
v 0.59576128 0.10871961 0.16456561
v 0.59553968 0.10871961 0.16956561
v 0.59493945 0.10871961 0.17456561
v 0.59475521 0.10871961 0.17956561
v 0.59456932 0.10871961 0.18456561
v 0.59714163 0.10871961 0.21404422
v 0.59714163 0.10755156 0.21456561
v 0.59714163 0.11371961 0.00196824
v 0.59473535 0.11371961 0.12956561
v 0.59466815 0.11371961 0.13456561
v 0.59482718 0.11371961 0.13956561
v 0.59481317 0.11371961 0.14456561
v 0.59493106 0.11371961 0.14956561
v 0.59491896 0.11371961 0.15456561
v 0.59714163 0.11371961 0.15922534
v 0.59714163 0.11307138 0.15956561
v 0.59714163 0.11066919 0.16456561
v 0.59714163 0.11247423 0.16956561
v 0.59714163 0.11371961 0.17027784
v 0.59471709 0.11371961 0.17456561
v 0.59491896 0.11371961 0.17956561
v 0.59457741 0.11371961 0.18456561
v 0.59714163 0.10914133 0.21456561
v 0.59714163 0.11371961 0.21690130
v 0.59714163 0.11631698 0.00456562
v 0.59714163 0.11623055 0.00956561
v 0.59714163 0.11615641 0.01456562
v 0.59714163 0.11613701 0.01956561
v 0.59714163 0.11602204 0.02456562
v 0.59714163 0.11613244 0.02956561
v 0.59714163 0.11592867 0.03456562
v 0.59714163 0.11643389 0.03956562
v 0.59714163 0.11629652 0.04456562
v 0.59714163 0.11615512 0.04956562
v 0.59714163 0.11620426 0.05456562
v 0.59714163 0.11604599 0.05956562
v 0.59714163 0.11570074 0.06456562
v 0.59714163 0.11626279 0.06956561
v 0.59714163 0.11620241 0.07456561
v 0.59714163 0.11627802 0.07956561
v 0.59714163 0.11614416 0.08456561
v 0.59714163 0.11613375 0.08956561
v 0.59714163 0.11603828 0.09456561
v 0.59714163 0.11598676 0.09956561
v 0.59714163 0.11613701 0.10456561
v 0.59714163 0.11611401 0.10956561
v 0.59714163 0.11613570 0.11456561
v 0.59714163 0.11612917 0.11956561
v 0.59714163 0.11609598 0.12456561
v 0.59714163 0.11612589 0.12956561
v 0.59714163 0.11619309 0.13456561
v 0.59714163 0.11603406 0.13956561
v 0.59714163 0.11604807 0.14456561
v 0.59714163 0.11593018 0.14956561
v 0.59714163 0.11594228 0.15456561
v 0.59714163 0.11614416 0.17456561
v 0.59714163 0.11594228 0.17956561
v 0.59714163 0.11628383 0.18456561
v 0.59714163 0.11871961 0.18722190
v 0.59714163 0.11871961 0.21529397
v 0.59714163 0.12371961 0.18733842
v 0.59714163 0.12371961 0.21604554
v 0.59714163 0.12871961 0.18727390
v 0.59415209 0.12871961 0.21456561
v 0.59714163 0.12871961 0.21259128
v 0.59714163 0.12603415 0.21456561
v 0.59462105 0.13371961 0.15456561
v 0.59714163 0.13119903 0.15456561
v 0.59714163 0.13371961 0.15204503
v 0.59461268 0.13371961 0.15956561
v 0.59714163 0.13119066 0.15956561
v 0.59497663 0.13371961 0.16456561
v 0.59714163 0.13155461 0.16456561
v 0.59599053 0.13371961 0.16956561
v 0.59714163 0.13256851 0.16956561
v 0.59714163 0.13371961 0.17071672
v 0.59714163 0.13371961 0.18722604
v 0.59524667 0.13371961 0.21456561
v 0.59714163 0.13371961 0.21360437
v 0.59457509 0.13871961 0.15456561
v 0.59714163 0.13871961 0.15199906
v 0.59476592 0.13871961 0.15956561
v 0.59478285 0.13871961 0.16456561
v 0.59558712 0.13871961 0.16956561
v 0.59714163 0.13871961 0.17112012
v 0.59714163 0.13871961 0.18720818
v 0.59373045 0.13871961 0.21456561
v 0.59714163 0.13871961 0.21261367
v 0.59426199 0.14371961 0.06456562
v 0.59424488 0.14371961 0.06956561
v 0.59431446 0.14371961 0.07456561
v 0.59477064 0.14371961 0.15456561
v 0.59714163 0.14371961 0.15219463
v 0.59472488 0.14371961 0.15956561
v 0.59480969 0.14371961 0.16456561
v 0.59552564 0.14371961 0.16956561
v 0.59714163 0.14371961 0.17306598
v 0.59482578 0.14371961 0.17956561
v 0.59714163 0.14140376 0.17956561
v 0.59714163 0.14371961 0.17552398
v 0.59714163 0.14371961 0.18188148
v 0.59714163 0.14371961 0.18716592
v 0.59714163 0.14371961 0.21250211
v 0.59449563 0.14871961 0.06456562
v 0.59443550 0.14871961 0.06956561
v 0.59437928 0.14871961 0.07456561
v 0.59462345 0.14871961 0.15456561
v 0.59714163 0.14871961 0.15204744
v 0.59463190 0.14871961 0.15956561
v 0.59477605 0.14871961 0.16456561
v 0.59536378 0.14871961 0.16956561
v 0.59714163 0.14671567 0.17456561
v 0.59653979 0.14871961 0.17456561
v 0.59609530 0.14871961 0.17956561
v 0.59714163 0.14871961 0.18061194
v 0.59714163 0.14871961 0.18721503
v 0.59714163 0.14871961 0.21395751
v 0.59416661 0.15371961 0.06456562
v 0.59475357 0.15371961 0.06956561
v 0.59445255 0.15371961 0.07456561
v 0.59468700 0.15371961 0.14956561
v 0.59714163 0.15126498 0.14956561
v 0.59714163 0.15371961 0.14711097
v 0.59491220 0.15371961 0.15456561
v 0.59476324 0.15371961 0.15956561
v 0.59464775 0.15371961 0.16456561
v 0.59470998 0.15371961 0.16956561
v 0.59548421 0.15371961 0.17456561
v 0.59693116 0.15371961 0.17956561
v 0.59714163 0.15188989 0.18456561
v 0.59531191 0.15371961 0.18456561
v 0.59532108 0.15371961 0.21456561
v 0.59714163 0.15371961 0.21369437
v 0.59478626 0.15871961 0.14956561
v 0.59714163 0.15871961 0.14721025
v 0.59461268 0.15871961 0.15456561
v 0.59441114 0.15871961 0.15956561
v 0.59456473 0.15871961 0.16456561
v 0.59479999 0.15871961 0.16956561
v 0.59530897 0.15871961 0.17456561
v 0.59637522 0.15871961 0.17956561
v 0.59539139 0.15871961 0.18456561
v 0.59714163 0.15522608 0.21456561
v 0.59714163 0.15871961 0.21736423
v 0.59452414 0.16371961 0.14956561
v 0.59714163 0.16371961 0.14694812
v 0.59464468 0.16371961 0.15456561
v 0.59469398 0.16371961 0.15956561
v 0.59467253 0.16371961 0.16456561
v 0.59462828 0.16371961 0.16956561
v 0.59480483 0.16371961 0.17456561
v 0.59618627 0.16371961 0.17956561
v 0.59597253 0.16371961 0.18456561
v 0.59700151 0.16371961 0.21456561
v 0.59714163 0.16371961 0.21461705
v 0.59714163 0.16633710 0.14956561
v 0.59714163 0.16621656 0.15456561
v 0.59714163 0.16616726 0.15956561
v 0.59714163 0.16871961 0.16204383
v 0.59461985 0.16871961 0.16456561
v 0.59462225 0.16871961 0.16956561
v 0.59469716 0.16871961 0.17456561
v 0.59528853 0.16871961 0.17956561
v 0.59714163 0.16871961 0.18451413
v 0.59714163 0.16862121 0.18456561
v 0.59714163 0.16871961 0.18464295
v 0.59417059 0.16871961 0.21456561
v 0.59714163 0.16871961 0.21611833
v 0.59464407 0.17371961 0.16456561
v 0.59714163 0.17371961 0.16206805
v 0.59458089 0.17371961 0.16956561
v 0.59473864 0.17371961 0.17456561
v 0.59495792 0.17371961 0.17956561
v 0.59714163 0.16880172 0.18456561
v 0.59579943 0.17371961 0.18456561
v 0.59714163 0.17371961 0.21314733
v 0.59714163 0.17190267 0.21456561
v 0.59466255 0.17871961 0.05456562
v 0.59714163 0.17624054 0.05456562
v 0.59714163 0.17871961 0.05208654
v 0.59488546 0.17871961 0.05956562
v 0.59714163 0.17646345 0.05956562
v 0.59460553 0.17871961 0.06456562
v 0.59714163 0.17618352 0.06456562
v 0.59476391 0.17871961 0.06956561
v 0.59714163 0.17634189 0.06956561
v 0.59472880 0.17871961 0.07456561
v 0.59714163 0.17630678 0.07456561
v 0.59465821 0.17871961 0.07956561
v 0.59714163 0.17623620 0.07956561
v 0.59448918 0.17871961 0.08456561
v 0.59714163 0.17606716 0.08456561
v 0.59714163 0.17871961 0.08721807
v 0.59714163 0.17621717 0.16456561
v 0.59714163 0.17628035 0.16956561
v 0.59714163 0.17871961 0.17202125
v 0.59459727 0.17871961 0.17456561
v 0.59476056 0.17871961 0.17956561
v 0.59512967 0.17871961 0.18456561
v 0.59714163 0.17421032 0.18956561
v 0.59714163 0.17871961 0.18735034
v 0.59714163 0.17871961 0.19304484
v 0.59428339 0.17871961 0.21456561
v 0.59714163 0.17871961 0.21418260
v 0.59453751 0.18371961 0.03956562
v 0.59714163 0.18111549 0.03956562
v 0.59714163 0.18371961 0.03696150
v 0.59517840 0.18371961 0.04456562
v 0.59714163 0.18175639 0.04456562
v 0.59562758 0.18371961 0.04956562
v 0.59714163 0.18220557 0.04956562
v 0.59449781 0.18371961 0.05456562
v 0.59454426 0.18371961 0.05956562
v 0.59465698 0.18371961 0.06456562
v 0.59485565 0.18371961 0.06956561
v 0.59486866 0.18371961 0.07456561
v 0.59475454 0.18371961 0.07956561
v 0.59461268 0.18371961 0.08456561
v 0.59714163 0.18371961 0.08709457
v 0.59446996 0.18371961 0.09956561
v 0.59714163 0.18104794 0.09956561
v 0.59714163 0.18371961 0.09689394
v 0.59477945 0.18371961 0.10456561
v 0.59714163 0.18135743 0.10456561
v 0.59458322 0.18371961 0.10956561
v 0.59714163 0.18116120 0.10956561
v 0.59454991 0.18371961 0.11456561
v 0.59714163 0.18112789 0.11456561
v 0.59468257 0.18371961 0.11956561
v 0.59714163 0.18126055 0.11956561
v 0.59481945 0.18371961 0.12456561
v 0.59714163 0.18139743 0.12456561
v 0.59462948 0.18371961 0.12956561
v 0.59714163 0.18120746 0.12956561
v 0.59414398 0.18371961 0.13456561
v 0.59714163 0.18072196 0.13456561
v 0.59461985 0.18371961 0.13956561
v 0.59714163 0.18119783 0.13956561
v 0.59448489 0.18371961 0.14456561
v 0.59714163 0.18106287 0.14456561
v 0.59714163 0.18371961 0.14722236
v 0.59483495 0.18371961 0.15456561
v 0.59714163 0.18141293 0.15456561
v 0.59714163 0.18371961 0.15225892
v 0.59462586 0.18371961 0.15956561
v 0.59714163 0.18120384 0.15956561
v 0.59458788 0.18371961 0.16456561
v 0.59714163 0.18116586 0.16456561
v 0.59484206 0.18371961 0.16956561
v 0.59714163 0.18142004 0.16956561
v 0.59434378 0.18371961 0.17456561
v 0.59463069 0.18371961 0.17956561
v 0.59563830 0.18371961 0.18456561
v 0.59714163 0.18371961 0.18672000
v 0.59714163 0.18172966 0.19456561
v 0.59217012 0.18371961 0.19456561
v 0.59714163 0.18371961 0.19537059
v 0.59714163 0.18145544 0.21456561
v 0.59714163 0.18371961 0.21484384
v 0.59458089 0.18871961 0.03956562
v 0.59714163 0.18871961 0.03700487
v 0.59459845 0.18871961 0.04456562
v 0.59645366 0.18871961 0.04956562
v 0.59517121 0.18871961 0.05456562
v 0.59466069 0.18871961 0.05956562
v 0.59468257 0.18871961 0.06456562
v 0.59474194 0.18871961 0.06956561
v 0.59465205 0.18871961 0.07456561
v 0.59456244 0.18871961 0.07956561
v 0.59460553 0.18871961 0.08456561
v 0.59714163 0.18871961 0.08710171
v 0.59456015 0.18871961 0.09956561
v 0.59714163 0.18871961 0.09698413
v 0.59465143 0.18871961 0.10456561
v 0.59434757 0.18871961 0.10956561
v 0.59445523 0.18871961 0.11456561
v 0.59461506 0.18871961 0.11956561
v 0.59462466 0.18871961 0.12456561
v 0.59459256 0.18871961 0.12956561
v 0.59472488 0.18871961 0.13456561
v 0.59474656 0.18871961 0.13956561
v 0.59456932 0.18871961 0.14456561
v 0.59714163 0.18871961 0.14713792
v 0.59461268 0.18871961 0.15456561
v 0.59714163 0.18871961 0.15203666
v 0.59480622 0.18871961 0.15956561
v 0.59469971 0.18871961 0.16456561
v 0.59462948 0.18871961 0.16956561
v 0.59438626 0.18871961 0.17456561
v 0.59472619 0.18871961 0.17956561
v 0.59496413 0.18871961 0.18456561
v 0.59714163 0.18646318 0.18956561
v 0.59308264 0.18871961 0.18956561
v 0.59714163 0.18871961 0.19205714
v 0.59714163 0.18871961 0.19676626
v 0.59714163 0.18871961 0.21624723
v 0.59481108 0.19371961 0.03956562
v 0.59714163 0.19371961 0.03723506
v 0.59485277 0.19371961 0.04456562
v 0.59569780 0.19371961 0.04956562
v 0.59519470 0.19371961 0.05456562
v 0.59458438 0.19371961 0.05956562
v 0.59714163 0.19371961 0.06212286
v 0.59714163 0.19117866 0.06456562
v 0.59714163 0.19371961 0.06704144
v 0.59461745 0.19371961 0.06956561
v 0.59443656 0.19371961 0.07456561
v 0.59465574 0.19371961 0.07956561
v 0.59462345 0.19371961 0.08456561
v 0.59714163 0.19115307 0.08956561
v 0.59457509 0.19371961 0.08956561
v 0.59468257 0.19371961 0.09456561
v 0.59714163 0.19126056 0.09456561
v 0.59449999 0.19371961 0.09956561
v 0.59473732 0.19371961 0.10456561
v 0.59435139 0.19371961 0.10956561
v 0.59460317 0.19371961 0.11456561
v 0.59468320 0.19371961 0.11956561
v 0.59472033 0.19371961 0.12456561
v 0.59444172 0.19371961 0.12956561
v 0.59465637 0.19371961 0.13456561
v 0.59468257 0.19371961 0.13956561
v 0.59450108 0.19371961 0.14456561
v 0.59714163 0.19127706 0.14956561
v 0.59469907 0.19371961 0.14956561
v 0.59472554 0.19371961 0.15456561
v 0.59451640 0.19371961 0.15956561
v 0.59459962 0.19371961 0.16456561
v 0.59451420 0.19371961 0.16956561
v 0.59439218 0.19371961 0.17456561
v 0.59471644 0.19371961 0.17956561
v 0.59496646 0.19371961 0.18456561
v 0.59714163 0.19371961 0.19281346
v 0.59714163 0.19371961 0.19583701
v 0.59714163 0.19371961 0.21564561
v 0.59498686 0.19871961 0.03956562
v 0.59714163 0.19871961 0.03741085
v 0.59473798 0.19871961 0.04456562
v 0.59537804 0.19871961 0.04956562
v 0.59519198 0.19871961 0.05456562
v 0.59478012 0.19871961 0.05956562
v 0.59714163 0.19871961 0.06192712
v 0.59458904 0.19871961 0.06956561
v 0.59714163 0.19871961 0.06701303
v 0.59459609 0.19871961 0.07456561
v 0.59478012 0.19871961 0.07956561
v 0.59466878 0.19871961 0.08456561
v 0.59456932 0.19871961 0.08956561
v 0.59455900 0.19871961 0.09456561
v 0.59474194 0.19871961 0.09956561
v 0.59439813 0.19871961 0.10456561
v 0.59441718 0.19871961 0.10956561
v 0.59467190 0.19871961 0.11456561
v 0.59452414 0.19871961 0.11956561
v 0.59468068 0.19871961 0.12456561
v 0.59458555 0.19871961 0.12956561
v 0.59460435 0.19871961 0.13456561
v 0.59461268 0.19871961 0.13956561
v 0.59458671 0.19871961 0.14456561
v 0.59454089 0.19871961 0.14956561
v 0.59469589 0.19871961 0.15456561
v 0.59466380 0.19871961 0.15956561
v 0.59450762 0.19871961 0.16456561
v 0.59461865 0.19871961 0.16956561
v 0.59457278 0.19871961 0.17456561
v 0.59450325 0.19871961 0.17956561
v 0.59469461 0.19871961 0.18456561
v 0.59714163 0.19514660 0.19456561
v 0.59594019 0.19871961 0.19956561
v 0.59714163 0.19871961 0.21611137
v 0.59475324 0.20371961 -0.00043439
v 0.59714163 0.20268400 -0.00043439
v 0.59714163 0.20371961 -0.00135332
v 0.59714163 0.20180395 0.00456562
v 0.59714163 0.20124925 0.00956561
v 0.59714163 0.20108452 0.01456562
v 0.59714163 0.20116119 0.01956561
v 0.59714163 0.20123373 0.02456562
v 0.59714163 0.20164617 0.02956561
v 0.59691003 0.20371961 0.03456562
v 0.59714163 0.20371961 0.03438711
v 0.59714163 0.20371961 0.03469396
v 0.59714163 0.20128025 0.06456562
v 0.59456383 0.20371961 0.19956561
v 0.59692499 0.20371961 0.21456561
v 0.59714163 0.20371961 0.21436786
v 0.59714163 0.20301748 0.21456561
v 0.59341262 0.20371961 0.21956561
v 0.59714163 0.20871961 -0.00161624
v 0.59714163 0.20384409 0.03456562
v 0.59714163 0.20417467 0.21456561
v 0.59714163 0.20871961 0.21914535
v 0.59714163 0.21371961 -0.00419211
v 0.59714163 0.21371961 0.21792043
v 0.59655105 0.21871961 -0.01043439
v 0.59714163 0.21840666 -0.01043439
v 0.59714163 0.21871961 -0.01102753
v 0.59714163 0.21653726 -0.00543438
v 0.59714163 0.21871961 0.21678007
v 0.59714163 0.22056152 -0.01543438
v 0.59714163 0.22371962 -0.01773254
v 0.59714163 0.21956402 -0.01043439
v 0.59714163 0.22371961 -0.01182776
v 0.59714163 0.22160953 -0.00543438
v 0.59603187 0.22371961 -0.00543438
v 0.59714163 0.22371961 -0.00454941
v 0.59714163 0.22371961 0.21842385
v 0.59714163 0.22578457 -0.01543438
v 0.59714163 0.22871962 -0.00274078
v 0.59607513 0.22871961 0.04456562
v 0.59714163 0.22871961 0.03985925
v 0.59714163 0.22720878 0.04456562
v 0.59714163 0.22775787 0.04956562
v 0.59504897 0.22871961 0.04956562
v 0.59714163 0.22871961 0.05104833
v 0.59714163 0.22871961 0.05846094
v 0.59714163 0.22726830 0.05956562
v 0.59714163 0.22871961 0.06382966
v 0.59585447 0.22871961 0.06956561
v 0.59538942 0.22871961 0.08456561
v 0.59714163 0.22871961 0.08280562
v 0.59714163 0.22744218 0.08456561
v 0.59714163 0.22871961 0.08540530
v 0.59714163 0.22871961 0.14643153
v 0.59714163 0.22707342 0.14956561
v 0.59714163 0.22871961 0.15228553
v 0.59714163 0.22871961 0.21589563
v 0.59540931 0.23371961 -0.00543438
v 0.59714163 0.23222759 -0.00043439
v 0.59454121 0.23371961 -0.00043439
v 0.59426997 0.23371961 0.00456562
v 0.59714163 0.23371961 0.00186386
v 0.59714163 0.23371961 0.01410068
v 0.59714163 0.23353642 0.01456562
v 0.59714163 0.23371961 0.01493208
v 0.59359172 0.23371961 0.02456562
v 0.59714163 0.23371961 0.03646138
v 0.59714163 0.22895683 0.03956562
v 0.59714163 0.23371961 0.05253977
v 0.59440795 0.23371961 0.05456562
v 0.59714163 0.22988920 0.05956562
v 0.59441676 0.23371961 0.05956562
v 0.59714163 0.23371961 0.06438179
v 0.59714163 0.23161945 0.06456562
v 0.59714163 0.23012272 0.06956561
v 0.59714163 0.23371961 0.07244275
v 0.59315835 0.23371961 0.07956561
v 0.59714163 0.23371961 0.07557449
v 0.59714163 0.23027133 0.07956561
v 0.59714163 0.23241661 0.08956561
v 0.59263455 0.23371961 0.08956561
v 0.59714163 0.23107626 0.09456561
v 0.59435301 0.23371961 0.09956561
v 0.59714163 0.23371961 0.09703180
v 0.59410045 0.23371961 0.10456561
v 0.59459933 0.23371961 0.10956561
v 0.59714163 0.23371961 0.10774266
v 0.59714163 0.23149477 0.10956561
v 0.59350301 0.23371961 0.11456561
v 0.59714163 0.23371961 0.11237957
v 0.59361514 0.23371961 0.11956561
v 0.59714163 0.23371961 0.11576287
v 0.59714163 0.23081541 0.11956561
v 0.59714163 0.23233494 0.12456561
v 0.59635357 0.23371961 0.12956561
v 0.59714163 0.23371961 0.12757752
v 0.59520103 0.23371961 0.13456561
v 0.59646921 0.23371961 0.14456561
v 0.59362224 0.23371961 0.14956561
v 0.59714163 0.23371961 0.14593522
v 0.59428715 0.23371961 0.15456561
v 0.59714163 0.23371961 0.15220815
v 0.59509483 0.23371961 0.15956561
v 0.59714163 0.23371961 0.15682025
v 0.59714163 0.23306726 0.15956561
v 0.59714163 0.23371961 0.16293390
v 0.59240185 0.23371961 0.17956561
v 0.59714163 0.23371961 0.17861757
v 0.59714163 0.23270994 0.17956561
v 0.59714163 0.23371961 0.18172220
v 0.59522514 0.23371961 0.21456561
v 0.59714163 0.23371961 0.21785081
v 0.59714163 0.23623232 0.00456562
v 0.59714163 0.23734415 0.00956561
v 0.59458032 0.23871962 0.00956561
v 0.59714163 0.23494932 0.01956561
v 0.59714163 0.23526779 0.02456562
v 0.59714163 0.23523521 0.02956561
v 0.59701741 0.23871962 0.03456562
v 0.59714163 0.23871962 0.03424612
v 0.59714163 0.23871962 0.03500454
v 0.59714163 0.23557230 0.05456562
v 0.59714163 0.23662512 0.05956562
v 0.59714163 0.23748947 0.07456561
v 0.59714163 0.23871961 0.08380499
v 0.59710152 0.23871961 0.08456561
v 0.59714163 0.23830150 0.08456561
v 0.59714163 0.23871961 0.08471191
v 0.59714163 0.23494312 0.09956561
v 0.59714163 0.23681804 0.10456561
v 0.59714163 0.23499920 0.11456561
v 0.59714163 0.23475212 0.12956561
v 0.59714163 0.23431512 0.13456561
v 0.59260406 0.23871961 0.13956561
v 0.59714163 0.23871961 0.13656743
v 0.59386620 0.23871961 0.14456561
v 0.59714163 0.23871961 0.14759054
v 0.59714163 0.23468237 0.15456561
v 0.59455221 0.23871961 0.15956561
v 0.59714163 0.23871961 0.15679216
v 0.59714163 0.23466482 0.15956561
v 0.59530974 0.23871961 0.16456561
v 0.59714163 0.23729780 0.16956561
v 0.59714163 0.23871961 0.16623010
v 0.59386949 0.23871961 0.16956561
v 0.59714163 0.23832848 0.17456561
v 0.59714163 0.23734201 0.18456561
v 0.59714163 0.23624617 0.18956561
v 0.59714163 0.23871961 0.19339866
v 0.59468784 0.23871961 0.19956561
v 0.59714163 0.23871961 0.20533514
v 0.59714163 0.23830076 0.20956561
v 0.59714163 0.23799510 0.21456561
v 0.59614945 0.24371961 0.00456562
v 0.59714163 0.24104487 0.00456562
v 0.59714163 0.24371961 0.00320782
v 0.59714163 0.24371961 0.00768178
v 0.59714163 0.23884441 0.03456562
v 0.59714163 0.23881710 0.08456561
v 0.59258637 0.24371961 0.12456561
v 0.59714163 0.24175222 0.13956561
v 0.59714163 0.24160408 0.14456561
v 0.59714163 0.24173955 0.15956561
v 0.59714163 0.23927006 0.16456561
v 0.59579226 0.24371961 0.18956561
v 0.59714163 0.24022468 0.18956561
v 0.59714163 0.24371961 0.18547704
v 0.59714163 0.24371961 0.19182735
v 0.59714163 0.23920816 0.19456561
v 0.59714163 0.24030206 0.19956561
v 0.59714163 0.23877211 0.20456561
v 0.59714163 0.24088214 0.20956561
v 0.59714163 0.24371961 0.20921016
v 0.59701747 0.24371961 0.20956561
v 0.59714163 0.24371961 0.20983060
v 0.59682037 0.24371961 0.21956561
v 0.59714163 0.24314025 0.21956561
v 0.59714163 0.24371961 0.21891010
v 0.59714163 0.24371961 0.21988687
v 0.59714163 0.24494306 0.00456562
v 0.59714163 0.24594217 0.18956561
v 0.59714163 0.24536914 0.20956561
v 0.59714163 0.24871961 0.20988880
v 0.59500117 0.24871961 0.21456561
v 0.59714163 0.24561008 0.21456561
v 0.59714163 0.24412357 0.21956561
v 0.59714163 0.24871961 0.21701215
v 0.59651818 0.25371961 0.17456561
v 0.59714163 0.25297956 0.17456561
v 0.59714163 0.25371961 0.17394348
v 0.59714163 0.25371961 0.17499328
v 0.59609072 0.25371961 0.21456561
v 0.59714163 0.25371961 0.21268825
v 0.59714163 0.25371961 0.21611833
v 0.59714163 0.25420868 0.17456561
v 0.59714163 0.25511633 0.21456561
v 0.59758621 0.05871961 0.08456561
v 0.60035032 0.06871961 0.17456561
v 0.60033554 0.06871961 0.18956561
v 0.60214163 0.06665607 0.18956561
v 0.60214163 0.06871961 0.18805286
v 0.60214163 0.06871961 0.19203260
v 0.59846336 0.06871961 0.19956561
v 0.59822592 0.06871961 0.20456561
v 0.60083208 0.07371961 0.00956561
v 0.59729321 0.07371961 0.01456562
v 0.59758020 0.07371961 0.01956561
v 0.60112548 0.07371961 0.02956561
v 0.60214163 0.07184954 0.02956561
v 0.60214163 0.07371961 0.02777844
v 0.60214163 0.07371961 0.03085822
v 0.60214163 0.07273403 0.08456561
v 0.60214163 0.07371961 0.08231035
v 0.60214163 0.07371961 0.08764568
v 0.60069616 0.07371961 0.09456561
v 0.60067246 0.07371961 0.10956561
v 0.60021856 0.07371961 0.11956561
v 0.59971001 0.07371961 0.12456561
v 0.60214163 0.07343493 0.12956561
v 0.60214163 0.07371961 0.12917064
v 0.60156288 0.07371961 0.12956561
v 0.60158540 0.07371961 0.13456561
v 0.60214163 0.07308071 0.13456561
v 0.60214163 0.07371961 0.13584687
v 0.59921398 0.07371961 0.14456561
v 0.60214163 0.07345539 0.15456561
v 0.60214163 0.07371961 0.15420694
v 0.60214163 0.07371961 0.15525514
v 0.59821257 0.07371961 0.16456561
v 0.60214163 0.07371961 0.16881994
v 0.60214163 0.07292942 0.16956561
v 0.59812222 0.07371961 0.17456561
v 0.60214163 0.07264731 0.17456561
v 0.60214163 0.07093137 0.17956561
v 0.60065428 0.07371961 0.18456561
v 0.60214163 0.07371961 0.18399582
v 0.60214163 0.07371961 0.18605296
v 0.60214163 0.07161614 0.19456561
v 0.60214163 0.07068466 0.19956561
v 0.60214163 0.07268872 0.20456561
v 0.60214163 0.07253041 0.20956561
v 0.60083038 0.07371961 0.20956561
v 0.60205719 0.07371961 0.21456561
v 0.60214163 0.07366035 0.21456561
v 0.60214163 0.07371961 0.21461116
v 0.60214163 0.07775036 0.00956561
v 0.60214163 0.07871961 0.00888334
v 0.60214163 0.07871961 0.01025065
v 0.59779321 0.07871961 0.01956561
v 0.60214163 0.07714012 0.02956561
v 0.60214163 0.07770074 0.03956562
v 0.60214163 0.07871961 0.03532557
v 0.60214163 0.07871961 0.04396992
v 0.60104333 0.07871961 0.04956562
v 0.60214163 0.07846894 0.04956562
v 0.60214163 0.07871961 0.04593351
v 0.59740638 0.07871961 0.05456562
v 0.60214163 0.07871961 0.05031252
v 0.60028023 0.07871961 0.06456562
v 0.60140392 0.07871961 0.06956561
v 0.60214163 0.07871961 0.07189106
v 0.60214163 0.07731719 0.07456561
v 0.59867790 0.07871961 0.07956561
v 0.60214163 0.07871961 0.07570576
v 0.60214163 0.07748356 0.08456561
v 0.59830418 0.07871961 0.08956561
v 0.60214163 0.07871961 0.09359007
v 0.60214163 0.07813571 0.09456561
v 0.60214163 0.07567051 0.09956561
v 0.60214163 0.07684266 0.10456561
v 0.59833053 0.07871961 0.10956561
v 0.60214163 0.07614832 0.10956561
v 0.60214163 0.07819112 0.11456561
v 0.60032052 0.07871961 0.11956561
v 0.60214163 0.07871961 0.11657133
v 0.60157036 0.07871961 0.12456561
v 0.60214163 0.07871961 0.12507166
v 0.59919123 0.07871961 0.13456561
v 0.60214163 0.07871961 0.13290931
v 0.60214163 0.07483266 0.13456561
v 0.60100766 0.07871961 0.13956561
v 0.60214163 0.07871961 0.14195039
v 0.60214163 0.07698568 0.14456561
v 0.60007739 0.07871961 0.14956561
v 0.60214163 0.07871961 0.14694591
v 0.60214163 0.07453054 0.15456561
v 0.59920338 0.07871961 0.15456561
v 0.60214163 0.07674393 0.15956561
v 0.60214163 0.07871961 0.15735805
v 0.60214163 0.07697672 0.16456561
v 0.60214163 0.07440041 0.18456561
v 0.60214163 0.07871961 0.21481299
v 0.60214163 0.08135889 0.00456562
v 0.60214163 0.08371961 0.00377701
v 0.60214163 0.08069302 0.01456562
v 0.60214163 0.07978348 0.01956561
v 0.60214163 0.08038925 0.02456562
v 0.60214163 0.07899898 0.02956561
v 0.60214163 0.07904889 0.03456562
v 0.60214163 0.07901372 0.04456562
v 0.60214163 0.08255869 0.05456562
v 0.60214163 0.08114007 0.05956562
v 0.60214163 0.07969402 0.06456562
v 0.60214163 0.08140107 0.06956561
v 0.60214163 0.08259171 0.07956561
v 0.60214163 0.07903179 0.08456561
v 0.59735388 0.08371961 0.08456561
v 0.60214163 0.07968752 0.08956561
v 0.60214163 0.07998779 0.11956561
v 0.60214163 0.07916191 0.12456561
v 0.60214163 0.08072431 0.13456561
v 0.60214163 0.07928385 0.13956561
v 0.60122413 0.08371961 0.14956561
v 0.60214163 0.08371961 0.14805057
v 0.60214163 0.08371961 0.15149753
v 0.60214163 0.08068469 0.15456561
v 0.60214163 0.08371961 0.21452083
v 0.60214163 0.08333762 0.21456561
v 0.60214163 0.08871961 0.00356171
v 0.60214163 0.08472369 0.14956561
v 0.60154962 0.08871961 0.21456561
v 0.60214163 0.08871961 0.21398038
v 0.60214163 0.09141010 -0.00043439
v 0.60214163 0.09371961 -0.00244583
v 0.60214163 0.09371961 0.21370061
v 0.60214163 0.09871961 -0.00242345
v 0.60214163 0.09466097 0.21456561
v 0.59903876 0.09871961 0.21456561
v 0.60214163 0.09871961 0.21645444
v 0.60214163 0.10371961 -0.00286357
v 0.60214163 0.10371961 0.21529586
v 0.60214163 0.10634485 -0.00043439
v 0.60214163 0.10871961 0.00224344
v 0.59796642 0.10871961 0.21456561
v 0.60214163 0.10871961 0.21674918
v 0.60214163 0.11371961 0.00186777
v 0.60214163 0.11371961 0.15656242
v 0.60214163 0.10998035 0.15956561
v 0.60214163 0.10972546 0.16456561
v 0.60214163 0.11200131 0.16956561
v 0.60214163 0.11371961 0.17085340
v 0.60214163 0.11371961 0.21683293
v 0.60214163 0.11641745 0.00456562
v 0.60214163 0.11630565 0.00956561
v 0.60214163 0.11625333 0.01456562
v 0.60214163 0.11628035 0.01956561
v 0.60214163 0.11615126 0.02456562
v 0.60214163 0.11624379 0.02956561
v 0.60214163 0.11647793 0.03456562
v 0.60214163 0.11616790 0.03956562
v 0.60214163 0.11606332 0.04456562
v 0.60214163 0.11621042 0.04956562
v 0.60214163 0.11627220 0.05456562
v 0.60214163 0.11624499 0.05956562
v 0.60214163 0.11594454 0.06456562
v 0.60214163 0.11511398 0.06956561
v 0.60214163 0.11501350 0.07456561
v 0.60214163 0.11565191 0.07956561
v 0.60214163 0.11575922 0.08456561
v 0.60214163 0.11592180 0.08956561
v 0.60214163 0.11585767 0.09456561
v 0.60214163 0.11612326 0.09956561
v 0.60214163 0.11634154 0.10456561
v 0.60214163 0.11616726 0.10956561
v 0.60214163 0.11630680 0.11456561
v 0.60214163 0.11633600 0.11956561
v 0.60214163 0.11615255 0.12456561
v 0.60214163 0.11622448 0.12956561
v 0.60214163 0.11620981 0.13456561
v 0.60214163 0.11600918 0.13956561
v 0.60214163 0.11561752 0.14456561
v 0.60214163 0.11556399 0.14956561
v 0.60214163 0.11513731 0.15456561
v 0.60214163 0.11579640 0.17456561
v 0.60214163 0.11613506 0.17956561
v 0.60214163 0.11625214 0.18456561
v 0.60214163 0.11871961 0.18699330
v 0.60214163 0.11871961 0.21614987
v 0.60214163 0.12371961 0.18713782
v 0.60214163 0.12371961 0.21802566
v 0.60214163 0.12871961 0.18708281
v 0.60088871 0.12871961 0.21456561
v 0.60214163 0.12871961 0.21746065
v 0.60214163 0.13133586 0.15456561
v 0.60214163 0.13371961 0.15218187
v 0.60214163 0.13123991 0.15956561
v 0.60214163 0.13147749 0.16456561
v 0.60214163 0.13256057 0.16956561
v 0.60214163 0.13371961 0.17072465
v 0.60214163 0.13371961 0.18719665
v 0.59853881 0.13371961 0.21456561
v 0.60214163 0.13371961 0.21683473
v 0.60214163 0.13871961 0.15213847
v 0.60214163 0.13871961 0.17113570
v 0.60214163 0.13871961 0.18727605
v 0.60214163 0.13871961 0.21331451
v 0.60214163 0.13691100 0.21456561
v 0.60214163 0.14371961 0.15210090
v 0.60214163 0.14371961 0.17285072
v 0.60214163 0.14212783 0.17956561
v 0.60214163 0.14371961 0.17690572
v 0.60214163 0.14371961 0.18115739
v 0.60214163 0.14371961 0.18725822
v 0.60214163 0.14371961 0.21380256
v 0.60214163 0.14871961 0.15194259
v 0.60214163 0.14628126 0.17456561
v 0.60214163 0.14871961 0.18043117
v 0.60214163 0.14871961 0.18708469
v 0.60214163 0.14499804 0.21456561
v 0.59834194 0.14871961 0.21456561
v 0.60214163 0.14871961 0.21657056
v 0.60214163 0.15126434 0.14956561
v 0.60214163 0.15371961 0.14711034
v 0.60104038 0.15371961 0.17956561
v 0.60214163 0.15371961 0.17942691
v 0.60214163 0.15343974 0.17956561
v 0.60214163 0.15371961 0.17966203
v 0.60214163 0.15178456 0.18456561
v 0.60110811 0.15371961 0.21456561
v 0.60214163 0.15371961 0.21496763
v 0.60214163 0.15871961 0.14708717
v 0.60031382 0.15871961 0.17956561
v 0.60214163 0.15871961 0.17894193
v 0.60214163 0.15871961 0.18033870
v 0.60214163 0.15871961 0.21759996
v 0.60214163 0.16371961 0.14701187
v 0.60214163 0.15935820 0.17956561
v 0.59799075 0.16371961 0.21456561
v 0.60214163 0.16371961 0.21431836
v 0.60214163 0.16339253 0.21456561
v 0.60214163 0.16627336 0.14956561
v 0.60214163 0.16624976 0.15456561
v 0.60214163 0.16626162 0.15956561
v 0.60214163 0.16871961 0.16194923
v 0.59720233 0.16871961 0.18456561
v 0.60214163 0.16411868 0.21456561
v 0.60214163 0.16871961 0.21730188
v 0.60214163 0.17371961 0.16218856
v 0.60214163 0.17371961 0.21256366
v 0.60214163 0.17140436 0.21456561
v 0.60214163 0.17620023 0.05456562
v 0.60214163 0.17871961 0.05204624
v 0.60214163 0.17633653 0.05956562
v 0.60214163 0.17608232 0.06456562
v 0.60214163 0.17620989 0.06956561
v 0.60214163 0.17619663 0.07456561
v 0.60214163 0.17632322 0.07956561
v 0.60214163 0.17607039 0.08456561
v 0.60214163 0.17871961 0.08721484
v 0.60214163 0.17609666 0.16456561
v 0.60214163 0.17628035 0.16956561
v 0.60214163 0.17871961 0.17205589
v 0.60034549 0.17871961 0.18956561
v 0.60214163 0.17726981 0.21456561
v 0.59859673 0.17871961 0.21456561
v 0.59904457 0.17871961 0.21956561
v 0.60214163 0.17685953 0.21956561
v 0.60214163 0.17871961 0.22093652
v 0.60214163 0.18140094 0.03956562
v 0.60214163 0.18371961 0.03724695
v 0.60214163 0.18208637 0.04456562
v 0.60134085 0.18371961 0.04956562
v 0.60214163 0.18371961 0.04883643
v 0.60214163 0.18371961 0.05020205
v 0.60214163 0.18371961 0.08711936
v 0.60214163 0.18134863 0.09956561
v 0.60214163 0.18371961 0.09719463
v 0.60214163 0.18120143 0.10456561
v 0.60214163 0.18127897 0.10956561
v 0.60214163 0.18122205 0.11456561
v 0.60214163 0.18132124 0.11956561
v 0.60214163 0.18124551 0.12456561
v 0.60214163 0.18138976 0.12956561
v 0.60214163 0.18120746 0.13456561
v 0.60214163 0.18110212 0.13956561
v 0.60214163 0.18125615 0.14456561
v 0.60214163 0.18371961 0.14702907
v 0.60214163 0.18126308 0.15456561
v 0.60214163 0.18371961 0.15210908
v 0.60214163 0.18129377 0.15956561
v 0.60214163 0.18116004 0.16456561
v 0.60214163 0.18132720 0.16956561
v 0.59933929 0.18371961 0.18956561
v 0.59786274 0.18371961 0.19456561
v 0.60214163 0.18255898 0.21956561
v 0.60214163 0.18371961 0.21825456
v 0.60214163 0.18871961 0.03729410
v 0.59851366 0.18871961 0.04956562
v 0.60214163 0.18871961 0.04746954
v 0.60214163 0.18871961 0.05120945
v 0.60214163 0.18871961 0.08702782
v 0.60214163 0.18871961 0.09723785
v 0.60214163 0.18871961 0.14687936
v 0.60214163 0.18871961 0.15205104
v 0.59955154 0.18871961 0.19456561
v 0.60214163 0.18871961 0.21705966
v 0.60214163 0.19371961 0.03714887
v 0.60022240 0.19371961 0.04956562
v 0.60214163 0.19371961 0.04827577
v 0.60214163 0.19371961 0.05080307
v 0.60214163 0.19371961 0.06232883
v 0.60214163 0.19122812 0.06456562
v 0.60214163 0.19371961 0.06701069
v 0.60214163 0.19123003 0.08956561
v 0.60214163 0.19127069 0.09456561
v 0.60214163 0.19126182 0.14956561
v 0.59809003 0.19371961 0.19456561
v 0.60167872 0.19371961 0.21456561
v 0.60214163 0.19371961 0.21446744
v 0.60214163 0.19353658 0.21456561
v 0.60214163 0.19871961 0.03762233
v 0.60214163 0.19530178 0.04956562
v 0.60214163 0.19871961 0.06218311
v 0.60214163 0.19871961 0.06719665
v 0.60214163 0.19397493 0.21456561
v 0.60214163 0.19871961 0.21614301
v 0.60214163 0.20251854 -0.00043439
v 0.60214163 0.20371961 -0.00165863
v 0.60214163 0.20115656 0.00456562
v 0.60214163 0.20118589 0.00956561
v 0.60214163 0.20096326 0.01456562
v 0.60214163 0.20120626 0.01956561
v 0.60214163 0.20130220 0.02456562
v 0.60214163 0.20181982 0.02956561
v 0.60214163 0.20371961 0.03207461
v 0.60214163 0.20371961 0.03676160
v 0.60214163 0.20116236 0.06456562
v 0.59734656 0.20371961 0.21456561
v 0.60214163 0.20371961 0.21716875
v 0.60214163 0.20871961 -0.00186944
v 0.60214163 0.20611576 0.03456562
v 0.60214163 0.20871961 0.21700464
v 0.60214163 0.21371961 -0.00335617
v 0.60214163 0.21124618 0.21956561
v 0.59789482 0.21371961 0.21956561
v 0.60214163 0.21371961 0.22101022
v 0.60214163 0.21665625 -0.01043439
v 0.60214163 0.21871961 -0.01299945
v 0.60214163 0.21719232 -0.00543438
v 0.60214163 0.21871961 0.21697885
v 0.60214163 0.21579214 0.21956561
v 0.60214163 0.22210165 -0.01543438
v 0.60214163 0.22371962 -0.01664389
v 0.59879914 0.22058140 -0.01166742
v 0.60214163 0.22371962 -0.01249731
v 0.60214163 0.22251045 -0.01043439
v 0.60169948 0.22371961 -0.00543438
v 0.60214163 0.22371962 -0.00581174
v 0.60214163 0.22371961 0.21682532
v 0.60214163 0.22491409 -0.01543438
v 0.60214163 0.22796863 -0.01043439
v 0.60214163 0.22871962 -0.01062191
v 0.60147516 0.22871962 -0.01043439
v 0.59926408 0.22871962 -0.00543438
v 0.59912684 0.22871961 0.04456562
v 0.59846712 0.22871961 0.04956562
v 0.59794908 0.22871961 0.05956562
v 0.59806816 0.22871961 0.08456561
v 0.59922545 0.22871961 0.14956561
v 0.60214163 0.22871961 0.21747743
v 0.60214163 0.22889406 -0.01043439
v 0.60214163 0.23371961 -0.00744637
v 0.59909342 0.23371961 -0.00543438
v 0.60214163 0.23033768 -0.00043439
v 0.60214163 0.23371961 -0.00232149
v 0.60214163 0.23371961 0.00327713
v 0.59763627 0.23371961 0.01456562
v 0.59945374 0.23371961 0.01956561
v 0.60214163 0.23371961 0.01647854
v 0.60214163 0.23090809 0.01956561
v 0.60214163 0.23371961 0.02194435
v 0.59929379 0.23371961 0.02956561
v 0.60214163 0.23371961 0.02767983
v 0.60214163 0.23232370 0.02956561
v 0.60214163 0.23371961 0.03242762
v 0.60090605 0.23371961 0.03956562
v 0.59902687 0.23371961 0.04456562
v 0.59844776 0.23371961 0.04956562
v 0.59770596 0.23371961 0.06456562
v 0.59812324 0.23371961 0.06956561
v 0.59970493 0.23371961 0.07956561
v 0.59821879 0.23371961 0.08456561
v 0.60167792 0.23371961 0.08956561
v 0.60214163 0.23371961 0.09390809
v 0.60214163 0.23370212 0.09456561
v 0.60214163 0.23371961 0.09470882
v 0.60214163 0.23371961 0.10911980
v 0.60214163 0.23328001 0.10956561
v 0.60214163 0.23371961 0.11043871
v 0.59945773 0.23371961 0.11956561
v 0.59770111 0.23371961 0.12456561
v 0.59932635 0.23371961 0.14956561
v 0.59832090 0.23371961 0.15956561
v 0.59822419 0.23371961 0.17956561
v 0.60214163 0.23371961 0.21732429
v 0.60214163 0.23583053 -0.00543438
v 0.60214163 0.23518034 0.00456562
v 0.59921971 0.23871962 0.00956561
v 0.60214163 0.23871962 0.00877369
v 0.60214163 0.23871962 0.01091132
v 0.60214163 0.23567907 0.01456562
v 0.60149164 0.23871962 0.01956561
v 0.60214163 0.23730621 0.01956561
v 0.60214163 0.23871962 0.01811211
v 0.60073339 0.23694402 0.02253105
v 0.60214163 0.23788387 0.02456562
v 0.60214163 0.23871962 0.02276829
v 0.60214163 0.23657864 0.02956561
v 0.60038889 0.23662781 0.02687329
v 0.60063565 0.23871962 0.02956561
v 0.60214163 0.23871962 0.02609960
v 0.59977970 0.23871962 0.03956562
v 0.60106380 0.23871962 0.04456562
v 0.60214163 0.23871962 0.04623469
v 0.60214163 0.23598560 0.04956562
v 0.59760561 0.23871962 0.05456562
v 0.60214163 0.23871962 0.05072429
v 0.60214163 0.23871962 0.05833826
v 0.60214163 0.23601812 0.05956562
v 0.60190605 0.23871961 0.06456562
v 0.60214163 0.23871962 0.06405819
v 0.60049689 0.23871961 0.06956561
v 0.60214163 0.23762119 0.07456561
v 0.60214163 0.23871961 0.07248228
v 0.60214163 0.23871237 0.07956561
v 0.60214163 0.23871961 0.07957176
v 0.59969745 0.23871961 0.08956561
v 0.60214163 0.23382597 0.09456561
v 0.60057665 0.23871961 0.09456561
v 0.60012832 0.23871961 0.09956561
v 0.60214163 0.23871961 0.10187534
v 0.60214163 0.23758649 0.10456561
v 0.59894173 0.23871961 0.11456561
v 0.60214163 0.23871961 0.11063609
v 0.60107075 0.23871961 0.11956561
v 0.60136671 0.23871961 0.12456561
v 0.59897780 0.23871961 0.12956561
v 0.60209378 0.23871961 0.13456561
v 0.60214163 0.23619804 0.13956561
v 0.60214163 0.23871961 0.13473150
v 0.60135031 0.23871961 0.13956561
v 0.60214163 0.23701250 0.14456561
v 0.60091104 0.23871961 0.14456561
v 0.60214163 0.23871961 0.14637676
v 0.59980071 0.23871961 0.14956561
v 0.59910539 0.23871961 0.15456561
v 0.59826471 0.23871961 0.16956561
v 0.59747528 0.23871961 0.17456561
v 0.59767597 0.23871961 0.17956561
v 0.59777911 0.23871961 0.18456561
v 0.60214163 0.23871961 0.18928645
v 0.60214163 0.23850390 0.18956561
v 0.60214163 0.23871961 0.18995857
v 0.59783900 0.23871961 0.20956561
v 0.59751074 0.23871961 0.21456561
v 0.60214163 0.23871961 0.21840493
v 0.59859352 0.24371961 0.00456562
v 0.60214163 0.24371961 0.00943482
v 0.60165188 0.24371961 0.00956561
v 0.60214163 0.24371961 0.00964557
v 0.60214163 0.24066389 0.01956561
v 0.60214163 0.24371961 0.02404291
v 0.60201832 0.24371961 0.02456562
v 0.60214163 0.24248766 0.02456562
v 0.60214163 0.24113835 0.02956561
v 0.60214163 0.24371961 0.02516261
v 0.60214163 0.24004614 0.03456562
v 0.59855374 0.24371961 0.03956562
v 0.60214163 0.24371961 0.03649185
v 0.60214163 0.24371961 0.04151536
v 0.60214163 0.23935658 0.04456562
v 0.60214163 0.24371961 0.04808562
v 0.59958009 0.24371961 0.04956562
v 0.60214163 0.24076618 0.04956562
v 0.60214163 0.24371961 0.05230635
v 0.60214163 0.24239927 0.05456562
v 0.60214163 0.24371961 0.05604222
v 0.59852235 0.24371961 0.05956562
v 0.60214163 0.24009632 0.05956562
v 0.60034895 0.24371961 0.06456562
v 0.60214163 0.24371961 0.06755950
v 0.60214163 0.24157598 0.06956561
v 0.60214163 0.24371961 0.07124866
v 0.59990646 0.24371961 0.07456561
v 0.60214163 0.24034792 0.07456561
v 0.60203084 0.24371961 0.07956561
v 0.60214163 0.23891460 0.07956561
v 0.60214163 0.24371961 0.08018700
v 0.60214163 0.24284019 0.08456561
v 0.59953209 0.24371961 0.08956561
v 0.60214163 0.24371961 0.08537361
v 0.60214163 0.24371961 0.09240483
v 0.60214163 0.23993597 0.09456561
v 0.60214163 0.24290978 0.09956561
v 0.60214163 0.24309086 0.11456561
v 0.60214163 0.24371961 0.11516932
v 0.59923854 0.24371961 0.11956561
v 0.60214163 0.24371961 0.12382419
v 0.60214163 0.23950128 0.12456561
v 0.60214163 0.24371961 0.12606499
v 0.59981365 0.24371961 0.12956561
v 0.60051427 0.24371961 0.13456561
v 0.60199564 0.23887970 0.13483394
v 0.60214163 0.23961862 0.13956561
v 0.59929489 0.24371961 0.13956561
v 0.60214163 0.24119804 0.14456561
v 0.60058309 0.24371961 0.14456561
v 0.60214163 0.24371961 0.14735046
v 0.60214163 0.24214511 0.14956561
v 0.60214163 0.24371961 0.15215856
v 0.60107622 0.24371961 0.15456561
v 0.59899716 0.24371961 0.15956561
v 0.60044858 0.24371961 0.16456561
v 0.60214163 0.24371961 0.16746702
v 0.60214163 0.24220945 0.16956561
v 0.60214163 0.24232851 0.17456561
v 0.60214163 0.24371961 0.17687673
v 0.59804418 0.24371961 0.17956561
v 0.59890496 0.24371961 0.18456561
v 0.60123353 0.24371961 0.18956561
v 0.60214163 0.24371961 0.18780737
v 0.60214163 0.24211763 0.19456561
v 0.60214163 0.24182121 0.19956561
v 0.60214163 0.24199012 0.20456561
v 0.59739223 0.24371961 0.20956561
v 0.60214163 0.23971354 0.20956561
v 0.60214163 0.24189297 0.21456561
v 0.60214163 0.24371961 0.21889377
v 0.60214163 0.24257894 0.21956561
v 0.60214163 0.24371961 0.21973628
v 0.59994359 0.24871962 0.00956561
v 0.60214163 0.24871962 0.00731813
v 0.60214163 0.24871962 0.01113742
v 0.60053006 0.24871962 0.02456562
v 0.60214163 0.24871962 0.02209632
v 0.60214163 0.24557537 0.02956561
v 0.60109347 0.24871962 0.02956561
v 0.59992503 0.24871962 0.03456562
v 0.60214163 0.24581991 0.03456562
v 0.60214163 0.24871962 0.03684925
v 0.60214163 0.24618372 0.03956562
v 0.60214163 0.24871962 0.04355032
v 0.60096944 0.24871962 0.04456562
v 0.60214163 0.24800186 0.04456562
v 0.60214163 0.24538545 0.04956562
v 0.60214163 0.24871962 0.04539608
v 0.60179722 0.24871962 0.05956562
v 0.60214163 0.24871962 0.05852197
v 0.60214163 0.24871962 0.06046022
v 0.60214163 0.24639660 0.06456562
v 0.60214163 0.24871962 0.06597029
v 0.59934266 0.24871962 0.06956561
v 0.60214163 0.24487845 0.06956561
v 0.60214163 0.24871962 0.07196283
v 0.60214163 0.24548882 0.07456561
v 0.60214163 0.24435571 0.07956561
v 0.60214163 0.24668514 0.08956561
v 0.60214163 0.24670309 0.11956561
v 0.60214163 0.24714283 0.12956561
v 0.60214163 0.24596005 0.13456561
v 0.60214163 0.24871961 0.13905322
v 0.60155301 0.24871961 0.13956561
v 0.60204045 0.24871961 0.14456561
v 0.60214163 0.24536564 0.14956561
v 0.60081677 0.24871961 0.14956561
v 0.60214163 0.24455889 0.15456561
v 0.60214163 0.24871961 0.15110002
v 0.60214163 0.24597570 0.15956561
v 0.60214163 0.24498825 0.16456561
v 0.59984328 0.24871961 0.17956561
v 0.60214163 0.24871961 0.17881087
v 0.60214163 0.24871961 0.18032035
v 0.60214163 0.24477480 0.18456561
v 0.60009881 0.24871961 0.18956561
v 0.60214163 0.24871961 0.18776185
v 0.60214163 0.24474212 0.18956561
v 0.60214163 0.24871961 0.19125642
v 0.59970013 0.24871961 0.19956561
v 0.60214163 0.24512243 0.19956561
v 0.60214163 0.24871961 0.19765201
v 0.60214163 0.24871961 0.20159167
v 0.60028238 0.24871961 0.21456561
v 0.60214163 0.24445984 0.21956561
v 0.60214163 0.25029143 0.00956561
v 0.60214163 0.24991505 0.02456562
v 0.60214163 0.25204098 0.02956561
v 0.60214163 0.25289652 0.03456562
v 0.60214163 0.24929342 0.04456562
v 0.60214163 0.24897709 0.05956562
v 0.60214163 0.25066654 0.06956561
v 0.60107270 0.25371961 0.07956561
v 0.60214163 0.25005560 0.07956561
v 0.60214163 0.25371961 0.07855626
v 0.60214163 0.25371961 0.08157492
v 0.59986438 0.25371961 0.08956561
v 0.60214163 0.25069983 0.08956561
v 0.60214163 0.25371961 0.08667910
v 0.60214163 0.25371961 0.09154345
v 0.60102603 0.25371961 0.13956561
v 0.60214163 0.25371961 0.13867669
v 0.60214163 0.25371961 0.14120112
v 0.60214163 0.24894067 0.14456561
v 0.60214163 0.25371961 0.14793149
v 0.60096862 0.25371961 0.14956561
v 0.60214163 0.25371961 0.15048261
v 0.60214163 0.25325924 0.17456561
v 0.60214163 0.25371961 0.17416547
v 0.60214163 0.24949657 0.17956561
v 0.60214163 0.25371961 0.17504053
v 0.60214163 0.24992912 0.18956561
v 0.60214163 0.25132389 0.19956561
v 0.59984233 0.25371961 0.21456561
v 0.60214163 0.25569822 0.07956561
v 0.60214163 0.25871962 0.08262321
v 0.60103504 0.25871962 0.08456561
v 0.60214163 0.25674671 0.08456561
v 0.60214163 0.25536957 0.08956561
v 0.60214163 0.25871962 0.08551714
v 0.60214163 0.25460216 0.13956561
v 0.60214163 0.25501468 0.14956561
v 0.60214163 0.25405934 0.17456561
v 0.60214163 0.25970473 0.08456561
v 0.60550953 0.06871961 0.18956561
v 0.60569779 0.07371961 0.01956561
v 0.60714163 0.07304071 0.01956561
v 0.60714163 0.07371961 0.01626772
v 0.60714163 0.07371961 0.02113278
v 0.60359686 0.07371961 0.02956561
v 0.60351061 0.07371961 0.08456561
v 0.60479932 0.07371961 0.10456561
v 0.60714163 0.07183211 0.10456561
v 0.60714163 0.07371961 0.10131746
v 0.60714163 0.07371961 0.10759494
v 0.60265493 0.07371961 0.12956561
v 0.60253577 0.07371961 0.13456561
v 0.60402698 0.07371961 0.14956561
v 0.60714163 0.07022841 0.14956561
v 0.60714163 0.07371961 0.14645888
v 0.60714163 0.07250274 0.15456561
v 0.60714163 0.07371961 0.15619937
v 0.60281130 0.07371961 0.16956561
v 0.60714163 0.07371961 0.17266490
v 0.60714163 0.07189111 0.17456561
v 0.60617331 0.07371961 0.17956561
v 0.60714163 0.07371961 0.17789254
v 0.60714163 0.07371961 0.18257446
v 0.60714163 0.07170673 0.18456561
v 0.60437800 0.07371961 0.18456561
v 0.60714163 0.07037560 0.18956561
v 0.60714163 0.07102383 0.19456561
v 0.60466285 0.07371961 0.19956561
v 0.60714163 0.07371961 0.19671960
v 0.60343961 0.07371961 0.20456561
v 0.60714163 0.07371961 0.20912690
v 0.60714163 0.07321711 0.20956561
v 0.60223371 0.07371961 0.21456561
v 0.60714163 0.07371961 0.20987041
v 0.60385697 0.07871961 0.00456562
v 0.60714163 0.07741932 0.00456562
v 0.60714163 0.07871961 0.00337472
v 0.60269311 0.07871961 0.00956561
v 0.60714163 0.07871961 0.00756744
v 0.60714163 0.07554986 0.01956561
v 0.60714163 0.07871961 0.02343026
v 0.60635786 0.07871961 0.02456562
v 0.60714163 0.07777714 0.02456562
v 0.60714163 0.07871961 0.02589378
v 0.60496569 0.07871961 0.03956562
v 0.60383744 0.07871961 0.04956562
v 0.60378855 0.07871961 0.07456561
v 0.60314928 0.07871961 0.09456561
v 0.60409959 0.07871961 0.09956561
v 0.60714163 0.07787815 0.10456561
v 0.60599749 0.07871961 0.10456561
v 0.60606966 0.07871961 0.10956561
v 0.60594221 0.07871961 0.11456561
v 0.60635655 0.07871961 0.12456561
v 0.60714163 0.07863760 0.12456561
v 0.60714163 0.07871961 0.12440531
v 0.60714163 0.07871961 0.12495263
v 0.60614163 0.07871961 0.12956561
v 0.60625615 0.07871961 0.13456561
v 0.60714163 0.07841749 0.13456561
v 0.60714163 0.07871961 0.13307090
v 0.60714163 0.07871961 0.13626312
v 0.60714163 0.07865304 0.14456561
v 0.60714163 0.07871961 0.14415233
v 0.60409789 0.07871961 0.14956561
v 0.60466029 0.07871961 0.15456561
v 0.60714163 0.07587930 0.15956561
v 0.60618982 0.07871961 0.16456561
v 0.60714163 0.07871961 0.16398992
v 0.60714163 0.07871961 0.16536720
v 0.60714163 0.07688133 0.16956561
v 0.60714163 0.07659029 0.17956561
v 0.60714163 0.07663961 0.19956561
v 0.60714163 0.07796581 0.20456561
v 0.60475530 0.07871961 0.21456561
v 0.60714163 0.07871961 0.21343812
v 0.60714163 0.08371961 0.00375461
v 0.60714163 0.08138546 0.00956561
v 0.60708548 0.08371961 0.01456562
v 0.60714163 0.08371961 0.01448913
v 0.60714163 0.08371961 0.01577633
v 0.60714163 0.08335468 0.01956561
v 0.60714163 0.08371961 0.02863264
v 0.60710273 0.08371961 0.02956561
v 0.60618411 0.08371961 0.03456562
v 0.60454826 0.08371961 0.03956562
v 0.60674651 0.08371961 0.04456562
v 0.60714163 0.08371961 0.04480728
v 0.60714163 0.07952283 0.04956562
v 0.60714163 0.07967748 0.05456562
v 0.60714163 0.08052498 0.05956562
v 0.60714163 0.07909017 0.06456562
v 0.60714163 0.07915988 0.06956561
v 0.60714163 0.08190143 0.07456561
v 0.60714163 0.08370321 0.07956561
v 0.60714163 0.08022431 0.08456561
v 0.60714163 0.07992011 0.08956561
v 0.60714163 0.08049221 0.09456561
v 0.60652307 0.08371961 0.09956561
v 0.60714163 0.08371961 0.09854591
v 0.60714163 0.08371961 0.10041303
v 0.60714163 0.07963602 0.10456561
v 0.60714163 0.07987708 0.10956561
v 0.60714163 0.07927217 0.11456561
v 0.60714163 0.08123036 0.11956561
v 0.60714163 0.08073051 0.12956561
v 0.60714163 0.07945732 0.13956561
v 0.60385297 0.08371961 0.14956561
v 0.60714163 0.07918577 0.16456561
v 0.60714163 0.08371961 0.21355566
v 0.60714163 0.08871961 0.00333794
v 0.60714163 0.08375928 0.01456562
v 0.60714163 0.08387655 0.02956561
v 0.60714163 0.08459534 0.03456562
v 0.60714163 0.08562568 0.03956562
v 0.60714163 0.08398869 0.04456562
v 0.60714163 0.08442828 0.09956561
v 0.60714163 0.08453149 0.21456561
v 0.60272955 0.08871961 0.21456561
v 0.60714163 0.08871961 0.21624688
v 0.60714163 0.09342806 -0.00043439
v 0.60714163 0.09371961 -0.00066985
v 0.60633192 0.09371961 0.21456561
v 0.60714163 0.09371961 0.21471847
v 0.60714163 0.09871961 -0.00262518
v 0.60714163 0.09871961 0.21346019
v 0.60590523 0.09871961 0.21456561
v 0.60714163 0.09431987 0.21456561
v 0.60714163 0.10371961 -0.00288084
v 0.60497846 0.10371961 0.21456561
v 0.60714163 0.10371961 0.21399724
v 0.60714163 0.10602983 -0.00043439
v 0.60714163 0.10871961 0.00231166
v 0.60714163 0.10525903 0.21456561
v 0.60714163 0.10871961 0.21809066
v 0.60714163 0.11371961 0.00203546
v 0.60463754 0.11371961 0.15956561
v 0.60574074 0.11371961 0.16456561
v 0.60346176 0.11371961 0.16956561
v 0.60664635 0.11371961 0.21456561
v 0.60714163 0.11371961 0.21424234
v 0.60714163 0.11283316 0.21456561
v 0.60714163 0.11624976 0.00456562
v 0.60714163 0.11618495 0.00956561
v 0.60714163 0.11619433 0.01456562
v 0.60714163 0.11632485 0.01956561
v 0.60714163 0.11618245 0.02456562
v 0.60714163 0.11617298 0.02956561
v 0.60714163 0.11625925 0.03456562
v 0.60714163 0.11616854 0.03956562
v 0.60714163 0.11621778 0.04456562
v 0.60714163 0.11603758 0.04956562
v 0.60714163 0.11611930 0.05456562
v 0.60714163 0.11627919 0.05956562
v 0.60714163 0.11587595 0.06456562
v 0.60714163 0.11599185 0.06956561
v 0.60714163 0.11609867 0.07456561
v 0.60714163 0.11600487 0.07956561
v 0.60714163 0.11610870 0.08456561
v 0.60714163 0.11611997 0.08956561
v 0.60714163 0.11615576 0.09456561
v 0.60714163 0.11615191 0.09956561
v 0.60714163 0.11633044 0.10456561
v 0.60714163 0.11623899 0.10956561
v 0.60714163 0.11624499 0.11456561
v 0.60714163 0.11630109 0.11956561
v 0.60714163 0.11627919 0.12456561
v 0.60714163 0.11626515 0.12956561
v 0.60714163 0.11645813 0.13456561
v 0.60714163 0.11617867 0.13956561
v 0.60714163 0.11616089 0.14456561
v 0.60714163 0.11605086 0.14956561
v 0.60714163 0.11599185 0.15456561
v 0.60714163 0.11558907 0.15956561
v 0.60714163 0.11498034 0.16456561
v 0.60714163 0.11575579 0.16956561
v 0.60714163 0.11609262 0.17456561
v 0.60714163 0.11624618 0.17956561
v 0.60714163 0.11621165 0.18456561
v 0.60714163 0.11871961 0.18706073
v 0.60714163 0.11412564 0.21456561
v 0.60714163 0.11871961 0.21790269
v 0.60476862 0.12371961 0.14956561
v 0.60714163 0.12134660 0.14956561
v 0.60714163 0.12371961 0.14719261
v 0.60471256 0.12371961 0.15456561
v 0.60714163 0.12129054 0.15456561
v 0.60468006 0.12371961 0.15956561
v 0.60714163 0.12125803 0.15956561
v 0.60498529 0.12371961 0.16456561
v 0.60714163 0.12156327 0.16456561
v 0.60525599 0.12371961 0.16956561
v 0.60714163 0.12183397 0.16956561
v 0.60497506 0.12371961 0.17456561
v 0.60714163 0.12155303 0.17456561
v 0.60450653 0.12371961 0.17956561
v 0.60714163 0.12108450 0.17956561
v 0.60463555 0.12371961 0.18456561
v 0.60714163 0.12121353 0.18456561
v 0.60714163 0.12371961 0.21678247
v 0.60451861 0.12871961 0.14956561
v 0.60714163 0.12871961 0.14694259
v 0.60454651 0.12871961 0.15456561
v 0.60466256 0.12871961 0.15956561
v 0.60496024 0.12871961 0.16456561
v 0.60622864 0.12871961 0.16956561
v 0.60502370 0.12871961 0.17456561
v 0.60462225 0.12871961 0.17956561
v 0.60457510 0.12871961 0.18456561
v 0.60714163 0.12871961 0.21461040
v 0.60464468 0.13371961 0.05456562
v 0.60714163 0.13122266 0.05456562
v 0.60714163 0.13371961 0.05206866
v 0.60458788 0.13371961 0.05956562
v 0.60714163 0.13116586 0.05956562
v 0.60452302 0.13371961 0.06456562
v 0.60714163 0.13110100 0.06456562
v 0.60458554 0.13371961 0.06956561
v 0.60714163 0.13116353 0.06956561
v 0.60454201 0.13371961 0.07456561
v 0.60714163 0.13111999 0.07456561
v 0.60454878 0.13371961 0.07956561
v 0.60714163 0.13112676 0.07956561
v 0.60464713 0.13371961 0.08456561
v 0.60714163 0.13122511 0.08456561
v 0.60461506 0.13371961 0.08956561
v 0.60714163 0.13119304 0.08956561
v 0.60461625 0.13371961 0.09456561
v 0.60714163 0.13119423 0.09456561
v 0.60476660 0.13371961 0.09956561
v 0.60714163 0.13134458 0.09956561
v 0.60714163 0.13371961 0.10194064
v 0.60453415 0.13371961 0.11456561
v 0.60714163 0.13111213 0.11456561
v 0.60714163 0.13371961 0.11195813
v 0.60470612 0.13371961 0.11956561
v 0.60714163 0.13128410 0.11956561
v 0.60449890 0.13371961 0.12456561
v 0.60714163 0.13107688 0.12456561
v 0.60714163 0.13371961 0.12720834
v 0.60467440 0.13371961 0.13956561
v 0.60714163 0.13125238 0.13956561
v 0.60714163 0.13371961 0.13709838
v 0.60432221 0.13371961 0.14456561
v 0.60714163 0.13090019 0.14456561
v 0.60470355 0.13371961 0.14956561
v 0.60547714 0.13371961 0.17456561
v 0.60446784 0.13371961 0.17956561
v 0.60444898 0.13371961 0.18456561
v 0.60609791 0.13371961 0.21456561
v 0.60714163 0.13371961 0.21394012
v 0.60714163 0.12895231 0.21456561
v 0.60452524 0.13871961 0.05456562
v 0.60714163 0.13871961 0.05194923
v 0.60452524 0.13871961 0.05956562
v 0.60460435 0.13871961 0.06456562
v 0.60477877 0.13871961 0.06956561
v 0.60464285 0.13871961 0.07456561
v 0.60446573 0.13871961 0.07956561
v 0.60452969 0.13871961 0.08456561
v 0.60443862 0.13871961 0.08956561
v 0.60475588 0.13871961 0.09456561
v 0.60466193 0.13871961 0.09956561
v 0.60714163 0.13871961 0.10204531
v 0.60464713 0.13871961 0.11456561
v 0.60714163 0.13871961 0.11207112
v 0.60465513 0.13871961 0.11956561
v 0.60479105 0.13871961 0.12456561
v 0.60714163 0.13871961 0.12691619
v 0.60461865 0.13871961 0.13956561
v 0.60714163 0.13871961 0.13704263
v 0.60470483 0.13871961 0.14456561
v 0.60446996 0.13871961 0.14956561
v 0.60577156 0.13871961 0.17456561
v 0.60488253 0.13871961 0.17956561
v 0.60453751 0.13871961 0.18456561
v 0.60714163 0.13871961 0.21312007
v 0.60482717 0.14371961 0.00456562
v 0.60714163 0.14140516 0.00456562
v 0.60714163 0.14371961 0.00225117
v 0.60522225 0.14371961 0.00956561
v 0.60714163 0.14180024 0.00956561
v 0.60662009 0.14371961 0.01456562
v 0.60714163 0.14319808 0.01456562
v 0.60714163 0.14371961 0.01508716
v 0.60451860 0.14371961 0.04456562
v 0.60714163 0.14109659 0.04456562
v 0.60714163 0.14371961 0.04194258
v 0.60464652 0.14371961 0.04956562
v 0.60714163 0.14122450 0.04956562
v 0.60464897 0.14371961 0.05456562
v 0.60460199 0.14371961 0.05956562
v 0.60460791 0.14371961 0.06456562
v 0.60461387 0.14371961 0.06956561
v 0.60463432 0.14371961 0.07456561
v 0.60459609 0.14371961 0.07956561
v 0.60453976 0.14371961 0.08456561
v 0.60453639 0.14371961 0.08956561
v 0.60453751 0.14371961 0.09456561
v 0.60458904 0.14371961 0.09956561
v 0.60714163 0.14112337 0.10456561
v 0.60454539 0.14371961 0.10456561
v 0.60472163 0.14371961 0.10956561
v 0.60714163 0.14129961 0.10956561
v 0.60458438 0.14371961 0.11456561
v 0.60454539 0.14371961 0.11956561
v 0.60455672 0.14371961 0.12456561
v 0.60714163 0.14130743 0.12956561
v 0.60472945 0.14371961 0.12956561
v 0.60465143 0.14371961 0.13456561
v 0.60714163 0.14122941 0.13456561
v 0.60456358 0.14371961 0.13956561
v 0.60458671 0.14371961 0.14456561
v 0.60464898 0.14371961 0.14956561
v 0.60421788 0.14371961 0.17456561
v 0.60462105 0.14371961 0.18456561
v 0.60714163 0.14371961 0.21349187
v 0.60454088 0.14871961 0.00456562
v 0.60714163 0.14871961 0.00196487
v 0.60536176 0.14871961 0.00956561
v 0.60714163 0.14871961 0.01191027
v 0.60714163 0.14450389 0.01456562
v 0.60456702 0.14871961 0.04456562
v 0.60714163 0.14871961 0.04199100
v 0.60459374 0.14871961 0.04956562
v 0.60467440 0.14871961 0.05456562
v 0.60457624 0.14871961 0.05956562
v 0.60458671 0.14871961 0.06456562
v 0.60455559 0.14871961 0.06956561
v 0.60455104 0.14871961 0.07456561
v 0.60455331 0.14871961 0.07956561
v 0.60454538 0.14871961 0.08456561
v 0.60453528 0.14871961 0.08956561
v 0.60462707 0.14871961 0.09456561
v 0.60442023 0.14871961 0.09956561
v 0.60452414 0.14871961 0.10456561
v 0.60459022 0.14871961 0.10956561
v 0.60463555 0.14871961 0.11456561
v 0.60456817 0.14871961 0.11956561
v 0.60460910 0.14871961 0.12456561
v 0.60454314 0.14871961 0.12956561
v 0.60474061 0.14871961 0.13456561
v 0.60461149 0.14871961 0.13956561
v 0.60460199 0.14871961 0.14456561
v 0.60440712 0.14871961 0.14956561
v 0.60468257 0.14871961 0.18456561
v 0.60714163 0.14842047 0.21456561
v 0.60714163 0.14871961 0.21466619
v 0.60521301 0.15371961 -0.00043439
v 0.60714163 0.15179100 -0.00043439
v 0.60714163 0.15371961 -0.00238642
v 0.60503183 0.15371961 0.00456562
v 0.60545554 0.15371961 0.00956561
v 0.60714163 0.15371961 0.01209658
v 0.60459374 0.15371961 0.04456562
v 0.60714163 0.15371961 0.04201772
v 0.60451200 0.15371961 0.04956562
v 0.60459845 0.15371961 0.05456562
v 0.60451200 0.15371961 0.05956562
v 0.60459374 0.15371961 0.06456562
v 0.60462225 0.15371961 0.06956561
v 0.60464836 0.15371961 0.07456561
v 0.60461865 0.15371961 0.07956561
v 0.60458205 0.15371961 0.08456561
v 0.60459609 0.15371961 0.08956561
v 0.60454651 0.15371961 0.09456561
v 0.60460791 0.15371961 0.09956561
v 0.60463190 0.15371961 0.10456561
v 0.60450544 0.15371961 0.10956561
v 0.60451861 0.15371961 0.11456561
v 0.60451639 0.15371961 0.11956561
v 0.60453863 0.15371961 0.12456561
v 0.60454539 0.15371961 0.12956561
v 0.60463069 0.15371961 0.13456561
v 0.60450762 0.15371961 0.13956561
v 0.60442735 0.15371961 0.14456561
v 0.60221216 0.15371961 0.17956561
v 0.60714163 0.15371961 0.21707235
v 0.60587817 0.15871961 -0.00043439
v 0.60714163 0.15871961 -0.00181580
v 0.60486793 0.15871961 0.00456562
v 0.60522968 0.15871961 0.00956561
v 0.60714163 0.15871961 0.01147755
v 0.60518653 0.15871961 0.02456562
v 0.60714163 0.15676451 0.02456562
v 0.60714163 0.15871961 0.02173522
v 0.60464224 0.15871961 0.02956561
v 0.60714163 0.15622022 0.02956561
v 0.60456472 0.15871961 0.03456562
v 0.60714163 0.15614271 0.03456562
v 0.60714163 0.15871961 0.03714252
v 0.60470099 0.15871961 0.04456562
v 0.60714163 0.15871961 0.04212498
v 0.60456702 0.15871961 0.04956562
v 0.60454088 0.15871961 0.05456562
v 0.60458438 0.15871961 0.05956562
v 0.60470419 0.15871961 0.06456562
v 0.60465082 0.15871961 0.06956561
v 0.60466131 0.15871961 0.07456561
v 0.60468383 0.15871961 0.07956561
v 0.60455787 0.15871961 0.08456561
v 0.60457048 0.15871961 0.08956561
v 0.60477267 0.15871961 0.09456561
v 0.60461985 0.15871961 0.09956561
v 0.60447740 0.15871961 0.10456561
v 0.60449025 0.15871961 0.10956561
v 0.60465082 0.15871961 0.11456561
v 0.60453863 0.15871961 0.11956561
v 0.60469398 0.15871961 0.12456561
v 0.60460910 0.15871961 0.12956561
v 0.60465822 0.15871961 0.13456561
v 0.60463919 0.15871961 0.13956561
v 0.60450762 0.15871961 0.14456561
v 0.60264819 0.15871961 0.17956561
v 0.60714163 0.15871961 0.21767728
v 0.60499241 0.16371961 -0.00043439
v 0.60714163 0.16371961 -0.00266367
v 0.60477469 0.16371961 0.00456562
v 0.60486214 0.16371961 0.00956561
v 0.60714163 0.16371961 0.01184510
v 0.60618706 0.16371961 0.02456562
v 0.60714163 0.16371961 0.02157983
v 0.60464285 0.16371961 0.02956561
v 0.60462225 0.16371961 0.03456562
v 0.60714163 0.16371961 0.03708499
v 0.60472683 0.16371961 0.04456562
v 0.60714163 0.16371961 0.04215082
v 0.60459022 0.16371961 0.04956562
v 0.60460791 0.16371961 0.05456562
v 0.60458671 0.16371961 0.05956562
v 0.60451530 0.16371961 0.06456562
v 0.60469398 0.16371961 0.06956561
v 0.60461625 0.16371961 0.07456561
v 0.60454878 0.16371961 0.07956561
v 0.60481876 0.16371961 0.08456561
v 0.60472423 0.16371961 0.08956561
v 0.60470035 0.16371961 0.09456561
v 0.60475055 0.16371961 0.09956561
v 0.60463798 0.16371961 0.10456561
v 0.60486214 0.16371961 0.10956561
v 0.60474127 0.16371961 0.11456561
v 0.60465451 0.16371961 0.11956561
v 0.60472554 0.16371961 0.12456561
v 0.60471449 0.16371961 0.12956561
v 0.60462828 0.16371961 0.13456561
v 0.60476592 0.16371961 0.13956561
v 0.60451861 0.16371961 0.14456561
v 0.60239325 0.16371961 0.21456561
v 0.60714163 0.16371961 0.21694034
v 0.60556352 0.16871961 -0.00043439
v 0.60714163 0.16871961 -0.00219750
v 0.60714163 0.16871961 0.00114373
v 0.60714163 0.16608655 0.00456562
v 0.60714163 0.16599910 0.00956561
v 0.60554024 0.16871961 0.01956561
v 0.60714163 0.16498220 0.01956561
v 0.60714163 0.16871961 0.01796421
v 0.60714163 0.16871961 0.02276946
v 0.60714163 0.16607866 0.02456562
v 0.60714163 0.16871961 0.02589551
v 0.60503346 0.16871961 0.02956561
v 0.60446996 0.16871961 0.03456562
v 0.60714163 0.16690964 0.03956562
v 0.60533166 0.16871961 0.03956562
v 0.60578836 0.16871961 0.04456562
v 0.60461387 0.16871961 0.04956562
v 0.60458904 0.16871961 0.05456562
v 0.60468320 0.16871961 0.05956562
v 0.60466379 0.16871961 0.06456562
v 0.60469334 0.16871961 0.06956561
v 0.60466007 0.16871961 0.07456561
v 0.60469143 0.16871961 0.07956561
v 0.60474856 0.16871961 0.08456561
v 0.60480414 0.16871961 0.08956561
v 0.60501078 0.16871961 0.09456561
v 0.60470099 0.16871961 0.09956561
v 0.60485493 0.16871961 0.10456561
v 0.60478489 0.16871961 0.10956561
v 0.60479037 0.16871961 0.11456561
v 0.60484776 0.16871961 0.11956561
v 0.60480068 0.16871961 0.12456561
v 0.60481456 0.16871961 0.12956561
v 0.60490621 0.16871961 0.13456561
v 0.60482016 0.16871961 0.13956561
v 0.60467629 0.16871961 0.14456561
v 0.60473864 0.16871961 0.14956561
v 0.60468383 0.16871961 0.15456561
v 0.60489284 0.16871961 0.15956561
v 0.60714163 0.16871961 0.21591661
v 0.60551671 0.17371961 -0.00043439
v 0.60714163 0.17371961 -0.00215276
v 0.60714163 0.17371961 0.00119053
v 0.60559934 0.17371961 0.01956561
v 0.60714163 0.17371961 0.01802332
v 0.60714163 0.17192649 0.02456562
v 0.60649815 0.17371961 0.02456562
v 0.60484847 0.17371961 0.02956561
v 0.60460198 0.17371961 0.03456562
v 0.60493639 0.17371961 0.03956562
v 0.60680439 0.17371961 0.04456562
v 0.60483000 0.17371961 0.04956562
v 0.60476055 0.17371961 0.05456562
v 0.60452635 0.17371961 0.05956562
v 0.60471062 0.17371961 0.06456562
v 0.60476727 0.17371961 0.06956561
v 0.60472423 0.17371961 0.07456561
v 0.60477334 0.17371961 0.07956561
v 0.60481108 0.17371961 0.08456561
v 0.60493639 0.17371961 0.08956561
v 0.60490173 0.17371961 0.09456561
v 0.60505155 0.17371961 0.09956561
v 0.60491144 0.17371961 0.10456561
v 0.60495636 0.17371961 0.10956561
v 0.60470548 0.17371961 0.11456561
v 0.60472423 0.17371961 0.11956561
v 0.60484562 0.17371961 0.12456561
v 0.60493334 0.17371961 0.12956561
v 0.60482016 0.17371961 0.13456561
v 0.60477673 0.17371961 0.13956561
v 0.60480483 0.17371961 0.14456561
v 0.60483495 0.17371961 0.14956561
v 0.60475722 0.17371961 0.15456561
v 0.60488034 0.17371961 0.15956561
v 0.60398256 0.17371961 0.21456561
v 0.60714163 0.17371961 0.21708164
v 0.60519015 0.17871961 -0.00043439
v 0.60714163 0.17871961 -0.00243591
v 0.60714163 0.17643220 0.00456562
v 0.60485421 0.17871961 0.00456562
v 0.60453751 0.17871961 0.00956561
v 0.60714163 0.17611549 0.00956561
v 0.60471191 0.17871961 0.01456562
v 0.60714163 0.17628990 0.01456562
v 0.60714163 0.17526190 0.01956561
v 0.60714163 0.17871961 0.01699533
v 0.60714163 0.17436310 0.02456562
v 0.60714163 0.17601277 0.02956561
v 0.60714163 0.17625926 0.03456562
v 0.60714163 0.17871961 0.03715736
v 0.60473338 0.17871961 0.03956562
v 0.60569163 0.17871961 0.04456562
v 0.60532472 0.17871961 0.04956562
v 0.60496802 0.17871961 0.08956561
v 0.60481108 0.17871961 0.09456561
v 0.60484991 0.17871961 0.09956561
v 0.60494558 0.17871961 0.10456561
v 0.60489358 0.17871961 0.10956561
v 0.60494480 0.17871961 0.11456561
v 0.60470933 0.17871961 0.11956561
v 0.60487741 0.17871961 0.12456561
v 0.60499877 0.17871961 0.12956561
v 0.60488400 0.17871961 0.13456561
v 0.60484491 0.17871961 0.13956561
v 0.60486359 0.17871961 0.14456561
v 0.60489728 0.17871961 0.14956561
v 0.60492651 0.17871961 0.15456561
v 0.60486142 0.17871961 0.15956561
v 0.60490398 0.17871961 0.16456561
v 0.60489136 0.17871961 0.16956561
v 0.60714163 0.17762341 0.21956561
v 0.60714163 0.17871961 0.22080848
v 0.60511837 0.18371961 -0.00043439
v 0.60714163 0.18371961 -0.00283273
v 0.60482929 0.18371961 0.00456562
v 0.60473010 0.18371961 0.00956561
v 0.60472879 0.18371961 0.01456562
v 0.60714163 0.18371961 0.01697845
v 0.60662450 0.18371961 0.02956561
v 0.60714163 0.18320248 0.02956561
v 0.60714163 0.18371961 0.02904849
v 0.60510631 0.18371961 0.03456562
v 0.60714163 0.18168429 0.03456562
v 0.60290873 0.18371961 0.04956562
v 0.60496334 0.18371961 0.08956561
v 0.60487960 0.18371961 0.09456561
v 0.60504825 0.18371961 0.14956561
v 0.60714163 0.18371961 0.21678571
v 0.60714163 0.18018448 0.21956561
v 0.60488179 0.18871961 -0.00043439
v 0.60714163 0.18871961 -0.00304813
v 0.60440211 0.18871961 0.00456562
v 0.60460317 0.18871961 0.00956561
v 0.60465698 0.18871961 0.01456562
v 0.60714163 0.18871961 0.01705026
v 0.60714163 0.18801361 0.02956561
v 0.60714163 0.18871961 0.02969920
v 0.60509860 0.18871961 0.03456562
v 0.60538061 0.18871961 0.04956562
v 0.60501965 0.18871961 0.08956561
v 0.60494174 0.18871961 0.09456561
v 0.60505486 0.18871961 0.14956561
v 0.60714163 0.18871961 0.21701871
v 0.60483141 0.19371961 -0.00043439
v 0.60714163 0.19371961 -0.00268894
v 0.60480760 0.19371961 0.00456562
v 0.60450216 0.19371961 0.00956561
v 0.60435234 0.19371961 0.01456562
v 0.60714163 0.19122267 0.01956561
v 0.60464468 0.19371961 0.01956561
v 0.60544912 0.19371961 0.02456562
v 0.60714163 0.19202711 0.02456562
v 0.60714163 0.19371961 0.02796876
v 0.60586798 0.19371961 0.03456562
v 0.60714163 0.19371961 0.03162875
v 0.60335874 0.19371961 0.04956562
v 0.60470419 0.19371961 0.06456562
v 0.60227680 0.19371961 0.21456561
v 0.60714163 0.19371961 0.21732934
v 0.60491144 0.19871961 -0.00043439
v 0.60714163 0.19871961 -0.00295348
v 0.60457047 0.19871961 0.00456562
v 0.60453192 0.19871961 0.00956561
v 0.60465328 0.19871961 0.01456562
v 0.60461864 0.19871961 0.01956561
v 0.60472553 0.19871961 0.02456562
v 0.60714163 0.19662508 0.02956561
v 0.60640386 0.19871961 0.02956561
v 0.60643108 0.19871961 0.03456562
v 0.60488546 0.19871961 0.06456562
v 0.60714163 0.19871961 0.21741809
v 0.60714163 0.20371961 -0.00354550
v 0.60446280 0.20371961 0.03456562
v 0.60714163 0.20371961 0.21708581
v 0.60714163 0.20871961 -0.00263969
v 0.60714163 0.20871961 0.21739346
v 0.60714163 0.21371961 -0.00318466
v 0.60542042 0.21371961 0.21956561
v 0.60714163 0.21371961 0.21841813
v 0.60714163 0.21648899 -0.01043439
v 0.60714163 0.21871961 -0.01282023
v 0.60714163 0.21682453 -0.00543438
v 0.60714163 0.21871961 0.21751586
v 0.60331889 0.22371962 -0.01543438
v 0.60395227 0.22223205 -0.01241887
v 0.60714163 0.22371962 -0.01164443
v 0.60416098 0.22371962 -0.01043439
v 0.60714163 0.22256620 -0.00543438
v 0.60714163 0.22371962 -0.00699006
v 0.60268707 0.22371962 -0.00543438
v 0.60714163 0.22371962 -0.00450991
v 0.60714163 0.22207910 0.21956561
v 0.60541263 0.22371961 0.21956561
v 0.60714163 0.22371961 0.22064753
v 0.60714163 0.22871962 -0.01164544
v 0.60714163 0.22610279 -0.00543438
v 0.60714163 0.22871961 0.21684165
v 0.60714163 0.22567587 0.21956561
v 0.60714163 0.23006338 -0.01043439
v 0.60714163 0.23371961 -0.00652710
v 0.60662715 0.23371961 -0.00043439
v 0.60367476 0.23371961 0.01956561
v 0.60419382 0.23371961 0.02956561
v 0.60242466 0.23371961 0.09456561
v 0.60705721 0.23371961 0.09956561
v 0.60714163 0.23371961 0.09939676
v 0.60714163 0.23369846 0.09956561
v 0.60714163 0.23215233 0.10456561
v 0.60641369 0.23371961 0.10456561
v 0.60297263 0.23371961 0.10956561
v 0.60714163 0.23371961 0.10585356
v 0.60714163 0.23371961 0.21512545
v 0.60714163 0.23826679 -0.00543438
v 0.60714163 0.23721296 -0.00043439
v 0.60714163 0.23690767 0.00456562
v 0.60714163 0.23871962 0.00670640
v 0.60660370 0.23871962 0.01456562
v 0.60714163 0.23871962 0.01626282
v 0.60714163 0.23826607 0.01956561
v 0.60562126 0.23780512 0.01663149
v 0.60532144 0.23871962 0.01956561
v 0.60714163 0.23871962 0.02081014
v 0.60336772 0.23871962 0.02456562
v 0.60549349 0.23871962 0.03956562
v 0.60714163 0.23871962 0.03878842
v 0.60714163 0.23720066 0.03956562
v 0.60714163 0.23871962 0.04155488
v 0.60521216 0.23871962 0.04956562
v 0.60407276 0.23871962 0.05956562
v 0.60409325 0.23871962 0.06456562
v 0.60714163 0.23871962 0.06406600
v 0.60714163 0.23770046 0.06456561
v 0.60714163 0.23871962 0.06869311
v 0.60578772 0.23871961 0.07456561
v 0.60714163 0.23871961 0.07567474
v 0.60714163 0.23611011 0.07956561
v 0.60714163 0.23871961 0.08213126
v 0.60499761 0.23871961 0.08956561
v 0.60714163 0.23871961 0.08726667
v 0.60714163 0.23498293 0.08956561
v 0.60714163 0.23468498 0.09456561
v 0.60413073 0.23871961 0.09456561
v 0.60412132 0.23871961 0.09956561
v 0.60491293 0.23871961 0.10456561
v 0.60698913 0.23384029 0.09968873
v 0.60714163 0.23871961 0.10266355
v 0.60714163 0.23581782 0.10456561
v 0.60714163 0.23871961 0.10866492
v 0.60714163 0.23824274 0.10956561
v 0.60714163 0.23871961 0.11194453
v 0.60484717 0.23871961 0.12956561
v 0.60714163 0.23871961 0.12597480
v 0.60714163 0.23630211 0.12956561
v 0.60714163 0.23625721 0.13456561
v 0.60239508 0.23871961 0.13456561
v 0.60714163 0.23871961 0.13625791
v 0.60435778 0.23871961 0.13956561
v 0.60522526 0.23871961 0.14456561
v 0.60600541 0.23871961 0.14956561
v 0.60714163 0.23871961 0.14729318
v 0.60714163 0.23654278 0.14956561
v 0.60714163 0.23871961 0.15358476
v 0.60708165 0.23871961 0.17956561
v 0.60714163 0.23871961 0.17937996
v 0.60714163 0.23857690 0.17956561
v 0.60714163 0.23871961 0.17974168
v 0.60280599 0.23871961 0.18956561
v 0.60714163 0.23871961 0.21682492
v 0.60479814 0.24371961 0.00456562
v 0.60714163 0.24032203 0.00456562
v 0.60714163 0.24371961 0.00065995
v 0.60714163 0.24371961 0.01299186
v 0.60714163 0.23940416 0.01456562
v 0.60249070 0.24371961 0.02456562
v 0.60714163 0.24078979 0.02456562
v 0.60714163 0.24144280 0.02956561
v 0.60714163 0.24159538 0.03456562
v 0.60663389 0.24371961 0.03956562
v 0.60714163 0.24048599 0.04456562
v 0.60406871 0.24371961 0.04956562
v 0.60714163 0.23979210 0.04956562
v 0.60552956 0.24076263 0.05245108
v 0.60714163 0.24078573 0.05456562
v 0.60636471 0.24371961 0.05956562
v 0.60714163 0.24255197 0.05956562
v 0.60524617 0.24371961 0.06456561
v 0.60714163 0.23888300 0.06956561
v 0.60714163 0.23934448 0.07456561
v 0.60656087 0.23918100 0.07040670
v 0.60435830 0.24371961 0.07456561
v 0.60261140 0.24371961 0.07956561
v 0.60714163 0.24236420 0.08456561
v 0.60460431 0.24371961 0.08956561
v 0.60495884 0.24371961 0.09456561
v 0.60714163 0.24064846 0.09456561
v 0.60714163 0.24371961 0.09274562
v 0.60714163 0.24371961 0.09630966
v 0.60714163 0.24100346 0.10456561
v 0.60714163 0.24371961 0.10819219
v 0.60672739 0.24371961 0.10956561
v 0.60714163 0.24035904 0.10956561
v 0.60714163 0.24371961 0.11186876
v 0.60714163 0.24029268 0.11456561
v 0.60714163 0.24371961 0.11622082
v 0.60323963 0.24371961 0.12456561
v 0.60714163 0.24371961 0.12783185
v 0.60490717 0.24371961 0.12956561
v 0.60714163 0.24371961 0.13322566
v 0.60714163 0.24116223 0.13456561
v 0.60273561 0.23905621 0.13489797
v 0.60714163 0.24371961 0.13540618
v 0.60503194 0.24371961 0.13956561
v 0.60714163 0.24008924 0.13956561
v 0.60469467 0.24032261 0.14242562
v 0.60714163 0.24024074 0.14456561
v 0.60422757 0.24371961 0.14456561
v 0.60714163 0.23947887 0.14956561
v 0.60323490 0.24371961 0.14956561
v 0.60714163 0.24371961 0.14621322
v 0.60592809 0.24371961 0.15956561
v 0.60714163 0.24371961 0.15803846
v 0.60714163 0.24093489 0.15956561
v 0.60714163 0.24057115 0.16456561
v 0.60440565 0.24371961 0.16456561
v 0.60714163 0.24371961 0.16788047
v 0.60484529 0.24371961 0.16956561
v 0.60429094 0.24371961 0.17456561
v 0.60714163 0.23891656 0.17956561
v 0.60360760 0.24371961 0.18956561
v 0.60714163 0.24371576 0.19456561
v 0.60714163 0.24371961 0.19456077
v 0.60549031 0.24371961 0.19956561
v 0.60714163 0.24371961 0.19457845
v 0.60319631 0.24371961 0.20456561
v 0.60589804 0.24371961 0.20956561
v 0.60471760 0.24371961 0.21456561
v 0.60714163 0.24114295 0.21956561
v 0.60714163 0.24371961 0.22064374
v 0.60714163 0.24658387 0.00456562
v 0.60714163 0.24600800 0.00956561
v 0.60488564 0.24871962 0.00956561
v 0.60656929 0.24871962 0.01956561
v 0.60714163 0.24774977 0.01956561
v 0.60714163 0.24871962 0.01911705
v 0.60714163 0.24871962 0.02000023
v 0.60423227 0.24871962 0.02456562
v 0.60311225 0.24871962 0.02956561
v 0.60417129 0.24871962 0.03456562
v 0.60714163 0.24871962 0.04388261
v 0.60714163 0.24710166 0.04456562
v 0.60714163 0.24871962 0.04534569
v 0.60263462 0.24871962 0.05956562
v 0.60714163 0.24871962 0.06861992
v 0.60714163 0.24713797 0.06956561
v 0.60714163 0.24871962 0.07070549
v 0.60714163 0.24499077 0.09456561
v 0.60688484 0.24871962 0.10956561
v 0.60714163 0.24871962 0.10840735
v 0.60714163 0.24871962 0.11013721
v 0.60714163 0.24671074 0.11956561
v 0.60714163 0.24656824 0.12456561
v 0.60714163 0.24871961 0.13353687
v 0.60593611 0.24871961 0.13456561
v 0.60714163 0.24871961 0.13760840
v 0.60393388 0.24871961 0.13956561
v 0.60714163 0.24871961 0.14134761
v 0.60714163 0.24669834 0.14456561
v 0.60714163 0.24605671 0.14956561
v 0.60380927 0.24871961 0.14956561
v 0.60714163 0.24871961 0.14569772
v 0.60366900 0.24535089 0.15205184
v 0.60714163 0.24871961 0.15252010
v 0.60524233 0.24871961 0.15456561
v 0.60714163 0.24495937 0.15956561
v 0.60492055 0.24871961 0.15956561
v 0.60587659 0.24871961 0.16456561
v 0.60714163 0.24646030 0.16456561
v 0.60526465 0.24560985 0.16255729
v 0.60714163 0.24617233 0.16956561
v 0.60714163 0.24871961 0.16761354
v 0.60714163 0.24536410 0.17456561
v 0.60714163 0.24578258 0.17956561
v 0.60348218 0.24871961 0.17956561
v 0.60714163 0.24871961 0.18190534
v 0.60536367 0.24871961 0.18456561
v 0.60714163 0.24871961 0.19201564
v 0.60714163 0.24871961 0.19617896
v 0.60714163 0.24842441 0.20456561
v 0.60714163 0.24871961 0.20416322
v 0.60714163 0.24574343 0.20956561
v 0.60714163 0.24568138 0.21456561
v 0.60714163 0.24559504 0.21956561
v 0.60714163 0.24906580 0.01956561
v 0.60714163 0.24998003 0.04456562
v 0.60714163 0.24966673 0.06956561
v 0.60406228 0.25371961 0.07956561
v 0.60409815 0.25371961 0.08956561
v 0.60714163 0.24902027 0.10956561
v 0.60714163 0.24956240 0.13456561
v 0.60422112 0.25371961 0.13956561
v 0.60714163 0.25004221 0.14456561
v 0.60324363 0.25371961 0.14956561
v 0.60714163 0.25049462 0.15456561
v 0.60714163 0.25158319 0.15956561
v 0.60714163 0.25046911 0.16456561
v 0.60280630 0.25371961 0.17456561
v 0.60714163 0.25018320 0.18456561
v 0.60714163 0.25014415 0.18956561
v 0.60714163 0.25195696 0.19956561
v 0.60607631 0.25871962 0.00456562
v 0.60714163 0.25428272 0.00456562
v 0.60714163 0.25871962 0.00350029
v 0.60714163 0.25871962 0.00663156
v 0.60327568 0.25871962 0.08456561
v 0.60714163 0.26022192 0.00456562
v 0.60920519 0.07371961 0.01456562
v 0.61214163 0.07302828 0.01456562
v 0.61214163 0.07371961 0.01357275
v 0.61214163 0.07358572 0.01956561
v 0.61214163 0.07371961 0.01960439
v 0.60936947 0.07371961 0.10456561
v 0.60882435 0.07371961 0.11956561
v 0.61214163 0.07055165 0.11956561
v 0.61214163 0.07371961 0.11509919
v 0.60998278 0.07371961 0.12456561
v 0.61214163 0.07166637 0.12456561
v 0.61214163 0.07371961 0.12742606
v 0.61196511 0.07371961 0.14956561
v 0.60844642 0.07371961 0.15456561
v 0.60822753 0.07371961 0.16456561
v 0.61214163 0.07190412 0.16456561
v 0.61214163 0.07371961 0.16203708
v 0.60935039 0.07371961 0.16956561
v 0.61214163 0.07149531 0.16956561
v 0.61100343 0.07371961 0.17456561
v 0.61214163 0.07371961 0.17393995
v 0.61214163 0.07252452 0.18456561
v 0.61214163 0.07371961 0.18387443
v 0.60933091 0.07371961 0.18956561
v 0.61214163 0.07371961 0.18572795
v 0.61113369 0.07371961 0.19456561
v 0.61025945 0.07371961 0.20456561
v 0.61214163 0.07170916 0.20456561
v 0.61214163 0.07371961 0.19984043
v 0.60773208 0.07371961 0.20956561
v 0.61214163 0.07371961 0.20684890
v 0.61023333 0.07871961 0.00456562
v 0.61214163 0.07673182 0.00956561
v 0.61214163 0.07871961 0.00758019
v 0.61024586 0.07871961 0.00956561
v 0.60951697 0.07871961 0.01456562
v 0.61214163 0.07384120 0.01956561
v 0.61214163 0.07871961 0.01720122
v 0.60778582 0.07871961 0.02456562
v 0.61214163 0.07816093 0.02956561
v 0.61214163 0.07871961 0.02849927
v 0.61014820 0.07871961 0.02956561
v 0.61214163 0.07871961 0.03101122
v 0.61090421 0.07871961 0.07456561
v 0.61214163 0.07658285 0.07456561
v 0.61214163 0.07871961 0.07242604
v 0.61214163 0.07871961 0.07588524
v 0.61214163 0.07703353 0.11956561
v 0.60734115 0.07871961 0.12456561
v 0.61214163 0.07699195 0.12456561
v 0.61055517 0.07871961 0.12956561
v 0.61214163 0.07802064 0.12956561
v 0.61214163 0.07871961 0.12862987
v 0.61025973 0.07871961 0.13456561
v 0.61214163 0.07871961 0.13278364
v 0.61214163 0.07781643 0.14456561
v 0.61214163 0.07871961 0.14303090
v 0.60949538 0.07871961 0.14956561
v 0.61214163 0.07871961 0.14571843
v 0.61214163 0.07871961 0.15370651
v 0.61214163 0.07818696 0.15456561
v 0.61214163 0.07822383 0.15956561
v 0.61214163 0.07746051 0.16456561
v 0.61214163 0.07871961 0.16077674
v 0.61214163 0.07871961 0.16776399
v 0.61214163 0.07871961 0.17067792
v 0.60865403 0.07871961 0.17456561
v 0.61214163 0.07695378 0.17956561
v 0.61214163 0.07871961 0.17690618
v 0.61214163 0.07759051 0.18956561
v 0.61214163 0.07654206 0.19456561
v 0.61214163 0.07394233 0.19956561
v 0.61214163 0.07636800 0.20956561
v 0.61214163 0.07871961 0.21137833
v 0.61214163 0.08129981 0.00456562
v 0.61214163 0.08371961 0.00362387
v 0.60738687 0.08371961 0.01456562
v 0.60748425 0.08371961 0.01956561
v 0.61214163 0.08371961 0.01613091
v 0.61214163 0.08371961 0.02247902
v 0.61214163 0.08232748 0.02456562
v 0.60732833 0.08371961 0.02956561
v 0.61214163 0.08371961 0.03146197
v 0.61157701 0.08371961 0.03956562
v 0.61214163 0.08277539 0.03956562
v 0.61214163 0.08371961 0.03922016
v 0.61214163 0.08371961 0.04093531
v 0.61214163 0.08279057 0.04956562
v 0.61214163 0.08371961 0.04626794
v 0.61214163 0.07998409 0.05456562
v 0.61168687 0.08371961 0.05956562
v 0.61214163 0.08371961 0.05888502
v 0.61214163 0.08371961 0.06012214
v 0.61214163 0.08060791 0.06456562
v 0.61214163 0.08057280 0.06956561
v 0.61214163 0.08371961 0.07710399
v 0.60715894 0.08371961 0.07956561
v 0.61214163 0.08371961 0.08346262
v 0.61214163 0.08249155 0.08456561
v 0.61214163 0.08026102 0.08956561
v 0.61214163 0.08217294 0.09456561
v 0.61189464 0.08371961 0.09956561
v 0.61214163 0.08360525 0.09956561
v 0.61214163 0.08120569 0.10456561
v 0.61214163 0.07932639 0.10956561
v 0.61128413 0.08371961 0.11456561
v 0.61214163 0.08371961 0.11413102
v 0.61214163 0.08371961 0.11583482
v 0.61214163 0.08267448 0.11956561
v 0.61066428 0.08371961 0.12456561
v 0.61214163 0.08371961 0.12254867
v 0.61214163 0.08371961 0.12571260
v 0.61214163 0.07924897 0.13456561
v 0.61214163 0.08001787 0.13956561
v 0.61214163 0.07993396 0.14956561
v 0.61214163 0.08097456 0.16456561
v 0.61214163 0.08032652 0.17456561
v 0.61214163 0.08371961 0.21204948
v 0.61214163 0.08871961 0.00289787
v 0.61214163 0.08485700 0.01956561
v 0.61214163 0.08742191 0.03456562
v 0.61214163 0.08443840 0.04456562
v 0.61214163 0.08743759 0.05956562
v 0.61214163 0.08871961 0.06008638
v 0.61124452 0.08871961 0.06456562
v 0.61214163 0.08736534 0.06456562
v 0.61214163 0.08871961 0.06558658
v 0.61214163 0.08656980 0.07956561
v 0.61214163 0.08411911 0.11456561
v 0.61214163 0.08533317 0.12456561
v 0.61214163 0.08654597 0.21456561
v 0.61214163 0.08871961 0.21550443
v 0.61214163 0.09157915 -0.00043439
v 0.61214163 0.09371961 -0.00232838
v 0.61214163 0.08966096 0.06456562
v 0.61214163 0.09371961 0.21605317
v 0.61214163 0.09871961 -0.00251316
v 0.61214163 0.09871961 0.21455602
v 0.61214163 0.09870256 0.21456561
v 0.61214163 0.10371961 -0.00273053
v 0.61214163 0.09875618 0.21456561
v 0.60889954 0.10371961 0.21456561
v 0.61214163 0.10371961 0.21576264
v 0.61214163 0.10608315 -0.00043439
v 0.61214163 0.10871961 0.00213268
v 0.61214163 0.10871961 0.21774148
v 0.61214163 0.11371961 0.00213010
v 0.60760851 0.11371961 0.21456561
v 0.61214163 0.11371961 0.21839328
v 0.61214163 0.11615512 0.00456562
v 0.61214163 0.11622083 0.00956561
v 0.61214163 0.11628383 0.01456562
v 0.61214163 0.11618245 0.01956561
v 0.61214163 0.11619682 0.02456562
v 0.61214163 0.11618370 0.02956561
v 0.61214163 0.11612983 0.03456562
v 0.61214163 0.11621778 0.03956562
v 0.61214163 0.11620241 0.04456562
v 0.61214163 0.11621104 0.04956562
v 0.61214163 0.11621411 0.05456562
v 0.61214163 0.11621717 0.05956562
v 0.61214163 0.11622083 0.06456562
v 0.61214163 0.11599548 0.06956561
v 0.61214163 0.11614481 0.07456561
v 0.61214163 0.11626398 0.07956561
v 0.61214163 0.11630224 0.08456561
v 0.61214163 0.11614416 0.08956561
v 0.61214163 0.11601348 0.09456561
v 0.61214163 0.11623659 0.09956561
v 0.61214163 0.11622205 0.10456561
v 0.61214163 0.11607839 0.10956561
v 0.61214163 0.11623176 0.11456561
v 0.61214163 0.11618370 0.11956561
v 0.61214163 0.11619496 0.12456561
v 0.61214163 0.11628151 0.12956561
v 0.61214163 0.11626515 0.13456561
v 0.61214163 0.11619745 0.13956561
v 0.61214163 0.11626279 0.14456561
v 0.61214163 0.11614416 0.14956561
v 0.61214163 0.11620796 0.15456561
v 0.61214163 0.11629307 0.15956561
v 0.61214163 0.11623296 0.16456561
v 0.61214163 0.11618495 0.16956561
v 0.61214163 0.11615062 0.17456561
v 0.61214163 0.11631020 0.17956561
v 0.61214163 0.11622934 0.18456561
v 0.61214163 0.11871961 0.18704263
v 0.61214163 0.11871961 0.21714234
v 0.61214163 0.12117525 0.14956561
v 0.61214163 0.12371961 0.14702125
v 0.61214163 0.12089555 0.15456561
v 0.61214163 0.12095055 0.15956561
v 0.61214163 0.12125051 0.16456561
v 0.61214163 0.12134862 0.16956561
v 0.61214163 0.12129377 0.17456561
v 0.61214163 0.12115654 0.17956561
v 0.61214163 0.12133720 0.18456561
v 0.61214163 0.12371961 0.21796718
v 0.61214163 0.12871961 0.14715802
v 0.61214163 0.12871961 0.21554475
v 0.61214163 0.13120143 0.05456562
v 0.61214163 0.13371961 0.05204744
v 0.61214163 0.13117289 0.05956562
v 0.61214163 0.13143075 0.06456562
v 0.61214163 0.13127196 0.06956561
v 0.61214163 0.13120264 0.07456561
v 0.61214163 0.13130612 0.07956561
v 0.61214163 0.13119304 0.08456561
v 0.61214163 0.13120626 0.08956561
v 0.61214163 0.13110322 0.09456561
v 0.61214163 0.13123805 0.09956561
v 0.61214163 0.13371961 0.10204717
v 0.61214163 0.13117760 0.11456561
v 0.61214163 0.13371961 0.11202360
v 0.61214163 0.13114156 0.11956561
v 0.61214163 0.13093318 0.12456561
v 0.61214163 0.13371961 0.12735204
v 0.61214163 0.13123065 0.13956561
v 0.61214163 0.13371961 0.13707666
v 0.61214163 0.13134458 0.14456561
v 0.61214163 0.13371961 0.21413810
v 0.61214163 0.13174926 0.21456561
v 0.61214163 0.13871961 0.05212497
v 0.61214163 0.13871961 0.10203659
v 0.61214163 0.13871961 0.11203428
v 0.61214163 0.13871961 0.12699469
v 0.61214163 0.13871961 0.13690351
v 0.61214163 0.13450978 0.21456561
v 0.60920577 0.13871961 0.21456561
v 0.61036139 0.13871961 0.21956561
v 0.61214163 0.13625726 0.21956561
v 0.61214163 0.13871961 0.22156970
v 0.61214163 0.14117407 0.00456562
v 0.61214163 0.14371961 0.00202007
v 0.61214163 0.14189087 0.00956561
v 0.61214163 0.14318440 0.01456562
v 0.61214163 0.14371961 0.01510082
v 0.61214163 0.14116586 0.04456562
v 0.61214163 0.14371961 0.04201187
v 0.61214163 0.14133453 0.04956562
v 0.61214163 0.14114500 0.10456561
v 0.61214163 0.14109328 0.10956561
v 0.61214163 0.14132587 0.12956561
v 0.61214163 0.14134930 0.13456561
v 0.60859624 0.14371961 0.21456561
v 0.61214163 0.14371961 0.21917298
v 0.61214163 0.14329060 0.21956561
v 0.61214163 0.14871961 0.00211923
v 0.61046201 0.14871961 0.01456562
v 0.61214163 0.14871961 0.01576810
v 0.61214163 0.14871961 0.04219800
v 0.61073078 0.14871961 0.21956561
v 0.61214163 0.14444770 0.21956561
v 0.61214163 0.14871961 0.22063512
v 0.61150021 0.15371961 -0.00543438
v 0.61214163 0.15308915 -0.00543438
v 0.61214163 0.15371961 -0.00595181
v 0.61214163 0.15135947 -0.00043439
v 0.60951829 0.15371961 0.01456562
v 0.61214163 0.15371961 0.01633533
v 0.61214163 0.15371961 0.04217719
v 0.61214163 0.15371961 0.21729350
v 0.61214163 0.15036707 0.21956561
v 0.61214163 0.15445160 -0.00543438
v 0.61214163 0.15871961 -0.00289608
v 0.61214163 0.15871961 0.01225096
v 0.61214163 0.15548933 0.01456562
v 0.61214163 0.15871961 0.01784556
v 0.60956238 0.15871961 0.01956561
v 0.61214163 0.15699957 0.01956561
v 0.61214163 0.15628860 0.02456562
v 0.61214163 0.15628539 0.02956561
v 0.61214163 0.15616353 0.03456562
v 0.61214163 0.15871961 0.03712170
v 0.61214163 0.15871961 0.04211605
v 0.61214163 0.15871961 0.21800311
v 0.61214163 0.16371961 -0.00500842
v 0.61214163 0.16371961 0.01197910
v 0.60825807 0.16371961 0.01956561
v 0.61214163 0.16371961 0.01778371
v 0.61214163 0.16371961 0.03685375
v 0.61214163 0.16371961 0.04220343
v 0.61214163 0.16371961 0.21626662
v 0.61214163 0.16871961 -0.00504347
v 0.61214163 0.16871961 0.00227376
v 0.61214163 0.16641952 0.00456562
v 0.61214163 0.16613310 0.00956561
v 0.61214163 0.16871961 0.01701186
v 0.60877016 0.16871961 0.02456562
v 0.61214163 0.16623620 0.03956562
v 0.61214163 0.16871961 0.21516587
v 0.61214163 0.17371961 -0.00413323
v 0.61214163 0.17371961 0.00196465
v 0.61214163 0.17371961 0.01719126
v 0.61214163 0.17371961 0.21628185
v 0.61214163 0.17871961 -0.00327306
v 0.61214163 0.17624116 0.00456562
v 0.61214163 0.17607472 0.00956561
v 0.61214163 0.17630874 0.01456562
v 0.61214163 0.17871961 0.01697649
v 0.61214163 0.17609398 0.01956561
v 0.61214163 0.17494937 0.02456562
v 0.61214163 0.17625214 0.02956561
v 0.61214163 0.17620673 0.03456562
v 0.61214163 0.17871961 0.03722812
v 0.61214163 0.17813476 0.21956561
v 0.61214163 0.17871961 0.22002824
v 0.61214163 0.18371961 -0.00419964
v 0.61214163 0.18371961 0.01714252
v 0.61214163 0.18170156 0.02956561
v 0.61214163 0.18371961 0.02754756
v 0.61214163 0.18135879 0.03456562
v 0.61214163 0.18371961 0.21774770
v 0.61214163 0.18068961 0.21956561
v 0.61214163 0.18871961 -0.00459428
v 0.61214163 0.18871961 0.01744641
v 0.60728279 0.18871961 0.02956561
v 0.61214163 0.18871961 0.02759072
v 0.61214163 0.18871961 0.21790033
v 0.61214163 0.19371961 -0.00460228
v 0.61214163 0.19129183 0.01956561
v 0.61214163 0.19148868 0.02456562
v 0.60864937 0.19371961 0.02956561
v 0.61214163 0.19371961 0.21767951
v 0.61201092 0.19871961 -0.00543438
v 0.61214163 0.19825071 -0.00543438
v 0.61214163 0.19871961 -0.00553241
v 0.61214163 0.19871961 0.21884414
v 0.60935215 0.20371961 -0.00543438
v 0.61214163 0.20371961 -0.00766680
v 0.61214163 0.20371961 0.21720313
v 0.61214163 0.20631391 -0.00543438
v 0.61214163 0.20871961 -0.00313779
v 0.61214163 0.20637916 0.21956561
v 0.60950933 0.20871961 0.21956561
v 0.61214163 0.20871961 0.22119771
v 0.61214163 0.21371961 -0.00336121
v 0.61214163 0.21371961 0.21715907
v 0.61214163 0.21077886 0.21956561
v 0.61085752 0.21871961 -0.01043439
v 0.61214163 0.21871961 -0.00829354
v 0.61214163 0.21668274 -0.00543438
v 0.61214163 0.21871961 0.21709500
v 0.61214163 0.22128155 -0.01043439
v 0.61214163 0.22371962 -0.01155056
v 0.61214163 0.22371962 -0.00751266
v 0.61214163 0.22203777 -0.00543438
v 0.61214163 0.22371962 -0.00413663
v 0.61214163 0.22207586 0.21956561
v 0.61214163 0.22371961 0.22047742
v 0.61214163 0.22871962 -0.01152308
v 0.61147431 0.22871962 -0.00543438
v 0.61214163 0.22871962 -0.00577541
v 0.61214163 0.22871962 -0.00513689
v 0.61214163 0.22871961 0.21735739
v 0.61214163 0.22576444 0.21956561
v 0.61214163 0.22995866 -0.01043439
v 0.61078433 0.23371961 -0.00543438
v 0.61214163 0.23371961 -0.00431830
v 0.60716146 0.23371961 0.09956561
v 0.60903275 0.23371961 0.10456561
v 0.61214163 0.23371961 0.21623228
v 0.61214163 0.23735884 -0.00043439
v 0.61092511 0.23871962 0.00456562
v 0.61214163 0.23871962 0.00280138
v 0.60767444 0.23871962 0.01956561
v 0.61177361 0.23871962 0.03456562
v 0.61214163 0.23871962 0.03409294
v 0.61214163 0.23848311 0.03456562
v 0.60829398 0.23871962 0.03956562
v 0.61214163 0.23871962 0.03513807
v 0.60983742 0.23871962 0.04956562
v 0.61214163 0.23871962 0.04861362
v 0.61214163 0.23683927 0.04956562
v 0.61214163 0.23774531 0.05456562
v 0.61096390 0.23871962 0.05456562
v 0.61214163 0.23871962 0.05557710
v 0.61182087 0.23871962 0.06456561
v 0.61214163 0.23566012 0.06956561
v 0.61214163 0.23871962 0.06464756
v 0.60738599 0.23871962 0.06956561
v 0.61214163 0.23871962 0.07164355
v 0.61214163 0.23871962 0.07749020
v 0.61214163 0.23718099 0.07956561
v 0.61214163 0.23655102 0.08456561
v 0.60987211 0.23871961 0.08456561
v 0.60931638 0.23871961 0.08956561
v 0.61214163 0.23871961 0.08671126
v 0.61214163 0.23871961 0.09373102
v 0.61214163 0.23818903 0.09456561
v 0.61214163 0.23789116 0.09956561
v 0.61214163 0.23871961 0.10053146
v 0.60806870 0.23871961 0.10956561
v 0.61078416 0.23871961 0.12456561
v 0.61214163 0.23871961 0.12430832
v 0.61214163 0.23733393 0.12456561
v 0.60959749 0.23871961 0.12956561
v 0.61214163 0.23871961 0.12518417
v 0.60889335 0.23871961 0.13456561
v 0.60783971 0.23871961 0.14956561
v 0.60723972 0.23871961 0.17956561
v 0.61214163 0.23871961 0.21623968
v 0.60851095 0.24371961 -0.00043439
v 0.61214163 0.24008162 -0.00043439
v 0.61214163 0.24371961 -0.00172986
v 0.61214163 0.24044173 0.00956561
v 0.60889912 0.24371961 0.00956561
v 0.61214163 0.24371961 0.00599036
v 0.61214163 0.24371961 0.01401335
v 0.61047775 0.24371961 0.01456562
v 0.61163755 0.24371961 0.01956561
v 0.60976377 0.24371961 0.02456562
v 0.60841691 0.24371961 0.02956561
v 0.61214163 0.24149319 0.03456562
v 0.61174422 0.24371961 0.03456562
v 0.60792983 0.24371961 0.03956562
v 0.61214163 0.24148021 0.04456562
v 0.61214163 0.24371961 0.04165051
v 0.61214163 0.23994992 0.04956562
v 0.60913338 0.24028288 0.04716309
v 0.61005681 0.24371961 0.04956562
v 0.61214163 0.24371961 0.04721349
v 0.61054023 0.24015863 0.05335742
v 0.61025737 0.24371961 0.05456562
v 0.61214163 0.24003992 0.05456562
v 0.61214163 0.24090882 0.05956561
v 0.61214163 0.24371961 0.05634081
v 0.61214163 0.23884600 0.06456561
v 0.61051383 0.24371961 0.06956561
v 0.61214163 0.24160269 0.06956561
v 0.61214163 0.24371961 0.06689911
v 0.60794455 0.23939833 0.07047815
v 0.61214163 0.24198860 0.07456561
v 0.61214163 0.24371961 0.07204807
v 0.61214163 0.24371961 0.08249858
v 0.61026365 0.24371961 0.08456561
v 0.61214163 0.24265928 0.08456561
v 0.61122391 0.24371961 0.08956561
v 0.61022806 0.24217659 0.08619226
v 0.61163529 0.24371961 0.09456561
v 0.61214163 0.24371961 0.09345103
v 0.61214163 0.24371961 0.09505206
v 0.61214163 0.23972155 0.09956561
v 0.61034672 0.24371961 0.09956561
v 0.61103639 0.24371961 0.10456561
v 0.60828785 0.24371961 0.10956561
v 0.61214163 0.24066610 0.10956561
v 0.61214163 0.24371961 0.10547687
v 0.60867947 0.24067617 0.11227493
v 0.61214163 0.24179830 0.11456561
v 0.61214163 0.24255256 0.11956561
v 0.60996764 0.24371961 0.11956561
v 0.61074222 0.24371961 0.12456561
v 0.61214163 0.24371961 0.12878961
v 0.61154880 0.24371961 0.12956561
v 0.61094855 0.24096920 0.12687842
v 0.61214163 0.24371961 0.13879417
v 0.61214163 0.24130043 0.13956561
v 0.61214163 0.24189872 0.14456561
v 0.61214163 0.24371961 0.14714944
v 0.61214163 0.24247374 0.15456561
v 0.61078249 0.24371961 0.15456561
v 0.61214163 0.24371961 0.15249925
v 0.61214163 0.24320221 0.15956561
v 0.61214163 0.24162969 0.16456561
v 0.61214163 0.24371961 0.16635064
v 0.60714269 0.24371961 0.19456561
v 0.61130216 0.24371961 0.20456561
v 0.61214163 0.24371961 0.20213901
v 0.61214163 0.24220558 0.20456561
v 0.61214163 0.24245565 0.20956561
v 0.61157630 0.24371961 0.20956561
v 0.61214163 0.24371961 0.20974895
v 0.60878017 0.24371961 0.21956561
v 0.61214163 0.24371961 0.21700009
v 0.61214163 0.24640747 -0.00043439
v 0.61214163 0.24655058 0.00456562
v 0.61214163 0.24825077 0.00956561
v 0.61214163 0.24871962 0.00830004
v 0.61144786 0.24871962 0.00956561
v 0.61123775 0.24871962 0.01456562
v 0.60815110 0.24871962 0.01956561
v 0.61214163 0.24871962 0.01637357
v 0.61214163 0.24424678 0.01956561
v 0.60982840 0.24871962 0.02456562
v 0.61214163 0.24871962 0.02108637
v 0.61214163 0.24871962 0.02681671
v 0.61214163 0.24502167 0.02956561
v 0.61214163 0.24871962 0.03285814
v 0.61076259 0.24871962 0.03456562
v 0.61214163 0.24871962 0.03688895
v 0.61214163 0.24632396 0.03956562
v 0.60797815 0.24871962 0.04456562
v 0.61214163 0.24657703 0.04956562
v 0.61214163 0.24413593 0.05456562
v 0.60790320 0.24871962 0.06956561
v 0.61214163 0.24450893 0.06956561
v 0.61214163 0.24407997 0.08456561
v 0.61214163 0.24454098 0.08956561
v 0.61174593 0.24871962 0.09456561
v 0.61214163 0.24526407 0.09456561
v 0.61214163 0.24871962 0.09400548
v 0.61008993 0.24871962 0.09956561
v 0.61133345 0.24561665 0.09569410
v 0.61214163 0.24871962 0.10117117
v 0.61214163 0.24445375 0.10456561
v 0.61214163 0.24871962 0.10740488
v 0.61214163 0.24623783 0.10956561
v 0.61214163 0.24512154 0.11456561
v 0.61047561 0.24871962 0.11456561
v 0.61214163 0.24747955 0.11956561
v 0.61077071 0.24871962 0.11956561
v 0.61214163 0.24871962 0.12008215
v 0.61214163 0.24427948 0.12956561
v 0.61214163 0.24559093 0.13456561
v 0.60824450 0.24871961 0.13456561
v 0.60856257 0.24871961 0.14456561
v 0.60978718 0.24871961 0.14956561
v 0.61214163 0.24871961 0.14683097
v 0.61214163 0.24871961 0.15235074
v 0.60961413 0.24871961 0.15456561
v 0.61006417 0.24871961 0.15956561
v 0.60829626 0.24871961 0.16456561
v 0.61214163 0.24509374 0.16956561
v 0.61214163 0.24530836 0.17456561
v 0.61038083 0.24871961 0.17956561
v 0.61214163 0.24871961 0.17853872
v 0.60942270 0.24871961 0.18956561
v 0.61214163 0.24871961 0.18725677
v 0.61214163 0.24724537 0.18956561
v 0.61214163 0.24711315 0.19456561
v 0.61214163 0.24465814 0.19956561
v 0.60932352 0.24871961 0.19956561
v 0.60755573 0.24871961 0.20456561
v 0.61214163 0.24871961 0.20242206
v 0.61214163 0.24484476 0.20456561
v 0.61214163 0.24871961 0.20736365
v 0.61214163 0.24650276 0.21456561
v 0.60967465 0.25371961 0.00956561
v 0.61214163 0.25371961 0.00564282
v 0.61214163 0.25371961 0.01189065
v 0.61214163 0.24968767 0.01456562
v 0.60950940 0.25371961 0.01956561
v 0.61214163 0.24976554 0.01956561
v 0.61214163 0.25371961 0.01648683
v 0.61214163 0.25164229 0.02456562
v 0.61214163 0.25371961 0.02306177
v 0.61214163 0.25371961 0.02620830
v 0.60969729 0.25371961 0.02956561
v 0.61214163 0.25100315 0.02956561
v 0.61204103 0.25371961 0.03456562
v 0.61214163 0.25229671 0.03956562
v 0.60977828 0.25371961 0.03956562
v 0.61214163 0.25230860 0.04456562
v 0.61015455 0.25371961 0.04456562
v 0.61214163 0.25187124 0.04956562
v 0.61042793 0.25371961 0.04956562
v 0.60767981 0.25371961 0.05456562
v 0.61214163 0.25178047 0.05456561
v 0.61214163 0.25371961 0.05903326
v 0.61214163 0.24918354 0.09456561
v 0.61214163 0.25055487 0.09956561
v 0.61214163 0.25004473 0.10956561
v 0.61214163 0.25042129 0.11456561
v 0.61214163 0.24899397 0.11956561
v 0.61214163 0.25057602 0.14956561
v 0.61081285 0.25371961 0.17456561
v 0.61214163 0.25276964 0.17456561
v 0.61214163 0.25371961 0.17393096
v 0.61214163 0.25048347 0.17956561
v 0.61214163 0.25371961 0.17622036
v 0.61214163 0.24973718 0.18456561
v 0.61214163 0.25043022 0.20456561
v 0.61214163 0.25423870 0.00456562
v 0.61214163 0.25871962 0.00234370
v 0.61214163 0.25555445 0.00956561
v 0.61214163 0.25871962 0.00745961
v 0.61214163 0.25773031 0.01956561
v 0.61214163 0.25871962 0.02120533
v 0.61008871 0.25871962 0.02456562
v 0.61214163 0.25601828 0.02456562
v 0.61214163 0.25871962 0.02804575
v 0.61214163 0.25771604 0.02956561
v 0.61214163 0.25379597 0.03456562
v 0.61214163 0.25443275 0.03956562
v 0.61214163 0.25521515 0.04456562
v 0.61214163 0.25457165 0.04956562
v 0.61214163 0.25565251 0.05456561
v 0.61214163 0.25433348 0.17456561
v 0.61214163 0.26105827 0.00456562
v 0.61214163 0.26009333 0.02456562
v 0.61299663 0.07371961 0.01456562
v 0.61220772 0.07371961 0.01956561
v 0.61691995 0.07371961 0.02956561
v 0.61714163 0.07348832 0.02956561
v 0.61714163 0.07371961 0.02888705
v 0.61714163 0.07371961 0.03012275
v 0.61561317 0.07371961 0.08456561
v 0.61714163 0.07283670 0.08456561
v 0.61714163 0.07371961 0.08337490
v 0.61714163 0.07371961 0.08615746
v 0.61437279 0.07371961 0.10956561
v 0.61714163 0.07145923 0.10956561
v 0.61714163 0.07371961 0.10674204
v 0.61714163 0.07371961 0.11274629
v 0.61561102 0.07371961 0.11956561
v 0.61419830 0.07371961 0.12456561
v 0.61714163 0.07204146 0.16456561
v 0.61714163 0.07371961 0.16316100
v 0.61475033 0.07371961 0.16956561
v 0.61714163 0.07371961 0.16601819
v 0.61545502 0.07371961 0.17956561
v 0.61714163 0.07245133 0.17956561
v 0.61714163 0.07371961 0.17731847
v 0.61714163 0.07023392 0.18456561
v 0.61667902 0.07371961 0.18956561
v 0.61714163 0.07350072 0.18956561
v 0.61714163 0.07371961 0.19009710
v 0.61334295 0.07371961 0.19956561
v 0.61714163 0.07338008 0.19956561
v 0.61714163 0.07371961 0.19872432
v 0.61613847 0.07371961 0.20456561
v 0.61714163 0.07371961 0.20167993
v 0.61473369 0.07871961 0.00456562
v 0.61714163 0.07787981 0.00456562
v 0.61714163 0.07871961 0.00368496
v 0.61714163 0.07582759 0.00956561
v 0.61610123 0.07871961 0.01456562
v 0.61714163 0.07871961 0.01358979
v 0.61714163 0.07871961 0.02287344
v 0.61570028 0.07871961 0.02456562
v 0.61714163 0.07677562 0.02456562
v 0.61714163 0.07871961 0.03436236
v 0.61405000 0.07871961 0.04456562
v 0.61714163 0.07672800 0.04456562
v 0.61714163 0.07871961 0.04114230
v 0.61714163 0.07871961 0.04732133
v 0.61676385 0.07871961 0.06456562
v 0.61714163 0.07863761 0.06456562
v 0.61714163 0.07871961 0.06442249
v 0.61509217 0.07871961 0.06956561
v 0.61714163 0.07477117 0.06956561
v 0.61435686 0.07871961 0.07456561
v 0.61714163 0.07871961 0.07168991
v 0.61524856 0.07871961 0.08456561
v 0.61714163 0.07871961 0.08150075
v 0.61714163 0.07871961 0.08668283
v 0.61714163 0.07782816 0.10956561
v 0.61524561 0.07871961 0.12956561
v 0.61714163 0.07871961 0.13010963
v 0.61714163 0.07504788 0.13456561
v 0.61263987 0.07871961 0.13456561
v 0.61468134 0.07871961 0.13956561
v 0.61714163 0.07585762 0.13956561
v 0.61714163 0.07480553 0.14456561
v 0.61714163 0.07871961 0.14570260
v 0.61349098 0.07871961 0.15456561
v 0.61714163 0.07871961 0.15611324
v 0.61714163 0.07699095 0.15956561
v 0.61454691 0.07774683 0.16220008
v 0.61714163 0.07871961 0.16367152
v 0.61714163 0.07758198 0.16456561
v 0.61714163 0.07867096 0.16956561
v 0.61714163 0.07871961 0.16918903
v 0.61714163 0.07849669 0.17456561
v 0.61685615 0.07871961 0.17456561
v 0.61714163 0.07699516 0.18456561
v 0.61350701 0.07871961 0.18456561
v 0.61714163 0.07871961 0.18143062
v 0.61714163 0.07871961 0.18907127
v 0.61714163 0.07784790 0.19456561
v 0.61714163 0.07469416 0.20456561
v 0.61714163 0.07526788 0.20956561
v 0.61554677 0.07871961 0.21456561
v 0.61714163 0.07729789 0.21456561
v 0.61714163 0.07871961 0.21528795
v 0.61714163 0.08371961 0.00330033
v 0.61404867 0.08371961 0.01456562
v 0.61714163 0.08371961 0.01161794
v 0.61714163 0.08186087 0.01956561
v 0.61714163 0.08371961 0.01686291
v 0.61481605 0.08371961 0.01956561
v 0.61607434 0.08371961 0.02456562
v 0.61714163 0.08371961 0.02365217
v 0.61714163 0.08269246 0.02456562
v 0.61714163 0.08371961 0.02575990
v 0.61714163 0.07891352 0.03456562
v 0.61444601 0.08371961 0.03456562
v 0.61714163 0.08016141 0.03956562
v 0.61714163 0.08223959 0.04456562
v 0.61714163 0.08371961 0.04321547
v 0.61593634 0.08371961 0.04956562
v 0.61389026 0.08371961 0.05456562
v 0.61449539 0.08371961 0.06456562
v 0.61714163 0.07893087 0.06456562
v 0.61626929 0.07952558 0.06575299
v 0.61549385 0.08371961 0.06956561
v 0.61714163 0.08099063 0.06956561
v 0.61513631 0.08072338 0.07194911
v 0.61714163 0.08130239 0.07456561
v 0.61714163 0.08371961 0.07199950
v 0.61714163 0.08024003 0.07956561
v 0.61497384 0.08371961 0.07956561
v 0.61527112 0.08371961 0.08456561
v 0.61714163 0.08371961 0.08366054
v 0.61714163 0.08250928 0.08456561
v 0.61601219 0.08282827 0.08840611
v 0.61714163 0.08351492 0.08956561
v 0.61714163 0.08371961 0.08879580
v 0.61700617 0.08371961 0.09456561
v 0.61714163 0.08371961 0.09372548
v 0.61714163 0.08371961 0.09501954
v 0.61714163 0.07971304 0.09956561
v 0.61714163 0.08112867 0.10456561
v 0.61714163 0.08031892 0.10956561
v 0.61714163 0.08371961 0.11333010
v 0.61443928 0.08371961 0.11956561
v 0.61714163 0.08371961 0.12085533
v 0.61714163 0.08057546 0.12456561
v 0.61297438 0.08371961 0.12456561
v 0.61714163 0.07945837 0.12956561
v 0.61714163 0.08371961 0.13373073
v 0.61714163 0.08310113 0.13456561
v 0.61648562 0.08371961 0.13456561
v 0.61714163 0.08371961 0.13575010
v 0.61714163 0.08327743 0.14956561
v 0.61714163 0.08041497 0.15456561
v 0.61714163 0.08056772 0.16456561
v 0.61714163 0.08139203 0.18456561
v 0.61714163 0.08371961 0.21019935
v 0.61714163 0.07951081 0.21456561
v 0.61714163 0.08871961 0.00295162
v 0.61714163 0.08507116 0.01456562
v 0.61714163 0.08458362 0.02456562
v 0.61714163 0.08582407 0.04456562
v 0.61714163 0.08402580 0.04956562
v 0.61714163 0.08559107 0.05456562
v 0.61714163 0.08382636 0.05956562
v 0.61437529 0.08595511 0.06006897
v 0.61714163 0.08703871 0.06456562
v 0.61411577 0.08871961 0.06456562
v 0.61714163 0.08725904 0.06956561
v 0.61714163 0.08441229 0.08456561
v 0.61714163 0.08374069 0.09456561
v 0.61714163 0.08528766 0.11456561
v 0.61714163 0.08463110 0.11956561
v 0.61714163 0.08427255 0.13456561
v 0.61313773 0.08871961 0.21456561
v 0.61714163 0.08871961 0.21110323
v 0.61714163 0.09173827 -0.00043439
v 0.61714163 0.09371961 -0.00219307
v 0.61714163 0.09190964 0.21456561
v 0.61714163 0.09371961 0.21663176
v 0.61596350 0.09871961 -0.00543438
v 0.61714163 0.09743448 -0.00543438
v 0.61714163 0.09871961 -0.00651448
v 0.61215111 0.09871961 0.21456561
v 0.61714163 0.09871961 0.21877401
v 0.61714163 0.10021842 -0.00543438
v 0.61714163 0.10371961 -0.00287163
v 0.61714163 0.10371961 0.21680844
v 0.61489136 0.10871961 -0.00043439
v 0.61714163 0.10871961 -0.00284035
v 0.61714163 0.10871961 0.21804252
v 0.61464285 0.11371961 -0.00043439
v 0.61714163 0.11371961 -0.00335557
v 0.61714163 0.11371961 0.21702987
v 0.61657501 0.11871961 -0.00543438
v 0.61714163 0.11795771 -0.00543438
v 0.61714163 0.11871961 -0.00585551
v 0.61484991 0.11871961 -0.00043439
v 0.61714163 0.11645912 0.00456562
v 0.61714163 0.11871961 0.00185733
v 0.61714163 0.11629307 0.00956561
v 0.61456932 0.11871961 0.01456562
v 0.61714163 0.11871961 0.01199331
v 0.61463311 0.11871961 0.01956561
v 0.61479447 0.11871961 0.02456562
v 0.61472879 0.11871961 0.02956561
v 0.61473535 0.11871961 0.03456562
v 0.61462465 0.11871961 0.03956562
v 0.61464713 0.11871961 0.04456562
v 0.61465205 0.11871961 0.04956562
v 0.61454313 0.11871961 0.05456562
v 0.61479792 0.11871961 0.05956562
v 0.61472097 0.11871961 0.06456562
v 0.61457277 0.11871961 0.06956561
v 0.61463919 0.11871961 0.07456561
v 0.61459374 0.11871961 0.07956561
v 0.61462828 0.11871961 0.08456561
v 0.61462345 0.11871961 0.08956561
v 0.61456358 0.11871961 0.09456561
v 0.61456358 0.11871961 0.09956561
v 0.61451420 0.11871961 0.10456561
v 0.61471838 0.11871961 0.10956561
v 0.61463555 0.11871961 0.11456561
v 0.61467691 0.11871961 0.11956561
v 0.61465637 0.11871961 0.12456561
v 0.61437549 0.11871961 0.12956561
v 0.61467127 0.11871961 0.13456561
v 0.61466070 0.11871961 0.13956561
v 0.61472098 0.11871961 0.14456561
v 0.61472749 0.11871961 0.14956561
v 0.61468006 0.11871961 0.15456561
v 0.61477199 0.11871961 0.15956561
v 0.61481805 0.11871961 0.16456561
v 0.61466380 0.11871961 0.16956561
v 0.61474988 0.11871961 0.17456561
v 0.61487157 0.11871961 0.17956561
v 0.61482437 0.11871961 0.18456561
v 0.61714163 0.11871961 0.21645183
v 0.61714163 0.11979214 -0.00543438
v 0.61714163 0.12371961 -0.00369450
v 0.61480552 0.12371961 -0.00043439
v 0.61714163 0.12371961 0.00190172
v 0.61460791 0.12371961 0.01456562
v 0.61714163 0.12371961 0.01203189
v 0.61474656 0.12371961 0.01956561
v 0.61450216 0.12371961 0.02456562
v 0.61473469 0.12371961 0.02956561
v 0.61475588 0.12371961 0.03456562
v 0.61449241 0.12371961 0.03956562
v 0.61466566 0.12371961 0.04456562
v 0.61481386 0.12371961 0.04956562
v 0.61470933 0.12371961 0.05456562
v 0.61481876 0.12371961 0.05956562
v 0.61474392 0.12371961 0.06456562
v 0.61464285 0.12371961 0.06956561
v 0.61459022 0.12371961 0.07456561
v 0.61481386 0.12371961 0.07956561
v 0.61489210 0.12371961 0.08456561
v 0.61456358 0.12371961 0.08956561
v 0.61459022 0.12371961 0.09456561
v 0.61462225 0.12371961 0.09956561
v 0.61448595 0.12371961 0.10456561
v 0.61473864 0.12371961 0.10956561
v 0.61462948 0.12371961 0.11456561
v 0.61444794 0.12371961 0.11956561
v 0.61471514 0.12371961 0.12456561
v 0.61441718 0.12371961 0.12956561
v 0.61471903 0.12371961 0.13456561
v 0.61463919 0.12371961 0.13956561
v 0.61494942 0.12371961 0.14456561
v 0.61714163 0.12371961 0.21766625
v 0.61485565 0.12871961 -0.00043439
v 0.61714163 0.12871961 -0.00355939
v 0.61714163 0.12871961 0.00185160
v 0.61486214 0.12871961 0.01456562
v 0.61714163 0.12871961 0.01228612
v 0.61471385 0.12871961 0.01956561
v 0.61441113 0.12871961 0.02456562
v 0.61498449 0.12871961 0.02956561
v 0.61457856 0.12871961 0.03456562
v 0.61486866 0.12871961 0.03956562
v 0.61459726 0.12871961 0.04456562
v 0.61490845 0.12871961 0.04956562
v 0.61490845 0.12871961 0.05456562
v 0.61502532 0.12871961 0.05956562
v 0.61491294 0.12871961 0.06456562
v 0.61485637 0.12871961 0.06956561
v 0.61484704 0.12871961 0.07456561
v 0.61488179 0.12871961 0.07956561
v 0.61480760 0.12871961 0.08456561
v 0.61480275 0.12871961 0.08956561
v 0.61474194 0.12871961 0.09456561
v 0.61488768 0.12871961 0.09956561
v 0.61472880 0.12871961 0.10456561
v 0.61464468 0.12871961 0.10956561
v 0.61471579 0.12871961 0.11456561
v 0.61485278 0.12871961 0.11956561
v 0.61468573 0.12871961 0.12456561
v 0.61470998 0.12871961 0.12956561
v 0.61477199 0.12871961 0.13456561
v 0.61478081 0.12871961 0.13956561
v 0.61484276 0.12871961 0.14456561
v 0.61714163 0.12871961 0.21769149
v 0.61658270 0.13371961 -0.00543438
v 0.61714163 0.13272271 -0.00543438
v 0.61714163 0.13371961 -0.00590615
v 0.61474392 0.13371961 -0.00043439
v 0.61714163 0.13133586 0.00456562
v 0.61475788 0.13371961 0.00456562
v 0.61534263 0.13371961 0.00956561
v 0.61714163 0.13192061 0.00956561
v 0.61477877 0.13371961 0.01456562
v 0.61472618 0.13371961 0.01956561
v 0.61462828 0.13371961 0.02456562
v 0.61457047 0.13371961 0.02956561
v 0.61470419 0.13371961 0.03456562
v 0.61479310 0.13371961 0.03956562
v 0.61480899 0.13371961 0.04456562
v 0.61487084 0.13371961 0.04956562
v 0.61482507 0.13371961 0.10456561
v 0.61472423 0.13371961 0.10956561
v 0.61520017 0.13371961 0.12956561
v 0.61493030 0.13371961 0.13456561
v 0.61293055 0.13371961 0.21456561
v 0.61714163 0.13371961 0.21710864
v 0.61680917 0.13871961 -0.00543438
v 0.61714163 0.13871961 -0.00569982
v 0.61466940 0.13871961 -0.00043439
v 0.61462465 0.13871961 0.00456562
v 0.61485709 0.13871961 0.00956561
v 0.61481666 0.13871961 0.01456562
v 0.61466131 0.13871961 0.01956561
v 0.61456129 0.13871961 0.02456562
v 0.61482085 0.13871961 0.02956561
v 0.61485206 0.13871961 0.03456562
v 0.61476996 0.13871961 0.03956562
v 0.61494174 0.13871961 0.04456562
v 0.61504990 0.13871961 0.04956562
v 0.61501885 0.13871961 0.10456561
v 0.61494787 0.13871961 0.10956561
v 0.61505818 0.13871961 0.12956561
v 0.61494865 0.13871961 0.13456561
v 0.61714163 0.13871961 0.21704498
v 0.61503767 0.13871961 0.21956561
v 0.61578836 0.14371961 -0.00543438
v 0.61714163 0.14371961 -0.00678766
v 0.61466069 0.14371961 -0.00043439
v 0.61484991 0.14371961 0.01956561
v 0.61466691 0.14371961 0.02456562
v 0.61466878 0.14371961 0.02956561
v 0.61487740 0.14371961 0.03456562
v 0.61487594 0.14371961 0.03956562
v 0.61281501 0.14371961 0.21956561
v 0.61714164 0.14145173 0.21956561
v 0.61714164 0.14371961 0.22097921
v 0.61624173 0.14871961 -0.00543438
v 0.61714163 0.14871961 -0.00633428
v 0.61466131 0.14871961 -0.00043439
v 0.61479447 0.14871961 0.01956561
v 0.61473995 0.14871961 0.02456562
v 0.61478830 0.14871961 0.02956561
v 0.61484776 0.14871961 0.03456562
v 0.61492954 0.14871961 0.03956562
v 0.61714164 0.14488508 0.21956561
v 0.61322786 0.14871961 0.21956561
v 0.61714163 0.14871961 0.21625432
v 0.61714163 0.15371961 -0.00602887
v 0.61477605 0.15371961 0.01956561
v 0.61462828 0.15371961 0.02456562
v 0.61488546 0.15371961 0.02956561
v 0.61485493 0.15371961 0.03456562
v 0.61515516 0.15371961 0.03956562
v 0.61714163 0.15371961 0.21752034
v 0.61508290 0.15871961 -0.00543438
v 0.61714163 0.15871961 -0.00708463
v 0.61479654 0.15871961 0.01456562
v 0.61512358 0.15871961 0.03956562
v 0.61714163 0.15871961 0.21716424
v 0.61714163 0.16366543 -0.00543438
v 0.61714163 0.16371961 -0.00539999
v 0.61469398 0.16371961 0.01456562
v 0.61508078 0.16371961 0.03956562
v 0.61714164 0.16306826 0.21956561
v 0.61666341 0.16371961 0.21956561
v 0.61714164 0.16371961 0.22001229
v 0.61389291 0.16871961 -0.00543438
v 0.61714163 0.16388728 -0.00543438
v 0.61714163 0.16871961 -0.00606419
v 0.61472422 0.16871961 0.00456562
v 0.61482717 0.16871961 0.00956561
v 0.61486214 0.16871961 0.01456562
v 0.61714163 0.16871961 0.21695905
v 0.61714164 0.16454434 0.21956561
v 0.61714163 0.16999494 -0.00543438
v 0.61714163 0.17371961 -0.00357920
v 0.61476996 0.17371961 0.00456562
v 0.61481108 0.17371961 0.00956561
v 0.61479379 0.17371961 0.01456562
v 0.61714163 0.17371961 0.21550798
v 0.61714163 0.17871961 -0.00336675
v 0.61445002 0.17871961 0.01956561
v 0.61485206 0.17871961 0.02456562
v 0.61508924 0.17871961 0.02956561
v 0.61503756 0.17871961 0.03456562
v 0.61271065 0.17871961 0.21956561
v 0.61714163 0.17871961 0.21671573
v 0.61714163 0.18371961 -0.00321970
v 0.61484062 0.18371961 0.01956561
v 0.61448167 0.18371961 0.02456562
v 0.61714164 0.18371961 0.21854181
v 0.61714163 0.18871961 -0.00338314
v 0.61492803 0.18871961 0.01956561
v 0.61495404 0.18871961 0.02456562
v 0.61644127 0.18871961 0.18456561
v 0.61714163 0.18871961 0.18292495
v 0.61714163 0.18770977 0.18456561
v 0.61714163 0.18871961 0.18606944
v 0.61714164 0.18624193 0.21956561
v 0.61551880 0.18871961 0.21956561
v 0.61714164 0.18871961 0.22036990
v 0.61714163 0.19371961 -0.00260836
v 0.61714163 0.18979068 0.18456561
v 0.61714163 0.19371961 0.21600110
v 0.61714164 0.18980749 0.21956561
v 0.61224624 0.19871961 -0.00543438
v 0.61714163 0.19871961 -0.00267165
v 0.61714163 0.19871961 0.21567782
v 0.61461418 0.20371961 -0.00543438
v 0.61714163 0.20371961 -0.00264854
v 0.61672713 0.20371961 0.06456561
v 0.61714163 0.20371961 0.06415085
v 0.61714163 0.20295633 0.06456561
v 0.61714163 0.20371961 0.06554225
v 0.61647393 0.20371961 0.10456561
v 0.61714163 0.20371961 0.10360375
v 0.61714163 0.20314562 0.10456561
v 0.61714163 0.20371961 0.10636881
v 0.61602393 0.20371961 0.12456561
v 0.61714163 0.20371961 0.12014651
v 0.61714163 0.20215147 0.12456561
v 0.61714163 0.20371961 0.12685108
v 0.61652609 0.20371961 0.16956561
v 0.61714163 0.20371961 0.16804422
v 0.61714163 0.20325891 0.16956561
v 0.61714163 0.20371961 0.17065541
v 0.61714164 0.20331379 0.21956561
v 0.61659060 0.20371961 0.21956561
v 0.61714164 0.20371961 0.21979547
v 0.61714163 0.20871961 -0.00230739
v 0.61714163 0.20489937 0.06456561
v 0.61714163 0.20415632 0.10456561
v 0.61692984 0.20871961 0.11956561
v 0.61714163 0.20871961 0.11910981
v 0.61714163 0.20611975 0.11956561
v 0.61714163 0.20522220 0.12456561
v 0.61714163 0.20871961 0.11985385
v 0.61565033 0.20871961 0.15956561
v 0.61714163 0.20871961 0.15689994
v 0.61714163 0.20734451 0.15956561
v 0.61714163 0.20860704 0.16456561
v 0.61709592 0.20871961 0.16456561
v 0.61714163 0.20496384 0.16956561
v 0.61714163 0.20871961 0.16465135
v 0.61681741 0.20871961 0.17956561
v 0.61714163 0.20871961 0.17820865
v 0.61714163 0.20829868 0.17956561
v 0.61714163 0.20871961 0.18002128
v 0.61714163 0.20871961 0.21613996
v 0.61515836 0.20871961 0.21956561
v 0.61714164 0.20460127 0.21956561
v 0.61714163 0.21371961 -0.00276875
v 0.61714163 0.20896786 0.11956561
v 0.61714163 0.21034710 0.15956561
v 0.61714163 0.20875553 0.16456561
v 0.61714163 0.20890762 0.17956561
v 0.61714164 0.21371961 0.21755597
v 0.61714163 0.21658945 -0.00543438
v 0.61714163 0.21871962 -0.00762724
v 0.61714164 0.21871961 0.21805229
v 0.61714163 0.22342396 -0.01043439
v 0.61714163 0.22371962 -0.01069238
v 0.61552811 0.22371962 -0.00543438
v 0.61310885 0.22371961 0.21956561
v 0.61714163 0.22371961 0.21501596
v 0.61714163 0.22871962 -0.01204502
v 0.61257559 0.22871962 -0.00543438
v 0.61714164 0.22871961 0.21689946
v 0.61714163 0.23028341 -0.01043439
v 0.61714163 0.23014911 -0.00543438
v 0.61714163 0.23371961 -0.00131130
v 0.61634980 0.23371961 0.01956561
v 0.61714163 0.23371961 0.01930665
v 0.61714163 0.23328205 0.01956561
v 0.61714163 0.23371961 0.02014016
v 0.61509181 0.23371961 0.04456562
v 0.61714163 0.23371961 0.04299406
v 0.61714163 0.23195476 0.04456562
v 0.61714163 0.23371961 0.04704115
v 0.61714164 0.23371961 0.21546010
v 0.61693738 0.23871962 -0.00543438
v 0.61714163 0.23852909 -0.00543438
v 0.61714163 0.23871962 -0.00554180
v 0.61441963 0.23871962 -0.00043439
v 0.61449931 0.23871962 0.01956561
v 0.61714163 0.23871962 0.01580152
v 0.61714163 0.23724630 0.02456562
v 0.61504554 0.23871962 0.02456562
v 0.61714163 0.23871962 0.02625941
v 0.61413617 0.23871962 0.03456562
v 0.61531980 0.23871962 0.03956562
v 0.61714163 0.23871962 0.03583390
v 0.61714163 0.23734051 0.03956562
v 0.61714163 0.23870021 0.04456562
v 0.61714163 0.23871962 0.04454229
v 0.61422856 0.23871962 0.04956562
v 0.61714163 0.23871962 0.05425020
v 0.61714163 0.23854902 0.05456561
v 0.61714163 0.23744112 0.05956561
v 0.61455354 0.23871962 0.05956561
v 0.61714163 0.23871962 0.06435304
v 0.61637296 0.23871962 0.06956561
v 0.61649234 0.23871962 0.07456561
v 0.61714163 0.23871962 0.07188554
v 0.61714163 0.23821442 0.07456561
v 0.61714163 0.23672600 0.07956561
v 0.61417087 0.23871962 0.08456561
v 0.61714163 0.23871962 0.08156242
v 0.61559630 0.23871961 0.08956561
v 0.61714163 0.23871962 0.08812061
v 0.61714163 0.23626446 0.08956561
v 0.61714163 0.23456821 0.09456561
v 0.61714163 0.23661230 0.09956561
v 0.61714163 0.23571358 0.10456561
v 0.61451121 0.23871961 0.10456561
v 0.61714163 0.23838734 0.10956561
v 0.61667597 0.23871961 0.10956561
v 0.61714163 0.23871961 0.11057242
v 0.61268169 0.23871961 0.12456561
v 0.61607499 0.23871961 0.12956561
v 0.61714163 0.23871961 0.12862210
v 0.61714163 0.23797390 0.12956561
v 0.61714163 0.23756385 0.13456561
v 0.61553710 0.23871961 0.13456561
v 0.61714163 0.23871961 0.13665019
v 0.61713617 0.23871961 0.14456561
v 0.61714163 0.23871961 0.14454331
v 0.61714163 0.23871367 0.14456561
v 0.61714163 0.23871961 0.14458118
v 0.61650602 0.23871961 0.18956561
v 0.61714163 0.23871961 0.18910490
v 0.61714163 0.23842819 0.18956561
v 0.61714163 0.23871961 0.19048824
v 0.61714164 0.23871961 0.21563718
v 0.61714163 0.23882868 -0.00543438
v 0.61714163 0.24015453 -0.00043439
v 0.61450967 0.24371961 -0.00043439
v 0.61714163 0.24371961 0.00338007
v 0.61714163 0.24371961 0.00740684
v 0.61714163 0.24061623 0.00956561
v 0.61714163 0.24062725 0.01456562
v 0.61336248 0.24371961 0.01456562
v 0.61259046 0.24371961 0.01956561
v 0.61372846 0.24371961 0.02456562
v 0.61714163 0.23993902 0.02956561
v 0.61358294 0.24371961 0.02956561
v 0.61714163 0.23925782 0.03456562
v 0.61244352 0.24371961 0.03456562
v 0.61360949 0.24084442 0.03530738
v 0.61398739 0.24371961 0.03956562
v 0.61714163 0.23872564 0.04456562
v 0.61714163 0.23987604 0.04956562
v 0.61709274 0.23874752 0.04462524
v 0.61413037 0.24371961 0.04956562
v 0.61301456 0.24371961 0.05456561
v 0.61714163 0.23880712 0.06456561
v 0.61714163 0.24371961 0.06879154
v 0.61714163 0.24371961 0.06998102
v 0.61714163 0.24360432 0.07956561
v 0.61714163 0.24371961 0.07953216
v 0.61685788 0.24371961 0.07956561
v 0.61276275 0.24371961 0.08456561
v 0.61714163 0.24371961 0.07962544
v 0.61714163 0.24089721 0.08456561
v 0.61714163 0.24069591 0.08956561
v 0.61714163 0.24371961 0.08794440
v 0.61714163 0.24371961 0.09082391
v 0.61409781 0.24371961 0.09956561
v 0.61714163 0.24371961 0.10265620
v 0.61714163 0.24145586 0.10456561
v 0.61714163 0.24371961 0.10674740
v 0.61714163 0.24044044 0.11456561
v 0.61714163 0.24239012 0.11956561
v 0.61412237 0.24371961 0.12456561
v 0.61714163 0.24371961 0.12022852
v 0.61348873 0.24088529 0.12731078
v 0.61714163 0.24371961 0.12670278
v 0.61255436 0.24371961 0.12956561
v 0.61564887 0.24371961 0.13456561
v 0.61340054 0.24371961 0.13956561
v 0.61714163 0.24371961 0.13676460
v 0.61714163 0.23874397 0.14456561
v 0.61573771 0.24371961 0.14456561
v 0.61461852 0.24371961 0.14956561
v 0.61714163 0.24067606 0.14956561
v 0.61714163 0.24371961 0.14601913
v 0.61714163 0.24188830 0.15456561
v 0.61714163 0.23960260 0.15956561
v 0.61467585 0.24371961 0.16456561
v 0.61714163 0.24371961 0.16381957
v 0.61714163 0.23940967 0.16956561
v 0.61714163 0.24371961 0.16509134
v 0.61303485 0.24371961 0.16956561
v 0.61714163 0.23932674 0.17456561
v 0.61355936 0.24371961 0.17456561
v 0.61714163 0.24128164 0.17956561
v 0.61222458 0.24371961 0.17956561
v 0.61714163 0.24129552 0.18456561
v 0.61303928 0.24371961 0.18456561
v 0.61475377 0.24371961 0.18956561
v 0.61714163 0.24371961 0.19261361
v 0.61364011 0.24371961 0.19956561
v 0.61714163 0.24371961 0.19717929
v 0.61714163 0.24055095 0.19956561
v 0.61714163 0.24058427 0.20456561
v 0.61714163 0.23891885 0.20956561
v 0.61714163 0.23975215 0.21456561
v 0.61388464 0.24371961 0.21456561
v 0.61714163 0.24871962 0.00352822
v 0.61446810 0.24871962 0.00456562
v 0.61513116 0.24707758 0.00798649
v 0.61714163 0.24871962 0.00858515
v 0.61487815 0.24871962 0.00956561
v 0.61670939 0.24871962 0.01456562
v 0.61434574 0.24871962 0.02456562
v 0.61537507 0.24871962 0.03456562
v 0.61411906 0.24871962 0.04956562
v 0.61714163 0.24871962 0.04705552
v 0.61714163 0.24656544 0.04956561
v 0.61714163 0.24871962 0.05247894
v 0.61714163 0.24416319 0.06956561
v 0.61515659 0.24871962 0.07956561
v 0.61714163 0.24871962 0.07782648
v 0.61714163 0.24871962 0.08116124
v 0.61714163 0.24464033 0.08956561
v 0.61388398 0.24871962 0.09456561
v 0.61598672 0.24871962 0.09956561
v 0.61714163 0.24527664 0.10456561
v 0.61407417 0.24871962 0.10956561
v 0.61324666 0.24871962 0.11456561
v 0.61245116 0.24871962 0.11956561
v 0.61714163 0.24483133 0.12456561
v 0.61714163 0.24497826 0.13956561
v 0.61714163 0.24423606 0.14456561
v 0.61513364 0.24871961 0.14956561
v 0.61714163 0.24405357 0.16456561
v 0.61300585 0.24871961 0.17956561
v 0.61317298 0.24871961 0.18456561
v 0.61714163 0.24494602 0.19456561
v 0.61375527 0.24871961 0.20456561
v 0.61714163 0.25018173 0.00456562
v 0.61714163 0.24913887 0.00956561
v 0.61714163 0.25371961 0.00694496
v 0.61714163 0.25371961 0.01284258
v 0.61714163 0.25371961 0.01641076
v 0.61714163 0.25040758 0.01956561
v 0.61714163 0.25371961 0.02198713
v 0.61669656 0.25371961 0.02956561
v 0.61714163 0.25371961 0.03279922
v 0.61714163 0.25280422 0.03456562
v 0.61293803 0.25371961 0.03956562
v 0.61714163 0.25371961 0.03480651
v 0.61423472 0.25371961 0.04456562
v 0.61714163 0.25371961 0.04862915
v 0.61714163 0.25371961 0.05270497
v 0.61685469 0.25371961 0.05456561
v 0.61491058 0.25371961 0.06456561
v 0.61714163 0.25025386 0.06456561
v 0.61714163 0.25371961 0.06255722
v 0.61714163 0.25371961 0.06806769
v 0.61714163 0.25041336 0.07956561
v 0.61269943 0.25371961 0.17456561
v 0.61459152 0.25871962 0.00456562
v 0.61714163 0.25780243 0.00956561
v 0.61714163 0.25593416 0.01956561
v 0.61368599 0.25871962 0.02456562
v 0.61714163 0.25390518 0.03456562
v 0.61714163 0.25427820 0.04956561
v 0.61714163 0.25529440 0.06456561
v 0.61737987 0.07371961 0.02956561
v 0.61796158 0.07371961 0.08456561
v 0.61921969 0.07371961 0.09956561
v 0.62214163 0.07280109 0.09956561
v 0.62214163 0.07371961 0.09840446
v 0.62074404 0.07371961 0.10456561
v 0.62214163 0.07292885 0.10456561
v 0.62029514 0.07371961 0.10956561
v 0.62214163 0.07371961 0.10625593
v 0.61904630 0.07371961 0.14956561
v 0.62214163 0.07195585 0.14956561
v 0.62214163 0.07371961 0.14605029
v 0.61729356 0.07371961 0.15456561
v 0.62214163 0.07101639 0.15456561
v 0.62214163 0.07371961 0.15816672
v 0.61923294 0.07371961 0.16456561
v 0.62214163 0.07316928 0.17956561
v 0.62214163 0.07371961 0.17662351
v 0.62214163 0.07159543 0.18456561
v 0.61735132 0.07371961 0.18956561
v 0.62214163 0.07371961 0.18571159
v 0.61791498 0.07371961 0.19956561
v 0.61822494 0.07871961 0.00456562
v 0.62214163 0.07871961 0.00940755
v 0.62214163 0.07816267 0.00956561
v 0.62019868 0.07871961 0.01456562
v 0.62214163 0.07797141 0.01456562
v 0.62214163 0.07871961 0.01586903
v 0.62214163 0.07586552 0.02456562
v 0.62214163 0.07871961 0.02068353
v 0.61925117 0.07871961 0.02956561
v 0.62214163 0.07871961 0.02723247
v 0.61995532 0.07871961 0.04456562
v 0.61960411 0.07871961 0.05956562
v 0.62214163 0.07702641 0.05956562
v 0.62214163 0.07871961 0.05757377
v 0.61745663 0.07871961 0.06456562
v 0.62214163 0.07871961 0.06307359
v 0.61980800 0.07871961 0.06956561
v 0.62214163 0.07829545 0.08456561
v 0.62214163 0.07871961 0.08231433
v 0.62214163 0.07844470 0.08956561
v 0.62169918 0.07871961 0.08956561
v 0.62214163 0.07871961 0.09129493
v 0.62214163 0.07562692 0.09956561
v 0.62214163 0.07754675 0.10456561
v 0.62076273 0.07871961 0.11956561
v 0.62214163 0.07787716 0.11956561
v 0.62214163 0.07871961 0.11873474
v 0.62214163 0.07871961 0.12083958
v 0.61979639 0.07871961 0.13456561
v 0.62214163 0.07871961 0.13916240
v 0.62214163 0.07855203 0.13956561
v 0.62214163 0.07700536 0.14456561
v 0.62214163 0.07791307 0.14956561
v 0.62214163 0.07871961 0.14723533
v 0.62214163 0.07728303 0.15456561
v 0.62129636 0.07871961 0.15956561
v 0.62214163 0.07871961 0.16598212
v 0.62214163 0.07707992 0.16956561
v 0.62214163 0.07591374 0.17456561
v 0.62038495 0.07871961 0.18456561
v 0.62214163 0.07826007 0.18956561
v 0.62214163 0.07865222 0.19456561
v 0.62214163 0.07775453 0.19956561
v 0.62214163 0.07497590 0.20456561
v 0.62001668 0.07871961 0.20956561
v 0.62214163 0.07871961 0.20627185
v 0.61906471 0.07871961 0.21456561
v 0.62000672 0.08371961 0.00456562
v 0.62214163 0.08371961 0.00655494
v 0.62017439 0.08371961 0.01456562
v 0.61863782 0.08371961 0.01956561
v 0.62214163 0.08371961 0.01551848
v 0.62214163 0.08289278 0.02456562
v 0.61876010 0.08371961 0.02956561
v 0.62051351 0.08371961 0.03456562
v 0.62214163 0.08371961 0.03618937
v 0.62214163 0.08098027 0.03956562
v 0.61926779 0.08371961 0.04456562
v 0.62214163 0.08160743 0.04456562
v 0.62214163 0.07945719 0.04956562
v 0.61765376 0.08371961 0.04956562
v 0.62093572 0.08371961 0.05456562
v 0.62214163 0.08295926 0.05456562
v 0.61729367 0.08371961 0.05956562
v 0.62214163 0.08371961 0.06382210
v 0.61927138 0.08371961 0.07456561
v 0.62092096 0.08371961 0.07956561
v 0.62214163 0.08021179 0.08456561
v 0.62214163 0.08371961 0.08718025
v 0.62214163 0.08371961 0.09415774
v 0.61811777 0.08371961 0.09956561
v 0.61936576 0.08371961 0.10456561
v 0.62214163 0.08371961 0.10919670
v 0.62214163 0.08256324 0.10956561
v 0.61832425 0.08371961 0.11456561
v 0.62214163 0.08169996 0.11456561
v 0.61951957 0.08371961 0.11956561
v 0.62025699 0.08371961 0.12456561
v 0.62214163 0.08371961 0.12150486
v 0.62214163 0.08371961 0.12619755
v 0.62214163 0.08047430 0.12956561
v 0.61795598 0.08371961 0.13456561
v 0.62214163 0.08146495 0.13456561
v 0.62214163 0.08371961 0.13801128
v 0.62004898 0.08371961 0.13956561
v 0.62214163 0.07967682 0.13956561
v 0.62214163 0.08088199 0.14456561
v 0.62076638 0.08371961 0.14456561
v 0.62214163 0.08371961 0.14698209
v 0.62214163 0.08063728 0.14956561
v 0.62071821 0.08371961 0.15456561
v 0.62214163 0.08371961 0.15282411
v 0.62214163 0.08371961 0.15553973
v 0.62214163 0.07933961 0.15956561
v 0.62214163 0.07933436 0.16456561
v 0.61777536 0.08371961 0.20956561
v 0.62214163 0.08371961 0.20501222
v 0.62214163 0.08680537 0.00456562
v 0.62214163 0.08871961 0.00378619
v 0.62214163 0.08547342 0.01956561
v 0.62214163 0.08455200 0.02456562
v 0.62214163 0.08734369 0.02956561
v 0.62214163 0.08605744 0.03456562
v 0.62214163 0.08439485 0.06456562
v 0.62214163 0.08705489 0.06956561
v 0.62214163 0.08567014 0.07456561
v 0.62214163 0.08676976 0.07956561
v 0.62206140 0.08871961 0.08456561
v 0.62214163 0.08871961 0.08407598
v 0.62214163 0.08871961 0.08490092
v 0.62214163 0.08387358 0.09456561
v 0.62214163 0.08585058 0.09956561
v 0.62214163 0.08540016 0.10456561
v 0.62214163 0.08531046 0.12456561
v 0.62214163 0.08616852 0.13956561
v 0.62214163 0.08497014 0.14456561
v 0.62214163 0.08467381 0.15456561
v 0.61867925 0.08871961 0.20956561
v 0.62214163 0.08871961 0.20595171
v 0.62214163 0.09335175 -0.00043439
v 0.62214163 0.09371961 -0.00077769
v 0.62214163 0.08878426 0.08456561
v 0.62214163 0.09158956 0.20956561
v 0.61895160 0.09371961 0.21456561
v 0.62214163 0.09371961 0.21169566
v 0.61945563 0.09871961 -0.00543438
v 0.62214163 0.09871961 -0.00370590
v 0.62214163 0.09755481 0.21456561
v 0.62214164 0.09871961 0.21800208
v 0.62214163 0.10371961 -0.00426279
v 0.62214164 0.10371961 0.21739045
v 0.62214163 0.10871961 -0.00438150
v 0.62214164 0.10871961 0.21816009
v 0.62111326 0.11371961 -0.00543438
v 0.62214163 0.11140673 -0.00543438
v 0.62214163 0.11371961 -0.00607445
v 0.62214164 0.11371961 0.21931558
v 0.61843263 0.11871961 -0.00543438
v 0.62214163 0.11538923 -0.00543438
v 0.62214163 0.11871961 -0.00410483
v 0.61970933 0.11871961 0.00456562
v 0.61974988 0.11871961 0.00956561
v 0.62214164 0.11871961 0.21889331
v 0.62214163 0.12371961 -0.00721164
v 0.61921765 0.12371961 -0.00543438
v 0.62214163 0.12050838 -0.00543438
v 0.61971062 0.12371961 0.00456562
v 0.61975321 0.12371961 0.00956561
v 0.62214164 0.12371961 0.21740600
v 0.61911456 0.12871961 -0.00543438
v 0.62214163 0.12871961 -0.00744553
v 0.61968194 0.12871961 0.00456562
v 0.61991069 0.12871961 0.00956561
v 0.62214164 0.12871961 0.21676853
v 0.62214163 0.13371961 -0.00770517
v 0.62214164 0.13371961 0.21605123
v 0.62214163 0.13871961 -0.00798255
v 0.62214164 0.13871961 0.21588975
v 0.62214163 0.14371961 -0.00627728
v 0.61911094 0.14371961 0.21956561
v 0.62214164 0.14371961 0.21726623
v 0.62214163 0.14871961 -0.00546240
v 0.62214164 0.14871961 0.21643127
v 0.62214163 0.14874696 -0.00543438
v 0.61785562 0.15371961 -0.00543438
v 0.62214163 0.15371961 -0.00293200
v 0.62204461 0.15371961 0.08456561
v 0.62214163 0.15371961 0.08444676
v 0.62214163 0.15338329 0.08456561
v 0.62214163 0.15371961 0.08476096
v 0.61924571 0.15371961 0.21456561
v 0.62214163 0.15371961 0.21110265
v 0.62214163 0.15053949 0.21456561
v 0.62043941 0.15871961 -0.00543438
v 0.62214163 0.15871961 -0.00413126
v 0.62214163 0.15386000 0.08456561
v 0.62037107 0.15871961 0.09956561
v 0.62214163 0.15871961 0.09680210
v 0.62214163 0.15661714 0.09956561
v 0.62214163 0.15832688 0.10456561
v 0.62206126 0.15871961 0.10456561
v 0.62214163 0.15871961 0.10480858
v 0.62204854 0.15871961 0.13956561
v 0.62214163 0.15871961 0.13936856
v 0.62214163 0.15855768 0.13956561
v 0.62214163 0.15871961 0.13999971
v 0.62214163 0.15719256 0.21456561
v 0.62214164 0.15871961 0.21666028
v 0.62214163 0.16371961 -0.00294714
v 0.62214163 0.16161484 0.09956561
v 0.62214163 0.15881859 0.10456561
v 0.62214163 0.16254585 0.10956561
v 0.62151659 0.16371961 0.10956561
v 0.62214163 0.16371961 0.10902473
v 0.62214163 0.16262105 0.11456561
v 0.62148753 0.16371961 0.11456561
v 0.62214163 0.16034383 0.11956561
v 0.62059094 0.16371961 0.11956561
v 0.62214163 0.16371961 0.12189760
v 0.62105568 0.16371961 0.12956561
v 0.62214163 0.16371961 0.12787101
v 0.62214163 0.16231795 0.12956561
v 0.62214163 0.16371961 0.13137984
v 0.62214163 0.15884123 0.13956561
v 0.62164718 0.16371961 0.16456561
v 0.62214163 0.16371961 0.16270986
v 0.62214163 0.16266037 0.16456561
v 0.62214163 0.16371961 0.16944990
v 0.62214164 0.16316287 0.21956561
v 0.62214164 0.16371961 0.21992057
v 0.61781558 0.16871961 -0.00543438
v 0.62214163 0.16871961 -0.00244149
v 0.62214163 0.16524041 0.10956561
v 0.62214163 0.16597873 0.11456561
v 0.62214163 0.16869548 0.11956561
v 0.62214163 0.16568367 0.12956561
v 0.62187255 0.16871961 0.13956561
v 0.62214163 0.16871961 0.13742816
v 0.62214163 0.16843403 0.13956561
v 0.62214163 0.16871961 0.14061040
v 0.62214163 0.16487519 0.16456561
v 0.62128087 0.16871961 0.18956561
v 0.62214163 0.16871961 0.18845403
v 0.62214163 0.16401206 0.18956561
v 0.62214163 0.16871961 0.19075114
v 0.62205002 0.16871961 0.21456561
v 0.62214164 0.16871961 0.21440139
v 0.62214164 0.16844328 0.21456561
v 0.62214164 0.16468626 0.21956561
v 0.62214163 0.17371961 -0.00236120
v 0.62172341 0.17371961 0.09956561
v 0.62214163 0.17371961 0.09906359
v 0.62214163 0.17295907 0.09956561
v 0.62214163 0.17371961 0.10170556
v 0.62213498 0.17371961 0.12456561
v 0.62214163 0.17371961 0.12454895
v 0.62214163 0.17370435 0.12456561
v 0.62214163 0.17371961 0.12457560
v 0.62214163 0.16929293 0.13956561
v 0.62214163 0.17244097 0.14456561
v 0.62152853 0.17371961 0.14456561
v 0.62214163 0.17371961 0.14384473
v 0.62214163 0.17371961 0.14539695
v 0.62214163 0.17061473 0.18956561
v 0.62201332 0.17371961 0.21456561
v 0.62214164 0.17371961 0.21449846
v 0.62214163 0.17871961 -0.00208837
v 0.62214163 0.17421208 0.09956561
v 0.62093463 0.17871961 0.11456561
v 0.62214163 0.17871961 0.11309873
v 0.62214163 0.17630781 0.11456561
v 0.62214163 0.17871961 0.11625861
v 0.62191997 0.17871961 0.12456561
v 0.62214163 0.17871961 0.12405546
v 0.62214163 0.17738847 0.12956561
v 0.62107373 0.17871961 0.12956561
v 0.62214163 0.17871961 0.13416001
v 0.62184765 0.17871961 0.14456561
v 0.62214163 0.17871961 0.14185815
v 0.62214163 0.17871961 0.14493739
v 0.62049644 0.17871961 0.15956561
v 0.62214163 0.17871961 0.15460958
v 0.62214163 0.17546940 0.15956561
v 0.62214163 0.17871961 0.16204137
v 0.62099353 0.17871961 0.17456561
v 0.62214163 0.17871961 0.17190766
v 0.62214163 0.17619477 0.17456561
v 0.62214163 0.17714569 0.17956561
v 0.62182520 0.17871961 0.17956561
v 0.62214163 0.17871961 0.18019088
v 0.61897527 0.17871961 0.21456561
v 0.62214163 0.17871961 0.21089471
v 0.62214163 0.18371961 -0.00143505
v 0.62181384 0.18371961 0.08456561
v 0.62214163 0.18371961 0.08351271
v 0.62214163 0.18278991 0.08456561
v 0.62214163 0.18088245 0.08956561
v 0.62150005 0.18371961 0.08956561
v 0.62214163 0.18371961 0.09161291
v 0.62214163 0.18163720 0.11456561
v 0.62214163 0.18371961 0.11563596
v 0.62020609 0.18371961 0.11956561
v 0.62214163 0.18085498 0.11956561
v 0.62072497 0.18371961 0.12456561
v 0.62214163 0.18371961 0.12781337
v 0.62214163 0.18178614 0.12956561
v 0.62214163 0.18371961 0.13255441
v 0.62148088 0.18371961 0.13456561
v 0.62214163 0.17958078 0.13456561
v 0.62214163 0.18371961 0.13609662
v 0.62007755 0.18371961 0.14456561
v 0.62214163 0.18371961 0.14190915
v 0.62214163 0.18366232 0.14956561
v 0.62207342 0.18371961 0.14956561
v 0.62214163 0.18371961 0.15093545
v 0.62182819 0.18371961 0.15956561
v 0.62214163 0.18371961 0.15615352
v 0.62214163 0.18371961 0.16000806
v 0.62214163 0.18338952 0.17456561
v 0.62028551 0.18371961 0.17956561
v 0.62214163 0.18371961 0.17477025
v 0.62214163 0.18100514 0.18456561
v 0.62004085 0.18371961 0.18456561
v 0.62214163 0.18050754 0.18956561
v 0.62154295 0.18371961 0.18956561
v 0.62214163 0.18165346 0.19456561
v 0.62142915 0.18371961 0.19456561
v 0.62214163 0.18371961 0.19677186
v 0.62214164 0.18346709 0.21456561
v 0.62214164 0.18371961 0.21481944
v 0.62214163 0.18871961 -0.00195589
v 0.62136648 0.18871961 0.06456561
v 0.62214163 0.18871961 0.06323431
v 0.62214163 0.18696436 0.06456561
v 0.62214163 0.18758722 0.06956561
v 0.62123171 0.18871961 0.06956561
v 0.62214163 0.18871961 0.07334008
v 0.62214163 0.18545030 0.08456561
v 0.62214163 0.18509485 0.08956561
v 0.62214163 0.18659351 0.09456561
v 0.62136457 0.18871961 0.09456561
v 0.62214163 0.18871961 0.09312483
v 0.62214163 0.18509155 0.09956561
v 0.62033748 0.18871961 0.09956561
v 0.62214163 0.18871961 0.10300613
v 0.62024926 0.18871961 0.11456561
v 0.62214163 0.18871961 0.11139465
v 0.62214163 0.18501362 0.11456561
v 0.62029560 0.18871961 0.11956561
v 0.61954516 0.18871961 0.12456561
v 0.62214163 0.18622709 0.12956561
v 0.62132520 0.18871961 0.12956561
v 0.62056932 0.18871961 0.13456561
v 0.62214163 0.18871961 0.13931493
v 0.61940080 0.18871961 0.14456561
v 0.62214163 0.18871961 0.13972160
v 0.62007139 0.18871961 0.14956561
v 0.62214163 0.18450786 0.15456561
v 0.62159389 0.18871961 0.15456561
v 0.62170357 0.18871961 0.15956561
v 0.62214163 0.18871961 0.16011844
v 0.62079210 0.18871961 0.17956561
v 0.62214163 0.18871961 0.17644956
v 0.62214163 0.18484584 0.18956561
v 0.62214163 0.18871961 0.18723781
v 0.62214163 0.18644191 0.19456561
v 0.61859409 0.18871961 0.21956561
v 0.62214164 0.18871961 0.21678361
v 0.62214163 0.19371961 -0.00192536
v 0.62002732 0.19371961 0.05956561
v 0.62214163 0.19371961 0.05703814
v 0.62214163 0.19124880 0.05956561
v 0.62095532 0.19371961 0.06456561
v 0.62214163 0.19371961 0.06939886
v 0.62214163 0.19348848 0.06956561
v 0.62042893 0.19371961 0.08456561
v 0.62214163 0.19371961 0.08256561
v 0.62214163 0.19053047 0.08456561
v 0.62214163 0.19371961 0.08850212
v 0.61984610 0.19371961 0.09456561
v 0.62214163 0.19371961 0.09028916
v 0.62214163 0.19371961 0.09939274
v 0.62214163 0.19345413 0.09956561
v 0.62214163 0.19371961 0.10052033
v 0.62092118 0.19371961 0.10456561
v 0.62214163 0.19200004 0.10456561
v 0.62214163 0.19085043 0.10956561
v 0.62094190 0.19371961 0.10956561
v 0.62167688 0.19371961 0.11456561
v 0.62214163 0.19371961 0.11566042
v 0.62214163 0.19180765 0.11956561
v 0.61994303 0.19371961 0.12456561
v 0.62214163 0.19371961 0.12157126
v 0.62214163 0.19371961 0.12694808
v 0.62214163 0.18976177 0.12956561
v 0.62214163 0.19266920 0.13456561
v 0.62214163 0.19319234 0.14456561
v 0.62135194 0.19371961 0.14956561
v 0.62214163 0.19371961 0.14574904
v 0.62077311 0.19371961 0.15456561
v 0.62214163 0.19371961 0.15956311
v 0.62214163 0.19371313 0.15956561
v 0.62214163 0.19371961 0.15956660
v 0.62047283 0.19371961 0.16456561
v 0.62214163 0.19146408 0.16456561
v 0.62214163 0.19371961 0.16655107
v 0.61945890 0.19371961 0.17456561
v 0.62214163 0.19371961 0.17306007
v 0.62214163 0.18984514 0.17456561
v 0.62165202 0.19371961 0.17956561
v 0.62075700 0.19371961 0.18456561
v 0.62214163 0.19130849 0.18956561
v 0.62013085 0.19371961 0.18956561
v 0.62214163 0.19371961 0.19222421
v 0.62206808 0.19371961 0.21456561
v 0.62214164 0.19371961 0.21427020
v 0.62214164 0.19366470 0.21456561
v 0.62214163 0.19871961 -0.00224324
v 0.62100502 0.19871961 0.05456562
v 0.62214163 0.19871961 0.05316082
v 0.62214163 0.19703161 0.05456561
v 0.62055728 0.19871961 0.05956561
v 0.62214163 0.19871961 0.06276650
v 0.62214163 0.19668922 0.06456561
v 0.62054733 0.19871961 0.07956561
v 0.62214163 0.19871961 0.07604638
v 0.62214163 0.19722303 0.07956561
v 0.61911914 0.19871961 0.08456561
v 0.62214163 0.19557230 0.08956561
v 0.61973301 0.19871961 0.08956561
v 0.62214163 0.19721279 0.09456561
v 0.62214163 0.19871961 0.09156497
v 0.62094021 0.19871961 0.10456561
v 0.62214163 0.19871961 0.10238261
v 0.61927901 0.19871961 0.10956561
v 0.62177444 0.19871961 0.11456561
v 0.62214163 0.19540878 0.11956561
v 0.61862783 0.19871961 0.11956561
v 0.62143227 0.19871961 0.12456561
v 0.62214163 0.19871961 0.12647804
v 0.61978190 0.19871961 0.13456561
v 0.62214163 0.19871961 0.13159419
v 0.62214163 0.19482580 0.13456561
v 0.62214163 0.19663154 0.13956561
v 0.62192931 0.19871961 0.13956561
v 0.62214163 0.19871961 0.14048755
v 0.61959202 0.19871961 0.14956561
v 0.62214163 0.19871961 0.14533513
v 0.62214163 0.19871961 0.15254276
v 0.62214163 0.19562276 0.15456561
v 0.62214163 0.19812959 0.16456561
v 0.61957260 0.19871961 0.17456561
v 0.62214163 0.19871961 0.17107444
v 0.62214163 0.19871961 0.17803201
v 0.62214163 0.19489652 0.17956561
v 0.61917371 0.19871961 0.18456561
v 0.62214163 0.19871961 0.18079188
v 0.62098487 0.19871961 0.18956561
v 0.62214163 0.19629911 0.19456561
v 0.62072276 0.19871961 0.19456561
v 0.62214163 0.19871961 0.19656789
v 0.62214164 0.19376092 0.21456561
v 0.62214164 0.19871961 0.21627116
v 0.62214163 0.20371961 -0.00158251
v 0.62200325 0.20371961 0.05456561
v 0.62214163 0.20371961 0.05331119
v 0.62214163 0.20371961 0.05527005
v 0.62214163 0.20178062 0.05956561
v 0.62214163 0.20371961 0.06205815
v 0.62214163 0.20106291 0.06456561
v 0.62214163 0.20371961 0.06830954
v 0.62214163 0.20048099 0.07956561
v 0.62214163 0.20102924 0.08456561
v 0.61888800 0.20371961 0.08956561
v 0.62214163 0.20371961 0.08736700
v 0.62214163 0.20070127 0.09456561
v 0.61995623 0.20371961 0.09456561
v 0.62214163 0.20371961 0.09701847
v 0.62214163 0.20371961 0.10320242
v 0.62198815 0.20371961 0.10956561
v 0.62083943 0.20371961 0.11456561
v 0.61761212 0.20371961 0.11956561
v 0.62214163 0.19915481 0.12956561
v 0.61795349 0.20371961 0.12956561
v 0.61750343 0.20371961 0.13456561
v 0.61842273 0.20371961 0.13956561
v 0.62214163 0.19892744 0.14456561
v 0.61823920 0.20371961 0.14456561
v 0.62214163 0.20348709 0.14956561
v 0.62214163 0.20371961 0.14950815
v 0.62214163 0.20371961 0.14976022
v 0.61930379 0.20371961 0.15456561
v 0.62214163 0.20052309 0.15456561
v 0.62214163 0.20127180 0.15956561
v 0.62127356 0.20371961 0.15956561
v 0.62214163 0.19925421 0.16456561
v 0.61893100 0.20371961 0.16456561
v 0.61800171 0.20371961 0.16956561
v 0.62214163 0.20371961 0.16686630
v 0.62214163 0.20371961 0.17274403
v 0.61996832 0.20371961 0.17456561
v 0.62214163 0.20318306 0.17956561
v 0.62199808 0.20371961 0.17956561
v 0.62106272 0.20371961 0.18456561
v 0.62024101 0.20371961 0.18956561
v 0.62214163 0.20371961 0.19196075
v 0.62214163 0.20081157 0.19456561
v 0.61753641 0.20371961 0.21956561
v 0.62214164 0.20371961 0.21631761
v 0.62214163 0.20871961 -0.00097814
v 0.62214163 0.20404556 0.05456561
v 0.62214163 0.20506891 0.06456561
v 0.62169550 0.20871961 0.07956561
v 0.62214163 0.20871961 0.07866367
v 0.62214163 0.20756596 0.07956561
v 0.62214163 0.20871961 0.07994901
v 0.62042710 0.20871961 0.08956561
v 0.62214163 0.20871961 0.08857557
v 0.62214163 0.20871961 0.09215506
v 0.62214163 0.20630731 0.09456561
v 0.62214163 0.20659723 0.09956561
v 0.62103501 0.20871961 0.09956561
v 0.62214163 0.20871961 0.09731047
v 0.62150295 0.20871961 0.10456561
v 0.61832655 0.20871961 0.10956561
v 0.61904344 0.20871961 0.11456561
v 0.61977268 0.20871961 0.12456561
v 0.62021328 0.20871961 0.12956561
v 0.61864024 0.20871961 0.13456561
v 0.62182351 0.20871961 0.13956561
v 0.61959788 0.20871961 0.14456561
v 0.62214163 0.20390102 0.14956561
v 0.62007532 0.20871961 0.14956561
v 0.61970882 0.20871961 0.15456561
v 0.62214163 0.20871961 0.16848153
v 0.62214163 0.20819498 0.17456561
v 0.62214163 0.20871961 0.17643598
v 0.62054988 0.20871961 0.18456561
v 0.62214163 0.20871961 0.18859641
v 0.62214163 0.20794368 0.18956561
v 0.62214163 0.20812351 0.19456561
v 0.62171073 0.20871961 0.19456561
v 0.62214163 0.20871961 0.19234126
v 0.62214163 0.20871961 0.19606529
v 0.62214164 0.20871961 0.21618988
v 0.62214163 0.21371961 -0.00048912
v 0.62214163 0.21010309 0.07956561
v 0.62214163 0.21166212 0.08956561
v 0.62214163 0.21131002 0.09956561
v 0.62214163 0.20951965 0.10456561
v 0.62091511 0.21371961 0.10956561
v 0.62214163 0.21371961 0.10803017
v 0.62214163 0.21371961 0.11185817
v 0.62214163 0.21173443 0.11456561
v 0.62214163 0.21015844 0.11956561
v 0.62214163 0.21211927 0.12456561
v 0.62214163 0.21025099 0.12956561
v 0.62214163 0.21069237 0.13456561
v 0.62079410 0.21371961 0.13956561
v 0.62214163 0.21371961 0.13839534
v 0.62214163 0.21371961 0.14165834
v 0.62214163 0.21127250 0.14456561
v 0.62006733 0.21371961 0.14956561
v 0.62214163 0.21371961 0.14758531
v 0.62214163 0.21371961 0.15106505
v 0.62214163 0.20992693 0.15456561
v 0.62214163 0.21009540 0.15956561
v 0.62214163 0.20948350 0.16456561
v 0.62173640 0.21371961 0.17956561
v 0.62214163 0.21371961 0.17871440
v 0.62214163 0.21371961 0.17994552
v 0.62214163 0.20944492 0.18456561
v 0.62214163 0.20975540 0.18956561
v 0.62076147 0.21371961 0.18956561
v 0.62214163 0.21371961 0.18889034
v 0.62139789 0.21371961 0.19456561
v 0.62214163 0.21371961 0.19608539
v 0.62063127 0.21371961 0.20456561
v 0.62214163 0.21371961 0.20211282
v 0.62214163 0.20982893 0.20456561
v 0.62214163 0.21371961 0.20886779
v 0.62182490 0.21371961 0.21456561
v 0.62214163 0.21371961 0.21195291
v 0.62214164 0.21327846 0.21456561
v 0.62214163 0.21748499 -0.00543438
v 0.62214163 0.21871962 -0.00674968
v 0.62214163 0.21540453 0.10956561
v 0.62189563 0.21871961 0.12456561
v 0.62214163 0.21871961 0.12445046
v 0.62214163 0.21838554 0.12456561
v 0.62214163 0.21871961 0.12492159
v 0.62214163 0.21538063 0.13956561
v 0.62121202 0.21871961 0.14956561
v 0.62214163 0.21871961 0.14867055
v 0.62214163 0.21871961 0.15180829
v 0.62214163 0.21428507 0.17956561
v 0.62193651 0.21871961 0.18956561
v 0.62214163 0.21871961 0.18934157
v 0.62214163 0.21871961 0.19003472
v 0.62214163 0.21516012 0.19456561
v 0.62214163 0.21797743 0.20456561
v 0.62214163 0.21871961 0.20591191
v 0.62129071 0.21871961 0.20956561
v 0.62214163 0.21499628 0.20956561
v 0.62122250 0.21871961 0.21456561
v 0.62214163 0.22301023 -0.01043439
v 0.62214163 0.22371962 -0.01114503
v 0.62214163 0.21910059 0.12456561
v 0.62214163 0.21982639 0.14956561
v 0.62214163 0.21908239 0.18956561
v 0.62214163 0.21978737 0.20956561
v 0.62075350 0.22371961 0.21456561
v 0.62214164 0.22371961 0.21409719
v 0.62214163 0.22440271 -0.01043439
v 0.61885211 0.22871962 -0.01043439
v 0.62214163 0.22871962 -0.00703167
v 0.61970305 0.22871962 -0.00043439
v 0.62214163 0.22871962 -0.00321384
v 0.62214163 0.22559608 -0.00043439
v 0.62214163 0.22871962 0.00232256
v 0.62070344 0.22871961 0.07456561
v 0.62214163 0.22871961 0.07153776
v 0.62214163 0.22795608 0.07456561
v 0.62214163 0.22871961 0.07549824
v 0.62164496 0.22871961 0.09956561
v 0.62214163 0.22871961 0.09484412
v 0.62214163 0.22837806 0.09956561
v 0.62214163 0.22574272 0.10456561
v 0.62119415 0.22871961 0.10456561
v 0.62214163 0.22871961 0.10569878
v 0.62170325 0.22871961 0.15956561
v 0.62214163 0.22871961 0.15866900
v 0.62214163 0.22841522 0.15956561
v 0.62214163 0.22871961 0.15990770
v 0.61892455 0.22871961 0.17456561
v 0.62214163 0.22871961 0.17137458
v 0.62214163 0.22541639 0.17456561
v 0.62214163 0.22445917 0.17956561
v 0.61829923 0.22871961 0.17956561
v 0.62214163 0.22561094 0.18456561
v 0.61856434 0.22871961 0.18456561
v 0.62214163 0.22482015 0.18956561
v 0.61830571 0.22871961 0.18956561
v 0.62214163 0.22485838 0.19456561
v 0.61881156 0.22871961 0.19456561
v 0.62214163 0.22871961 0.19805276
v 0.61828040 0.22871961 0.21456561
v 0.62214163 0.22871961 0.21114829
v 0.62214163 0.23109659 -0.00543438
v 0.62214163 0.23153522 -0.00043439
v 0.62214163 0.23371961 -0.00277481
v 0.61770388 0.23371961 0.01956561
v 0.61942438 0.23371961 0.04456562
v 0.62155067 0.23371961 0.06956561
v 0.62214163 0.23371961 0.06777635
v 0.62214163 0.23155750 0.06956561
v 0.62214163 0.22988169 0.07456561
v 0.62214163 0.23371961 0.07021875
v 0.62214163 0.22922518 0.09956561
v 0.62214163 0.22994051 0.10456561
v 0.62214163 0.22952463 0.15956561
v 0.61844755 0.23371961 0.17456561
v 0.62214163 0.23371961 0.17008519
v 0.61853409 0.23371961 0.17956561
v 0.61832572 0.23371961 0.18456561
v 0.61864018 0.23371961 0.18956561
v 0.61719828 0.23371961 0.19456561
v 0.62214163 0.23371961 0.19881854
v 0.61763756 0.23371961 0.21456561
v 0.62214163 0.23371961 0.21017736
v 0.61749039 0.23871962 -0.00543438
v 0.62214163 0.23657942 -0.00043439
v 0.61886360 0.23871962 -0.00043439
v 0.62214163 0.23871962 0.00220392
v 0.62148435 0.23871962 0.01956561
v 0.61846178 0.23871962 0.02456562
v 0.62045613 0.23871962 0.02956561
v 0.62214163 0.23871962 0.02825266
v 0.62214163 0.23817709 0.02956561
v 0.62214163 0.23871962 0.03165918
v 0.62214163 0.23871962 0.03677385
v 0.62214163 0.23711645 0.03956562
v 0.62214163 0.23871962 0.04127211
v 0.62214163 0.23455122 0.04956561
v 0.61987141 0.23871962 0.04956561
v 0.62214163 0.23871962 0.04762790
v 0.61761699 0.23871962 0.05456561
v 0.62214163 0.23871962 0.05238946
v 0.61918193 0.23871962 0.05956561
v 0.61941533 0.23871962 0.06456561
v 0.62214163 0.23871962 0.06438859
v 0.62214163 0.23824744 0.06456561
v 0.61951719 0.23871962 0.06956561
v 0.61801694 0.23871962 0.07456561
v 0.62214163 0.23871962 0.07040913
v 0.62214163 0.23871962 0.07808272
v 0.62214163 0.23752062 0.07956561
v 0.62214163 0.23577430 0.08456561
v 0.62024053 0.23871962 0.08456561
v 0.62214163 0.23478403 0.08956561
v 0.62214163 0.23629438 0.09456561
v 0.61883025 0.23871961 0.09956561
v 0.62214163 0.23871962 0.09625309
v 0.62010201 0.23871961 0.10456561
v 0.62214163 0.23871961 0.10870132
v 0.62214163 0.23715882 0.10956561
v 0.62214163 0.23710098 0.11456561
v 0.61903940 0.23871961 0.11456561
v 0.62214163 0.23871961 0.11833368
v 0.62089036 0.23871961 0.12956561
v 0.62214163 0.23871961 0.13142907
v 0.62214163 0.23825193 0.13456561
v 0.62214163 0.23871961 0.13596637
v 0.62214163 0.23871961 0.14101140
v 0.62214163 0.23709532 0.14456561
v 0.62214163 0.23871961 0.14751548
v 0.62047180 0.23871961 0.15456561
v 0.62214163 0.23871961 0.15298105
v 0.62214163 0.23789628 0.15456561
v 0.62214163 0.23849479 0.15956561
v 0.62154867 0.23871961 0.15956561
v 0.62214163 0.23613182 0.16456561
v 0.61887515 0.23871961 0.16456561
v 0.62214163 0.23464052 0.16956561
v 0.61788640 0.23871961 0.16956561
v 0.62214163 0.23763399 0.17456561
v 0.62214163 0.23871961 0.17281253
v 0.62214163 0.23724640 0.17956561
v 0.61817649 0.23871961 0.18456561
v 0.62214163 0.23871961 0.18103883
v 0.61766562 0.23871961 0.19456561
v 0.62214163 0.23489239 0.19956561
v 0.61833242 0.23871961 0.19956561
v 0.62214163 0.23540876 0.20456561
v 0.62039272 0.23871961 0.20456561
v 0.62214163 0.23555859 0.20956561
v 0.61787980 0.23871961 0.20956561
v 0.61817418 0.23871961 0.21456561
v 0.62214163 0.24371961 0.00154779
v 0.61802734 0.24371961 0.00956561
v 0.62139724 0.24371961 0.01456562
v 0.62214163 0.24371961 0.01629840
v 0.62214163 0.24103460 0.01956561
v 0.62214163 0.24345469 0.02456562
v 0.62214163 0.23913667 0.03456562
v 0.62214163 0.23962812 0.04456561
v 0.62214163 0.24216562 0.05456561
v 0.62214163 0.23991794 0.05956561
v 0.61759226 0.24371961 0.06956561
v 0.62214163 0.24371961 0.07411584
v 0.62172702 0.24371961 0.07456561
v 0.61917861 0.24017072 0.07154949
v 0.61716314 0.24371961 0.07956561
v 0.62214163 0.24371961 0.07483978
v 0.61787274 0.24371961 0.08956561
v 0.62214163 0.23924163 0.09956561
v 0.61826945 0.24371961 0.10456561
v 0.62214163 0.23969565 0.10456561
v 0.62214163 0.23892181 0.11956561
v 0.62214163 0.23923552 0.12456561
v 0.61813773 0.24371961 0.12456561
v 0.62214163 0.23881180 0.12956561
v 0.62214163 0.23909529 0.13956561
v 0.61783186 0.24371961 0.13956561
v 0.61754352 0.24371961 0.14456561
v 0.62214163 0.23932901 0.14956561
v 0.61740709 0.24371961 0.16456561
v 0.62214163 0.23970573 0.17456561
v 0.62214163 0.24007433 0.17956561
v 0.61840917 0.24371961 0.19456561
v 0.62214163 0.24871962 0.00229920
v 0.61782849 0.24871962 0.00956561
v 0.62214163 0.24871962 0.01321791
v 0.62214163 0.24498552 0.01456562
v 0.61863298 0.24871962 0.04956561
v 0.62214163 0.24396603 0.07456561
v 0.61825105 0.24871962 0.07956561
v 0.62214163 0.25127794 0.00456562
v 0.62081123 0.25371961 0.00956561
v 0.62214163 0.25178558 0.00956561
v 0.61994080 0.25371961 0.01956561
v 0.61728344 0.25371961 0.03456562
v 0.61742504 0.25371961 0.04956561
v 0.61865091 0.25371961 0.06456561
v 0.62293938 0.07371961 0.09956561
v 0.62315779 0.07371961 0.10456561
v 0.62457623 0.07371961 0.14956561
v 0.62545182 0.07371961 0.15456561
v 0.62431347 0.07371961 0.16956561
v 0.62714163 0.07229559 0.16956561
v 0.62714163 0.07371961 0.16656629
v 0.62714163 0.07371961 0.17138083
v 0.62293572 0.07371961 0.17956561
v 0.62665749 0.07371961 0.18456561
v 0.62532563 0.07371961 0.19456561
v 0.62714163 0.07301547 0.19456561
v 0.62714163 0.07371961 0.19404432
v 0.62538857 0.07371961 0.19956561
v 0.62714163 0.07201569 0.19956561
v 0.62259982 0.07371961 0.20456561
v 0.62714163 0.07173019 0.20456561
v 0.62714163 0.07371961 0.20696305
v 0.62714163 0.07714300 0.00956561
v 0.62714163 0.07871961 0.00877889
v 0.62269491 0.07871961 0.01456562
v 0.62714163 0.07871961 0.01082450
v 0.62714163 0.07561868 0.02456562
v 0.62714163 0.07871961 0.02136145
v 0.62474424 0.07871961 0.02956561
v 0.62714163 0.07546756 0.02956561
v 0.62714163 0.07871961 0.03174147
v 0.62714163 0.07579158 0.05956562
v 0.62714163 0.07871961 0.05513855
v 0.62714163 0.07871961 0.06451161
v 0.62551441 0.07871961 0.07456561
v 0.62714163 0.07642275 0.07456561
v 0.62714163 0.07871961 0.07143652
v 0.62714163 0.07871961 0.07561541
v 0.62336107 0.07871961 0.08456561
v 0.62235213 0.07871961 0.08956561
v 0.62714163 0.07779473 0.10956561
v 0.62714163 0.07871961 0.10781552
v 0.62330498 0.07871961 0.10956561
v 0.62587241 0.07871961 0.11456561
v 0.62714163 0.07686025 0.11456561
v 0.62714163 0.07727650 0.11956561
v 0.62714163 0.07871961 0.12127717
v 0.62251339 0.07871961 0.13956561
v 0.62714163 0.07871961 0.14221860
v 0.62714163 0.07560282 0.14456561
v 0.62313151 0.07871961 0.14956561
v 0.62714163 0.07659412 0.14956561
v 0.62714163 0.07871961 0.15284019
v 0.62714163 0.07727623 0.16956561
v 0.62454199 0.07871961 0.16956561
v 0.62546225 0.07768757 0.17353072
v 0.62714163 0.07857986 0.17456561
v 0.62714163 0.07871961 0.17401279
v 0.62714163 0.07685343 0.17956561
v 0.62714163 0.07411103 0.18456561
v 0.62370745 0.07871961 0.18956561
v 0.62714163 0.07871961 0.18770749
v 0.62714163 0.07871961 0.19311860
v 0.62714163 0.07871961 0.20573409
v 0.62413925 0.08371961 0.00456562
v 0.62714163 0.08160402 0.00456562
v 0.62714163 0.08371961 0.00311766
v 0.62714163 0.08229590 0.01456562
v 0.62714163 0.08140012 0.01956561
v 0.62555718 0.08371961 0.01956561
v 0.62714163 0.08371961 0.02296920
v 0.62714163 0.08279301 0.02456562
v 0.62714163 0.08154171 0.02956561
v 0.62714163 0.08371961 0.03303105
v 0.62484354 0.08371961 0.03456562
v 0.62714163 0.08267752 0.03456562
v 0.62714163 0.08297892 0.03956562
v 0.62714163 0.08122982 0.04456562
v 0.62474703 0.08371961 0.04956562
v 0.62714163 0.08371961 0.04757968
v 0.62714163 0.08371961 0.05358330
v 0.62714163 0.08150845 0.05456562
v 0.62714163 0.08371961 0.06110457
v 0.62714163 0.08012606 0.07456561
v 0.62563837 0.08371961 0.08956561
v 0.62333243 0.08371961 0.09956561
v 0.62714163 0.07975900 0.09956561
v 0.62714163 0.08371961 0.09645012
v 0.62714163 0.08371961 0.10270499
v 0.62224112 0.08371961 0.10956561
v 0.62714163 0.07962978 0.10956561
v 0.62714163 0.08371961 0.11438924
v 0.62714163 0.08086451 0.11956561
v 0.62382862 0.08371961 0.11956561
v 0.62714163 0.08371961 0.11495280
v 0.62361382 0.08067000 0.12116768
v 0.62714163 0.08108437 0.12456561
v 0.62714163 0.08371961 0.12148244
v 0.62380753 0.08371961 0.12456561
v 0.62714163 0.08070050 0.12956561
v 0.62570162 0.08371961 0.13456561
v 0.62714163 0.08371961 0.13378194
v 0.62714163 0.08133995 0.13956561
v 0.62350150 0.08371961 0.13956561
v 0.62714163 0.08371961 0.13582025
v 0.62363816 0.08371961 0.14456561
v 0.62362723 0.08371961 0.14956561
v 0.62714163 0.08129878 0.14956561
v 0.62714163 0.08371961 0.14696906
v 0.62461669 0.08371961 0.15956561
v 0.62714163 0.08371961 0.16323936
v 0.62714163 0.08140088 0.16456561
v 0.62714163 0.07961476 0.16956561
v 0.62714163 0.08065095 0.18956561
v 0.62714163 0.08371961 0.20537961
v 0.62714163 0.08871961 0.00286826
v 0.62714163 0.08587787 0.02456562
v 0.62714163 0.08575568 0.02956561
v 0.62276852 0.08871961 0.04956562
v 0.62714163 0.08871961 0.04619013
v 0.62714163 0.08614832 0.05456562
v 0.62634394 0.08871961 0.05456562
v 0.62714163 0.08871961 0.05739363
v 0.62714163 0.08536318 0.06456562
v 0.62714163 0.08464828 0.06956561
v 0.62714163 0.08692541 0.07456561
v 0.62714163 0.08548537 0.07956561
v 0.62221394 0.08871961 0.08456561
v 0.62714163 0.08488003 0.08456561
v 0.62714163 0.08576226 0.08956561
v 0.62620650 0.08871961 0.09456561
v 0.62714163 0.08871961 0.09202470
v 0.62714163 0.08871961 0.09707078
v 0.62714163 0.08871961 0.10123690
v 0.62530691 0.08871961 0.10456561
v 0.62503615 0.08871961 0.10956561
v 0.62714163 0.08871961 0.11095950
v 0.62714163 0.08712124 0.11956561
v 0.62714163 0.08476222 0.13456561
v 0.62714163 0.08571889 0.14956561
v 0.62714163 0.08395323 0.15456561
v 0.62714163 0.08587143 0.15956561
v 0.62714163 0.08871961 0.20650889
v 0.62714163 0.09246246 -0.00043439
v 0.62714163 0.09371961 -0.00158256
v 0.62714163 0.09081107 0.04956562
v 0.62714163 0.09013658 0.05456562
v 0.62714163 0.08937470 0.09456561
v 0.62714163 0.08983475 0.10456561
v 0.62714163 0.08953253 0.10956561
v 0.62714163 0.09184537 0.20956561
v 0.62714163 0.09371961 0.21143985
v 0.62714163 0.09871961 -0.00297515
v 0.62714164 0.09686361 0.21456561
v 0.62714164 0.09871961 0.21673150
v 0.62353411 0.10371961 -0.00543438
v 0.62714163 0.10099265 -0.00543438
v 0.62714163 0.10371961 -0.00731440
v 0.62714164 0.10371961 0.21680133
v 0.62304361 0.10871961 -0.00543438
v 0.62714163 0.10871961 -0.00745100
v 0.62714164 0.10871961 0.21638102
v 0.62714163 0.11302977 -0.00543438
v 0.62485191 0.11371961 -0.00543438
v 0.62714163 0.11371961 -0.00465279
v 0.62714164 0.11371961 0.21631112
v 0.62714163 0.11871961 -0.00633234
v 0.62506315 0.11871961 -0.00543438
v 0.62714163 0.11558546 -0.00543438
v 0.62714164 0.11871961 0.21706744
v 0.62417721 0.12371961 -0.00543438
v 0.62714163 0.11978918 -0.00543438
v 0.62714163 0.12371961 -0.00259170
v 0.62714164 0.12371961 0.21614368
v 0.62482134 0.12871961 -0.00543438
v 0.62714163 0.12871961 -0.00294704
v 0.62714164 0.12871961 0.21641942
v 0.62475891 0.13371961 -0.00543438
v 0.62714163 0.13371961 -0.00263648
v 0.62709927 0.13371961 0.07956561
v 0.62714163 0.13371961 0.07916083
v 0.62714163 0.13366525 0.07956561
v 0.62714163 0.13371961 0.07990881
v 0.62630158 0.13371961 0.16956561
v 0.62714163 0.13371961 0.16830289
v 0.62714163 0.12983227 0.16956561
v 0.62714163 0.13371961 0.17119987
v 0.62588818 0.13371961 0.18456561
v 0.62714163 0.13371961 0.18172483
v 0.62714163 0.13059723 0.18456561
v 0.62714163 0.13233803 0.18956561
v 0.62610699 0.13371961 0.18956561
v 0.62714163 0.13371961 0.19204061
v 0.62714164 0.13371961 0.21559903
v 0.62504707 0.13871961 -0.00543438
v 0.62714163 0.13871961 -0.00232636
v 0.62692700 0.13871961 0.07456561
v 0.62714163 0.13871961 0.07431656
v 0.62714163 0.13768371 0.07456561
v 0.62675686 0.13871961 0.07956561
v 0.62714163 0.13430952 0.08456561
v 0.62449049 0.13871961 0.08456561
v 0.62714163 0.13871961 0.08783723
v 0.62537325 0.13871961 0.09456561
v 0.62714163 0.13871961 0.09252376
v 0.62714163 0.13621889 0.09456561
v 0.62714163 0.13871961 0.09914227
v 0.62701445 0.13871961 0.14456561
v 0.62714163 0.13871961 0.14437076
v 0.62714163 0.13850553 0.14456561
v 0.62714163 0.13871961 0.14467265
v 0.62714163 0.13489834 0.16956561
v 0.62714163 0.13748453 0.17456561
v 0.62668873 0.13871961 0.17456561
v 0.62714163 0.13871961 0.17370328
v 0.62714163 0.13871961 0.17558355
v 0.62662757 0.13871961 0.18456561
v 0.62714163 0.13871961 0.18340608
v 0.62714163 0.13871961 0.18489749
v 0.62714163 0.13467759 0.18956561
v 0.62714164 0.13871961 0.21587596
v 0.62293735 0.14371961 -0.00543438
v 0.62714163 0.14371961 -0.00213613
v 0.62714163 0.13943946 0.07456561
v 0.62714163 0.13985931 0.07956561
v 0.62714163 0.14343416 0.08456561
v 0.62714163 0.14371961 0.08514403
v 0.62510672 0.14371961 0.08956561
v 0.62714163 0.14138471 0.08956561
v 0.62714163 0.14336802 0.09456561
v 0.62714163 0.14371961 0.09428441
v 0.62714163 0.14371961 0.09473629
v 0.62422220 0.14371961 0.09956561
v 0.62714163 0.13892677 0.09956561
v 0.62714163 0.14371961 0.10319911
v 0.62537474 0.14371961 0.10956561
v 0.62714163 0.14371961 0.10617144
v 0.62714163 0.14033169 0.10956561
v 0.62714163 0.14221425 0.11456561
v 0.62620220 0.14371961 0.11456561
v 0.62714163 0.14371961 0.11765216
v 0.62600741 0.14371961 0.12456561
v 0.62714163 0.14371961 0.12114123
v 0.62714163 0.14244157 0.12456561
v 0.62714163 0.14371961 0.12742661
v 0.62629017 0.14371961 0.13456561
v 0.62714163 0.14371961 0.13222421
v 0.62714163 0.14222913 0.13456561
v 0.62714163 0.14282217 0.13956561
v 0.62647381 0.14371961 0.13956561
v 0.62619113 0.14371961 0.14456561
v 0.62714163 0.14322059 0.14956561
v 0.62666014 0.14371961 0.14956561
v 0.62714163 0.14371961 0.15198249
v 0.62460017 0.14371961 0.15956561
v 0.62714163 0.14371961 0.15574529
v 0.62714163 0.14151968 0.15956561
v 0.62714163 0.14136841 0.16456561
v 0.62569098 0.14371961 0.16456561
v 0.62714163 0.14172924 0.16956561
v 0.62600670 0.14371961 0.16956561
v 0.62638405 0.14371961 0.17456561
v 0.62714163 0.14371961 0.17624007
v 0.62714163 0.13997206 0.18456561
v 0.62714164 0.14371961 0.21631120
v 0.62216537 0.14871961 -0.00543438
v 0.62714163 0.14871961 -0.00257014
v 0.62631890 0.14871961 0.07456561
v 0.62714163 0.14871961 0.07292925
v 0.62714163 0.14704689 0.07456561
v 0.62714163 0.14744572 0.07956561
v 0.62542145 0.14871961 0.07956561
v 0.62714163 0.14572135 0.08456561
v 0.62573019 0.14871961 0.08456561
v 0.62714163 0.14727459 0.08956561
v 0.62714163 0.14871961 0.08619189
v 0.62714163 0.14776825 0.09956561
v 0.62714163 0.14871961 0.10272897
v 0.62629338 0.14871961 0.10456561
v 0.62714163 0.14738861 0.10456561
v 0.62714163 0.14764479 0.10956561
v 0.62714163 0.14871961 0.10649207
v 0.62611533 0.14871961 0.11456561
v 0.62714163 0.14871961 0.11189750
v 0.62714163 0.14488234 0.11956561
v 0.62560057 0.14871961 0.11956561
v 0.62714163 0.14546917 0.12456561
v 0.62714163 0.14871961 0.12181432
v 0.62714163 0.14871961 0.12639404
v 0.62485279 0.14871961 0.12956561
v 0.62714163 0.14466116 0.12956561
v 0.62692345 0.14871961 0.13456561
v 0.62626261 0.14871961 0.13956561
v 0.62466954 0.14871961 0.14456561
v 0.62714163 0.14871961 0.14873998
v 0.62714163 0.14597394 0.14956561
v 0.62714163 0.14871961 0.15070611
v 0.62527172 0.14871961 0.15456561
v 0.62714163 0.14474919 0.15456561
v 0.62574036 0.14871961 0.15956561
v 0.62591412 0.14871961 0.16456561
v 0.62714163 0.14871961 0.16830253
v 0.62714163 0.14770676 0.16956561
v 0.62594187 0.14871961 0.17456561
v 0.62714163 0.14871961 0.17118751
v 0.62714163 0.14871961 0.17693435
v 0.62480841 0.14871961 0.18456561
v 0.62714163 0.14871961 0.18124853
v 0.62714163 0.14617036 0.18456561
v 0.62714163 0.14871961 0.18904893
v 0.62566785 0.14871961 0.19456561
v 0.62714163 0.14871961 0.19009929
v 0.62714163 0.14761166 0.19456561
v 0.62714163 0.14871961 0.19669023
v 0.62714164 0.14871961 0.21537396
v 0.62714163 0.15371961 -0.00231743
v 0.62662190 0.15371961 0.05956561
v 0.62714163 0.15371961 0.05880340
v 0.62714163 0.15266931 0.05956561
v 0.62714163 0.15371961 0.06066489
v 0.62710636 0.15371961 0.06956561
v 0.62714163 0.15371961 0.06951035
v 0.62714163 0.15361948 0.06956561
v 0.62714163 0.15014917 0.07456561
v 0.62714163 0.15371961 0.06964832
v 0.62714163 0.15053965 0.07956561
v 0.62714163 0.15371961 0.08199978
v 0.62714163 0.15371961 0.08843987
v 0.62541306 0.15371961 0.09956561
v 0.62714163 0.15371961 0.09711565
v 0.62714163 0.15035490 0.09956561
v 0.62441178 0.15371961 0.10456561
v 0.62714163 0.15341759 0.10956561
v 0.62703486 0.15371961 0.10956561
v 0.62714163 0.15101684 0.11456561
v 0.62714163 0.15371961 0.10979350
v 0.62437693 0.15371961 0.11956561
v 0.62714163 0.15371961 0.11688071
v 0.62714163 0.15291754 0.12456561
v 0.62217667 0.15371961 0.12456561
v 0.62714163 0.15255660 0.12956561
v 0.62714163 0.15371961 0.12589832
v 0.62477656 0.15371961 0.13456561
v 0.62714163 0.15371961 0.13089586
v 0.62714163 0.15371961 0.13919528
v 0.62714163 0.15269337 0.13956561
v 0.62714163 0.15201880 0.14456561
v 0.62714163 0.15371961 0.14619559
v 0.62323204 0.15371961 0.14956561
v 0.62714163 0.14950223 0.14956561
v 0.62714163 0.15256348 0.15456561
v 0.62714163 0.15371961 0.15377126
v 0.62435059 0.15371961 0.15956561
v 0.62714163 0.15371961 0.15579763
v 0.62465651 0.15371961 0.16456561
v 0.62714163 0.15277391 0.16956561
v 0.62704522 0.15371961 0.16956561
v 0.62612603 0.15371961 0.17456561
v 0.62714163 0.14965095 0.17956561
v 0.62425284 0.15371961 0.17956561
v 0.62714163 0.15132953 0.18456561
v 0.62714163 0.15371961 0.18310372
v 0.62714163 0.15371961 0.18720715
v 0.62597695 0.15371961 0.18956561
v 0.62714163 0.14933730 0.18956561
v 0.62419201 0.15371961 0.19456561
v 0.62714163 0.15340803 0.19956561
v 0.62701888 0.15371961 0.19956561
v 0.62714163 0.15212783 0.20456561
v 0.62570141 0.15371961 0.20456561
v 0.62714163 0.15371961 0.20577167
v 0.62714163 0.15371961 0.21102847
v 0.62714164 0.14953062 0.21456561
v 0.62714163 0.15871961 -0.00199788
v 0.62714163 0.15453756 0.05956561
v 0.62714163 0.15376196 0.06956561
v 0.62495077 0.15871961 0.08456561
v 0.62714163 0.15871961 0.08122074
v 0.62714163 0.15871961 0.08847155
v 0.62428633 0.15871961 0.09456561
v 0.62714163 0.15871961 0.09048474
v 0.62714163 0.15578444 0.09456561
v 0.62701805 0.15871961 0.10956561
v 0.62714163 0.15538936 0.11456561
v 0.62460045 0.15871961 0.11456561
v 0.62485649 0.15871961 0.11956561
v 0.62714163 0.15871961 0.12072575
v 0.62714163 0.15447003 0.12456561
v 0.62714163 0.15573668 0.12956561
v 0.62519099 0.15871961 0.12956561
v 0.62714163 0.15871961 0.12747493
v 0.62535496 0.15871961 0.13456561
v 0.62714163 0.15662741 0.13956561
v 0.62714163 0.15600962 0.14456561
v 0.62357256 0.15871961 0.14456561
v 0.62503264 0.15871961 0.14956561
v 0.62714163 0.15871961 0.15393436
v 0.62520041 0.15871961 0.15956561
v 0.62714163 0.15871961 0.15498321
v 0.62714163 0.15871961 0.16225772
v 0.62714163 0.15672185 0.16456561
v 0.62714163 0.15392733 0.16956561
v 0.62714163 0.15549532 0.17456561
v 0.62714163 0.15703215 0.17956561
v 0.62491366 0.15871961 0.18956561
v 0.62714163 0.15871961 0.18511209
v 0.62714163 0.15871961 0.19392965
v 0.62714163 0.15844052 0.19456561
v 0.62589673 0.15871961 0.19956561
v 0.62714163 0.15871961 0.19523938
v 0.62558959 0.15871961 0.20456561
v 0.62714163 0.15871961 0.20624444
v 0.62714164 0.15734696 0.21456561
v 0.62714164 0.15871961 0.21596757
v 0.62714163 0.16371961 -0.00159081
v 0.62689514 0.16371961 0.06956561
v 0.62714163 0.16371961 0.06920908
v 0.62714163 0.16329798 0.06956561
v 0.62714163 0.16371961 0.07004824
v 0.62454554 0.16371961 0.07956561
v 0.62714163 0.16371961 0.07632167
v 0.62714163 0.15994458 0.07956561
v 0.62501257 0.16371961 0.08456561
v 0.62714163 0.16045728 0.08956561
v 0.62546698 0.16371961 0.08956561
v 0.62714163 0.16264246 0.09456561
v 0.62714163 0.16371961 0.09259707
v 0.62662291 0.16371961 0.09956561
v 0.62714163 0.16371961 0.09845838
v 0.62714163 0.16371961 0.10213402
v 0.62714163 0.16292522 0.10456561
v 0.62714163 0.16371961 0.10489413
v 0.62714163 0.16297833 0.12456561
v 0.62629469 0.16371961 0.12456561
v 0.62586996 0.16371961 0.13456561
v 0.62586419 0.16371961 0.13956561
v 0.62281910 0.16371961 0.14456561
v 0.62714163 0.16371961 0.14687679
v 0.62714163 0.16055052 0.14956561
v 0.62714163 0.16371961 0.15200422
v 0.62472496 0.16371961 0.15456561
v 0.62714163 0.15908775 0.15456561
v 0.62714163 0.16093164 0.15956561
v 0.62714163 0.16371961 0.15694741
v 0.62281582 0.16371961 0.16456561
v 0.62714163 0.16265771 0.16956561
v 0.62714163 0.16371961 0.16909318
v 0.62231251 0.16371961 0.16956561
v 0.62714163 0.16118187 0.17456561
v 0.62444491 0.16371961 0.17456561
v 0.62714163 0.16050350 0.17956561
v 0.62425664 0.16371961 0.17956561
v 0.62714163 0.15895558 0.18456561
v 0.62401720 0.16371961 0.18456561
v 0.62248658 0.16371961 0.18956561
v 0.62714163 0.16059424 0.19456561
v 0.62632878 0.16371961 0.19456561
v 0.62507504 0.16371961 0.19956561
v 0.62714163 0.16371961 0.20174592
v 0.62714163 0.16050321 0.20456561
v 0.62447663 0.16371961 0.21456561
v 0.62714164 0.16371961 0.21254037
v 0.62714164 0.16225520 0.21456561
v 0.62255576 0.16371961 0.21956561
v 0.62714163 0.16871961 -0.00120857
v 0.62513123 0.16871961 0.06456561
v 0.62714163 0.16871961 0.06009514
v 0.62714163 0.16586699 0.06456561
v 0.62714163 0.16401226 0.06956561
v 0.62714163 0.16871961 0.06715667
v 0.62714163 0.16606838 0.07456561
v 0.62546024 0.16871961 0.07456561
v 0.62714163 0.16871961 0.07258342
v 0.62479096 0.16871961 0.07956561
v 0.62518410 0.16871961 0.08456561
v 0.62375105 0.16871961 0.08956561
v 0.62714163 0.16428912 0.09456561
v 0.62330519 0.16871961 0.09456561
v 0.62362412 0.16871961 0.09956561
v 0.62714163 0.16402437 0.10456561
v 0.62338509 0.16871961 0.10456561
v 0.62384566 0.16871961 0.10956561
v 0.62388907 0.16871961 0.11456561
v 0.62216385 0.16871961 0.11956561
v 0.62363028 0.16871961 0.12456561
v 0.62443213 0.16871961 0.12956561
v 0.62276719 0.16871961 0.13456561
v 0.62417586 0.16871961 0.14456561
v 0.62714163 0.16593574 0.14956561
v 0.62461678 0.16871961 0.14956561
v 0.62290282 0.16871961 0.15456561
v 0.62714163 0.16772268 0.15956561
v 0.62564370 0.16871961 0.15956561
v 0.62714163 0.16825785 0.16456561
v 0.62632142 0.16871961 0.16456561
v 0.62483410 0.16635975 0.16940841
v 0.62710499 0.16871961 0.16956561
v 0.62640683 0.16871961 0.17456561
v 0.62449147 0.16871961 0.17956561
v 0.62446545 0.16871961 0.18456561
v 0.62714163 0.16601043 0.19456561
v 0.62714163 0.16871961 0.19348256
v 0.62390475 0.16871961 0.19956561
v 0.62714163 0.16871961 0.19518281
v 0.62714163 0.16784806 0.20456561
v 0.62516182 0.16871961 0.20456561
v 0.62714163 0.16871961 0.20786012
v 0.62714164 0.16871961 0.21093104
v 0.62714163 0.17215398 -0.00043439
v 0.62648920 0.17371961 -0.00043439
v 0.62714163 0.17371961 0.00055554
v 0.62714163 0.17228601 0.06456561
v 0.62714163 0.17305420 0.06956561
v 0.62655659 0.17371961 0.06956561
v 0.62714163 0.17371961 0.06825548
v 0.62703911 0.17371961 0.07456561
v 0.62483320 0.17371961 0.07956561
v 0.62714163 0.17371961 0.08273607
v 0.62714163 0.17146874 0.08456561
v 0.62509808 0.17371961 0.08956561
v 0.62714163 0.17371961 0.08754268
v 0.62485424 0.17371961 0.09456561
v 0.62256701 0.17371961 0.10456561
v 0.62293995 0.17371961 0.10956561
v 0.62279475 0.17371961 0.11456561
v 0.62382288 0.17371961 0.11956561
v 0.62336844 0.17371961 0.12956561
v 0.62363360 0.17371961 0.13456561
v 0.62445517 0.17371961 0.13956561
v 0.62437573 0.17371961 0.14956561
v 0.62303988 0.17371961 0.15456561
v 0.62307452 0.17371961 0.15956561
v 0.62406472 0.17371961 0.16456561
v 0.62364800 0.17371961 0.16956561
v 0.62307261 0.17371961 0.17456561
v 0.62368350 0.17371961 0.17956561
v 0.62293072 0.17371961 0.18456561
v 0.62714163 0.17055410 0.18956561
v 0.62714163 0.17371961 0.18805562
v 0.62714163 0.16942937 0.19456561
v 0.62438843 0.17371961 0.19456561
v 0.62714163 0.17371961 0.19210550
v 0.62641404 0.17371961 0.19956561
v 0.62628268 0.17371961 0.20456561
v 0.62714163 0.17371961 0.20736486
v 0.62714164 0.16990986 0.21456561
v 0.62220765 0.17371961 0.21456561
v 0.62714164 0.17371961 0.21597310
v 0.62528604 0.17871961 -0.00043439
v 0.62714163 0.17871961 0.00102035
v 0.62541390 0.17871961 0.05956561
v 0.62714163 0.17871961 0.05543731
v 0.62714163 0.17596394 0.05956561
v 0.62714163 0.17502990 0.06456561
v 0.62487272 0.17871961 0.06456561
v 0.62445381 0.17871961 0.06956561
v 0.62714163 0.17871961 0.07227068
v 0.62714163 0.17392353 0.07456561
v 0.62437338 0.17871961 0.07956561
v 0.62714163 0.17871961 0.07678305
v 0.62714163 0.17730525 0.08456561
v 0.62564339 0.17871961 0.08456561
v 0.62270102 0.17871961 0.08956561
v 0.62714163 0.17871961 0.09317073
v 0.62714163 0.17681331 0.09456561
v 0.62514817 0.17871961 0.09956561
v 0.62714163 0.17871961 0.09673615
v 0.62252465 0.17871961 0.10456561
v 0.62460806 0.17871961 0.10956561
v 0.62385323 0.17871961 0.11956561
v 0.62262076 0.17871961 0.13456561
v 0.62528710 0.17871961 0.13956561
v 0.62512747 0.17871961 0.14956561
v 0.62219731 0.17871961 0.15456561
v 0.62525326 0.17871961 0.15956561
v 0.62714163 0.17769239 0.15956561
v 0.62714163 0.17871961 0.15738998
v 0.62714163 0.17871961 0.16030133
v 0.62326525 0.17871961 0.16456561
v 0.62378384 0.17871961 0.16956561
v 0.62420151 0.17871961 0.18456561
v 0.62714163 0.17579880 0.18956561
v 0.62243790 0.17871961 0.18956561
v 0.62489600 0.17871961 0.19456561
v 0.62697444 0.17871961 0.19956561
v 0.62714163 0.17871961 0.20054378
v 0.62714163 0.17666492 0.20456561
v 0.62714163 0.17871961 0.21015657
v 0.62714164 0.17513793 0.21456561
v 0.62444012 0.18371961 -0.00043439
v 0.62714163 0.18371961 0.00103141
v 0.62680790 0.18371961 0.03456562
v 0.62714163 0.18371961 0.03388796
v 0.62714163 0.18296245 0.03456562
v 0.62714163 0.18180241 0.03956562
v 0.62605967 0.18371961 0.03956562
v 0.62714163 0.18371961 0.04263961
v 0.62563921 0.18371961 0.04956562
v 0.62714163 0.18371961 0.04591214
v 0.62714163 0.18177489 0.04956562
v 0.62714163 0.18371961 0.05122537
v 0.62497772 0.18371961 0.05956561
v 0.62714163 0.18371961 0.05726684
v 0.62340885 0.18371961 0.06456561
v 0.62392128 0.18371961 0.06956561
v 0.62714163 0.18110295 0.07456561
v 0.62491152 0.18371961 0.07456561
v 0.62358103 0.18371961 0.07956561
v 0.62714163 0.18017311 0.09456561
v 0.62314945 0.18371961 0.09456561
v 0.62351643 0.18371961 0.09956561
v 0.62470568 0.18371961 0.10456561
v 0.62376622 0.18371961 0.10956561
v 0.62262940 0.18371961 0.11456561
v 0.62251642 0.18371961 0.12956561
v 0.62380953 0.18371961 0.13956561
v 0.62228913 0.18371961 0.15456561
v 0.62714163 0.18123386 0.15956561
v 0.62613545 0.18371961 0.16456561
v 0.62249262 0.18371961 0.16956561
v 0.62227898 0.18371961 0.17456561
v 0.62714163 0.18181306 0.17956561
v 0.62714163 0.18371961 0.17792400
v 0.62501755 0.18371961 0.17956561
v 0.62714163 0.18371961 0.18133832
v 0.62346423 0.18371961 0.18956561
v 0.62714163 0.18252298 0.18956561
v 0.62714163 0.18371961 0.18803741
v 0.62331223 0.18081982 0.19149232
v 0.62285706 0.18371961 0.19456561
v 0.62714163 0.17952959 0.19456561
v 0.62714163 0.18371961 0.19865079
v 0.62456990 0.18371961 0.19956561
v 0.62714163 0.18371961 0.20164365
v 0.62567792 0.18371961 0.20956561
v 0.62714163 0.18371961 0.20695648
v 0.62714163 0.18102925 0.20956561
v 0.62714164 0.18192161 0.21456561
v 0.62714164 0.18371961 0.21065338
v 0.62714164 0.18371961 0.21644777
v 0.62434084 0.18871961 -0.00043439
v 0.62714163 0.18871961 0.00261617
v 0.62624535 0.18871961 0.02956561
v 0.62714163 0.18871961 0.02785891
v 0.62714163 0.18756256 0.02956561
v 0.62714163 0.18800188 0.03456562
v 0.62714163 0.18871961 0.03416427
v 0.62714163 0.18698362 0.03956562
v 0.62510639 0.18871961 0.04956562
v 0.62714163 0.18871961 0.04696059
v 0.62714163 0.18704492 0.05456561
v 0.62524212 0.18871961 0.05456561
v 0.62714163 0.18566360 0.05956561
v 0.62714163 0.18871961 0.05593308
v 0.62714163 0.18871961 0.06369792
v 0.62248383 0.18871961 0.07456561
v 0.62350353 0.18871961 0.07956561
v 0.62582184 0.18871961 0.08456561
v 0.62470020 0.18871961 0.08956561
v 0.62273039 0.18871961 0.10456561
v 0.62284792 0.18871961 0.10956561
v 0.62674908 0.18871961 0.12456561
v 0.62714163 0.18841322 0.12456561
v 0.62714163 0.18871961 0.12402933
v 0.62714163 0.18871961 0.12559965
v 0.62714163 0.18755569 0.13956561
v 0.62714163 0.18871961 0.13877630
v 0.62714163 0.18871961 0.14031940
v 0.62714163 0.18871961 0.15921379
v 0.62494521 0.18871961 0.15956561
v 0.62714163 0.18782831 0.15956561
v 0.62714163 0.18871961 0.15989101
v 0.62422579 0.18871961 0.16456561
v 0.62268031 0.18871961 0.16956561
v 0.62714163 0.18871961 0.17347554
v 0.62714163 0.18764925 0.17456561
v 0.62714163 0.18495660 0.17956561
v 0.62714163 0.18871961 0.17533971
v 0.62714163 0.18646907 0.18956561
v 0.62515065 0.18871961 0.18956561
v 0.62343571 0.18589935 0.19192765
v 0.62714163 0.18595264 0.19456561
v 0.62264826 0.18871961 0.19456561
v 0.62339360 0.18592832 0.19698649
v 0.62316020 0.18871961 0.19956561
v 0.62714163 0.18635807 0.20456561
v 0.62604090 0.18871961 0.20456561
v 0.62714163 0.18631393 0.20956561
v 0.62714163 0.18871961 0.20691237
v 0.62714164 0.18871961 0.21582032
v 0.62474218 0.19371961 -0.00043439
v 0.62714163 0.19371961 0.00240649
v 0.62607325 0.19371961 0.02956561
v 0.62714163 0.19371961 0.02784239
v 0.62714163 0.19371961 0.03190262
v 0.62554745 0.19371961 0.03956562
v 0.62714163 0.19371961 0.03654107
v 0.62714163 0.19002500 0.03956562
v 0.62714163 0.19371961 0.04148331
v 0.62611187 0.19371961 0.04956562
v 0.62714163 0.19371961 0.04870616
v 0.62405617 0.19371961 0.05456561
v 0.62714163 0.19174135 0.05956561
v 0.62219895 0.19371961 0.06956561
v 0.62443917 0.19371961 0.07456561
v 0.62442206 0.19371961 0.07956561
v 0.62270638 0.19371961 0.08956561
v 0.62714163 0.19275352 0.09956561
v 0.62714163 0.19371961 0.09742963
v 0.62714163 0.19371961 0.10086993
v 0.62714163 0.19243784 0.11956561
v 0.62714163 0.19371961 0.11845020
v 0.62714163 0.18898040 0.12456561
v 0.62714163 0.19371961 0.12024744
v 0.62399386 0.19371961 0.12956561
v 0.62245600 0.19371961 0.13456561
v 0.62714163 0.18930591 0.13956561
v 0.62227509 0.19371961 0.13956561
v 0.62246089 0.19371961 0.14456561
v 0.62214226 0.19371961 0.15956561
v 0.62714163 0.18907655 0.15956561
v 0.62714163 0.19336992 0.16456561
v 0.62714163 0.19371961 0.16418222
v 0.62657422 0.19371961 0.16456561
v 0.62714163 0.19371961 0.16492034
v 0.62451800 0.19371961 0.16956561
v 0.62714163 0.19029363 0.17456561
v 0.62447308 0.19371961 0.19456561
v 0.62385447 0.19371961 0.19956561
v 0.62444811 0.19371961 0.20456561
v 0.62714163 0.19371961 0.20604570
v 0.62714164 0.19371961 0.21288404
v 0.62714164 0.19136470 0.21456561
v 0.62465853 0.19871961 -0.00043439
v 0.62714163 0.19871961 0.00251125
v 0.62714163 0.19514213 0.02956561
v 0.62714163 0.19576414 0.03456562
v 0.62395069 0.19871961 0.03456562
v 0.62714163 0.19871961 0.03258681
v 0.62714163 0.19536245 0.03956562
v 0.62714163 0.19871961 0.03614570
v 0.62509502 0.19871961 0.04956562
v 0.62714163 0.19871961 0.04582661
v 0.62635237 0.19871961 0.05456561
v 0.62714163 0.19843981 0.05456561
v 0.62714163 0.19871961 0.05408767
v 0.62714163 0.19871961 0.05477050
v 0.62318785 0.19871961 0.06456561
v 0.62344359 0.19871961 0.06956561
v 0.62301817 0.19871961 0.07456561
v 0.62300713 0.19871961 0.09456561
v 0.62714163 0.19503696 0.09956561
v 0.62336279 0.19871961 0.09956561
v 0.62714163 0.19494449 0.11956561
v 0.62281666 0.19871961 0.12956561
v 0.62271735 0.19871961 0.14456561
v 0.62305819 0.19871961 0.15456561
v 0.62312182 0.19871961 0.15956561
v 0.62714163 0.19412899 0.16456561
v 0.62256793 0.19871961 0.16456561
v 0.62309103 0.19871961 0.16956561
v 0.62293765 0.19871961 0.17956561
v 0.62418481 0.19871961 0.18956561
v 0.62714163 0.19774320 0.18956561
v 0.62714163 0.19871961 0.18882756
v 0.62714163 0.19871961 0.19030917
v 0.62592753 0.19871961 0.19956561
v 0.62714163 0.19871961 0.20248475
v 0.62714163 0.19779981 0.20456561
v 0.62714163 0.19871961 0.20514085
v 0.62321850 0.19871961 0.20956561
v 0.62714163 0.19661127 0.20956561
v 0.62489846 0.19871961 0.21456561
v 0.62369049 0.20371961 -0.00043439
v 0.62714163 0.20371961 0.00271763
v 0.62512377 0.20371961 0.02956561
v 0.62714163 0.20371961 0.02795311
v 0.62714163 0.20266554 0.02956561
v 0.62600012 0.20371961 0.03456562
v 0.62714163 0.20371961 0.03538375
v 0.62639448 0.20371961 0.04456562
v 0.62714163 0.20371961 0.04419920
v 0.62714163 0.20224180 0.04456562
v 0.62288288 0.20371961 0.04956562
v 0.62714163 0.19945161 0.05456561
v 0.62400736 0.20371961 0.05956561
v 0.62240284 0.20371961 0.06956561
v 0.62417387 0.20371961 0.07456561
v 0.62397318 0.20371961 0.07956561
v 0.62517609 0.20371961 0.08456561
v 0.62351096 0.20371961 0.09956561
v 0.62228409 0.20371961 0.14956561
v 0.62548315 0.20371961 0.16956561
v 0.62714163 0.19936508 0.18956561
v 0.62376721 0.20371961 0.19456561
v 0.62419573 0.20371961 0.19956561
v 0.62714163 0.19914348 0.20456561
v 0.62391226 0.20371961 0.20456561
v 0.62446282 0.20371961 0.20956561
v 0.62338414 0.20371961 0.21456561
v 0.62274895 0.20871961 -0.00043439
v 0.62714163 0.20871961 0.00329248
v 0.62714163 0.20445906 0.02956561
v 0.62609106 0.20871961 0.03456562
v 0.62714163 0.20871961 0.03329929
v 0.62714163 0.20871961 0.03762489
v 0.62650122 0.20871961 0.04456562
v 0.62714163 0.20871961 0.04287652
v 0.62615088 0.20871961 0.04956561
v 0.62650482 0.20871961 0.05456561
v 0.62714163 0.20871961 0.05602005
v 0.62714163 0.20705726 0.05956561
v 0.62465874 0.20871961 0.06456561
v 0.62714163 0.20871961 0.06075359
v 0.62331429 0.20871961 0.06956561
v 0.62455565 0.20871961 0.07456561
v 0.62598891 0.20871961 0.08456561
v 0.62357050 0.20871961 0.09456561
v 0.62294016 0.20871961 0.16956561
v 0.62254679 0.20871961 0.17456561
v 0.62247397 0.20871961 0.18956561
v 0.62276614 0.20871961 0.19956561
v 0.62271378 0.20871961 0.20456561
v 0.62714163 0.20871961 0.20876790
v 0.62714164 0.20803123 0.20956561
v 0.62400168 0.20871961 0.21456561
v 0.62714164 0.20871961 0.21016132
v 0.62714163 0.21196836 -0.00043439
v 0.62714163 0.21371961 -0.00251943
v 0.62711906 0.21371961 0.02456562
v 0.62714163 0.21371961 0.02454470
v 0.62714163 0.21368183 0.02456562
v 0.62714163 0.21371961 0.02460335
v 0.62714163 0.20936634 0.03456562
v 0.62714163 0.21010483 0.04456562
v 0.62714163 0.20938448 0.04956561
v 0.62538767 0.21371961 0.05456561
v 0.62714163 0.21371961 0.05263854
v 0.62714163 0.21371961 0.05918404
v 0.62714163 0.21190319 0.06456561
v 0.62714163 0.21009203 0.06956561
v 0.62714163 0.21052812 0.07456561
v 0.62714163 0.21048931 0.07956561
v 0.62680767 0.21371961 0.08456561
v 0.62714163 0.21371961 0.08440533
v 0.62714163 0.21300178 0.08956561
v 0.62714163 0.21371961 0.08628296
v 0.62632651 0.21371961 0.09456561
v 0.62714163 0.21371961 0.09083434
v 0.62714163 0.20978552 0.09956561
v 0.62714163 0.21371961 0.09558117
v 0.62714163 0.21213531 0.10456561
v 0.62416796 0.21371961 0.10956561
v 0.62714163 0.21125565 0.10956561
v 0.62714163 0.21341690 0.11456561
v 0.62714163 0.21072922 0.11956561
v 0.62714163 0.21023619 0.12456561
v 0.62714163 0.21108068 0.12956561
v 0.62690554 0.21371961 0.13456561
v 0.62714163 0.21371961 0.13421689
v 0.62610671 0.21371961 0.14456561
v 0.62714163 0.21371961 0.14489455
v 0.62714163 0.20887138 0.14956561
v 0.62289332 0.21371961 0.14956561
v 0.62714163 0.21137676 0.15456561
v 0.62714163 0.21000372 0.15956561
v 0.62714163 0.21153028 0.16456561
v 0.62645176 0.21371961 0.16956561
v 0.62714163 0.21371961 0.16709573
v 0.62714163 0.21371961 0.17078731
v 0.62714163 0.21069711 0.17456561
v 0.62714163 0.21371961 0.17917485
v 0.62714163 0.21353227 0.18456561
v 0.62714163 0.21371961 0.18283706
v 0.62714163 0.21371961 0.18474591
v 0.62714163 0.21371961 0.19228793
v 0.62305201 0.21371961 0.19456561
v 0.62714163 0.20963526 0.19456561
v 0.62714163 0.21371961 0.19705230
v 0.62381796 0.21371961 0.19956561
v 0.62714163 0.21371961 0.20655389
v 0.62714164 0.21371961 0.21218004
v 0.62421497 0.21871962 -0.00543438
v 0.62714163 0.21871962 -0.00352781
v 0.62615126 0.21871961 0.02456562
v 0.62714163 0.21871961 0.02325354
v 0.62714163 0.21871961 0.02640763
v 0.62714163 0.21741148 0.05456561
v 0.62714163 0.21480232 0.08456561
v 0.62714163 0.21505388 0.09456561
v 0.62714163 0.21843616 0.09956561
v 0.62651861 0.21871961 0.09956561
v 0.62714163 0.21871961 0.09917041
v 0.62714163 0.21871961 0.10025327
v 0.62714163 0.21871961 0.12426279
v 0.62714163 0.21830343 0.12456561
v 0.62714163 0.21752088 0.12956561
v 0.62467038 0.21871961 0.12956561
v 0.62714163 0.21421379 0.13456561
v 0.62714163 0.21871961 0.13114400
v 0.62632658 0.21871961 0.13956561
v 0.62714163 0.21871961 0.13851895
v 0.62714163 0.21871961 0.13999993
v 0.62714163 0.21412447 0.14456561
v 0.62278178 0.21871961 0.14956561
v 0.62486672 0.21871961 0.16956561
v 0.62714163 0.21871961 0.16860927
v 0.62714163 0.21871961 0.17046597
v 0.62714163 0.21396660 0.17956561
v 0.62714163 0.21539867 0.18956561
v 0.62225926 0.21871961 0.18956561
v 0.62714163 0.21528486 0.19956561
v 0.62714163 0.21665079 0.20456561
v 0.62330214 0.21871961 0.20956561
v 0.62714164 0.21871961 0.21090274
v 0.62307745 0.22371962 -0.01043439
v 0.62714163 0.22371962 -0.00802518
v 0.62714163 0.22069397 -0.00543438
v 0.62714163 0.22111662 0.02456562
v 0.62470329 0.22371962 0.03456562
v 0.62714163 0.22371962 0.03053266
v 0.62714163 0.22229895 0.03456562
v 0.62714163 0.22284115 0.03956562
v 0.62672129 0.22371961 0.03956562
v 0.62714163 0.22371961 0.04107300
v 0.62469618 0.22371961 0.04956561
v 0.62714163 0.22371961 0.04607287
v 0.62714163 0.22205806 0.04956561
v 0.62714163 0.22371961 0.05298937
v 0.62714163 0.21893137 0.09956561
v 0.62689747 0.22371961 0.12456561
v 0.62714163 0.22371961 0.12448767
v 0.62714163 0.22371961 0.12464261
v 0.62714163 0.21993284 0.12956561
v 0.62714163 0.21919426 0.13956561
v 0.62714163 0.22322399 0.16956561
v 0.62572529 0.22371961 0.17956561
v 0.62714163 0.22371961 0.17893642
v 0.62714163 0.22322956 0.17956561
v 0.62714163 0.22267996 0.18456561
v 0.62593003 0.22371961 0.18456561
v 0.62714163 0.22363645 0.18956561
v 0.62688128 0.22371961 0.18956561
v 0.62714163 0.22371961 0.18977039
v 0.62714164 0.22149866 0.20956561
v 0.62505206 0.22371961 0.20956561
v 0.62714163 0.22371961 0.20768411
v 0.62714163 0.22865202 -0.00543438
v 0.62703602 0.22871962 -0.00543438
v 0.62565180 0.22871962 -0.00043439
v 0.62714163 0.22871962 -0.00523924
v 0.62579796 0.22871962 0.01956561
v 0.62714163 0.22871962 0.01855546
v 0.62714163 0.22701181 0.01956561
v 0.62714163 0.22871962 0.02058548
v 0.62524233 0.22871962 0.03456562
v 0.62714163 0.22871962 0.03237572
v 0.62714163 0.22871962 0.03596315
v 0.62714163 0.22419962 0.03956562
v 0.62609549 0.22871962 0.04956561
v 0.62714163 0.22871962 0.04836409
v 0.62714163 0.22871962 0.05104884
v 0.62351069 0.22871961 0.05956561
v 0.62714163 0.22871962 0.05645158
v 0.62714163 0.22670732 0.05956561
v 0.62714163 0.22810392 0.06456561
v 0.62697500 0.22871961 0.06456561
v 0.62714163 0.22871961 0.06467142
v 0.62260548 0.22871961 0.07456561
v 0.62277958 0.22871961 0.09956561
v 0.62714163 0.22871961 0.10314111
v 0.62714163 0.22796848 0.10456561
v 0.62714163 0.22871961 0.10583680
v 0.62714163 0.22411772 0.12456561
v 0.62515002 0.22871961 0.14956561
v 0.62714163 0.22871961 0.14798667
v 0.62714163 0.22621412 0.14956561
v 0.62714163 0.22871961 0.15087116
v 0.62714163 0.22871961 0.15890630
v 0.62714163 0.22702118 0.15956561
v 0.62714163 0.22589851 0.16456561
v 0.62463456 0.22871961 0.16456561
v 0.62714163 0.22871961 0.16720042
v 0.62714163 0.22871961 0.17132716
v 0.62714163 0.22533337 0.17456561
v 0.62714163 0.22505134 0.19456561
v 0.62714163 0.22871961 0.19776462
v 0.62473826 0.22871961 0.20456561
v 0.62714163 0.22871961 0.20331277
v 0.62714163 0.22710463 0.20456561
v 0.62714164 0.22633356 0.20956561
v 0.62714163 0.22871961 0.20688651
v 0.62714164 0.22871961 0.21045812
v 0.62440165 0.23371961 -0.00543438
v 0.62714163 0.23371961 -0.00894031
v 0.62714163 0.22879898 -0.00543438
v 0.62714163 0.23037329 0.01956561
v 0.62714163 0.23289966 0.02456562
v 0.62546463 0.23371961 0.02456562
v 0.62714163 0.23371961 0.02319327
v 0.62714163 0.23371961 0.02610925
v 0.62714163 0.23072392 0.03456562
v 0.62298731 0.23371961 0.04956561
v 0.62714163 0.23371961 0.04856062
v 0.62714163 0.23371961 0.05177219
v 0.62397009 0.23371961 0.05956561
v 0.62714163 0.23371961 0.05629862
v 0.62714163 0.23371961 0.06151974
v 0.62714163 0.22883095 0.06456561
v 0.62714163 0.23371961 0.06942406
v 0.62714163 0.23358505 0.06956561
v 0.62636940 0.23371961 0.07456561
v 0.62714163 0.23342911 0.07456561
v 0.62714163 0.23371961 0.07520417
v 0.62631680 0.23371961 0.08956561
v 0.62714163 0.23371961 0.08872092
v 0.62714163 0.23340889 0.08956561
v 0.62714163 0.23371961 0.09047017
v 0.62714163 0.23158382 0.09956561
v 0.62531918 0.23371961 0.09956561
v 0.62714163 0.23371961 0.09612399
v 0.62714163 0.23371961 0.10258849
v 0.62714163 0.23096765 0.10456561
v 0.62569651 0.23371961 0.11956561
v 0.62714163 0.23371961 0.11771321
v 0.62714163 0.23210544 0.11956561
v 0.62714163 0.23371961 0.12219141
v 0.62331417 0.23371961 0.12956561
v 0.62714163 0.23371961 0.12572393
v 0.62714163 0.23057390 0.12956561
v 0.62714163 0.23371961 0.13268398
v 0.62463112 0.23371961 0.13956561
v 0.62714163 0.23371961 0.13666761
v 0.62714163 0.22886976 0.13956561
v 0.62714163 0.23105598 0.14456561
v 0.62487650 0.23371961 0.14456561
v 0.62416712 0.23371961 0.14956561
v 0.62714163 0.23115839 0.15456561
v 0.62434809 0.23371961 0.15456561
v 0.62593480 0.23371961 0.15956561
v 0.62714163 0.23371961 0.16174079
v 0.62714163 0.23304027 0.16456561
v 0.62714163 0.23371961 0.16516374
v 0.62285122 0.23371961 0.16956561
v 0.62714163 0.23090393 0.16956561
v 0.62714163 0.23094635 0.19956561
v 0.62314330 0.23371961 0.19956561
v 0.62284094 0.23371961 0.20456561
v 0.62714164 0.23042133 0.20956561
v 0.62338509 0.23371961 0.20956561
v 0.62515673 0.23871962 -0.00543438
v 0.62714163 0.23871962 -0.00621158
v 0.62489004 0.23871962 -0.00043439
v 0.62578258 0.23871962 0.01456562
v 0.62714163 0.23871962 0.01382746
v 0.62714163 0.23516420 0.01456562
v 0.62714163 0.23646940 0.01956561
v 0.62313934 0.23871962 0.01956561
v 0.62365387 0.23871962 0.02456562
v 0.62714163 0.23564310 0.02956561
v 0.62714163 0.23614176 0.03456562
v 0.62318882 0.23871962 0.03456562
v 0.62714163 0.23570966 0.03956562
v 0.62714163 0.23839752 0.04456561
v 0.62641609 0.23871962 0.04456561
v 0.62714163 0.23871962 0.04617578
v 0.62714163 0.23689172 0.04956561
v 0.62533707 0.23871962 0.04956561
v 0.62324360 0.23871962 0.05956561
v 0.62714163 0.23871962 0.05583548
v 0.62714163 0.23818082 0.06456561
v 0.62407324 0.23871962 0.07456561
v 0.62714163 0.23685846 0.07956561
v 0.62714163 0.23763111 0.08456561
v 0.62714163 0.23479082 0.09456561
v 0.62373594 0.23871962 0.09956561
v 0.62714163 0.23735575 0.10456561
v 0.62605614 0.23871962 0.10456561
v 0.62714163 0.23797208 0.10956561
v 0.62714163 0.23491743 0.11456561
v 0.62235274 0.23871961 0.11956561
v 0.62714163 0.23458528 0.12456561
v 0.62270409 0.23871961 0.12456561
v 0.62222489 0.23871961 0.12956561
v 0.62714163 0.23510771 0.13456561
v 0.62249346 0.23871961 0.13956561
v 0.62267952 0.23871961 0.14956561
v 0.62714163 0.23411731 0.16456561
v 0.62310435 0.23871961 0.17456561
v 0.62354525 0.23871961 0.17956561
v 0.62714163 0.23953037 -0.00543438
v 0.62714163 0.24371961 -0.00171954
v 0.62455601 0.24371961 -0.00043439
v 0.62638262 0.24371961 0.00456562
v 0.62714163 0.24371961 0.00355147
v 0.62714163 0.24289037 0.00456562
v 0.62714163 0.24371961 0.00686642
v 0.62318689 0.24371961 0.01456562
v 0.62714163 0.24371961 0.01182653
v 0.62714163 0.23908718 0.04956561
v 0.62714163 0.23970877 0.05456561
v 0.62240006 0.24371961 0.07456561
v 0.62714163 0.24514231 -0.00043439
v 0.62518766 0.24871962 0.00456562
v 0.62714163 0.24452163 0.00956561
v 0.62378372 0.24871962 0.00956561
v 0.63099920 0.06871961 0.04456562
v 0.63214163 0.06761404 0.04456562
v 0.63214163 0.06871961 0.04337709
v 0.63214163 0.06871961 0.04574966
v 0.63214163 0.07001961 0.04456562
v 0.63020234 0.07371961 0.16456561
v 0.63214163 0.07307824 0.16456561
v 0.63214163 0.07371961 0.16365499
v 0.62997609 0.07371961 0.16956561
v 0.63214163 0.07371961 0.16634643
v 0.63104197 0.07371961 0.19456561
v 0.62970776 0.07371961 0.19956561
v 0.62971818 0.07371961 0.20456561
v 0.63093718 0.07371961 0.21456561
v 0.63214164 0.07336527 0.21456561
v 0.63214164 0.07371961 0.21368861
v 0.63214164 0.07371961 0.21493117
v 0.62863480 0.07871961 0.00956561
v 0.63177256 0.07871961 0.02456562
v 0.63019905 0.07871961 0.02956561
v 0.63214163 0.07871961 0.03127269
v 0.63214163 0.07563923 0.03456562
v 0.62971329 0.07871961 0.03456562
v 0.63214163 0.07871961 0.03887852
v 0.63124636 0.07871961 0.04456562
v 0.63214163 0.07802065 0.04456562
v 0.63214163 0.07871961 0.04185372
v 0.63214163 0.07871961 0.04697079
v 0.62950674 0.07871961 0.05956562
v 0.62852940 0.07871961 0.07456561
v 0.63214163 0.07591476 0.10956561
v 0.63214163 0.07871961 0.10714680
v 0.62925724 0.07871961 0.11456561
v 0.63214163 0.07871961 0.11281302
v 0.62831354 0.07871961 0.11956561
v 0.63073468 0.07871961 0.13956561
v 0.63214163 0.07823006 0.13956561
v 0.63214163 0.07871961 0.13854178
v 0.62821829 0.07871961 0.14456561
v 0.63214163 0.07871961 0.14010717
v 0.63088003 0.07871961 0.14956561
v 0.63214163 0.07696409 0.15456561
v 0.63214163 0.07871961 0.15284379
v 0.63088305 0.07871961 0.15456561
v 0.63214163 0.07871961 0.15497079
v 0.62832323 0.07871961 0.16456561
v 0.63214163 0.07871961 0.16269061
v 0.63214163 0.07871961 0.16790904
v 0.62740342 0.07871961 0.17456561
v 0.62977313 0.07871961 0.17956561
v 0.62917006 0.07871961 0.18456561
v 0.63214163 0.07871961 0.18620769
v 0.63214163 0.07527992 0.18956561
v 0.62796597 0.07871961 0.18956561
v 0.63214163 0.07871961 0.19233987
v 0.62759707 0.07871961 0.19456561
v 0.62994425 0.07871961 0.19956561
v 0.63214163 0.07871961 0.20172634
v 0.63214163 0.07570856 0.20456561
v 0.63214163 0.07871961 0.20785358
v 0.63214164 0.07424428 0.21456561
v 0.62962501 0.08371961 0.00456562
v 0.63214163 0.08371961 0.00841931
v 0.63214163 0.08204376 0.00956561
v 0.63214163 0.08139219 0.01456562
v 0.62896940 0.08371961 0.01956561
v 0.63214163 0.08371961 0.01694825
v 0.63084545 0.08371961 0.02956561
v 0.63214163 0.08222822 0.02956561
v 0.63214163 0.08371961 0.02731762
v 0.63131720 0.08314725 0.03352381
v 0.63214163 0.08371961 0.03472265
v 0.62737234 0.08371961 0.03956562
v 0.63214163 0.08371961 0.04212028
v 0.63214163 0.08371961 0.04926081
v 0.63214163 0.08256557 0.05456562
v 0.63214163 0.08371961 0.05129711
v 0.63214163 0.08333679 0.05956562
v 0.63214163 0.08371961 0.06007672
v 0.62961476 0.08371961 0.06956561
v 0.63214163 0.08135879 0.06956561
v 0.63214163 0.08371961 0.06847428
v 0.63214163 0.08371961 0.07074950
v 0.62989466 0.08371961 0.08456561
v 0.63214163 0.08288359 0.08456561
v 0.63214163 0.08371961 0.08071718
v 0.62904858 0.08371961 0.08956561
v 0.63214163 0.08305087 0.08956561
v 0.62940867 0.08371961 0.09456561
v 0.63214163 0.08208005 0.09456561
v 0.63214163 0.08246784 0.09956561
v 0.63071774 0.08371961 0.10456561
v 0.63214163 0.08268595 0.10456561
v 0.63137185 0.08371961 0.10956561
v 0.63214163 0.08371961 0.11117291
v 0.62757622 0.08371961 0.11456561
v 0.62994845 0.08371961 0.11956561
v 0.63214163 0.08251206 0.11956561
v 0.63214163 0.08371961 0.11721652
v 0.63214163 0.08371961 0.12112193
v 0.62955139 0.08371961 0.12456561
v 0.63214163 0.08371961 0.12836091
v 0.63214163 0.07916431 0.12956561
v 0.63214163 0.08371961 0.13140006
v 0.63214163 0.08371961 0.13828277
v 0.63214163 0.08286342 0.14456561
v 0.63048495 0.08371961 0.14956561
v 0.63214163 0.08082204 0.14956561
v 0.62977803 0.08225677 0.15365268
v 0.63214163 0.08371961 0.15367904
v 0.63214163 0.08191340 0.15456561
v 0.63214163 0.08371961 0.15648528
v 0.63137923 0.08371961 0.15956561
v 0.63214163 0.08334915 0.15956561
v 0.62756995 0.08371961 0.16456561
v 0.63214163 0.08371961 0.15978866
v 0.63214163 0.08001618 0.16456561
v 0.62858361 0.08371961 0.16956561
v 0.62765360 0.08371961 0.17456561
v 0.62815098 0.08371961 0.17956561
v 0.63214163 0.08371961 0.18442972
v 0.63214163 0.08328497 0.18456561
v 0.63214163 0.08188087 0.19456561
v 0.62829779 0.08371961 0.19956561
v 0.63214163 0.08371961 0.19565946
v 0.63214163 0.08005854 0.20456561
v 0.62795563 0.08371961 0.20456561
v 0.63214163 0.08656958 0.00456562
v 0.63214163 0.08871961 0.00314468
v 0.63214163 0.08805399 0.01956561
v 0.63214163 0.08500161 0.02456562
v 0.63214163 0.08687300 0.03956562
v 0.63214163 0.08439490 0.04956562
v 0.63030029 0.08871961 0.04956562
v 0.63214163 0.08871961 0.05210389
v 0.63214163 0.08488502 0.05456562
v 0.63214163 0.08668830 0.05956562
v 0.62998656 0.08871961 0.05956562
v 0.63214163 0.08817262 0.06456562
v 0.63214163 0.08871961 0.06150612
v 0.63049093 0.08648670 0.06691438
v 0.63214163 0.08592791 0.06956561
v 0.63100374 0.08871961 0.06956561
v 0.63214163 0.08871961 0.06585642
v 0.63005293 0.08638582 0.07200120
v 0.63214163 0.08778900 0.07456561
v 0.63214163 0.08871961 0.07272397
v 0.63214163 0.08524320 0.07956561
v 0.62844912 0.08871961 0.09456561
v 0.63214163 0.08871961 0.10244440
v 0.63214163 0.08737252 0.10456561
v 0.63214163 0.08871961 0.10593866
v 0.63048041 0.08871961 0.10956561
v 0.62905203 0.08540106 0.11287052
v 0.63214163 0.08871961 0.11142416
v 0.63091500 0.08871961 0.11456561
v 0.62916951 0.08582168 0.11657609
v 0.63086787 0.08871961 0.11956561
v 0.63214163 0.08786704 0.11956561
v 0.63036333 0.08742800 0.12061876
v 0.62896193 0.08871961 0.12456561
v 0.63214163 0.08871961 0.12691782
v 0.63214163 0.08542649 0.13456561
v 0.63214163 0.08401185 0.15456561
v 0.63214163 0.08871961 0.16122630
v 0.62871747 0.08871961 0.16456561
v 0.62871344 0.08871961 0.16956561
v 0.62875035 0.08871961 0.17456561
v 0.62837901 0.08871961 0.17956561
v 0.63214163 0.08871961 0.18303504
v 0.62876210 0.08871961 0.19956561
v 0.63214163 0.08871961 0.19622739
v 0.62908492 0.08871961 0.20456561
v 0.63135601 0.09371961 -0.00043439
v 0.63214163 0.09371961 0.00016108
v 0.63214163 0.09012310 0.05456562
v 0.63214163 0.08957643 0.05956562
v 0.63214163 0.09045694 0.06956561
v 0.63214163 0.08891994 0.10456561
v 0.63214163 0.08962065 0.11456561
v 0.63214163 0.08909093 0.11956561
v 0.63214163 0.09089051 0.12456561
v 0.62901969 0.09371961 0.16456561
v 0.63214163 0.09371961 0.16104005
v 0.62901969 0.09371961 0.16956561
v 0.62904236 0.09371961 0.17456561
v 0.62902917 0.09371961 0.17956561
v 0.63214163 0.09025018 0.18456561
v 0.62910216 0.09371961 0.18456561
v 0.63214163 0.08992209 0.18956561
v 0.62894463 0.09371961 0.18956561
v 0.63214163 0.09038139 0.19456561
v 0.62911025 0.09371961 0.19456561
v 0.63214163 0.09197764 0.19956561
v 0.63214163 0.09371961 0.19782365
v 0.63214163 0.09176632 0.20456561
v 0.63214163 0.09175638 0.20956561
v 0.63214164 0.09371961 0.21152884
v 0.63214163 0.09424858 -0.00043439
v 0.63214163 0.09871961 -0.00229732
v 0.62898211 0.09871961 0.15456561
v 0.63214163 0.09871961 0.15143220
v 0.63214163 0.09538844 0.15456561
v 0.63214163 0.09519405 0.15956561
v 0.62906378 0.09871961 0.15956561
v 0.62934458 0.09871961 0.16456561
v 0.62916230 0.09871961 0.16956561
v 0.62926766 0.09871961 0.17456561
v 0.62919402 0.09871961 0.17956561
v 0.62934763 0.09871961 0.18456561
v 0.63214163 0.09871961 0.18730504
v 0.63214163 0.09645904 0.18956561
v 0.63214163 0.09655539 0.19456561
v 0.62899764 0.09871961 0.21456561
v 0.63214164 0.09871961 0.21107133
v 0.62912272 0.10371961 -0.00543438
v 0.63214163 0.10371961 -0.00237434
v 0.62903483 0.10371961 0.15456561
v 0.63214163 0.10371961 0.15144841
v 0.62929560 0.10371961 0.15956561
v 0.62942689 0.10371961 0.16456561
v 0.62955578 0.10371961 0.16956561
v 0.62922343 0.10371961 0.17456561
v 0.62922259 0.10371961 0.17956561
v 0.62929482 0.10371961 0.18456561
v 0.63214163 0.10371961 0.18798293
v 0.62853472 0.10371961 0.21456561
v 0.63214164 0.10371961 0.21137359
v 0.62951973 0.10871961 -0.00543438
v 0.63214163 0.10871961 -0.00283732
v 0.62941967 0.10871961 0.09956561
v 0.63214163 0.10871961 0.09627830
v 0.63214163 0.10577454 0.09956561
v 0.63214163 0.10871961 0.10289137
v 0.62920922 0.10871961 0.14956561
v 0.63214163 0.10871961 0.14613628
v 0.63214163 0.10560241 0.14956561
v 0.62955643 0.10871961 0.15456561
v 0.62933308 0.10871961 0.15956561
v 0.62900534 0.10871961 0.16456561
v 0.62904236 0.10871961 0.16956561
v 0.62900822 0.10871961 0.17456561
v 0.62913075 0.10871961 0.17956561
v 0.62883521 0.10871961 0.18456561
v 0.63214163 0.10871961 0.18819747
v 0.62898503 0.10871961 0.21456561
v 0.63214164 0.10871961 0.21149883
v 0.63214163 0.11371961 -0.00228507
v 0.63054966 0.11371961 0.06956561
v 0.63214163 0.11371961 0.06573148
v 0.63214163 0.11214316 0.06956561
v 0.63214163 0.11371961 0.07182687
v 0.62924078 0.11371961 0.09956561
v 0.63214163 0.11371961 0.09568610
v 0.63214163 0.11371961 0.10312179
v 0.63170353 0.11371961 0.13456561
v 0.63214163 0.11371961 0.13378282
v 0.63214163 0.11307867 0.13456561
v 0.63214163 0.11371961 0.13519262
v 0.62878975 0.11371961 0.14956561
v 0.63214163 0.11371961 0.14462480
v 0.62894562 0.11371961 0.15456561
v 0.62870308 0.11371961 0.15956561
v 0.62876433 0.11371961 0.16456561
v 0.62847794 0.11371961 0.16956561
v 0.62875538 0.11371961 0.17456561
v 0.62862635 0.11371961 0.17956561
v 0.62842341 0.11371961 0.18456561
v 0.63214163 0.11371961 0.18945540
v 0.63170706 0.11371961 0.19456561
v 0.63214163 0.11371961 0.19110704
v 0.63214163 0.11209796 0.19456561
v 0.63214163 0.11371961 0.19527928
v 0.62841664 0.11371961 0.21456561
v 0.63214164 0.11371961 0.21124093
v 0.62802128 0.11871961 -0.00543438
v 0.63214163 0.11871961 -0.00220084
v 0.62884373 0.11871961 0.06956561
v 0.63214163 0.11871961 0.06476964
v 0.63214163 0.11500071 0.07456561
v 0.62904330 0.11871961 0.07456561
v 0.63214163 0.11452976 0.07956561
v 0.62884159 0.11871961 0.07956561
v 0.63214163 0.11482755 0.08456561
v 0.62882235 0.11871961 0.08456561
v 0.63214163 0.11471492 0.08956561
v 0.62898989 0.11871961 0.08956561
v 0.63214163 0.11484009 0.09456561
v 0.62901873 0.11871961 0.09456561
v 0.62895953 0.11871961 0.09956561
v 0.63214163 0.11871961 0.10433297
v 0.63144779 0.11871961 0.10956561
v 0.63214163 0.11871961 0.10646151
v 0.63214163 0.11793115 0.10956561
v 0.63214163 0.11871961 0.11282589
v 0.62919657 0.11871961 0.12956561
v 0.63214163 0.11871961 0.12609678
v 0.63214163 0.11501282 0.12956561
v 0.62908400 0.11871961 0.13456561
v 0.63214163 0.11527528 0.13956561
v 0.62903105 0.11871961 0.13956561
v 0.63214163 0.11377880 0.14456561
v 0.62867045 0.11871961 0.14456561
v 0.62869961 0.11871961 0.14956561
v 0.62884373 0.11871961 0.15456561
v 0.62896643 0.11871961 0.15956561
v 0.62865212 0.11871961 0.16456561
v 0.62824883 0.11871961 0.16956561
v 0.62848645 0.11871961 0.17456561
v 0.62866101 0.11871961 0.17956561
v 0.62843686 0.11871961 0.18456561
v 0.63214163 0.11382982 0.18956561
v 0.62857432 0.11871961 0.18956561
v 0.62829852 0.11871961 0.19456561
v 0.63214163 0.11871961 0.19900861
v 0.62914485 0.11871961 0.21456561
v 0.63214164 0.11871961 0.21106655
v 0.63214163 0.12371961 -0.00277510
v 0.63175179 0.12371961 0.06456561
v 0.63214163 0.12371961 0.06360676
v 0.63214163 0.12151432 0.06456561
v 0.62898211 0.12371961 0.06956561
v 0.62848644 0.12371961 0.07456561
v 0.62843014 0.12371961 0.07956561
v 0.62859286 0.12371961 0.08456561
v 0.62878590 0.12371961 0.08956561
v 0.62878701 0.12371961 0.09456561
v 0.62878701 0.12371961 0.09956561
v 0.63214163 0.11895225 0.10456561
v 0.62886273 0.12371961 0.10456561
v 0.62849621 0.12371961 0.10956561
v 0.63214163 0.11892406 0.11456561
v 0.62892454 0.12371961 0.11456561
v 0.63214163 0.11936772 0.11956561
v 0.62914572 0.12371961 0.11956561
v 0.63214163 0.12025077 0.12456561
v 0.62895657 0.12371961 0.12456561
v 0.62879359 0.12371961 0.12956561
v 0.62889393 0.12371961 0.13456561
v 0.62889805 0.12371961 0.13956561
v 0.62882664 0.12371961 0.14456561
v 0.62835184 0.12371961 0.14956561
v 0.62837485 0.12371961 0.15456561
v 0.62919571 0.12371961 0.15956561
v 0.62750947 0.12371961 0.16456561
v 0.62847466 0.12371961 0.16956561
v 0.62837416 0.12371961 0.17456561
v 0.62880015 0.12371961 0.17956561
v 0.62843417 0.12371961 0.18456561
v 0.62857617 0.12371961 0.18956561
v 0.62862816 0.12371961 0.19456561
v 0.63214163 0.11927661 0.19956561
v 0.62869441 0.12371961 0.19956561
v 0.63214163 0.11982237 0.20456561
v 0.62875874 0.12371961 0.20456561
v 0.63214164 0.12022055 0.20956561
v 0.62882987 0.12371961 0.20956561
v 0.62877266 0.12371961 0.21456561
v 0.63214163 0.12871961 -0.00246742
v 0.63203137 0.12871961 0.04456562
v 0.63214163 0.12871961 0.03968569
v 0.63214163 0.12758029 0.04456562
v 0.63214163 0.12578107 0.04956562
v 0.63068258 0.12871961 0.04956562
v 0.63214163 0.12871961 0.05427387
v 0.63214163 0.12602375 0.06456561
v 0.62847925 0.12871961 0.06956561
v 0.63214163 0.12871961 0.06475458
v 0.62875931 0.12871961 0.07456561
v 0.62884903 0.12871961 0.07956561
v 0.62852644 0.12871961 0.08456561
v 0.62894463 0.12871961 0.08956561
v 0.62911921 0.12871961 0.09456561
v 0.62951935 0.12871961 0.09956561
v 0.62881047 0.12871961 0.10456561
v 0.62956034 0.12871961 0.10956561
v 0.62868975 0.12871961 0.11456561
v 0.62853726 0.12871961 0.11956561
v 0.62939926 0.12871961 0.12456561
v 0.62866867 0.12871961 0.12956561
v 0.62911742 0.12871961 0.13456561
v 0.62883627 0.12871961 0.13956561
v 0.62903578 0.12871961 0.14456561
v 0.62872887 0.12871961 0.14956561
v 0.62824883 0.12871961 0.15456561
v 0.62745888 0.12871961 0.15956561
v 0.62785845 0.12871961 0.16456561
v 0.62723103 0.12871961 0.16956561
v 0.62800801 0.12871961 0.17456561
v 0.62849816 0.12871961 0.17956561
v 0.62767830 0.12871961 0.18456561
v 0.62867692 0.12871961 0.18956561
v 0.62871401 0.12871961 0.19456561
v 0.62868743 0.12871961 0.19956561
v 0.62858977 0.12871961 0.20456561
v 0.62892556 0.12871961 0.20956561
v 0.62894862 0.12871961 0.21456561
v 0.63214163 0.13371961 -0.00158478
v 0.63214163 0.13031972 0.04456562
v 0.63214163 0.13360988 0.04956562
v 0.63214163 0.13371961 0.04983770
v 0.63132422 0.13371961 0.05456562
v 0.63214163 0.12940526 0.05456562
v 0.63214163 0.13371961 0.05897700
v 0.62993271 0.13371961 0.06456561
v 0.63214163 0.13371961 0.05973956
v 0.63214163 0.12931950 0.06456561
v 0.62808819 0.13371961 0.06956561
v 0.62744545 0.13371961 0.07456561
v 0.62750054 0.13371961 0.08456561
v 0.62739319 0.13371961 0.08956561
v 0.62801176 0.13371961 0.09456561
v 0.62868275 0.13371961 0.09956561
v 0.62846413 0.13371961 0.10456561
v 0.62841732 0.13371961 0.10956561
v 0.62866751 0.13371961 0.11456561
v 0.62818873 0.13371961 0.11956561
v 0.62899474 0.13371961 0.12456561
v 0.62862576 0.13371961 0.12956561
v 0.62821902 0.13371961 0.13456561
v 0.62861365 0.13371961 0.13956561
v 0.62849686 0.13371961 0.14456561
v 0.62864317 0.13371961 0.14956561
v 0.62866574 0.13371961 0.15456561
v 0.62783822 0.13371961 0.15956561
v 0.62793370 0.13371961 0.16456561
v 0.62772068 0.13371961 0.17456561
v 0.62780127 0.13371961 0.17956561
v 0.62787764 0.13371961 0.19456561
v 0.62825623 0.13371961 0.19956561
v 0.62863658 0.13371961 0.20456561
v 0.62878150 0.13371961 0.20956561
v 0.62833636 0.13371961 0.21456561
v 0.63214163 0.13871961 -0.00180234
v 0.63015410 0.13871961 0.02956561
v 0.63214163 0.13871961 0.02668631
v 0.63214163 0.13408872 0.02956561
v 0.63214163 0.13606851 0.03456562
v 0.63046822 0.13871961 0.03456562
v 0.63214163 0.13871961 0.03677470
v 0.63214163 0.13545809 0.05456562
v 0.63214163 0.13832741 0.06456561
v 0.62836094 0.13871961 0.06956561
v 0.63214163 0.13871961 0.06468528
v 0.62831145 0.13871961 0.08956561
v 0.62723727 0.13871961 0.09956561
v 0.62782460 0.13871961 0.10456561
v 0.62787052 0.13871961 0.10956561
v 0.62826578 0.13871961 0.11456561
v 0.62839278 0.13871961 0.11956561
v 0.62878645 0.13871961 0.12456561
v 0.62837485 0.13871961 0.12956561
v 0.62817648 0.13871961 0.13456561
v 0.62859593 0.13871961 0.13956561
v 0.62930113 0.13871961 0.14956561
v 0.62779620 0.13871961 0.15456561
v 0.62849556 0.13871961 0.15956561
v 0.62810975 0.13871961 0.16456561
v 0.62799630 0.13871961 0.16956561
v 0.62786114 0.13871961 0.17956561
v 0.62922425 0.13871961 0.18956561
v 0.62815720 0.13871961 0.19456561
v 0.62864138 0.13871961 0.19956561
v 0.62845154 0.13871961 0.20456561
v 0.62874133 0.13871961 0.20956561
v 0.62851235 0.13871961 0.21456561
v 0.63214163 0.14371961 -0.00219673
v 0.63127644 0.14371961 0.02956561
v 0.63214163 0.14371961 0.02763781
v 0.63214163 0.14371961 0.03104977
v 0.63214163 0.14110922 0.03456562
v 0.63208716 0.14371961 0.04956562
v 0.63214163 0.14371961 0.04950139
v 0.63214163 0.14311875 0.04956562
v 0.63214163 0.14091653 0.05456562
v 0.63021389 0.14371961 0.05456562
v 0.63214163 0.14371961 0.05887392
v 0.62872051 0.14371961 0.06956561
v 0.63214163 0.14371961 0.06529874
v 0.63214163 0.14240704 0.07456561
v 0.63214163 0.14371961 0.07137244
v 0.62779804 0.14371961 0.07956561
v 0.63214163 0.14371961 0.07587818
v 0.62731074 0.14371961 0.08456561
v 0.62722010 0.14371961 0.09456561
v 0.62786696 0.14371961 0.10456561
v 0.62750105 0.14371961 0.11956561
v 0.62770056 0.14371961 0.12956561
v 0.62755484 0.14371961 0.15456561
v 0.62781777 0.14371961 0.17956561
v 0.62780081 0.14371961 0.18456561
v 0.62818108 0.14371961 0.18956561
v 0.62888465 0.14371961 0.19456561
v 0.62731457 0.14371961 0.19956561
v 0.62865212 0.14371961 0.20456561
v 0.62873000 0.14371961 0.20956561
v 0.62901206 0.14371961 0.21456561
v 0.63214163 0.14871961 -0.00194093
v 0.63214163 0.14596520 0.02956561
v 0.63214163 0.14397638 0.04956562
v 0.63214163 0.14736423 0.05456561
v 0.62982399 0.14871961 0.06456561
v 0.63214163 0.14871961 0.06147784
v 0.63214163 0.14440889 0.06456561
v 0.62833384 0.14871961 0.06956561
v 0.63214163 0.14572126 0.07456561
v 0.62763211 0.14871961 0.08956561
v 0.62774159 0.14871961 0.09456561
v 0.62762091 0.14871961 0.09956561
v 0.62758875 0.14871961 0.10956561
v 0.62833281 0.14871961 0.12456561
v 0.62760714 0.14871961 0.14956561
v 0.62730902 0.14871961 0.16956561
v 0.62751259 0.14871961 0.17956561
v 0.62723103 0.14871961 0.18956561
v 0.62799630 0.14871961 0.19956561
v 0.62823994 0.14871961 0.20456561
v 0.62811053 0.14871961 0.20956561
v 0.62795264 0.14871961 0.21456561
v 0.63214163 0.15042489 -0.00043439
v 0.62922424 0.15371961 -0.00043439
v 0.63214163 0.15371961 0.00276762
v 0.63185923 0.15371961 0.04956562
v 0.63214163 0.15371961 0.04850281
v 0.63214163 0.15248248 0.04956562
v 0.63214163 0.14946524 0.05456561
v 0.62928927 0.15371961 0.05456562
v 0.63214163 0.15371961 0.05936247
v 0.63095053 0.15371961 0.05956561
v 0.63214163 0.15371961 0.05979376
v 0.62890023 0.15371961 0.06456561
v 0.63214163 0.15371961 0.07353601
v 0.63214163 0.15295135 0.07456561
v 0.62755562 0.15371961 0.07956561
v 0.63214163 0.15371961 0.07500691
v 0.62727616 0.15371961 0.08956561
v 0.62806683 0.15371961 0.09456561
v 0.62772545 0.15371961 0.11456561
v 0.62784767 0.15371961 0.12956561
v 0.62731671 0.15371961 0.13956561
v 0.62819710 0.15371961 0.14456561
v 0.62761468 0.15371961 0.15456561
v 0.62777350 0.15371961 0.18456561
v 0.62860449 0.15371961 0.20956561
v 0.62886902 0.15871961 -0.00043439
v 0.63214163 0.15871961 0.00308331
v 0.62930323 0.15871961 0.04456562
v 0.63214163 0.15871961 0.04066411
v 0.63214163 0.15453119 0.04456562
v 0.63204561 0.15871961 0.04956562
v 0.63214163 0.15871961 0.05023833
v 0.63214163 0.15835875 0.05456561
v 0.62951262 0.15871961 0.05956561
v 0.63214163 0.15871961 0.05502560
v 0.63214163 0.15398099 0.05956561
v 0.62938095 0.15871961 0.06456561
v 0.62813694 0.15871961 0.06956561
v 0.63214163 0.15416091 0.07456561
v 0.62793844 0.15871961 0.07456561
v 0.62771065 0.15871961 0.07956561
v 0.62748047 0.15871961 0.08956561
v 0.62840577 0.15871961 0.12456561
v 0.62725440 0.15871961 0.15456561
v 0.62803330 0.15871961 0.16456561
v 0.62792721 0.15871961 0.16956561
v 0.62785801 0.15871961 0.17456561
v 0.62789839 0.15871961 0.17956561
v 0.62726109 0.15871961 0.18456561
v 0.62728287 0.15871961 0.19456561
v 0.62873229 0.15871961 0.20956561
v 0.62851430 0.15871961 0.21456561
v 0.62849100 0.16371961 -0.00043439
v 0.63214163 0.16371961 0.00359513
v 0.63214163 0.16107580 0.04456562
v 0.63214163 0.15891664 0.04956562
v 0.63214163 0.15989949 0.05456561
v 0.63085676 0.16371961 0.05456561
v 0.63214163 0.16371961 0.05226194
v 0.62979098 0.16371961 0.05956561
v 0.63043362 0.16371961 0.06456561
v 0.62802380 0.16371961 0.07456561
v 0.62754868 0.16371961 0.09456561
v 0.62725817 0.16371961 0.10456561
v 0.62822426 0.16371961 0.14956561
v 0.62835114 0.16371961 0.15956561
v 0.62876711 0.16371961 0.16456561
v 0.62863358 0.16371961 0.20456561
v 0.62807734 0.16371961 0.20956561
v 0.62811607 0.16871961 -0.00043439
v 0.63214163 0.16871961 0.00303151
v 0.62979765 0.16871961 0.03956562
v 0.63214163 0.16871961 0.03562130
v 0.63214163 0.16531172 0.03956562
v 0.63214163 0.16871961 0.04269122
v 0.63118748 0.16871961 0.04956562
v 0.63214163 0.16871961 0.04846065
v 0.63214163 0.16689282 0.04956561
v 0.62808903 0.16871961 0.05456561
v 0.62807734 0.16871961 0.05956561
v 0.63094200 0.16871961 0.06456561
v 0.63214163 0.16648478 0.06456561
v 0.63214163 0.16871961 0.06266439
v 0.63214163 0.16871961 0.06512117
v 0.62848709 0.16871961 0.06956561
v 0.62741267 0.16871961 0.19456561
v 0.62736371 0.16871961 0.20956561
v 0.63214163 0.17371961 0.00308694
v 0.63196264 0.17371961 0.02456562
v 0.63214163 0.17371961 0.02411475
v 0.63214163 0.17227871 0.02456562
v 0.63214163 0.17219723 0.02956561
v 0.63086697 0.17371961 0.02956561
v 0.63214163 0.16954193 0.03456562
v 0.62962673 0.17371961 0.03456562
v 0.62895617 0.17371961 0.03956562
v 0.63214163 0.17137959 0.04456562
v 0.63056967 0.17371961 0.04456562
v 0.62812828 0.17371961 0.04956562
v 0.62857597 0.17371961 0.05456561
v 0.62874819 0.17371961 0.05956561
v 0.63214163 0.17371961 0.06426225
v 0.63013804 0.17274298 0.06610238
v 0.63214163 0.17371961 0.06470973
v 0.62810179 0.17371961 0.08456561
v 0.62845885 0.17371961 0.18956561
v 0.62750579 0.17371961 0.20956561
v 0.62855996 0.17371961 0.21456561
v 0.63214163 0.17871961 0.00323127
v 0.63201156 0.17871961 0.01956561
v 0.63214163 0.17871961 0.01919398
v 0.63214163 0.17829172 0.01956561
v 0.63171600 0.17871961 0.02456562
v 0.63214163 0.17871961 0.02582700
v 0.63214163 0.17660225 0.02956561
v 0.63214163 0.17801539 0.03456562
v 0.62937326 0.17871961 0.03956562
v 0.63214163 0.17871961 0.03577610
v 0.62778288 0.17871961 0.04456562
v 0.62988129 0.17871961 0.04956561
v 0.62779307 0.17871961 0.05456561
v 0.63214163 0.17386373 0.06456561
v 0.62833706 0.17871961 0.07456561
v 0.62795477 0.17871961 0.09456561
v 0.62775572 0.17871961 0.15956561
v 0.62746743 0.17871961 0.20456561
v 0.62773259 0.17871961 0.20956561
v 0.63017475 0.18371961 -0.00043439
v 0.63214163 0.18281194 -0.00043439
v 0.63214163 0.18371961 -0.00132429
v 0.63095116 0.18371961 0.01956561
v 0.63214163 0.18371961 0.01579394
v 0.62979277 0.18371961 0.02456562
v 0.63214163 0.18008636 0.02956561
v 0.62970499 0.18371961 0.02956561
v 0.63214163 0.17982731 0.03456562
v 0.62753939 0.18371961 0.04456562
v 0.62874472 0.18371961 0.05456561
v 0.62796546 0.18371961 0.17956561
v 0.62782414 0.18371961 0.18956561
v 0.62870366 0.18371961 0.19456561
v 0.62776744 0.18371961 0.20456561
v 0.62893963 0.18371961 0.21456561
v 0.63214163 0.18728515 -0.00043439
v 0.63214163 0.18871961 0.00045426
v 0.63181370 0.18871961 0.01456562
v 0.63214163 0.18871961 0.01340826
v 0.63214163 0.18644049 0.01456562
v 0.62928982 0.18871961 0.01956561
v 0.62809057 0.18871961 0.02456562
v 0.62720612 0.18871961 0.03456562
v 0.62813370 0.18871961 0.03956562
v 0.62800049 0.18871961 0.04456562
v 0.62907667 0.18871961 0.05956561
v 0.62734440 0.18871961 0.12456561
v 0.62745219 0.18871961 0.13956561
v 0.62728741 0.18871961 0.15956561
v 0.62763682 0.18871961 0.17456561
v 0.62777396 0.18871961 0.20956561
v 0.62832288 0.18871961 0.21456561
v 0.63214163 0.19371961 -0.00001770
v 0.63214163 0.19033560 0.01456562
v 0.63140246 0.19371961 0.01956561
v 0.63214163 0.19371961 0.01806316
v 0.63132721 0.19371961 0.02456562
v 0.62824886 0.19371961 0.03456562
v 0.62839277 0.19371961 0.04456562
v 0.62799546 0.19371961 0.09956561
v 0.62768242 0.19371961 0.11956561
v 0.62729874 0.19371961 0.16456561
v 0.62890215 0.19371961 0.20956561
v 0.62953222 0.19871961 -0.00043439
v 0.63214163 0.19401220 -0.00043439
v 0.63214163 0.19871961 -0.00293439
v 0.63214163 0.19871961 0.00432878
v 0.63214163 0.19838060 0.00456562
v 0.63178062 0.19871961 0.00456562
v 0.63214163 0.19871961 0.00711559
v 0.63096367 0.19871961 0.01456562
v 0.63214163 0.19871961 0.01109205
v 0.63214163 0.19643448 0.01456562
v 0.62990932 0.19871961 0.01956561
v 0.63068199 0.19871961 0.02456562
v 0.63095856 0.19871961 0.02956561
v 0.62997687 0.19871961 0.03956562
v 0.62749922 0.19871961 0.04456562
v 0.62725948 0.19871961 0.05456561
v 0.62758368 0.19871961 0.18956561
v 0.62738658 0.19871961 0.20456561
v 0.63214163 0.20119730 -0.00043439
v 0.63200003 0.20371961 0.00456562
v 0.63214163 0.20371961 0.00488380
v 0.63214163 0.20210327 0.01456562
v 0.62970961 0.20371961 0.01956561
v 0.63214163 0.20371961 0.01544067
v 0.62865906 0.20371961 0.02456562
v 0.63014271 0.20371961 0.03956562
v 0.63214163 0.20555069 0.00456562
v 0.63214163 0.20871961 0.00441679
v 0.63214163 0.20566318 0.00956561
v 0.62999363 0.20871961 0.00956561
v 0.63214163 0.20871961 0.00491354
v 0.63214163 0.20430330 0.01456562
v 0.62943195 0.20871961 0.01456562
v 0.63106611 0.20871961 0.01956561
v 0.62915089 0.20871961 0.02456562
v 0.63014641 0.20871961 0.02956561
v 0.62845385 0.20871961 0.03956562
v 0.62767174 0.20871961 0.05956561
v 0.62751076 0.20871961 0.20956561
v 0.63214163 0.21349382 -0.00043439
v 0.63214163 0.21371962 -0.00250546
v 0.63214163 0.21169222 0.00456562
v 0.63201042 0.21371961 0.00456562
v 0.63214163 0.21371962 0.00303212
v 0.63214163 0.21328323 0.00956561
v 0.63214163 0.21371961 0.00630497
v 0.62801750 0.21371961 0.01456562
v 0.63214163 0.21371961 0.01020627
v 0.63214163 0.21371961 0.01595280
v 0.63214163 0.20987625 0.01956561
v 0.62724344 0.21371961 0.02456562
v 0.63214163 0.21273229 0.02456562
v 0.63214163 0.21371961 0.02626471
v 0.63006428 0.21371961 0.02956561
v 0.63214163 0.21190582 0.03456562
v 0.63214163 0.21371961 0.03220809
v 0.63158650 0.21371961 0.03956561
v 0.63214163 0.21371961 0.03862051
v 0.63214163 0.21076053 0.04456561
v 0.63214163 0.21371961 0.03997218
v 0.63214163 0.21371887 0.04956561
v 0.62931051 0.21371961 0.05456561
v 0.63214163 0.21154667 0.05456561
v 0.63214163 0.21371961 0.05908910
v 0.62901829 0.21371961 0.05956561
v 0.62787451 0.21371961 0.06456561
v 0.62928847 0.21371961 0.06956561
v 0.62882019 0.21371961 0.07456561
v 0.62971625 0.21371961 0.07956561
v 0.62745648 0.21371961 0.08956561
v 0.62932535 0.21371961 0.09956561
v 0.62779482 0.21371961 0.10456561
v 0.62832144 0.21371961 0.10956561
v 0.62727702 0.21371961 0.11456561
v 0.62897234 0.21371961 0.11956561
v 0.62869671 0.21371961 0.12456561
v 0.62873114 0.21371961 0.12956561
v 0.62977126 0.21371961 0.14956561
v 0.62861243 0.21371961 0.15456561
v 0.62845354 0.21371961 0.15956561
v 0.62770970 0.21371961 0.16456561
v 0.62853663 0.21371961 0.17456561
v 0.62722684 0.21371961 0.18456561
v 0.62853854 0.21371961 0.19456561
v 0.62936883 0.21371961 0.20956561
v 0.63067880 0.21871962 -0.00543438
v 0.63214163 0.21472702 -0.00543438
v 0.63214163 0.21871962 -0.00793207
v 0.63214163 0.21381063 0.00456562
v 0.63214163 0.21575664 0.01456562
v 0.63214163 0.21707405 0.01956561
v 0.63018601 0.21871962 0.01956561
v 0.63214163 0.21871962 0.01722748
v 0.63214163 0.21871962 0.02095673
v 0.62802128 0.21871961 0.02456562
v 0.63214163 0.21597773 0.02956561
v 0.63214163 0.21553026 0.03956561
v 0.63214163 0.21871961 0.05883418
v 0.63070019 0.21871961 0.05956561
v 0.63214163 0.21871961 0.06032571
v 0.63214163 0.21666553 0.06456561
v 0.63214163 0.21763248 0.06956561
v 0.63214163 0.21645101 0.07456561
v 0.62774498 0.21871961 0.07956561
v 0.63214163 0.21871961 0.07858215
v 0.63214163 0.21832964 0.08456561
v 0.63214163 0.21871961 0.08309677
v 0.63195372 0.21871961 0.08956561
v 0.63214163 0.21871961 0.08849140
v 0.63214163 0.21664450 0.09456561
v 0.63214163 0.21871961 0.08972359
v 0.63214163 0.21871961 0.09784923
v 0.62827236 0.21871961 0.10456561
v 0.62806683 0.21871961 0.10956561
v 0.62918978 0.21871961 0.11456561
v 0.62908492 0.21871961 0.11956561
v 0.62834975 0.21871961 0.13456561
v 0.62949152 0.21871961 0.14456561
v 0.62963244 0.21871961 0.14956561
v 0.62936581 0.21871961 0.15456561
v 0.62745862 0.21871961 0.15956561
v 0.62941243 0.21871961 0.16456561
v 0.62950450 0.21871961 0.17456561
v 0.62907668 0.21871961 0.17956561
v 0.62927006 0.21871961 0.18456561
v 0.62953272 0.21871961 0.18956561
v 0.62863839 0.21871961 0.19456561
v 0.62945326 0.21871961 0.19956561
v 0.62850333 0.21871961 0.20456561
v 0.62828911 0.21871961 0.20956561
v 0.63214163 0.22371962 -0.00828501
v 0.63078005 0.22371962 0.00456562
v 0.63214163 0.22371962 0.00307746
v 0.63214163 0.22273689 0.00456562
v 0.63214163 0.22371962 0.00586580
v 0.63165939 0.22371962 0.01456562
v 0.63214163 0.22371962 0.01412856
v 0.63214163 0.22290781 0.01456562
v 0.63012051 0.22371962 0.01956561
v 0.63214163 0.22371962 0.02223303
v 0.63214163 0.22371962 0.03291930
v 0.63214163 0.22198778 0.03456562
v 0.62910574 0.22371962 0.03956562
v 0.63214163 0.22371962 0.03840641
v 0.63051125 0.22371961 0.04956561
v 0.63214163 0.22235554 0.05456561
v 0.63214163 0.22371961 0.05136276
v 0.62888195 0.22371961 0.05456561
v 0.63214163 0.22065754 0.05956561
v 0.63214163 0.22371961 0.05746976
v 0.63038487 0.22371961 0.06956561
v 0.63214163 0.22371961 0.06757836
v 0.63214163 0.22146311 0.06956561
v 0.63214163 0.22269996 0.07456561
v 0.63048887 0.22371961 0.07456561
v 0.63214163 0.22053364 0.07956561
v 0.63214163 0.22371961 0.07643218
v 0.63104817 0.22371961 0.08956561
v 0.63214163 0.22371961 0.08862971
v 0.63214163 0.22303535 0.09456561
v 0.63074942 0.22371961 0.09456561
v 0.63061947 0.22371961 0.09956561
v 0.62940731 0.22371961 0.10456561
v 0.62846743 0.22371961 0.10956561
v 0.62918723 0.22371961 0.11456561
v 0.62870077 0.22371961 0.11956561
v 0.62871401 0.22371961 0.12956561
v 0.62892657 0.22371961 0.13456561
v 0.62937031 0.22371961 0.13956561
v 0.62926117 0.22371961 0.14456561
v 0.62775008 0.22371961 0.14956561
v 0.62784588 0.22371961 0.15456561
v 0.62766243 0.22371961 0.15956561
v 0.62873568 0.22371961 0.16456561
v 0.62724761 0.22371961 0.16956561
v 0.62875538 0.22371961 0.17456561
v 0.62847336 0.22371961 0.19456561
v 0.62856684 0.22371961 0.19956561
v 0.62855620 0.22371961 0.20456561
v 0.63214163 0.22438156 -0.00543438
v 0.63214163 0.22535286 -0.00043439
v 0.62813145 0.22871962 -0.00043439
v 0.63214163 0.22491495 0.00456562
v 0.63214163 0.22871962 0.00258804
v 0.63214163 0.22472006 0.01456562
v 0.63214163 0.22871962 0.01665511
v 0.63214163 0.22489229 0.02456562
v 0.62969719 0.22871962 0.02456562
v 0.63214163 0.22713961 0.02956561
v 0.62960688 0.22871962 0.02956561
v 0.63214163 0.22620138 0.03956561
v 0.63142775 0.22871962 0.03956561
v 0.63214163 0.22871962 0.04239956
v 0.63214163 0.22871962 0.04566400
v 0.63214163 0.22561419 0.04956561
v 0.63095116 0.22871962 0.05456561
v 0.63214163 0.22871962 0.05738714
v 0.63150416 0.22871962 0.05956561
v 0.63214163 0.22871962 0.06008029
v 0.63214163 0.22569649 0.06456561
v 0.63093042 0.22871962 0.06956561
v 0.63214163 0.22871962 0.07039357
v 0.63214163 0.22470291 0.07456561
v 0.62959070 0.22871961 0.08456561
v 0.63214163 0.22871961 0.08119238
v 0.63214163 0.22484770 0.08456561
v 0.63214163 0.22416565 0.08956561
v 0.63214163 0.22871961 0.08753289
v 0.63214163 0.22498768 0.09456561
v 0.62983959 0.22871961 0.09956561
v 0.63214163 0.22871961 0.09713282
v 0.62947771 0.22871961 0.10956561
v 0.62736969 0.22871961 0.11456561
v 0.62867163 0.22871961 0.11956561
v 0.62752461 0.22871961 0.12456561
v 0.62849621 0.22871961 0.12956561
v 0.62719157 0.22871961 0.13456561
v 0.62722151 0.22871961 0.13956561
v 0.62829995 0.22871961 0.14456561
v 0.62855431 0.22871961 0.15456561
v 0.62890318 0.22871961 0.16956561
v 0.62894263 0.22871961 0.19956561
v 0.62803414 0.22871961 0.20956561
v 0.62905823 0.23371961 -0.00543438
v 0.62809820 0.23371961 -0.00043439
v 0.63214163 0.23371961 0.00366777
v 0.63132925 0.23371961 0.00956561
v 0.63214163 0.23371961 0.00852673
v 0.63214163 0.23114431 0.00956561
v 0.63214163 0.23058786 0.01456562
v 0.62739508 0.23371961 0.01456562
v 0.62845057 0.23371961 0.01956561
v 0.63010712 0.23371961 0.02956561
v 0.63214163 0.23294542 0.03456561
v 0.63214163 0.23371961 0.03279399
v 0.62964371 0.23371961 0.03956561
v 0.63214163 0.23371961 0.03584223
v 0.63214163 0.23371961 0.04249185
v 0.63214163 0.23371961 0.04559123
v 0.62882797 0.23371961 0.05456561
v 0.63214163 0.22968773 0.05956561
v 0.62981629 0.23371961 0.06456561
v 0.63214163 0.23150347 0.07456561
v 0.63214163 0.23011492 0.07956561
v 0.62833451 0.23371961 0.07956561
v 0.62781599 0.23371961 0.08456561
v 0.63214163 0.23112505 0.08956561
v 0.63214163 0.22995775 0.09456561
v 0.62769095 0.23371961 0.09456561
v 0.62850472 0.23074287 0.09621135
v 0.63214163 0.23154502 0.09956561
v 0.63214163 0.23371961 0.09859771
v 0.62980025 0.23371961 0.09956561
v 0.62880766 0.23128832 0.10213290
v 0.63214163 0.23371961 0.10061218
v 0.62796313 0.23371961 0.10456561
v 0.62940766 0.23371961 0.10956561
v 0.62845751 0.23371961 0.11456561
v 0.62794018 0.23371961 0.12456561
v 0.62851942 0.23371961 0.13456561
v 0.62757657 0.23371961 0.16456561
v 0.62807974 0.23871962 -0.00543438
v 0.62822500 0.23871962 -0.00043439
v 0.63214163 0.23590034 0.00456562
v 0.63039772 0.23871962 0.00456562
v 0.63214163 0.23470661 0.00956561
v 0.63214163 0.23871962 0.00730556
v 0.63214163 0.23871962 0.01109669
v 0.63214163 0.23427607 0.03456561
v 0.63214163 0.23468769 0.04456561
v 0.62746866 0.23871962 0.04956561
v 0.62808567 0.23871962 0.05456561
v 0.63214163 0.23456680 0.09956561
v 0.62860266 0.24371961 -0.00043439
v 0.62857939 0.24371961 0.00456562
v 0.63214163 0.24132412 0.00456562
v 0.63214163 0.24371961 0.00353307
v 0.63214163 0.24371961 0.00704353
v 0.62872913 0.24371961 0.00956561
v 0.63214163 0.24106161 0.00956561
v 0.63214163 0.24860441 0.00456562
v 0.63152817 0.25371961 0.00456562
v 0.63214163 0.24892447 0.00456562
v 0.63214163 0.25371961 0.00393748
v 0.63214163 0.25371961 0.00535143
v 0.63214163 0.25421362 0.00456562
v 0.63316664 0.06871961 0.04456562
v 0.63492432 0.07371961 0.12456561
v 0.63714163 0.07214303 0.12456561
v 0.63714163 0.07371961 0.12250405
v 0.63714163 0.07371961 0.12773981
v 0.63267068 0.07371961 0.16456561
v 0.63268733 0.07371961 0.21456561
v 0.63470406 0.07871961 0.03456562
v 0.63281210 0.07871961 0.04456562
v 0.63362362 0.07871961 0.05456562
v 0.63714163 0.07678279 0.05456562
v 0.63714163 0.07871961 0.05065276
v 0.63468006 0.07871961 0.05956562
v 0.63714163 0.07578293 0.05956562
v 0.63714163 0.07871961 0.06285171
v 0.63368496 0.07871961 0.10956561
v 0.63714163 0.07682473 0.12456561
v 0.63281937 0.07871961 0.13956561
v 0.63314641 0.07871961 0.15456561
v 0.63445006 0.07871961 0.16456561
v 0.63491402 0.07871961 0.18956561
v 0.63708241 0.07871961 0.20456561
v 0.63615734 0.08371961 0.00456562
v 0.63714163 0.08275504 0.00456562
v 0.63714163 0.08371961 0.00391479
v 0.63479780 0.08371961 0.00956561
v 0.63714163 0.08371961 0.00698007
v 0.63714163 0.08371961 0.01193845
v 0.63714163 0.07998552 0.01456562
v 0.63573297 0.08371961 0.01956561
v 0.63714163 0.08184648 0.01956561
v 0.63714163 0.08371961 0.02106240
v 0.63492073 0.08371961 0.02956561
v 0.63714163 0.08371961 0.03174485
v 0.63714163 0.08275313 0.03456562
v 0.63714163 0.08371961 0.03613183
v 0.63674591 0.08371961 0.04456562
v 0.63714163 0.08371961 0.05190641
v 0.63268587 0.08371961 0.05956562
v 0.63714163 0.08371961 0.05681912
v 0.63714163 0.08166078 0.05956562
v 0.63714163 0.08207534 0.06956561
v 0.63714163 0.08371961 0.06811354
v 0.63474175 0.08371961 0.07456561
v 0.63714163 0.08052037 0.07456561
v 0.63714163 0.08371961 0.07685859
v 0.63410475 0.08371961 0.08456561
v 0.63305891 0.08371961 0.08956561
v 0.63400465 0.08371961 0.09456561
v 0.63343415 0.08371961 0.09956561
v 0.63394040 0.08371961 0.10456561
v 0.63514786 0.08371961 0.10956561
v 0.63714163 0.07973799 0.11956561
v 0.63714163 0.08371961 0.11572458
v 0.63714163 0.08371961 0.12128944
v 0.63378876 0.08371961 0.12956561
v 0.63324896 0.08371961 0.13956561
v 0.63402211 0.08371961 0.14456561
v 0.63714163 0.08371961 0.14648132
v 0.63714163 0.08171588 0.14956561
v 0.63248528 0.08371961 0.15456561
v 0.63714163 0.08042772 0.15456561
v 0.63332201 0.08229355 0.15652583
v 0.63714163 0.08289826 0.15956561
v 0.63714163 0.08371961 0.15990657
v 0.63685237 0.08371961 0.18456561
v 0.63495471 0.08371961 0.18956561
v 0.63477358 0.08371961 0.19456561
v 0.63714163 0.08871961 0.00327674
v 0.63714163 0.08561671 0.00956561
v 0.63714163 0.08871961 0.02058638
v 0.63622183 0.08871961 0.02456562
v 0.63714163 0.08871961 0.02668777
v 0.63714163 0.08583988 0.02956561
v 0.63714163 0.08637802 0.03956562
v 0.63714163 0.08415754 0.04456562
v 0.63714163 0.08698022 0.04956562
v 0.63374401 0.08871961 0.05456562
v 0.63714163 0.08711791 0.05956562
v 0.63289471 0.08871961 0.05956562
v 0.63714163 0.08749063 0.06456561
v 0.63378905 0.08871961 0.06956561
v 0.63714163 0.08714694 0.07956561
v 0.63714163 0.08597054 0.08456561
v 0.63714163 0.08608369 0.08956561
v 0.63714163 0.08656776 0.09456561
v 0.63714163 0.08658482 0.09956561
v 0.63257647 0.08871961 0.10456561
v 0.63714163 0.08529419 0.10456561
v 0.63714163 0.08459951 0.10956561
v 0.63714163 0.08442515 0.11456561
v 0.63300190 0.08871961 0.11456561
v 0.63261719 0.08871961 0.11956561
v 0.63714163 0.08669763 0.12456561
v 0.63468476 0.08871961 0.12456561
v 0.63714163 0.08585001 0.12956561
v 0.63714163 0.08427235 0.13456561
v 0.63714163 0.08612728 0.13956561
v 0.63714163 0.08604519 0.14456561
v 0.63714163 0.08871961 0.16047452
v 0.63540453 0.08871961 0.18456561
v 0.63539879 0.08871961 0.18956561
v 0.63468276 0.08871961 0.19456561
v 0.63714163 0.09371961 0.00115303
v 0.63714163 0.08959823 0.02456562
v 0.63601054 0.09371961 0.13456561
v 0.63714163 0.09371961 0.13250699
v 0.63714163 0.09180231 0.13456561
v 0.63714163 0.09176799 0.13956561
v 0.63591410 0.09371961 0.13956561
v 0.63714163 0.09371961 0.14230375
v 0.63707331 0.09371961 0.14956561
v 0.63714163 0.09371961 0.14929212
v 0.63714163 0.09365404 0.14956561
v 0.63714163 0.09371961 0.14999284
v 0.63714163 0.09371961 0.16126346
v 0.63714163 0.09371961 0.19826503
v 0.63714163 0.09241903 0.19956561
v 0.63614407 0.09371961 0.20456561
v 0.63714163 0.09371961 0.20300319
v 0.63605879 0.09371961 0.20956561
v 0.63714163 0.09519759 -0.00043439
v 0.63714163 0.09871961 -0.00436091
v 0.63610291 0.09871961 0.06456561
v 0.63714163 0.09871961 0.06275031
v 0.63714163 0.09733222 0.06456561
v 0.63714163 0.09871961 0.06675990
v 0.63631487 0.09871961 0.07456561
v 0.63714163 0.09871961 0.07260508
v 0.63714163 0.09771535 0.07456561
v 0.63714163 0.09871961 0.07646904
v 0.63662518 0.09871961 0.12456561
v 0.63714163 0.09871961 0.12406122
v 0.63714163 0.09663098 0.12456561
v 0.63714163 0.09871961 0.12492167
v 0.63701035 0.09871961 0.13456561
v 0.63714163 0.09871961 0.13447696
v 0.63714163 0.09871961 0.13479694
v 0.63714163 0.09560290 0.13956561
v 0.63714163 0.09840295 0.14456561
v 0.63705319 0.09871961 0.14456561
v 0.63714163 0.09871961 0.14440236
v 0.63714163 0.09384711 0.14956561
v 0.63714163 0.09871961 0.14471395
v 0.63714163 0.09871961 0.15076810
v 0.63714163 0.09412691 0.15456561
v 0.63714163 0.09541745 0.15956561
v 0.63708794 0.09871961 0.18956561
v 0.63714163 0.09871961 0.19028728
v 0.63714163 0.09846749 0.19456561
v 0.63714163 0.09774984 0.19956561
v 0.63660666 0.09871961 0.19956561
v 0.63714163 0.09871961 0.19649381
v 0.63714163 0.09600887 0.20456561
v 0.63714163 0.09871961 0.20111041
v 0.63492907 0.09871961 0.20956561
v 0.63714164 0.09871961 0.20634641
v 0.63714163 0.10371961 -0.00344001
v 0.63682036 0.10371961 0.05456562
v 0.63714163 0.10371961 0.05325305
v 0.63714163 0.10294753 0.05456562
v 0.63714163 0.10124477 0.05956561
v 0.63411840 0.10371961 0.05956562
v 0.63630274 0.10371961 0.06456561
v 0.63714163 0.10007316 0.06956561
v 0.63477566 0.10371961 0.06956561
v 0.63714163 0.09999303 0.07456561
v 0.63714163 0.10371961 0.07250562
v 0.63714163 0.10161082 0.07956561
v 0.63638168 0.10371961 0.07956561
v 0.63714163 0.10371961 0.07812314
v 0.63714163 0.10371961 0.08036359
v 0.63714163 0.09909744 0.12456561
v 0.63714163 0.09912792 0.13456561
v 0.63714163 0.09881779 0.14456561
v 0.63714163 0.10371961 0.15013942
v 0.63376217 0.10371961 0.18956561
v 0.63714163 0.09904742 0.19456561
v 0.63413659 0.10371961 0.19456561
v 0.63714163 0.10058051 0.19956561
v 0.63714163 0.10371961 0.19877242
v 0.63714163 0.10371961 0.20065671
v 0.63437836 0.10371961 0.20456561
v 0.63714163 0.10007026 0.20456561
v 0.63703177 0.10371961 0.20956561
v 0.63714163 0.10871961 -0.00435861
v 0.63590283 0.10871961 0.04456562
v 0.63714163 0.10871961 0.04132622
v 0.63714163 0.10599452 0.04456562
v 0.63714163 0.10518146 0.04956562
v 0.63620859 0.10871961 0.04956562
v 0.63714163 0.10399285 0.05456562
v 0.63714163 0.10871961 0.05097639
v 0.63485667 0.10871961 0.05956561
v 0.63714163 0.10871961 0.05751528
v 0.63714163 0.10871961 0.06221064
v 0.63714163 0.10489199 0.06456561
v 0.63714163 0.10686166 0.06956561
v 0.63618849 0.10871961 0.07956561
v 0.63714163 0.10871961 0.07827452
v 0.63714163 0.10871961 0.08053366
v 0.63714163 0.10871961 0.09566169
v 0.63714163 0.10490085 0.09956561
v 0.63714163 0.10871961 0.10260509
v 0.63620426 0.10871961 0.10956561
v 0.63714163 0.10871961 0.10834206
v 0.63714163 0.10519117 0.10956561
v 0.63714163 0.10871961 0.11114786
v 0.63576371 0.10871961 0.11956561
v 0.63714163 0.10871961 0.11760473
v 0.63714163 0.10702163 0.11956561
v 0.63714163 0.10635203 0.12456561
v 0.63433625 0.10871961 0.12456561
v 0.63714163 0.10871961 0.12934269
v 0.63514130 0.10871961 0.13456561
v 0.63714163 0.10871961 0.13003390
v 0.63714163 0.10545768 0.13456561
v 0.63714163 0.10718115 0.13956561
v 0.63478869 0.10871961 0.13956561
v 0.63714163 0.10744562 0.14456561
v 0.63581574 0.10871961 0.14456561
v 0.63714163 0.10429342 0.14956561
v 0.63714163 0.10790055 0.18956561
v 0.63714163 0.10871961 0.18877010
v 0.63714163 0.10738738 0.19456561
v 0.63714163 0.10871961 0.19568578
v 0.63359231 0.10871961 0.19956561
v 0.63714163 0.10437130 0.19956561
v 0.63449895 0.10871961 0.20456561
v 0.63714164 0.10871961 0.20862874
v 0.63714164 0.10427340 0.20956561
v 0.63714164 0.10871961 0.21002911
v 0.63714163 0.11371961 -0.00192198
v 0.63655270 0.11371961 0.01956561
v 0.63714163 0.11371961 0.01813864
v 0.63714163 0.11157491 0.01956561
v 0.63714163 0.11371961 0.02166166
v 0.63666004 0.11371961 0.02956561
v 0.63714163 0.11371961 0.02859007
v 0.63714163 0.11274407 0.02956561
v 0.63714163 0.11249545 0.03456562
v 0.63645581 0.11371961 0.03456562
v 0.63714163 0.11371961 0.03670591
v 0.63714163 0.11118824 0.04456562
v 0.63506233 0.11371961 0.04956562
v 0.63714163 0.11371961 0.04744749
v 0.63714163 0.11371961 0.05222240
v 0.63644161 0.11371961 0.05956561
v 0.63714163 0.11371961 0.05770577
v 0.63714163 0.11371961 0.06087007
v 0.63714163 0.11371961 0.06649298
v 0.63714163 0.11054842 0.06956561
v 0.63714163 0.11243357 0.07456561
v 0.63570927 0.11371961 0.07456561
v 0.63532108 0.11371961 0.07956561
v 0.63714163 0.11186633 0.08456561
v 0.63441632 0.11371961 0.08456561
v 0.63714163 0.11371961 0.08946253
v 0.63534151 0.11371961 0.09456561
v 0.63714163 0.11371961 0.08977720
v 0.63714163 0.11188678 0.09456561
v 0.63714163 0.11371961 0.10360426
v 0.63714163 0.11081971 0.10956561
v 0.63684792 0.11371961 0.11956561
v 0.63714163 0.11371961 0.11718408
v 0.63335932 0.11371961 0.12456561
v 0.63714163 0.11371961 0.12808677
v 0.63310601 0.11371961 0.13456561
v 0.63714163 0.11132013 0.13456561
v 0.63714163 0.11371961 0.13910016
v 0.63685156 0.11371961 0.13956561
v 0.63714163 0.11371961 0.14120530
v 0.63714163 0.11243735 0.14456561
v 0.63714163 0.11371961 0.14483527
v 0.63714163 0.11035879 0.18956561
v 0.63241616 0.11371961 0.18956561
v 0.63714163 0.11022980 0.19456561
v 0.63659005 0.11371961 0.19956561
v 0.63498563 0.11371961 0.20456561
v 0.63714164 0.10993795 0.20956561
v 0.63521033 0.11371961 0.20956561
v 0.63714163 0.11871961 -0.00110797
v 0.63602659 0.11871961 0.01956561
v 0.63714163 0.11871961 0.01750899
v 0.63714163 0.11871961 0.02178705
v 0.63714163 0.11807100 0.02956561
v 0.63473047 0.11871961 0.03456562
v 0.63714163 0.11871961 0.02965127
v 0.63714163 0.11577651 0.03956562
v 0.63640818 0.11871961 0.03956562
v 0.63714163 0.11805611 0.04456562
v 0.63643738 0.11871961 0.04456562
v 0.63368939 0.11871961 0.04956562
v 0.63714163 0.11639152 0.05456562
v 0.63471434 0.11871961 0.05456562
v 0.63537485 0.11871961 0.05956561
v 0.63714163 0.11548422 0.06456561
v 0.63252608 0.11871961 0.06456561
v 0.63714163 0.11375525 0.08956561
v 0.63714163 0.11871961 0.10350029
v 0.63714163 0.11871961 0.10814188
v 0.63714163 0.11735989 0.10956561
v 0.63714163 0.11871961 0.11226179
v 0.63714163 0.11477717 0.11956561
v 0.63674273 0.11871961 0.12456561
v 0.63714163 0.11871961 0.12357821
v 0.63714163 0.11486927 0.12956561
v 0.63714163 0.11478569 0.13456561
v 0.63714163 0.11398927 0.14456561
v 0.63273520 0.11871961 0.19956561
v 0.63384554 0.11871961 0.20456561
v 0.63465594 0.11871961 0.20956561
v 0.63714163 0.12090613 -0.00043439
v 0.63609253 0.12371961 -0.00043439
v 0.63714163 0.12371961 0.00154539
v 0.63714163 0.12191314 0.01956561
v 0.63689775 0.12371961 0.03456562
v 0.63714163 0.12371961 0.03422460
v 0.63420374 0.12371961 0.03956562
v 0.63288299 0.12371961 0.04456562
v 0.63714163 0.12371961 0.04691582
v 0.63714163 0.12216977 0.04956562
v 0.63526142 0.12371961 0.05456562
v 0.63714163 0.12371961 0.05159115
v 0.63714163 0.12371961 0.05918871
v 0.63714163 0.12285112 0.05956561
v 0.63714163 0.12371961 0.05996062
v 0.63714163 0.11978493 0.10456561
v 0.63714163 0.11914129 0.11456561
v 0.63714163 0.11939254 0.11956561
v 0.63684053 0.12871961 -0.00043439
v 0.63714163 0.12871961 0.00006290
v 0.63679270 0.12871961 0.01956561
v 0.63714163 0.12871961 0.01821946
v 0.63714163 0.12716706 0.01956561
v 0.63714163 0.12871961 0.02173178
v 0.63714163 0.12421312 0.03456562
v 0.63714163 0.12639663 0.03956562
v 0.63714163 0.12871961 0.04389762
v 0.63714163 0.12793894 0.04956562
v 0.63254103 0.12871961 0.05456562
v 0.63714163 0.12422461 0.05956561
v 0.63488640 0.12871961 0.05956561
v 0.63260689 0.12871961 0.06456561
v 0.63714163 0.12900672 -0.00043439
v 0.63714163 0.13371961 -0.00274303
v 0.63444222 0.13371961 0.01956561
v 0.63714163 0.13371961 0.01485991
v 0.63714163 0.13048771 0.02456562
v 0.63629917 0.13371961 0.02456562
v 0.63714163 0.12935408 0.02956561
v 0.63335638 0.13371961 0.02956561
v 0.63714163 0.13111634 0.03456562
v 0.63543325 0.13371961 0.03456562
v 0.63714163 0.13053275 0.03956562
v 0.63448591 0.13371961 0.03956562
v 0.63243975 0.13371961 0.04456562
v 0.63225502 0.13371961 0.04956562
v 0.63246878 0.13371961 0.05956561
v 0.63714163 0.13871961 -0.00121717
v 0.63294916 0.13871961 0.01956561
v 0.63714163 0.13871961 0.01611617
v 0.63555828 0.13871961 0.02456562
v 0.63651388 0.13871961 0.02956561
v 0.63714163 0.13688804 0.02956561
v 0.63714163 0.13871961 0.02808515
v 0.63714163 0.13871961 0.03065208
v 0.63696753 0.13871961 0.03956562
v 0.63382143 0.13871961 0.04456562
v 0.63247139 0.13871961 0.04956562
v 0.63310801 0.13871961 0.05456562
v 0.63234787 0.13871961 0.05956561
v 0.63239700 0.13871961 0.06456561
v 0.63714163 0.14371961 -0.00310105
v 0.63642439 0.14371961 0.01456562
v 0.63714163 0.14371961 0.01371371
v 0.63714163 0.14205845 0.01456562
v 0.63460285 0.14371961 0.01956561
v 0.63490641 0.14371961 0.02456562
v 0.63714163 0.14371961 0.02893943
v 0.63636297 0.14371961 0.02956561
v 0.63618509 0.14371961 0.03456562
v 0.63714163 0.14371961 0.03080382
v 0.63443247 0.14371961 0.03956562
v 0.63448441 0.14371961 0.04456562
v 0.63240856 0.14371961 0.05956561
v 0.63247677 0.14371961 0.06456561
v 0.63549566 0.14371961 0.07456561
v 0.63714163 0.14871961 -0.00170206
v 0.63515631 0.14871961 0.01456562
v 0.63714163 0.14871961 0.01098456
v 0.63512564 0.14871961 0.01956561
v 0.63381811 0.14871961 0.02456562
v 0.63714163 0.14871961 0.02904632
v 0.63714163 0.14871961 0.03005430
v 0.63348354 0.14871961 0.03456562
v 0.63359419 0.14871961 0.03956562
v 0.63237023 0.14871961 0.04456562
v 0.63374043 0.14871961 0.04956562
v 0.63386290 0.14871961 0.05456561
v 0.63411930 0.14871961 0.05956561
v 0.63714163 0.15013292 -0.00043439
v 0.63714163 0.15371961 0.00406919
v 0.63714163 0.15291423 0.01456562
v 0.63714163 0.15287049 0.01956561
v 0.63538780 0.15371961 0.02456562
v 0.63714163 0.15371961 0.02058540
v 0.63714163 0.15228510 0.02956561
v 0.63614321 0.15371961 0.02956561
v 0.63714163 0.15300462 0.03456562
v 0.63714163 0.15371961 0.03060113
v 0.63443922 0.15371961 0.03956562
v 0.63714163 0.15371961 0.03571519
v 0.63327126 0.15371961 0.04456562
v 0.63232277 0.15371961 0.05956561
v 0.63294999 0.15371961 0.07456561
v 0.63714163 0.15871961 0.00242995
v 0.63355959 0.15871961 0.01956561
v 0.63714163 0.15871961 0.01555064
v 0.63714163 0.15400287 0.01956561
v 0.63430077 0.15871961 0.02456562
v 0.63392822 0.15871961 0.02956561
v 0.63714163 0.15485126 0.03456562
v 0.63440432 0.15871961 0.03456562
v 0.63382174 0.15871961 0.03956562
v 0.63243317 0.15871961 0.05456561
v 0.63714163 0.16174577 0.00456562
v 0.63379767 0.16371961 0.00456562
v 0.63714163 0.16371961 0.00862305
v 0.63476555 0.16371961 0.01956561
v 0.63714163 0.16371961 0.01528139
v 0.63513739 0.16371961 0.02456562
v 0.63460871 0.16371961 0.02956561
v 0.63366070 0.16371961 0.03456562
v 0.63305319 0.16371961 0.03956562
v 0.63571247 0.16371961 0.04456562
v 0.63399036 0.16371961 0.04956561
v 0.63714163 0.16371961 0.05827888
v 0.63565056 0.16371961 0.05956561
v 0.63714163 0.16285030 0.05956561
v 0.63714163 0.16371961 0.06013357
v 0.63416102 0.16871961 0.00456562
v 0.63714163 0.16871961 0.00824650
v 0.63708447 0.16871961 0.01456562
v 0.63714163 0.16871961 0.01449862
v 0.63714163 0.16846251 0.01456562
v 0.63394861 0.16871961 0.01956561
v 0.63305065 0.16871961 0.02456562
v 0.63437077 0.16871961 0.02956561
v 0.63576637 0.16871961 0.03456562
v 0.63357922 0.16871961 0.04456562
v 0.63714163 0.16871961 0.05319077
v 0.63684939 0.16871961 0.05456561
v 0.63714163 0.16777312 0.05456561
v 0.63714163 0.16438950 0.05956561
v 0.63714163 0.16871961 0.05503764
v 0.63375473 0.16871961 0.06456561
v 0.63543099 0.17371961 0.00456562
v 0.63714163 0.17371961 0.00717196
v 0.63463716 0.17371961 0.01456562
v 0.63714163 0.17371961 0.01307031
v 0.63347874 0.17371961 0.01956561
v 0.63714163 0.16993185 0.05456561
v 0.63714163 0.17371961 0.05750612
v 0.63633877 0.17371961 0.05956561
v 0.63714163 0.17279082 0.05956561
v 0.63714163 0.17371961 0.06079596
v 0.63263798 0.17371961 0.06456561
v 0.63714163 0.17619198 0.00456562
v 0.63714163 0.17871961 0.00365303
v 0.63714163 0.17770119 0.00956561
v 0.63346651 0.17871961 0.00956561
v 0.63714163 0.17871961 0.00863141
v 0.63382401 0.17871961 0.01456562
v 0.63278883 0.17871961 0.02956561
v 0.63269890 0.17871961 0.03456562
v 0.63714163 0.17525022 0.05956561
v 0.63318098 0.18371961 -0.00043439
v 0.63714163 0.18059014 0.00456562
v 0.63384777 0.18371961 0.00456562
v 0.63533443 0.18371961 0.00956561
v 0.63255627 0.18371961 0.01456562
v 0.63497223 0.18871961 0.00456562
v 0.63428526 0.18871961 0.00956561
v 0.63667519 0.19371961 -0.00543438
v 0.63714163 0.19329575 -0.00543438
v 0.63714163 0.19371961 -0.00587110
v 0.63714163 0.19371961 -0.00428145
v 0.63714163 0.19203758 0.00456562
v 0.63714163 0.19371961 0.00289386
v 0.63714163 0.19289291 0.00956561
v 0.63295807 0.19371961 0.01456562
v 0.63714163 0.19371961 0.00994315
v 0.63489649 0.19871961 -0.00543438
v 0.63714163 0.19871961 -0.00725821
v 0.63562797 0.19871961 -0.00043439
v 0.63714163 0.19871961 -0.00217225
v 0.63714163 0.19509986 0.00456562
v 0.63714163 0.19871961 0.00917195
v 0.63714163 0.19871961 0.00984500
v 0.63486791 0.20371961 -0.00543438
v 0.63714163 0.20371961 -0.00788951
v 0.63714163 0.20371961 -0.00090406
v 0.63714163 0.19905607 0.00956561
v 0.63354389 0.20371961 0.00956561
v 0.63255407 0.20371961 0.01456562
v 0.63714163 0.20747837 -0.00543438
v 0.63229513 0.20871961 0.00456562
v 0.63637836 0.20871961 0.00956561
v 0.63714163 0.20822241 0.00956561
v 0.63714163 0.20871961 0.00921118
v 0.63714163 0.20871961 0.01049739
v 0.63262756 0.21371962 -0.00043439
v 0.63714163 0.21371962 0.00829875
v 0.63714163 0.21371962 0.01054979
v 0.63698402 0.21371961 0.01956561
v 0.63714163 0.21371961 0.01979424
v 0.63714163 0.21030001 0.02456562
v 0.63714163 0.21371961 0.02726427
v 0.63714163 0.21358320 0.03456561
v 0.63714163 0.21371961 0.03441745
v 0.63348168 0.21371961 0.03956561
v 0.63714163 0.21258390 0.03956561
v 0.63500328 0.21371961 0.04456561
v 0.63714163 0.21371961 0.04078776
v 0.63214249 0.21371961 0.04956561
v 0.63616915 0.21371961 0.05456561
v 0.63679922 0.21871962 -0.00543438
v 0.63714163 0.21871962 -0.00532322
v 0.63714163 0.21541410 -0.00043439
v 0.63523361 0.21871962 0.00456562
v 0.63714163 0.21871962 0.00232416
v 0.63714163 0.21871962 0.00697378
v 0.63714163 0.21790518 0.01456562
v 0.63714163 0.21871962 0.01637505
v 0.63714163 0.21856046 0.02456562
v 0.63705540 0.21871962 0.02456562
v 0.63690642 0.21871962 0.02956561
v 0.63714163 0.21871962 0.02981518
v 0.63714163 0.21715421 0.04456561
v 0.63528267 0.21871961 0.04956561
v 0.63714163 0.21871961 0.04693976
v 0.63712441 0.21871961 0.05456561
v 0.63400685 0.21871961 0.05956561
v 0.63714163 0.21694576 0.05956561
v 0.63714163 0.21871961 0.05462491
v 0.63714163 0.21870428 0.06456561
v 0.63331001 0.21871961 0.06956561
v 0.63714163 0.21871961 0.06458244
v 0.63714163 0.21871961 0.07291330
v 0.63714163 0.21716860 0.07456561
v 0.63709122 0.21871961 0.07956561
v 0.63714163 0.21870928 0.07956561
v 0.63252711 0.21871961 0.08456561
v 0.63714163 0.21871961 0.07957582
v 0.63714163 0.21832937 0.08956561
v 0.63714163 0.21871961 0.08917989
v 0.63321524 0.21871961 0.08956561
v 0.63495861 0.21871961 0.09456561
v 0.63714163 0.21871961 0.09023277
v 0.63365494 0.22371962 -0.00543438
v 0.63714163 0.22371962 -0.00324127
v 0.63343145 0.22371962 0.00456562
v 0.63714163 0.22105574 0.00456562
v 0.63714163 0.22371962 0.00793512
v 0.63714163 0.22202499 0.00956561
v 0.63549925 0.22371962 0.00956561
v 0.63714163 0.21956076 0.01456562
v 0.63606564 0.22371962 0.02456562
v 0.63442470 0.22371962 0.02956561
v 0.63714163 0.22333633 0.03456561
v 0.63714163 0.22183603 0.03956561
v 0.63362000 0.22371962 0.03956561
v 0.63714163 0.22061182 0.04456561
v 0.63477436 0.22371962 0.04456561
v 0.63346251 0.22371962 0.04956561
v 0.63714163 0.22044718 0.05956561
v 0.63693358 0.21899532 0.05479953
v 0.63380009 0.22371961 0.05956561
v 0.63714163 0.21881370 0.06456561
v 0.63555925 0.22371961 0.06456561
v 0.63714163 0.22155434 0.07456561
v 0.63714163 0.21873379 0.07956561
v 0.63700621 0.21883677 0.07945586
v 0.63378657 0.22371961 0.07956561
v 0.63714163 0.22371961 0.08327060
v 0.63714163 0.22271500 0.08456561
v 0.63714163 0.21920734 0.08956561
v 0.63714163 0.22371961 0.08579238
v 0.63714163 0.22527123 -0.00043439
v 0.63714163 0.22871962 0.00209339
v 0.63714163 0.22871962 0.00897071
v 0.63359350 0.22871962 0.00956561
v 0.63367002 0.22871962 0.01456562
v 0.63714163 0.22533735 0.01956561
v 0.63714163 0.22871962 0.01745605
v 0.63442459 0.22871962 0.01956561
v 0.63714163 0.22871962 0.02131994
v 0.63647266 0.22871962 0.02956561
v 0.63714163 0.22843676 0.02956561
v 0.63714163 0.22871962 0.02926462
v 0.63714163 0.22871962 0.03010008
v 0.63714163 0.22871962 0.03769985
v 0.63362938 0.22871962 0.03956561
v 0.63714163 0.22621261 0.03956561
v 0.63714163 0.22871962 0.04060263
v 0.63253214 0.22871962 0.04456561
v 0.63523586 0.22871962 0.04956561
v 0.63714163 0.22738949 0.04956561
v 0.63714163 0.22871962 0.04878379
v 0.63714163 0.22871962 0.05043050
v 0.63245297 0.22871962 0.05956561
v 0.63479994 0.22871962 0.07456561
v 0.63347437 0.22871961 0.07956561
v 0.63714163 0.22514877 0.08456561
v 0.63410780 0.22871961 0.08956561
v 0.63373543 0.22871961 0.09456561
v 0.63714163 0.23223736 0.00456562
v 0.63387600 0.23371961 0.00456562
v 0.63714163 0.23119038 0.01956561
v 0.63714163 0.22908505 0.02956561
v 0.63301491 0.23371961 0.03456561
v 0.63714163 0.22984857 0.03956561
v 0.63304005 0.23371961 0.04456561
v 0.63714163 0.22938177 0.04956561
v 0.63306887 0.23371961 0.09956561
v 0.63714163 0.23871962 0.00352616
v 0.63473562 0.23871962 0.00456562
v 0.63714163 0.23677427 0.00456562
v 0.63714163 0.23871962 0.00733409
v 0.63403471 0.23542440 0.00807097
v 0.63476440 0.23871962 0.00956561
v 0.63714163 0.24141859 0.00456562
v 0.63483015 0.24371961 0.00456562
v 0.63456694 0.24099151 0.00695427
v 0.63268170 0.25371961 0.00456562
v 0.64070992 0.07371961 0.02956561
v 0.64214163 0.07256129 0.02956561
v 0.64214163 0.07371961 0.02597498
v 0.64209320 0.07371961 0.03456562
v 0.64214163 0.07368691 0.03456562
v 0.64214163 0.07371961 0.03460340
v 0.64058775 0.07371961 0.04456562
v 0.64214163 0.07290732 0.04456562
v 0.64214163 0.07371961 0.04364955
v 0.64214163 0.07371961 0.04580683
v 0.63870020 0.07371961 0.12456561
v 0.64214163 0.07497904 0.02956561
v 0.64214163 0.07436451 0.03456562
v 0.64214163 0.07681105 0.04456562
v 0.64214163 0.07839559 0.05456562
v 0.64214163 0.07871961 0.05141049
v 0.63953062 0.07871961 0.05956562
v 0.64214163 0.07871961 0.05486518
v 0.64214163 0.08257094 0.00456562
v 0.64214163 0.08371961 0.00377913
v 0.64214163 0.08371961 0.00640892
v 0.63810654 0.08371961 0.01456562
v 0.63917385 0.08371961 0.01956561
v 0.64214163 0.08371961 0.02078935
v 0.64214163 0.08124993 0.02456562
v 0.63885078 0.08371961 0.02456562
v 0.63807612 0.08371961 0.02956561
v 0.64214163 0.08232772 0.02956561
v 0.64214163 0.07983131 0.03456562
v 0.64214163 0.08371961 0.03533475
v 0.64214163 0.07988578 0.05456562
v 0.64071636 0.08371961 0.05456562
v 0.63796501 0.08371961 0.06956561
v 0.63859469 0.08371961 0.07456561
v 0.63821976 0.08371961 0.11956561
v 0.63833777 0.08371961 0.14956561
v 0.63855557 0.08371961 0.15456561
v 0.63748259 0.08371961 0.15956561
v 0.64214163 0.08871961 0.00265612
v 0.64214163 0.08648042 0.00956561
v 0.64168783 0.08871961 0.01456562
v 0.64214163 0.08871961 0.01424825
v 0.64214163 0.08871961 0.01476353
v 0.64214163 0.08485320 0.01956561
v 0.63917820 0.08871961 0.02456562
v 0.63995966 0.08871961 0.03956562
v 0.64214163 0.08871961 0.03678206
v 0.64071198 0.08871961 0.04456562
v 0.63802220 0.08871961 0.04956562
v 0.63896065 0.08871961 0.05456562
v 0.63814526 0.08871961 0.05956562
v 0.63782003 0.08871961 0.06456561
v 0.63844954 0.08871961 0.06956561
v 0.63802878 0.08871961 0.07456561
v 0.63804972 0.08871961 0.07956561
v 0.63790146 0.08871961 0.08456561
v 0.63856434 0.08871961 0.08956561
v 0.63814320 0.08871961 0.09456561
v 0.63836304 0.08871961 0.09956561
v 0.63813105 0.08871961 0.10456561
v 0.63824736 0.08871961 0.10956561
v 0.63881911 0.08871961 0.11456561
v 0.63839484 0.08871961 0.11956561
v 0.63845088 0.08871961 0.12456561
v 0.63838038 0.08871961 0.12956561
v 0.63809540 0.08871961 0.13456561
v 0.63820696 0.08871961 0.13956561
v 0.63805870 0.08871961 0.14456561
v 0.63906193 0.08871961 0.14956561
v 0.63716980 0.08871961 0.15456561
v 0.63805054 0.08871961 0.15956561
v 0.64214163 0.09371961 0.00419046
v 0.64039879 0.09371961 0.01456562
v 0.64214163 0.09371961 0.01197886
v 0.64214163 0.09371961 0.01649832
v 0.64214163 0.09371961 0.02112747
v 0.63912811 0.09371961 0.02456562
v 0.64214163 0.08956847 0.02456562
v 0.64214163 0.09371961 0.02871899
v 0.63862740 0.09371961 0.03456562
v 0.64214163 0.09371961 0.03043020
v 0.64214163 0.08962726 0.03456562
v 0.63861546 0.09371961 0.03956562
v 0.63851942 0.09371961 0.04456562
v 0.63917952 0.09371961 0.04956562
v 0.63889187 0.09371961 0.05456562
v 0.63782003 0.09371961 0.05956561
v 0.63837484 0.09371961 0.06456561
v 0.63830714 0.09371961 0.06956561
v 0.63860205 0.09371961 0.07456561
v 0.63892454 0.09371961 0.07956561
v 0.63838660 0.09371961 0.08456561
v 0.63813379 0.09371961 0.08956561
v 0.63812792 0.09371961 0.09456561
v 0.63845221 0.09371961 0.09956561
v 0.63861242 0.09371961 0.10456561
v 0.63814866 0.09371961 0.10956561
v 0.63876877 0.09371961 0.11456561
v 0.63843416 0.09371961 0.11956561
v 0.63752226 0.09371961 0.12456561
v 0.63800760 0.09371961 0.12956561
v 0.63776789 0.09371961 0.14456561
v 0.63754893 0.09371961 0.15456561
v 0.63883948 0.09371961 0.15956561
v 0.63844222 0.09371961 0.19956561
v 0.63917179 0.09871961 -0.00043439
v 0.64214163 0.09871961 0.00360745
v 0.64214163 0.09458818 0.01456562
v 0.64214163 0.09474214 0.01956561
v 0.63782187 0.09871961 0.01956561
v 0.64214163 0.09871961 0.01674157
v 0.63779619 0.09871961 0.02456562
v 0.64214163 0.09423674 0.02956561
v 0.63853916 0.09871961 0.02956561
v 0.63725424 0.09871961 0.03456562
v 0.63863777 0.09871961 0.03956562
v 0.63733412 0.09871961 0.04456562
v 0.63881695 0.09871961 0.04956562
v 0.63773970 0.09871961 0.05456562
v 0.63804522 0.09871961 0.05956561
v 0.63783413 0.09871961 0.06956561
v 0.63786337 0.09871961 0.07956561
v 0.63824438 0.09871961 0.08456561
v 0.63890625 0.09871961 0.08956561
v 0.63856434 0.09871961 0.09456561
v 0.63845553 0.09871961 0.09956561
v 0.63828331 0.09871961 0.10456561
v 0.63871458 0.09871961 0.10956561
v 0.63811688 0.09871961 0.11456561
v 0.63886692 0.09871961 0.11956561
v 0.63931835 0.09871961 0.12956561
v 0.63825623 0.09871961 0.13956561
v 0.63834412 0.09871961 0.14956561
v 0.63739375 0.09871961 0.19456561
v 0.63793715 0.09871961 0.20456561
v 0.63911562 0.10371961 -0.00043439
v 0.64214163 0.10371961 0.00312674
v 0.64127687 0.10371961 0.01456562
v 0.64214163 0.10371961 0.01351797
v 0.64214163 0.10325800 0.01456562
v 0.63805176 0.10371961 0.01956561
v 0.63873510 0.10371961 0.02456562
v 0.63865567 0.10371961 0.02956561
v 0.63847925 0.10371961 0.03456562
v 0.63896151 0.10371961 0.03956562
v 0.63800425 0.10371961 0.04456562
v 0.63746742 0.10371961 0.04956562
v 0.63830570 0.10371961 0.07456561
v 0.63910756 0.10371961 0.08456561
v 0.63803124 0.10371961 0.08956561
v 0.63887425 0.10371961 0.09456561
v 0.63832287 0.10371961 0.09956561
v 0.63897919 0.10371961 0.10456561
v 0.63754248 0.10371961 0.10956561
v 0.63865864 0.10371961 0.11456561
v 0.63894961 0.10371961 0.11956561
v 0.63923996 0.10371961 0.12456561
v 0.63904423 0.10371961 0.12956561
v 0.63781823 0.10371961 0.13456561
v 0.63903767 0.10371961 0.13956561
v 0.63877098 0.10371961 0.14456561
v 0.63771544 0.10371961 0.14956561
v 0.63776602 0.10371961 0.19956561
v 0.63888123 0.10871961 -0.00043439
v 0.64214163 0.10871961 0.00316548
v 0.64214163 0.10478322 0.01456562
v 0.63904695 0.10871961 0.01956561
v 0.64214163 0.10871961 0.01741181
v 0.63863842 0.10871961 0.02456562
v 0.63820124 0.10871961 0.02956561
v 0.64214163 0.10871961 0.03364717
v 0.64214163 0.10819318 0.03456562
v 0.63820027 0.10871961 0.03956562
v 0.64214163 0.10871961 0.03550997
v 0.63864317 0.10871961 0.05456562
v 0.63819102 0.10871961 0.06456561
v 0.63816107 0.10871961 0.06956561
v 0.63856871 0.10871961 0.07456561
v 0.63897528 0.10871961 0.08456561
v 0.63869208 0.10871961 0.08956561
v 0.63823771 0.10871961 0.09456561
v 0.63910216 0.10871961 0.10456561
v 0.63869671 0.10871961 0.11456561
v 0.63728892 0.10871961 0.12956561
v 0.63793715 0.10871961 0.18956561
v 0.63821976 0.10871961 0.19456561
v 0.63760514 0.10871961 0.20956561
v 0.64068851 0.11371961 -0.00543438
v 0.64214163 0.11165917 -0.00543438
v 0.64214163 0.11371961 -0.00720715
v 0.64214163 0.11371961 -0.00345862
v 0.63915722 0.11371961 -0.00043439
v 0.64214163 0.11371961 0.00326168
v 0.64003893 0.11371961 0.01456562
v 0.64214163 0.11371961 0.01206809
v 0.64214163 0.11177595 0.01456562
v 0.63794520 0.11371961 0.02456562
v 0.64214163 0.11205525 0.03456562
v 0.63749613 0.11371961 0.03956562
v 0.63816107 0.11371961 0.04456562
v 0.63785353 0.11371961 0.05456562
v 0.63823099 0.11371961 0.06456561
v 0.63717728 0.11371961 0.08956561
v 0.63810297 0.11371961 0.10456561
v 0.63826138 0.11371961 0.10956561
v 0.63736092 0.11371961 0.11456561
v 0.63829129 0.11371961 0.12956561
v 0.63820771 0.11371961 0.13456561
v 0.63741129 0.11371961 0.14456561
v 0.64214163 0.11581849 -0.00543438
v 0.63792755 0.11871961 -0.00043439
v 0.64214163 0.11871961 0.00392882
v 0.64094849 0.11871961 0.00956561
v 0.64214163 0.11871961 0.00709457
v 0.64214163 0.11642899 0.00956561
v 0.64214163 0.11704854 0.01456562
v 0.64214163 0.11871961 0.01270518
v 0.64214163 0.11871961 0.01521340
v 0.63889401 0.11871961 0.02456562
v 0.63717916 0.11871961 0.02956561
v 0.63820696 0.11871961 0.10456561
v 0.63756331 0.11871961 0.11456561
v 0.63781456 0.11871961 0.11956561
v 0.64214163 0.12371961 0.00420554
v 0.64073023 0.12371961 0.00956561
v 0.64214163 0.12371961 0.00631386
v 0.64214163 0.12050055 0.01456562
v 0.64077582 0.12371961 0.01456562
v 0.63823523 0.12371961 0.01956561
v 0.63894585 0.12371961 0.02456562
v 0.63947687 0.12371961 0.02956561
v 0.63793892 0.12371961 0.03456562
v 0.64214163 0.12298948 0.03456562
v 0.64214163 0.12371961 0.03330222
v 0.64214163 0.12371961 0.03488875
v 0.63793240 0.12371961 0.04956562
v 0.63725161 0.12371961 0.05956561
v 0.64214163 0.12525191 0.00456562
v 0.64060454 0.12871961 0.00456562
v 0.64214163 0.12768485 0.00956561
v 0.64214163 0.12871961 0.00868260
v 0.63897238 0.12871961 0.01456562
v 0.64214163 0.12871961 0.01042834
v 0.63835125 0.12871961 0.02456562
v 0.63728764 0.12871961 0.02956561
v 0.64214163 0.12467376 0.03456562
v 0.63859186 0.12871961 0.03456562
v 0.63795904 0.12871961 0.03956562
v 0.63970215 0.13371961 -0.00043439
v 0.64027777 0.13371961 0.00456562
v 0.64214163 0.13371961 0.00944910
v 0.63751701 0.13371961 0.01456562
v 0.64214163 0.13371961 0.00972088
v 0.63838837 0.13871961 -0.00043439
v 0.63931919 0.13871961 0.00456562
v 0.64214163 0.13385352 0.00956561
v 0.63870133 0.13871961 0.00956561
v 0.63790594 0.13871961 0.01456562
v 0.63755035 0.13871961 0.02956561
v 0.64214163 0.13760469 0.03456562
v 0.64214163 0.13871961 0.03336424
v 0.63965893 0.13871961 0.03456562
v 0.64214163 0.13871961 0.03543450
v 0.63849491 0.14371961 -0.00043439
v 0.63840332 0.14371961 0.00456562
v 0.63850891 0.14371961 0.00956561
v 0.63725904 0.14371961 0.02956561
v 0.64214163 0.13958849 0.03456562
v 0.63855493 0.14871961 -0.00043439
v 0.63843689 0.14871961 0.00456562
v 0.64214163 0.14871961 0.00889674
v 0.64214163 0.14771421 0.00956561
v 0.64214163 0.14871961 0.01094799
v 0.63741348 0.14871961 0.02956561
v 0.63756411 0.15371961 0.00456562
v 0.64214163 0.14951916 0.00956561
v 0.63764795 0.15371961 0.00956561
v 0.63775164 0.15371961 0.01456562
v 0.63734295 0.15371961 0.01956561
v 0.63754841 0.15371961 0.03456562
v 0.63941734 0.15871961 0.00456562
v 0.63922146 0.15871961 0.00956561
v 0.64179783 0.15871961 0.01456562
v 0.64065662 0.16371961 0.00956561
v 0.63788670 0.16371961 0.01456562
v 0.63742287 0.16371961 0.05956561
v 0.63895380 0.16871961 0.00956561
v 0.63733469 0.16871961 0.05456561
v 0.63886204 0.17371961 0.00956561
v 0.63754559 0.17371961 0.05956561
v 0.63794914 0.17871961 0.00456562
v 0.64214163 0.19362169 -0.00543438
v 0.64214163 0.19371961 -0.00549804
v 0.64214163 0.19371961 -0.00536771
v 0.63787180 0.19371961 0.00456562
v 0.63764713 0.19371961 0.00956561
v 0.64214163 0.19871961 -0.00620909
v 0.64214163 0.19871961 -0.00467288
v 0.63735107 0.19871961 0.00956561
v 0.64214163 0.19960544 -0.00543438
v 0.63943440 0.20371961 -0.00543438
v 0.64214163 0.20871962 -0.00272183
v 0.63955671 0.20871961 -0.00043439
v 0.64214163 0.20658258 -0.00043439
v 0.64214163 0.20871961 0.00192205
v 0.63798803 0.20871961 0.00956561
v 0.64214163 0.21118364 -0.00043439
v 0.64214163 0.21079000 0.00956561
v 0.64214163 0.21371962 0.00817004
v 0.64214163 0.21371962 0.01282400
v 0.63942662 0.21371961 0.02456562
v 0.63718699 0.21371961 0.03456561
v 0.63795006 0.21371961 0.03956561
v 0.63908947 0.21871962 -0.00043439
v 0.64214163 0.21616035 0.00956561
v 0.64005224 0.21871962 0.00956561
v 0.63797390 0.21871962 0.01456562
v 0.63936495 0.21871962 0.03456561
v 0.63846544 0.21871961 0.03956561
v 0.63820997 0.21871961 0.04456561
v 0.63800968 0.21871961 0.05956561
v 0.63715696 0.21871961 0.06456561
v 0.63869265 0.21871961 0.07456561
v 0.63715197 0.21871961 0.07956561
v 0.63753187 0.21871961 0.08956561
v 0.63869324 0.22371962 -0.00043439
v 0.64214163 0.22089783 0.00456562
v 0.64214163 0.22371962 0.00297213
v 0.63936722 0.22371962 0.00956561
v 0.64214163 0.22136469 0.00956561
v 0.64214163 0.22371962 0.01126564
v 0.63815642 0.22371961 0.08456561
v 0.64214163 0.22591888 0.00456562
v 0.64024899 0.22871962 0.00456562
v 0.64214163 0.22568491 0.00956561
v 0.63896755 0.22871962 0.01956561
v 0.63738323 0.22871962 0.02956561
v 0.63803732 0.22871962 0.03956561
v 0.63781273 0.22871962 0.04956561
v 0.63819246 0.23871962 0.00456562
v 0.64329994 0.07371961 0.02956561
v 0.64217434 0.07371961 0.03456562
v 0.64295391 0.07371961 0.04456562
v 0.64236035 0.07871961 0.05456562
v 0.64303165 0.08371961 0.00456562
v 0.64368742 0.08371961 0.02456562
v 0.64342543 0.08371961 0.02956561
v 0.64281456 0.08371961 0.03456562
v 0.64441605 0.08871961 0.00456562
v 0.64329779 0.08871961 0.00956561
v 0.64379631 0.08871961 0.01956561
v 0.64266024 0.08871961 0.02456562
v 0.64401682 0.08871961 0.02956561
v 0.64268679 0.08871961 0.03456562
v 0.64251679 0.09371961 0.00456562
v 0.64279804 0.09371961 0.00956561
v 0.64316416 0.09371961 0.01956561
v 0.64265875 0.09371961 0.02956561
v 0.64309979 0.09871961 0.00456562
v 0.64359593 0.09871961 0.00956561
v 0.64431759 0.09871961 0.01456562
v 0.64358051 0.10371961 0.00456562
v 0.64328257 0.10371961 0.00956561
v 0.64357492 0.10871961 0.00456562
v 0.64259558 0.10871961 0.00956561
v 0.64326578 0.10871961 0.01456562
v 0.64266806 0.10871961 0.03456562
v 0.64391439 0.11371961 -0.00543438
v 0.64328549 0.11371961 0.00456562
v 0.64292156 0.11371961 0.00956561
v 0.64276915 0.11871961 0.00456562
v 0.64256534 0.11871961 0.01456562
v 0.64245503 0.12371961 0.00456562
v 0.64246475 0.12371961 0.03456562
v 0.64281882 0.12871961 0.00956561
v 0.64227434 0.13371961 0.00956561
v 0.64301052 0.13871961 0.03456562
v 0.64259583 0.14871961 0.00956561
v 0.64220528 0.19371961 -0.00543438
v 0.64291634 0.19871961 -0.00543438
v 0.64446730 0.20871962 -0.00043439
v 0.64352388 0.21371962 0.00956561
v 0.64373510 0.22371962 0.00456562
v 0.64345619 0.22371962 0.00956561
v 0.64706972 0.22371962 0.03456561
v 0.64714163 0.22365494 0.03456561
v 0.64714163 0.22371962 0.03450087
v 0.64714163 0.22371962 0.03463453
v 0.64714163 0.22386784 0.03456561
v 0.64994223 0.13371961 0.01456562
v 0.65214163 0.13197691 0.01456562
v 0.65214163 0.13371961 0.01165721
v 0.65214163 0.13371961 0.01588415
v 0.65214163 0.13583527 0.01456562
v 0.64919111 0.21871962 0.02456561
v 0.65214163 0.21751501 0.02456561
v 0.65214163 0.21871962 0.02338894
v 0.65214163 0.21871962 0.02604289
v 0.65214163 0.22000419 0.02456561
v 0.64720867 0.22371962 0.03456561
v 0.65346016 0.13371961 0.01456562
v 0.65315853 0.21871962 0.02456561
v 0.65714163 0.21734695 0.02956561
v 0.65714163 0.21871962 0.02839880
v 0.65547497 0.21871962 0.02956561
v 0.65714163 0.21871962 0.03081440
v 0.65714163 0.21999470 0.02956561
v 0.65831409 0.21871962 0.02956561
f 3 2 1
f 4 1 2
f 5 3 1
f 5 1 4
f 8 7 6
f 9 6 7
f 10 8 6
f 10 6 9
f 13 12 11
f 14 11 12
f 15 13 11
f 15 11 14
f 18 17 16
f 19 16 17
f 20 18 16
f 20 16 19
f 23 22 21
f 24 21 22
f 25 23 21
f 25 21 24
f 28 27 26
f 29 26 27
f 30 28 26
f 30 26 29
f 33 32 31
f 35 34 31
f 35 31 32
f 37 36 34
f 37 34 35
f 2 3 36
f 37 2 36
f 38 2 37
f 4 2 38
f 4 38 39
f 42 41 40
f 43 40 41
f 46 45 44
f 47 44 45
f 50 49 48
f 48 49 33
f 31 48 33
f 51 48 31
f 34 53 52
f 51 34 52
f 31 34 51
f 55 54 53
f 34 55 53
f 36 55 34
f 5 56 3
f 56 36 3
f 56 55 36
f 57 56 5
f 4 57 5
f 39 57 4
f 58 42 40
f 58 40 43
f 46 44 59
f 46 59 60
f 44 47 61
f 44 61 59
f 62 50 48
f 64 63 62
f 48 64 62
f 51 64 48
f 51 52 65
f 51 65 64
f 54 55 66
f 54 66 67
f 68 55 56
f 66 55 68
f 56 57 69
f 56 69 68
f 72 71 70
f 60 59 73
f 71 74 70
f 73 59 61
f 77 76 75
f 78 75 76
f 79 63 64
f 64 80 79
f 64 81 80
f 64 65 82
f 81 64 82
f 81 82 67
f 66 81 67
f 83 81 66
f 68 85 84
f 83 68 84
f 66 68 83
f 85 68 69
f 88 87 86
f 89 86 87
f 92 91 90
f 93 90 91
f 72 70 94
f 72 94 95
f 70 74 96
f 70 96 94
f 99 98 97
f 101 100 97
f 101 97 98
f 77 75 102
f 101 103 100
f 106 105 104
f 78 102 75
f 108 107 105
f 108 105 106
f 107 108 80
f 107 80 81
f 8 107 81
f 7 8 81
f 81 83 109
f 9 81 109
f 110 9 109
f 81 9 7
f 109 83 84
f 113 112 111
f 114 111 112
f 115 88 86
f 115 86 89
f 116 92 90
f 116 90 93
f 117 95 94
f 117 94 96
f 118 99 97
f 118 97 100
f 118 100 119
f 122 121 120
f 103 119 100
f 104 105 123
f 122 124 121
f 126 125 123
f 105 126 123
f 107 126 105
f 126 107 8
f 127 126 8
f 10 127 8
f 128 126 127
f 131 130 129
f 9 110 10
f 127 10 110
f 132 131 129
f 133 113 111
f 133 111 114
f 136 135 134
f 137 134 135
f 138 120 121
f 138 121 124
f 139 125 126
f 139 126 128
f 140 130 131
f 140 131 132
f 141 136 134
f 141 134 137
f 144 143 142
f 145 142 143
f 13 146 12
f 146 14 12
f 147 144 142
f 147 142 145
f 15 146 13
f 146 15 14
f 149 148 17
f 149 17 18
f 19 17 148
f 19 148 150
f 151 149 18
f 151 18 20
f 20 19 150
f 20 150 151
f 154 153 152
f 155 152 153
f 156 154 152
f 152 157 156
f 152 158 157
f 152 155 159
f 158 152 159
f 160 158 159
f 163 162 161
f 165 164 161
f 165 161 162
f 164 165 157
f 158 164 157
f 166 164 158
f 158 160 167
f 158 167 166
f 170 169 168
f 171 168 169
f 163 161 172
f 163 172 173
f 174 161 164
f 172 161 174
f 175 164 166
f 174 164 175
f 166 167 176
f 177 166 176
f 175 166 177
f 178 177 176
f 181 180 179
f 182 179 180
f 183 170 168
f 183 168 171
f 184 173 172
f 186 185 184
f 172 186 184
f 174 186 172
f 187 174 175
f 186 174 187
f 188 175 177
f 187 175 188
f 177 178 189
f 177 189 188
f 190 181 179
f 190 179 182
f 193 192 191
f 195 194 191
f 195 191 192
f 194 195 185
f 186 194 185
f 196 194 186
f 197 186 187
f 196 186 197
f 198 187 188
f 197 187 198
f 188 189 199
f 188 199 198
f 202 201 200
f 203 200 201
f 206 205 204
f 204 208 207
f 204 191 208
f 204 205 193
f 191 204 193
f 210 209 208
f 191 210 208
f 194 210 191
f 211 194 196
f 210 194 211
f 212 196 197
f 211 196 212
f 213 197 198
f 212 197 213
f 198 199 214
f 215 198 214
f 213 198 215
f 216 215 214
f 219 218 217
f 220 217 218
f 202 200 221
f 202 221 222
f 200 203 223
f 224 200 223
f 221 200 224
f 224 223 206
f 204 224 206
f 225 224 204
f 204 207 226
f 227 204 226
f 225 204 227
f 227 226 209
f 210 227 209
f 228 227 210
f 229 210 211
f 228 210 229
f 230 211 212
f 229 211 230
f 23 230 22
f 230 213 22
f 230 212 213
f 213 215 231
f 24 213 231
f 232 24 231
f 213 24 22
f 231 215 216
f 233 219 217
f 233 217 220
f 234 222 221
f 234 221 224
f 234 224 235
f 237 236 235
f 224 237 235
f 225 237 224
f 227 239 238
f 237 227 238
f 225 227 237
f 239 227 228
f 239 228 240
f 240 228 229
f 240 229 241
f 243 242 241
f 229 243 241
f 230 243 229
f 243 230 23
f 244 243 23
f 25 244 23
f 245 243 244
f 25 24 232
f 25 232 244
f 248 247 246
f 246 250 249
f 246 237 250
f 246 247 236
f 237 246 236
f 253 252 251
f 238 250 237
f 254 252 253
f 257 256 255
f 255 256 242
f 243 255 242
f 258 255 243
f 243 245 259
f 260 243 259
f 258 243 260
f 261 260 259
f 264 263 262
f 265 262 263
f 268 267 266
f 266 267 248
f 246 266 248
f 269 266 246
f 246 249 270
f 271 246 270
f 269 246 271
f 271 270 251
f 252 271 251
f 272 271 252
f 252 254 273
f 274 252 273
f 272 252 274
f 274 273 257
f 255 274 257
f 275 274 255
f 276 255 258
f 275 255 276
f 260 278 277
f 276 260 277
f 258 260 276
f 278 260 261
f 279 264 262
f 279 262 265
f 280 268 266
f 282 281 280
f 266 282 280
f 269 282 266
f 283 269 271
f 282 269 283
f 284 271 272
f 283 271 284
f 285 272 274
f 284 272 285
f 286 274 275
f 285 274 286
f 287 275 276
f 286 275 287
f 276 277 288
f 289 276 288
f 287 276 289
f 290 289 288
f 281 282 291
f 281 291 292
f 293 282 283
f 291 282 293
f 294 283 284
f 293 283 294
f 295 284 285
f 294 284 295
f 296 285 286
f 295 285 296
f 297 286 287
f 296 286 297
f 28 297 27
f 297 289 27
f 297 287 289
f 29 27 289
f 290 29 289
f 298 29 290
f 301 300 299
f 302 299 300
f 305 304 303
f 307 306 303
f 307 303 304
f 292 291 308
f 307 309 306
f 311 310 308
f 291 311 308
f 293 311 291
f 312 293 294
f 311 293 312
f 313 294 295
f 312 294 313
f 314 295 296
f 313 295 314
f 315 296 297
f 314 296 315
f 30 316 28
f 316 297 28
f 316 315 297
f 317 316 30
f 29 317 30
f 298 317 29
f 320 319 318
f 322 321 318
f 322 318 319
f 323 321 322
f 301 299 324
f 301 324 325
f 299 302 326
f 299 326 324
f 329 328 327
f 331 330 327
f 331 327 328
f 330 331 305
f 303 330 305
f 332 330 303
f 333 303 306
f 332 303 333
f 306 309 334
f 335 306 334
f 333 306 335
f 335 337 336
f 335 311 337
f 335 334 310
f 311 335 310
f 339 338 337
f 311 339 337
f 312 339 311
f 340 312 313
f 339 312 340
f 33 340 32
f 340 314 32
f 340 313 314
f 32 314 35
f 35 314 315
f 35 315 37
f 37 315 316
f 317 341 316
f 341 37 316
f 341 38 37
f 39 38 341
f 39 341 342
f 42 343 41
f 343 43 41
f 320 318 344
f 320 344 345
f 346 318 321
f 344 318 346
f 321 323 347
f 348 321 347
f 346 321 348
f 348 347 325
f 324 348 325
f 349 348 324
f 324 326 350
f 351 324 350
f 349 324 351
f 351 350 329
f 327 351 329
f 352 351 327
f 353 327 330
f 352 327 353
f 354 330 332
f 353 330 354
f 46 354 45
f 354 333 45
f 354 332 333
f 45 333 47
f 333 355 47
f 333 335 355
f 335 336 356
f 357 335 356
f 355 335 357
f 357 356 338
f 339 357 338
f 358 357 339
f 50 358 49
f 358 340 49
f 358 339 340
f 49 340 33
f 359 52 53
f 54 359 53
f 362 361 360
f 342 362 360
f 57 342 360
f 39 342 57
f 58 343 42
f 343 58 43
f 365 364 363
f 367 366 363
f 367 363 364
f 368 366 367
f 371 370 369
f 372 369 370
f 375 374 373
f 373 374 345
f 344 373 345
f 376 373 344
f 377 344 346
f 376 344 377
f 378 346 348
f 377 346 378
f 349 380 379
f 378 349 379
f 348 349 378
f 382 381 380
f 349 382 380
f 351 382 349
f 383 351 352
f 382 351 383
f 384 352 353
f 383 352 384
f 385 353 354
f 384 353 385
f 60 385 46
f 46 385 354
f 386 61 355
f 355 61 47
f 387 355 357
f 386 355 387
f 388 357 358
f 387 357 388
f 62 389 50
f 389 358 50
f 389 388 358
f 63 389 62
f 390 65 359
f 359 65 52
f 67 390 54
f 54 390 359
f 360 361 391
f 391 361 392
f 391 69 57
f 391 57 360
f 395 394 393
f 396 393 394
f 365 363 397
f 365 397 398
f 399 363 366
f 397 363 399
f 366 368 400
f 401 366 400
f 399 366 401
f 402 401 400
f 371 369 403
f 371 403 404
f 369 372 405
f 406 369 405
f 403 369 406
f 406 405 375
f 373 406 375
f 407 406 373
f 408 373 376
f 407 373 408
f 409 376 377
f 408 376 409
f 410 377 378
f 409 377 410
f 378 379 411
f 378 411 410
f 381 382 412
f 381 412 413
f 414 382 383
f 412 382 414
f 384 416 415
f 414 384 415
f 383 384 414
f 72 417 71
f 417 384 71
f 384 385 71
f 417 416 384
f 74 71 418
f 71 385 418
f 60 73 418
f 60 418 385
f 61 386 73
f 386 418 73
f 386 419 418
f 420 386 387
f 419 386 420
f 77 420 76
f 420 388 76
f 420 387 388
f 76 388 78
f 388 421 78
f 388 389 421
f 79 422 63
f 422 389 63
f 422 421 389
f 65 390 82
f 422 79 80
f 82 390 67
f 391 392 85
f 392 84 85
f 392 423 84
f 391 85 69
f 426 425 424
f 428 427 424
f 428 424 425
f 429 427 428
f 432 431 430
f 395 393 433
f 431 434 430
f 433 393 396
f 437 436 435
f 438 435 436
f 398 397 439
f 398 439 440
f 441 397 399
f 439 397 441
f 401 443 442
f 441 401 442
f 399 401 441
f 443 401 402
f 404 403 444
f 404 444 445
f 446 403 406
f 444 403 446
f 447 406 407
f 446 406 447
f 448 407 408
f 447 407 448
f 449 408 409
f 448 408 449
f 410 451 450
f 449 410 450
f 409 410 449
f 452 451 88
f 410 88 451
f 88 410 87
f 411 87 410
f 87 411 453
f 453 413 87
f 412 87 413
f 87 412 89
f 454 89 412
f 89 454 455
f 92 456 91
f 456 412 91
f 412 414 91
f 456 454 412
f 458 457 93
f 458 93 91
f 415 458 91
f 414 415 91
f 458 417 457
f 417 95 457
f 417 72 95
f 459 96 418
f 418 96 74
f 99 459 98
f 459 419 98
f 459 418 419
f 98 419 101
f 101 419 420
f 103 101 460
f 101 420 460
f 77 102 460
f 77 460 420
f 102 78 460
f 78 421 460
f 106 104 460
f 106 460 421
f 106 421 108
f 108 421 422
f 108 422 80
f 462 461 109
f 109 461 110
f 109 84 423
f 109 423 462
f 463 426 424
f 463 424 427
f 463 427 464
f 464 427 429
f 465 432 430
f 465 430 434
f 466 437 435
f 466 435 438
f 467 440 439
f 467 439 441
f 467 441 468
f 468 441 442
f 469 445 444
f 469 444 446
f 469 446 470
f 471 112 113
f 446 472 470
f 472 446 447
f 114 112 471
f 473 472 448
f 447 448 472
f 473 448 449
f 473 449 474
f 474 449 450
f 475 452 88
f 475 88 115
f 478 477 476
f 89 455 115
f 475 115 455
f 478 476 479
f 116 480 92
f 456 92 480
f 116 93 457
f 481 116 457
f 480 116 481
f 483 481 482
f 482 481 117
f 481 457 117
f 457 95 117
f 484 482 117
f 484 117 96
f 485 484 96
f 459 485 96
f 485 459 99
f 118 485 99
f 486 485 118
f 487 118 119
f 487 486 118
f 122 120 488
f 460 122 488
f 103 460 488
f 119 103 488
f 487 119 488
f 489 487 488
f 490 489 488
f 120 490 488
f 492 489 491
f 123 492 491
f 104 123 491
f 460 104 491
f 122 460 491
f 124 122 491
f 490 124 491
f 489 490 491
f 494 493 125
f 493 123 125
f 493 492 123
f 128 127 495
f 493 494 496
f 497 129 130
f 110 495 127
f 495 110 498
f 461 498 110
f 497 132 129
f 133 471 113
f 471 133 114
f 499 477 478
f 499 478 479
f 136 500 135
f 482 501 483
f 137 135 500
f 504 503 502
f 484 501 482
f 505 503 504
f 138 490 120
f 124 490 138
f 508 507 506
f 125 139 494
f 507 508 509
f 139 496 494
f 139 510 496
f 139 128 495
f 510 139 495
f 130 140 497
f 495 498 510
f 497 140 132
f 513 512 511
f 514 511 512
f 517 516 515
f 518 515 516
f 141 500 136
f 500 141 137
f 519 502 503
f 519 503 505
f 520 506 507
f 520 507 509
f 523 522 521
f 524 521 522
f 525 513 511
f 525 511 514
f 526 517 515
f 526 515 518
f 527 523 521
f 527 521 524
f 530 529 528
f 531 528 529
f 534 533 532
f 535 532 533
f 536 530 528
f 536 528 531
f 537 534 532
f 537 532 535
f 540 539 538
f 541 538 539
f 544 543 542
f 545 542 543
f 548 547 546
f 550 549 546
f 550 546 547
f 552 551 549
f 552 549 550
f 553 551 552
f 556 555 554
f 557 554 555
f 560 559 558
f 561 558 559
f 562 540 538
f 562 538 541
f 565 564 563
f 544 542 566
f 564 567 563
f 143 144 568
f 542 545 566
f 568 145 143
f 571 570 569
f 572 569 570
f 575 574 573
f 576 573 574
f 548 546 577
f 548 577 578
f 549 580 579
f 577 549 579
f 546 549 577
f 580 549 551
f 580 551 581
f 581 551 553
f 584 583 582
f 585 582 583
f 586 556 554
f 586 554 557
f 589 588 587
f 590 587 588
f 593 592 591
f 594 591 592
f 595 560 558
f 595 558 561
f 598 597 596
f 599 596 597
f 602 601 600
f 565 563 603
f 601 604 600
f 603 563 567
f 147 568 144
f 568 147 145
f 605 571 569
f 605 569 572
f 606 575 573
f 606 573 576
f 607 578 577
f 607 577 579
f 608 584 582
f 608 582 585
f 609 589 587
f 609 587 590
f 610 593 591
f 610 591 594
f 611 598 596
f 611 596 599
f 612 602 600
f 612 600 604
f 615 614 613
f 616 613 614
f 619 618 617
f 621 620 617
f 621 617 618
f 623 622 620
f 623 620 621
f 624 622 623
f 627 626 625
f 628 625 626
f 629 615 613
f 629 613 616
f 632 631 630
f 634 633 630
f 634 630 631
f 633 634 619
f 617 633 619
f 635 633 617
f 636 617 620
f 635 617 636
f 622 638 637
f 636 622 637
f 620 622 636
f 641 640 639
f 624 638 622
f 642 640 641
f 645 644 643
f 646 643 644
f 647 627 625
f 647 625 628
f 648 632 630
f 650 649 648
f 630 650 648
f 633 650 630
f 651 633 635
f 650 633 651
f 636 653 652
f 651 636 652
f 635 636 651
f 653 636 637
f 654 639 640
f 654 640 642
f 657 656 655
f 658 655 656
f 659 645 643
f 659 643 646
f 660 649 650
f 660 650 651
f 660 651 661
f 651 662 661
f 651 663 662
f 651 652 664
f 663 651 664
f 665 663 664
f 668 667 666
f 657 655 669
f 667 670 666
f 669 655 658
f 673 672 671
f 674 671 672
f 676 675 148
f 676 148 149
f 678 677 150
f 148 678 150
f 675 678 148
f 680 679 677
f 680 677 678
f 679 680 662
f 663 679 662
f 681 679 663
f 663 665 682
f 683 663 682
f 681 663 683
f 685 684 683
f 685 683 682
f 686 684 685
f 687 668 666
f 687 666 670
f 690 689 688
f 691 688 689
f 692 673 671
f 692 671 674
f 695 694 693
f 696 693 694
f 699 698 697
f 701 700 151
f 697 151 700
f 151 697 149
f 698 149 697
f 149 698 676
f 701 151 150
f 702 701 150
f 677 702 150
f 701 702 703
f 704 677 679
f 702 677 704
f 705 679 681
f 704 679 705
f 706 681 683
f 705 681 706
f 684 708 707
f 706 684 707
f 683 684 706
f 708 684 686
f 709 690 688
f 709 688 691
f 712 711 710
f 713 710 711
f 714 695 693
f 714 693 696
f 699 697 715
f 699 715 716
f 697 700 717
f 697 717 715
f 703 702 718
f 703 718 719
f 720 702 704
f 718 702 720
f 705 722 721
f 720 705 721
f 704 705 720
f 724 723 722
f 705 724 722
f 706 724 705
f 706 707 725
f 706 725 724
f 728 727 726
f 730 729 726
f 730 726 727
f 731 729 730
f 732 712 710
f 732 710 713
f 733 716 715
f 736 735 734
f 717 733 715
f 735 736 719
f 718 735 719
f 737 735 718
f 738 718 720
f 737 718 738
f 720 721 739
f 740 720 739
f 738 720 740
f 740 739 723
f 724 740 723
f 741 740 724
f 724 725 742
f 724 742 741
f 728 726 743
f 728 743 744
f 729 746 745
f 743 729 745
f 726 729 743
f 746 729 731
f 749 748 747
f 751 750 747
f 751 747 748
f 752 750 751
f 755 754 753
f 734 735 756
f 754 757 753
f 759 758 756
f 735 759 756
f 737 759 735
f 760 737 738
f 759 737 760
f 761 738 740
f 760 738 761
f 762 740 741
f 761 740 762
f 741 742 763
f 741 763 762
f 764 744 743
f 764 743 745
f 767 766 765
f 768 765 766
f 769 749 747
f 769 747 750
f 769 750 770
f 770 750 752
f 773 772 771
f 774 771 772
f 755 753 775
f 755 775 776
f 753 757 777
f 778 753 777
f 775 753 778
f 778 777 758
f 759 778 758
f 779 778 759
f 154 779 153
f 779 760 153
f 779 759 760
f 153 760 155
f 760 780 155
f 760 761 780
f 781 761 762
f 780 761 781
f 762 763 782
f 783 762 782
f 781 762 783
f 784 783 782
f 785 767 765
f 785 765 768
f 773 771 786
f 773 786 787
f 771 774 788
f 789 771 788
f 786 771 789
f 791 790 789
f 791 789 788
f 793 792 790
f 793 790 791
f 792 793 776
f 775 792 776
f 794 792 775
f 795 775 778
f 794 775 795
f 796 778 779
f 795 778 796
f 156 797 154
f 797 779 154
f 797 796 779
f 155 780 159
f 797 156 157
f 159 780 160
f 780 798 160
f 780 781 798
f 799 781 783
f 798 781 799
f 783 784 800
f 783 800 799
f 803 802 801
f 804 801 802
f 807 806 805
f 808 805 806
f 811 810 809
f 809 813 812
f 809 786 813
f 809 810 787
f 786 809 787
f 815 814 813
f 786 815 813
f 789 815 786
f 816 789 790
f 815 789 816
f 817 790 792
f 816 790 817
f 818 792 794
f 817 792 818
f 819 794 795
f 818 794 819
f 163 819 162
f 819 796 162
f 819 795 796
f 162 796 165
f 165 796 797
f 165 797 157
f 820 167 798
f 798 167 160
f 799 822 821
f 820 799 821
f 798 799 820
f 822 799 800
f 825 824 823
f 803 801 826
f 824 827 823
f 830 829 828
f 804 826 801
f 831 829 830
f 832 807 805
f 832 805 808
f 835 834 833
f 836 833 834
f 170 837 169
f 837 171 169
f 840 839 838
f 811 809 841
f 839 842 838
f 809 843 841
f 809 844 843
f 809 812 845
f 844 809 845
f 844 845 814
f 815 844 814
f 846 844 815
f 847 815 816
f 846 815 847
f 848 816 817
f 847 816 848
f 849 817 818
f 848 817 849
f 850 818 819
f 849 818 850
f 173 850 163
f 163 850 819
f 820 176 167
f 852 851 178
f 852 178 176
f 821 852 176
f 820 821 176
f 853 851 852
f 825 823 854
f 825 854 855
f 823 827 856
f 857 823 856
f 854 823 857
f 857 856 828
f 829 857 828
f 858 857 829
f 829 831 859
f 829 859 858
f 860 835 833
f 860 833 836
f 863 862 861
f 864 861 862
f 867 866 865
f 868 865 866
f 181 869 180
f 869 182 180
f 183 837 170
f 837 183 171
f 872 871 870
f 873 870 871
f 876 875 874
f 874 878 877
f 874 838 878
f 874 875 840
f 838 874 840
f 881 880 879
f 842 878 838
f 880 881 843
f 844 880 843
f 882 880 844
f 883 844 846
f 882 844 883
f 847 885 884
f 883 847 884
f 846 847 883
f 887 886 885
f 847 887 885
f 848 887 847
f 888 848 849
f 887 848 888
f 889 849 850
f 888 849 889
f 184 890 173
f 890 850 173
f 890 889 850
f 185 890 184
f 892 891 851
f 891 178 851
f 891 189 178
f 892 851 853
f 893 855 854
f 895 894 893
f 854 895 893
f 857 895 854
f 896 857 858
f 895 857 896
f 858 859 897
f 858 897 896
f 898 863 861
f 898 861 864
f 899 867 865
f 899 865 868
f 190 869 181
f 869 190 182
f 900 872 870
f 900 870 873
f 901 876 874
f 901 874 877
f 902 879 880
f 904 903 902
f 880 904 902
f 882 904 880
f 905 882 883
f 904 882 905
f 883 884 906
f 907 883 906
f 905 883 907
f 907 906 886
f 887 907 886
f 908 907 887
f 909 887 888
f 908 887 909
f 193 909 192
f 909 889 192
f 909 888 889
f 192 889 195
f 195 889 890
f 195 890 185
f 891 199 189
f 910 199 891
f 913 912 911
f 911 915 914
f 911 895 915
f 911 912 894
f 895 911 894
f 915 895 896
f 915 896 916
f 916 896 897
f 919 918 917
f 920 917 918
f 923 922 921
f 925 924 921
f 925 921 922
f 927 926 924
f 927 924 925
f 929 928 926
f 929 926 927
f 928 929 903
f 904 928 903
f 930 928 904
f 931 904 905
f 930 904 931
f 202 931 201
f 931 907 201
f 931 905 907
f 201 907 203
f 907 932 203
f 907 908 932
f 206 932 205
f 932 909 205
f 932 908 909
f 205 909 193
f 933 207 208
f 209 933 208
f 214 199 934
f 199 935 934
f 199 910 935
f 934 216 214
f 938 937 936
f 913 911 939
f 937 940 936
f 939 911 914
f 943 942 941
f 218 219 941
f 942 218 941
f 944 218 942
f 220 218 944
f 220 944 945
f 946 919 917
f 946 917 920
f 923 921 947
f 923 947 948
f 949 921 924
f 947 921 949
f 950 924 926
f 949 924 950
f 951 926 928
f 950 926 951
f 952 928 930
f 951 928 952
f 953 930 931
f 952 930 953
f 222 953 202
f 202 953 931
f 932 223 203
f 223 932 206
f 933 226 207
f 226 933 209
f 954 232 231
f 935 955 934
f 956 934 955
f 956 216 934
f 956 954 231
f 216 956 231
f 938 936 957
f 938 957 958
f 936 940 959
f 960 936 959
f 957 936 960
f 961 960 959
f 964 963 962
f 966 965 962
f 966 962 963
f 968 967 965
f 968 965 966
f 967 970 969
f 967 941 970
f 967 968 943
f 941 967 943
f 972 970 971
f 971 970 233
f 970 941 233
f 941 219 233
f 973 971 233
f 220 973 233
f 945 973 220
f 976 975 974
f 977 974 975
f 948 947 978
f 948 978 979
f 949 981 980
f 978 949 980
f 947 949 978
f 983 982 981
f 949 983 981
f 950 983 949
f 984 950 951
f 983 950 984
f 952 986 985
f 984 952 985
f 951 952 984
f 988 987 986
f 952 988 986
f 953 988 952
f 234 989 222
f 989 953 222
f 989 988 953
f 235 990 234
f 234 990 989
f 236 990 235
f 991 238 239
f 240 992 239
f 239 992 991
f 241 993 240
f 240 993 992
f 242 993 241
f 994 245 244
f 995 994 244
f 995 244 232
f 996 995 232
f 954 996 232
f 996 954 956
f 958 957 997
f 958 997 998
f 999 957 960
f 997 957 999
f 960 961 1000
f 1001 960 1000
f 999 960 1001
f 1002 1001 1000
f 1003 964 962
f 1003 962 965
f 1003 965 1004
f 1004 965 967
f 1004 967 1005
f 1005 967 969
f 972 971 1006
f 972 1006 1007
f 971 973 1008
f 971 1008 1006
f 976 974 1009
f 976 1009 1010
f 974 977 1011
f 974 1011 1009
f 1014 1013 1012
f 1015 1012 1013
f 979 978 1016
f 979 1016 1017
f 978 980 1018
f 1019 978 1018
f 1016 978 1019
f 1019 1018 982
f 983 1019 982
f 1020 1019 983
f 1021 983 984
f 1020 983 1021
f 984 985 1022
f 1023 984 1022
f 1021 984 1023
f 1023 1025 1024
f 1023 988 1025
f 1023 1022 987
f 988 1023 987
f 1027 1026 1025
f 988 1027 1025
f 989 1027 988
f 248 1027 247
f 1027 990 247
f 1027 989 990
f 247 990 236
f 1028 249 250
f 250 238 1028
f 238 991 1028
f 253 251 1028
f 253 1028 991
f 253 991 254
f 991 1029 254
f 991 992 1029
f 257 1029 256
f 1029 993 256
f 1029 992 993
f 256 993 242
f 994 259 245
f 261 259 994
f 995 261 994
f 1030 261 995
f 1031 998 997
f 1033 1032 1031
f 997 1033 1031
f 999 1033 997
f 1001 1035 1034
f 1033 1001 1034
f 999 1001 1033
f 1035 1001 1002
f 1036 1007 1006
f 1036 1006 1008
f 1010 1009 1037
f 1010 1037 1038
f 1009 1011 1039
f 1009 1039 1037
f 1040 1014 1012
f 1012 1041 1040
f 1012 1042 1041
f 1012 1015 1043
f 1042 1012 1043
f 1042 1045 1044
f 1042 1016 1045
f 1042 1043 1017
f 1016 1042 1017
f 1045 1016 1019
f 1045 1019 1046
f 264 1047 263
f 1047 1019 263
f 1019 1020 263
f 1047 1046 1019
f 263 1020 265
f 1020 1048 265
f 1020 1021 1048
f 1049 1021 1023
f 1048 1021 1049
f 1023 1024 1050
f 1051 1023 1050
f 1049 1023 1051
f 1051 1050 1026
f 1051 1026 1027
f 268 1051 1027
f 267 268 1027
f 267 1027 248
f 1028 270 249
f 270 1028 251
f 1029 273 254
f 273 1029 257
f 1052 277 278
f 1053 1052 278
f 261 1053 278
f 1030 1053 261
f 1056 1055 1054
f 1054 1055 1032
f 1033 1054 1032
f 1057 1054 1033
f 1033 1034 1058
f 1059 1033 1058
f 1057 1033 1059
f 1060 1059 1058
f 1063 1062 1061
f 1064 1061 1062
f 1065 1038 1037
f 1065 1037 1039
f 1041 1042 1066
f 1041 1066 1067
f 1042 1044 1068
f 1069 1042 1068
f 1066 1042 1069
f 1071 1070 1069
f 1071 1069 1068
f 1072 1070 279
f 1070 1047 279
f 1047 264 279
f 1047 1070 1071
f 265 1048 279
f 1048 1072 279
f 1048 1073 1072
f 1074 1048 1049
f 1073 1048 1074
f 1075 1049 1051
f 1074 1049 1075
f 280 1076 268
f 1076 1051 268
f 1076 1075 1051
f 281 1076 280
f 1052 288 277
f 1078 1077 290
f 1078 290 288
f 1053 1078 288
f 1052 1053 288
f 1079 1077 1078
f 1056 1054 1080
f 1056 1080 1081
f 1082 1054 1057
f 1080 1054 1082
f 1059 1084 1083
f 1082 1059 1083
f 1057 1059 1082
f 1084 1059 1060
f 1087 1086 1085
f 1088 1085 1086
f 1091 1090 1089
f 1092 1089 1090
f 1093 1063 1061
f 1096 1095 1094
f 1064 1093 1061
f 1097 1095 1096
f 1100 1099 1098
f 1101 1098 1099
f 1104 1103 1102
f 1106 1105 1102
f 1106 1102 1103
f 1107 1105 1106
f 1067 1066 1108
f 1067 1108 1109
f 1110 1066 1069
f 1108 1066 1110
f 1070 1112 1111
f 1110 1070 1111
f 1069 1070 1110
f 1114 1113 1112
f 1070 1114 1112
f 1072 1114 1070
f 1073 1116 1115
f 1114 1073 1115
f 1072 1073 1114
f 1118 1117 1116
f 1073 1118 1116
f 1074 1118 1073
f 1119 1074 1075
f 1118 1074 1119
f 1120 1075 1076
f 1119 1075 1120
f 292 1120 281
f 281 1120 1076
f 1121 298 1077
f 1077 298 290
f 1077 1079 1122
f 1077 1122 1121
f 1123 1081 1080
f 1125 1124 1123
f 1080 1125 1123
f 1082 1125 1080
f 1082 1083 1126
f 1082 1126 1125
f 1129 1128 1127
f 1127 1131 1130
f 1127 1085 1131
f 1127 1128 1087
f 1085 1127 1087
f 1134 1133 1132
f 1088 1131 1085
f 1135 1133 1134
f 1091 1089 1136
f 1091 1136 1137
f 1089 1092 1138
f 1089 1138 1136
f 1141 1140 1139
f 1139 1140 1094
f 1095 1139 1094
f 1142 1139 1095
f 1095 1097 1143
f 1144 1095 1143
f 1142 1095 1144
f 1100 1098 1145
f 1143 1146 1144
f 1145 1098 1101
f 1104 1102 1147
f 1104 1147 1148
f 1149 1102 1105
f 1147 1102 1149
f 1105 1107 1150
f 1105 1150 1149
f 1151 1109 1108
f 1153 1152 1151
f 1108 1153 1151
f 1110 1153 1108
f 1154 300 301
f 1110 1154 301
f 1153 1110 301
f 1154 1110 1111
f 1114 1155 302
f 1154 1114 302
f 300 1154 302
f 1113 1114 1154
f 1114 1115 1156
f 1157 1114 1156
f 1155 1114 1157
f 1157 1156 1117
f 1118 1157 1117
f 1158 1157 1118
f 305 1158 304
f 1158 1119 304
f 1158 1118 1119
f 304 1119 307
f 307 1119 1120
f 309 307 1159
f 307 1120 1159
f 292 308 1159
f 292 1159 1120
f 310 1159 308
f 1160 317 1121
f 1121 317 298
f 1121 1122 1161
f 1121 1161 1160
f 1124 1125 1162
f 1124 1162 1163
f 1125 1126 1164
f 1165 1125 1164
f 1162 1125 1165
f 1165 1164 1129
f 1127 1165 1129
f 1166 1165 1127
f 1127 1130 1167
f 1168 1127 1167
f 1166 1127 1168
f 1168 1167 1132
f 1133 1168 1132
f 1169 1168 1133
f 1133 1135 1170
f 1133 1170 1169
f 1173 1172 1171
f 1171 1175 1174
f 1171 1136 1175
f 1171 1172 1137
f 1136 1171 1137
f 1178 1177 1176
f 1138 1175 1136
f 1179 1177 1178
f 1182 1181 1180
f 1183 1180 1181
f 1186 1185 1184
f 1187 1184 1185
f 1190 1189 1188
f 1188 1192 1191
f 1188 1139 1192
f 1188 1189 1141
f 1139 1188 1141
f 1194 1193 1192
f 1139 1194 1192
f 1142 1194 1139
f 1195 1142 1144
f 1194 1142 1195
f 1144 1146 1196
f 1197 1144 1196
f 1195 1144 1197
f 1199 1198 1197
f 1199 1197 1196
f 1201 1200 1198
f 1201 1198 1199
f 1200 1201 1148
f 1147 1200 1148
f 1202 1200 1147
f 1149 1204 1203
f 1202 1149 1203
f 1147 1149 1202
f 1205 1204 320
f 1149 320 1204
f 320 1149 319
f 1150 319 1149
f 319 1150 1206
f 319 1207 322
f 1206 1207 319
f 1153 1208 323
f 1207 1153 323
f 322 1207 323
f 1152 1153 1207
f 325 1208 301
f 301 1208 1153
f 1209 326 1155
f 1155 326 302
f 329 1209 328
f 1209 1157 328
f 1209 1155 1157
f 328 1157 331
f 331 1157 1158
f 331 1158 305
f 1159 334 309
f 334 1159 310
f 1210 336 337
f 338 1210 337
f 1160 341 317
f 342 341 1160
f 1161 342 1160
f 1211 342 1161
f 1214 1213 1212
f 1212 1213 1163
f 1162 1212 1163
f 1215 1212 1162
f 1165 1217 1216
f 1215 1165 1216
f 1162 1165 1215
f 1219 1218 1217
f 1165 1219 1217
f 1166 1219 1165
f 1220 1166 1168
f 1219 1166 1220
f 1169 1222 1221
f 1220 1169 1221
f 1168 1169 1220
f 1222 1169 1170
f 1173 1171 1223
f 1173 1223 1224
f 1171 1174 1225
f 1226 1171 1225
f 1223 1171 1226
f 1226 1225 1176
f 1177 1226 1176
f 1227 1226 1177
f 1177 1179 1228
f 1177 1228 1227
f 1182 1180 1229
f 1182 1229 1230
f 1180 1183 1231
f 1232 1180 1231
f 1229 1180 1232
f 1234 1233 1232
f 1234 1232 1231
f 1233 1234 1186
f 1184 1233 1186
f 1235 1233 1184
f 1184 1187 1236
f 1184 1236 1235
f 1190 1188 1237
f 1190 1237 1238
f 1188 1191 1239
f 1240 1188 1239
f 1237 1188 1240
f 1240 1239 1193
f 1194 1240 1193
f 1241 1240 1194
f 1242 1194 1195
f 1241 1194 1242
f 1197 1244 1243
f 1242 1197 1243
f 1195 1197 1242
f 1246 1245 1244
f 1197 1246 1244
f 1198 1246 1197
f 1247 1198 1200
f 1246 1198 1247
f 1248 1200 1202
f 1247 1200 1248
f 1202 1203 1249
f 1250 1202 1249
f 1248 1202 1250
f 1249 1205 1250
f 1205 345 1250
f 1205 320 345
f 1208 347 323
f 347 1208 325
f 1209 350 326
f 350 1209 329
f 1210 356 336
f 356 1210 338
f 1252 1251 362
f 362 1251 361
f 362 342 1211
f 362 1211 1252
f 1214 1212 1253
f 1214 1253 1254
f 1215 1256 1255
f 1253 1215 1255
f 1212 1215 1253
f 1215 1257 1256
f 1215 1258 1257
f 1215 1216 1259
f 1258 1215 1259
f 1258 1259 1218
f 1219 1258 1218
f 1260 1258 1219
f 1261 1219 1220
f 1260 1219 1261
f 1220 1221 1262
f 1263 1220 1262
f 1261 1220 1263
f 1265 1264 1263
f 1265 1263 1262
f 1264 1265 1224
f 1223 1264 1224
f 1266 1264 1223
f 1267 1223 1226
f 1266 1223 1267
f 1268 1226 1227
f 1267 1226 1268
f 1227 1228 1269
f 1227 1269 1268
f 1230 1229 1270
f 1230 1270 1271
f 1272 1229 1232
f 1270 1229 1272
f 1273 1232 1233
f 1272 1232 1273
f 1274 1233 1235
f 1273 1233 1274
f 1235 1236 1275
f 1276 1235 1275
f 1274 1235 1276
f 1276 1275 1238
f 1237 1276 1238
f 1277 1276 1237
f 1278 364 365
f 1280 1279 1240
f 1277 1240 1279
f 1240 1277 1237
f 364 1278 367
f 1281 367 1278
f 367 1281 1241
f 1280 1241 1281
f 1241 1280 1240
f 367 1241 368
f 1241 1282 368
f 1241 1242 1282
f 1242 1243 1283
f 1284 1242 1283
f 1282 1242 1284
f 1284 1283 1245
f 1246 1284 1245
f 1285 1284 1246
f 371 1285 370
f 1285 1247 370
f 1285 1246 1247
f 370 1247 372
f 1247 1286 372
f 1247 1248 1286
f 375 1286 374
f 1286 1250 374
f 1286 1248 1250
f 374 1250 345
f 1287 379 380
f 381 1287 380
f 1251 392 361
f 1288 392 1251
f 1254 1253 1289
f 1254 1289 1290
f 1253 1255 1291
f 1292 1253 1291
f 1289 1253 1292
f 1292 1291 1257
f 1258 1292 1257
f 1293 1292 1258
f 1294 1258 1260
f 1293 1258 1294
f 1261 1296 1295
f 1294 1261 1295
f 1260 1261 1294
f 1298 1297 1296
f 1261 1298 1296
f 1263 1298 1261
f 1299 1263 1264
f 1298 1263 1299
f 1300 1264 1266
f 1299 1264 1300
f 1301 1266 1267
f 1300 1266 1301
f 1302 1267 1268
f 1301 1267 1302
f 1268 1269 1303
f 1304 1268 1303
f 1302 1268 1304
f 1304 1303 1271
f 1304 1271 1270
f 395 1304 1270
f 394 395 1270
f 394 1270 396
f 1270 1305 396
f 1270 1272 1305
f 1306 1272 1273
f 1305 1272 1306
f 1307 1273 1274
f 1306 1273 1307
f 1308 1274 1276
f 1307 1274 1308
f 1309 1276 1277
f 1308 1276 1309
f 398 1278 365
f 1278 398 1310
f 1309 1310 398
f 1310 1309 1279
f 1277 1279 1309
f 1278 1310 1281
f 1282 400 368
f 400 1282 402
f 1282 1311 402
f 1282 1284 1311
f 1312 1284 1285
f 1311 1284 1312
f 404 1312 371
f 371 1312 1285
f 1286 405 372
f 405 1286 375
f 1313 411 1287
f 1287 411 379
f 413 1313 381
f 381 1313 1287
f 1314 415 416
f 417 1314 416
f 1316 423 1315
f 423 1288 1315
f 423 392 1288
f 1317 1316 1315
f 1320 1319 1318
f 1290 1289 1321
f 1319 1322 1318
f 1321 1289 1292
f 1321 1292 1323
f 1325 1324 1323
f 1292 1325 1323
f 1293 1325 1292
f 1294 1327 1326
f 1325 1294 1326
f 1293 1294 1325
f 1330 1329 1328
f 1295 1327 1294
f 1329 1330 1297
f 1298 1329 1297
f 1331 1329 1298
f 1332 1298 1299
f 1331 1298 1332
f 426 1332 425
f 1332 1300 425
f 1332 1299 1300
f 425 1300 428
f 428 1300 1301
f 1301 1302 1333
f 429 1301 1333
f 1334 429 1333
f 1301 429 428
f 432 1335 431
f 1335 1302 431
f 1302 1304 431
f 1335 1333 1302
f 434 431 1336
f 431 1304 1336
f 395 433 1336
f 395 1336 1304
f 396 1305 433
f 1305 1336 433
f 1305 1337 1336
f 1338 1305 1306
f 1337 1305 1338
f 1339 1306 1307
f 1338 1306 1339
f 437 1339 436
f 1339 1308 436
f 1339 1307 1308
f 436 1308 438
f 1308 1340 438
f 1308 1309 1340
f 440 1340 398
f 398 1340 1309
f 1341 442 443
f 402 1311 443
f 1311 1341 443
f 1311 1342 1341
f 1312 1344 1343
f 1342 1312 1343
f 1311 1312 1342
f 1312 404 1344
f 404 1345 1344
f 404 445 1345
f 1348 1347 1346
f 1346 1349 1348
f 1351 1350 451
f 451 1350 450
f 1313 453 411
f 1351 451 1352
f 452 1352 451
f 453 1313 413
f 1353 455 454
f 456 1353 454
f 1314 458 415
f 458 1314 417
f 1354 461 462
f 1355 1354 462
f 1355 462 423
f 1356 1355 423
f 1316 1356 423
f 1356 1316 1317
f 1357 1320 1318
f 1360 1359 1358
f 1322 1357 1318
f 1361 1359 1360
f 1324 1325 1362
f 1324 1362 1363
f 1325 1326 1364
f 1325 1364 1362
f 1328 1329 1365
f 1328 1365 1366
f 1331 1368 1367
f 1365 1331 1367
f 1329 1331 1365
f 1370 1369 1368
f 1331 1370 1368
f 1332 1370 1331
f 1370 1332 426
f 1371 1370 426
f 463 1371 426
f 1372 1370 1371
f 1374 1371 1373
f 1371 464 1373
f 1371 463 464
f 429 1334 1375
f 1373 429 1375
f 1376 1373 1375
f 464 429 1373
f 1378 1377 465
f 1376 465 1377
f 465 1376 432
f 1375 432 1376
f 432 1375 1335
f 465 434 1336
f 1379 465 1336
f 1378 465 1379
f 1379 1336 1337
f 1379 1337 1380
f 1382 1381 1380
f 1337 1382 1380
f 1338 1382 1337
f 1339 1384 1383
f 1382 1339 1383
f 1338 1339 1382
f 1384 1339 437
f 466 1384 437
f 1385 1384 466
f 466 438 1340
f 1386 466 1340
f 1385 466 1386
f 1386 1340 440
f 467 1386 440
f 1387 1386 467
f 1388 467 468
f 1388 1387 467
f 468 442 1341
f 1389 468 1341
f 1388 468 1389
f 1389 1341 1342
f 1389 1342 1390
f 1393 1392 1391
f 1343 1390 1342
f 1395 1394 469
f 1392 469 1394
f 469 1392 445
f 1393 445 1392
f 445 1393 1345
f 1396 469 470
f 1396 1395 469
f 1397 470 472
f 1397 1396 470
f 473 1346 1347
f 1397 473 1347
f 472 473 1397
f 473 474 1346
f 474 1398 1346
f 1398 1349 1346
f 474 1399 1398
f 450 1350 1400
f 1399 450 1400
f 1401 1399 1400
f 474 450 1399
f 1403 1402 475
f 1401 475 1402
f 475 1401 452
f 1400 452 1401
f 452 1400 1352
f 475 455 1403
f 1353 1403 455
f 1403 1353 1404
f 476 1404 1353
f 1404 476 477
f 479 476 1405
f 476 1353 1405
f 456 480 1405
f 456 1405 1353
f 481 1406 480
f 480 1406 1405
f 483 1406 481
f 1407 484 485
f 1407 485 1408
f 485 1409 1408
f 485 486 1409
f 1411 1409 1410
f 1409 487 1410
f 1409 486 487
f 489 1412 487
f 487 1412 1410
f 1412 489 1413
f 489 1414 1413
f 489 492 1414
f 1415 492 493
f 1415 1414 492
f 493 496 1415
f 1415 496 1416
f 1418 1417 1354
f 1417 461 1354
f 1417 498 461
f 1418 1354 1355
f 1419 1358 1359
f 1422 1421 1420
f 1361 1419 1359
f 1421 1422 1363
f 1362 1421 1363
f 1423 1421 1362
f 1362 1364 1424
f 1425 1362 1424
f 1423 1362 1425
f 1366 1365 1426
f 1424 1427 1425
f 1430 1429 1428
f 1367 1426 1365
f 1369 1370 1431
f 1430 1432 1429
f 1431 1370 1372
f 1433 1374 1373
f 1435 1434 1433
f 1373 1435 1433
f 1376 1435 1373
f 1376 1377 1436
f 1376 1436 1435
f 1439 1438 1437
f 1437 1441 1440
f 1437 1382 1441
f 1437 1438 1381
f 1382 1437 1381
f 1441 1382 1383
f 1444 1443 1442
f 1446 1445 1442
f 1446 1442 1443
f 1447 1445 1446
f 1448 1391 1392
f 1448 1392 1394
f 1449 1398 1399
f 1449 1399 1401
f 1449 1401 1450
f 1450 1401 1402
f 1451 1404 477
f 1451 477 499
f 499 479 1405
f 1452 499 1405
f 1451 499 1452
f 1452 1405 1406
f 1452 1406 1453
f 1453 1406 483
f 501 1453 483
f 1454 1453 501
f 504 502 1455
f 484 1407 501
f 1456 501 1407
f 501 1456 1454
f 505 504 1455
f 1456 1407 1457
f 1458 1457 1407
f 1408 1458 1407
f 1458 1408 1459
f 1458 1461 1460
f 1458 1410 1461
f 1458 1459 1411
f 1410 1458 1411
f 1461 1410 1412
f 1461 1412 1462
f 1463 1462 506
f 1412 506 1462
f 506 1412 508
f 1413 508 1412
f 508 1413 1464
f 509 508 1464
f 509 1464 1465
f 496 510 1466
f 1467 496 1466
f 1416 496 1467
f 1468 1466 510
f 498 1468 510
f 1417 1468 498
f 1469 1420 1421
f 1469 1421 1423
f 1469 1423 1470
f 1470 1423 1425
f 1470 1425 1471
f 1471 1425 1427
f 1472 1428 1429
f 1472 1429 1432
f 1473 1434 1435
f 1473 1435 1436
f 1476 1475 1474
f 1439 1437 1477
f 1475 1478 1474
f 1477 1437 1440
f 513 1479 512
f 1442 1480 1444
f 514 512 1479
f 1482 1481 1480
f 1442 1482 1480
f 1445 1482 1442
f 516 517 1483
f 1447 1484 1445
f 1482 1445 1484
f 1483 518 516
f 519 1455 502
f 1458 1485 1457
f 505 1455 519
f 1485 1458 1460
f 1486 1463 506
f 1486 506 520
f 520 509 1465
f 520 1465 1486
f 1487 1467 1466
f 1487 1466 1468
f 1490 1489 1488
f 1491 1488 1489
f 1494 1493 1492
f 1495 1492 1493
f 1498 1497 1496
f 1499 1496 1497
f 1500 1476 1474
f 1500 1474 1478
f 523 1501 522
f 1501 524 522
f 525 1479 513
f 1479 525 514
f 1502 1481 1482
f 517 526 1483
f 1482 1484 1502
f 1483 526 518
f 1505 1504 1503
f 1506 1503 1504
f 1509 1508 1507
f 1510 1507 1508
f 1511 1490 1488
f 1511 1488 1491
f 1512 1494 1492
f 1512 1492 1495
f 1513 1498 1496
f 1513 1496 1499
f 527 1501 523
f 1501 527 524
f 1514 1505 1503
f 1514 1503 1506
f 1515 1509 1507
f 1515 1507 1510
f 1518 1517 1516
f 1519 1516 1517
f 1520 1518 1516
f 1520 1516 1519
f 1523 1522 1521
f 1524 1521 1522
f 530 1525 529
f 1525 531 529
f 534 1526 533
f 1526 535 533
f 1529 1528 1527
f 1530 1527 1528
f 1533 1532 1531
f 1534 1531 1532
f 1535 1523 1521
f 1538 1537 1536
f 1524 1535 1521
f 1539 1537 1538
f 536 1525 530
f 531 1525 536
f 1542 1541 1540
f 1543 1541 1542
f 1526 534 537
f 1546 1545 1544
f 1526 537 535
f 1548 1546 1547
f 1546 1548 1545
f 1549 1548 1547
f 1550 1529 1527
f 1550 1527 1530
f 1553 1552 1551
f 1555 1554 1551
f 1555 1551 1552
f 1556 1554 1555
f 540 1557 539
f 1531 1558 1533
f 541 539 1557
f 1561 1560 1559
f 1534 1558 1531
f 1563 1562 1560
f 1563 1560 1561
f 1565 1564 1562
f 1565 1562 1563
f 543 544 1564
f 1565 543 1564
f 1566 543 1565
f 1568 1567 545
f 543 1568 545
f 1566 1568 543
f 1567 1568 1536
f 1537 1567 1536
f 1569 1567 1537
f 1537 1539 1570
f 1571 1537 1570
f 1569 1537 1571
f 1573 1572 1571
f 1573 1571 1570
f 1572 1573 1540
f 1541 1572 1540
f 1574 1572 1541
f 1541 1543 1575
f 1576 1541 1575
f 1574 1541 1576
f 1578 1577 1576
f 1578 1576 1575
f 1580 1579 1577
f 1580 1577 1578
f 1579 1580 1544
f 1579 1544 1545
f 548 1579 1545
f 547 548 1545
f 547 1545 550
f 550 1545 1548
f 1549 1581 1548
f 1581 550 1548
f 1581 552 550
f 553 552 1581
f 553 1581 1582
f 1585 1584 1583
f 1587 1586 1583
f 1587 1583 1584
f 1589 1588 1586
f 1589 1586 1587
f 1590 1588 1589
f 1593 1592 1591
f 555 556 1591
f 1592 555 1591
f 1594 555 1592
f 557 555 1594
f 557 1594 1595
f 1598 1597 1596
f 1599 1596 1597
f 1602 1601 1600
f 1604 1603 1600
f 1604 1600 1601
f 1606 1605 1603
f 1606 1603 1604
f 1608 1607 1605
f 1608 1605 1606
f 1609 1607 1608
f 1612 1611 1610
f 1610 1614 1613
f 1610 1551 1614
f 1610 1611 1553
f 1551 1610 1553
f 1616 1615 1614
f 1551 1616 1614
f 1554 1616 1551
f 1617 559 560
f 1554 1617 560
f 1616 1554 560
f 1617 1554 1556
f 1619 1618 561
f 559 1619 561
f 1617 1619 559
f 540 562 1557
f 1619 1620 1618
f 1621 1618 1620
f 1557 562 541
f 1623 1620 1622
f 1620 1623 1621
f 1623 1622 1559
f 1560 1623 1559
f 1624 1623 1560
f 1625 1560 1562
f 1624 1560 1625
f 565 1625 564
f 1625 1564 564
f 1625 1562 1564
f 567 564 1626
f 564 1564 1626
f 544 566 1626
f 544 1626 1564
f 545 1567 566
f 1567 1626 566
f 1567 1627 1626
f 1628 1567 1569
f 1627 1567 1628
f 571 1628 570
f 1628 1571 570
f 1628 1569 1571
f 570 1571 572
f 1571 1629 572
f 1571 1572 1629
f 575 1629 574
f 1629 1574 574
f 1629 1572 1574
f 574 1574 576
f 1574 1630 576
f 1574 1576 1630
f 1631 1576 1577
f 1630 1576 1631
f 1632 1577 1579
f 1631 1577 1632
f 578 1632 548
f 548 1632 1579
f 1633 579 580
f 581 1634 580
f 580 1634 1633
f 1635 1634 581
f 553 1635 581
f 1582 1635 553
f 1636 1585 1583
f 1636 1583 1586
f 1636 1586 1637
f 584 1638 583
f 1638 1586 583
f 1586 1588 583
f 1638 1637 1586
f 585 583 1588
f 1590 585 1588
f 1639 585 1590
f 1642 1641 1640
f 1644 1643 1640
f 1644 1640 1641
f 1646 1645 1643
f 1646 1643 1644
f 1593 1591 1647
f 1646 1648 1645
f 1650 1647 1649
f 1649 1647 586
f 1647 1591 586
f 1591 556 586
f 557 1595 1651
f 1649 557 1651
f 1652 1649 1651
f 586 557 1649
f 1652 1651 1598
f 1652 1598 1596
f 589 1652 1596
f 588 589 1596
f 1654 1653 590
f 1654 590 588
f 1599 1654 588
f 1596 1599 588
f 592 593 1653
f 1654 592 1653
f 1655 592 1654
f 1600 1656 594
f 1655 1600 594
f 592 1655 594
f 1602 1600 1655
f 1657 1600 1603
f 1656 1600 1657
f 1605 1659 1658
f 1657 1605 1658
f 1603 1605 1657
f 1661 1660 1659
f 1605 1661 1659
f 1607 1661 1605
f 1607 1609 1662
f 1607 1662 1661
f 1663 1612 1610
f 1610 1664 1663
f 1610 1665 1664
f 1610 1613 1666
f 1665 1610 1666
f 1665 1666 1615
f 1616 1665 1615
f 1667 1665 1616
f 595 1668 560
f 1668 1616 560
f 1668 1667 1616
f 561 1618 595
f 1618 1668 595
f 1618 1669 1668
f 1670 1618 1621
f 1669 1618 1670
f 598 1670 597
f 1670 1623 597
f 1670 1621 1623
f 597 1623 599
f 1623 1671 599
f 1623 1624 1671
f 602 1671 601
f 1671 1625 601
f 1671 1624 1625
f 604 601 1672
f 601 1625 1672
f 565 603 1672
f 565 1672 1625
f 1673 1672 603
f 1673 603 567
f 1674 1673 567
f 1626 1674 567
f 1676 1675 1674
f 1626 1676 1674
f 1627 1676 1626
f 1628 1678 1677
f 1676 1628 1677
f 1627 1628 1676
f 1678 1628 571
f 605 1678 571
f 1679 1678 605
f 1679 605 572
f 1680 1679 572
f 1629 1680 572
f 1679 1680 1681
f 606 1682 575
f 1682 1629 575
f 1682 1680 1629
f 576 1630 606
f 1630 1682 606
f 1630 1683 1682
f 1684 1630 1631
f 1683 1630 1684
f 1685 1631 1632
f 1684 1631 1685
f 607 1686 578
f 1686 1632 578
f 1686 1685 1632
f 579 1633 607
f 1633 1686 607
f 1633 1687 1686
f 1688 1633 1634
f 1687 1633 1688
f 1634 1635 1689
f 1634 1689 1688
f 1692 1691 1690
f 1694 1693 1690
f 1694 1690 1691
f 1696 1695 1693
f 1696 1693 1694
f 1697 1695 608
f 1695 1638 608
f 1638 584 608
f 1638 1695 1696
f 585 1639 1698
f 1697 585 1698
f 1699 1697 1698
f 608 585 1697
f 1699 1698 1642
f 1640 1699 1642
f 1700 1699 1640
f 1701 1640 1643
f 1700 1640 1701
f 1702 1643 1645
f 1701 1643 1702
f 1645 1648 1703
f 1704 1645 1703
f 1702 1645 1704
f 1704 1703 1650
f 1649 1704 1650
f 1705 1704 1649
f 1706 1649 1652
f 1705 1649 1706
f 1706 1652 589
f 1707 1706 589
f 609 1707 589
f 1708 1706 1707
f 1707 609 590
f 1709 1707 590
f 1653 1709 590
f 1707 1709 1710
f 1709 1653 593
f 1711 1709 593
f 610 1711 593
f 1712 1709 1711
f 610 594 1656
f 1713 610 1656
f 1711 610 1713
f 1713 1656 1657
f 1713 1657 1714
f 1714 1657 1658
f 1660 1661 1715
f 1660 1715 1716
f 1661 1662 1717
f 1661 1717 1715
f 1720 1719 1718
f 1718 1722 1721
f 1718 1665 1722
f 1718 1719 1664
f 1665 1718 1664
f 1724 1723 1722
f 1665 1724 1722
f 1667 1724 1665
f 1725 1667 1668
f 1724 1667 1725
f 1669 1727 1726
f 1725 1669 1726
f 1668 1669 1725
f 1727 1669 1670
f 1727 1670 1728
f 1730 1728 1729
f 1729 1728 611
f 1728 1670 611
f 1670 598 611
f 1731 1729 611
f 1731 611 599
f 1732 1731 599
f 1671 1732 599
f 1734 1732 1733
f 1733 1732 612
f 1732 1671 612
f 1671 602 612
f 604 1672 612
f 1672 1733 612
f 1672 1735 1733
f 1672 1673 1736
f 1737 1672 1736
f 1735 1672 1737
f 1737 1736 1675
f 1676 1737 1675
f 1738 1737 1676
f 1676 1677 1739
f 1676 1739 1738
f 1742 1741 1740
f 1740 1741 1681
f 1680 1740 1681
f 1743 1740 1680
f 615 1743 614
f 1743 1682 614
f 1743 1680 1682
f 614 1682 616
f 1682 1744 616
f 1682 1683 1744
f 1745 1683 1684
f 1744 1683 1745
f 1746 1684 1685
f 1745 1684 1746
f 619 1746 618
f 1746 1686 618
f 1746 1685 1686
f 618 1686 621
f 621 1686 1687
f 621 1687 623
f 623 1687 1688
f 624 623 1688
f 1689 624 1688
f 1747 624 1689
f 1748 1692 1690
f 1750 1749 1748
f 1690 1750 1748
f 1693 1750 1690
f 1751 1693 1695
f 1750 1693 1751
f 1752 1695 1697
f 1751 1695 1752
f 1753 1697 1699
f 1752 1697 1753
f 1754 1699 1700
f 1753 1699 1754
f 1755 1700 1701
f 1754 1700 1755
f 1702 1757 1756
f 1755 1702 1756
f 1701 1702 1755
f 1759 1758 1757
f 1702 1759 1757
f 1704 1759 1702
f 1705 1761 1760
f 1759 1705 1760
f 1704 1705 1759
f 1761 1705 1706
f 1761 1706 1762
f 1706 1763 1762
f 1706 1764 1763
f 1706 1708 1765
f 1764 1706 1765
f 1710 1709 1766
f 1765 1767 1764
f 1766 1709 1712
f 1770 1769 1768
f 1716 1715 1771
f 1769 1772 1768
f 1771 1715 1717
f 1773 1720 1718
f 1773 1718 1721
f 1774 1723 1724
f 1774 1724 1725
f 1774 1725 1775
f 1775 1725 1726
f 1730 1729 1776
f 1730 1776 1777
f 1729 1731 1778
f 1729 1778 1776
f 1779 1734 1733
f 1779 1781 1780
f 1781 1779 627
f 1733 627 1779
f 627 1733 626
f 1735 626 1733
f 1781 1782 1780
f 628 626 1783
f 1735 1783 626
f 1783 1735 1737
f 1784 1737 1738
f 1783 1737 1784
f 1738 1739 1785
f 1738 1785 1784
f 1742 1740 1786
f 1742 1786 1787
f 1788 1740 1743
f 1786 1740 1788
f 1788 1743 615
f 1789 1788 615
f 629 1789 615
f 1790 1788 1789
f 1789 629 616
f 1791 1789 616
f 1744 1791 616
f 1789 1791 1792
f 632 1791 631
f 1791 1745 631
f 1791 1744 1745
f 631 1745 634
f 634 1745 1746
f 634 1746 619
f 1793 637 638
f 1794 641 639
f 624 1793 638
f 1793 624 1795
f 1747 1795 624
f 1794 642 641
f 1749 1750 1796
f 1749 1796 1797
f 1798 1750 1751
f 1796 1750 1798
f 1799 1751 1752
f 1798 1751 1799
f 1800 1752 1753
f 1799 1752 1800
f 1801 1753 1754
f 1800 1753 1801
f 1802 644 645
f 1804 1803 1755
f 1801 1755 1803
f 1755 1801 1754
f 1755 1756 1804
f 644 1802 646
f 1805 1758 1759
f 1805 1759 1760
f 1808 1807 1806
f 1763 1764 1809
f 1807 1810 1806
f 1809 1764 1767
f 1811 1770 1768
f 1811 1768 1772
f 1814 1813 1812
f 1815 1812 1813
f 1818 1817 1816
f 1819 1816 1817
f 1822 1821 1820
f 1823 1820 1821
f 1824 1777 1776
f 1824 1776 1778
f 1827 1826 1825
f 627 647 1781
f 1826 1828 1825
f 1829 1825 1828
f 1830 647 628
f 1830 628 1783
f 1830 1783 1831
f 1830 1831 1832
f 1830 1832 1829
f 1830 1829 1828
f 1830 1828 1782
f 1830 1782 1781
f 1830 1781 647
f 1831 1783 1784
f 1831 1784 1833
f 1784 1834 1833
f 1784 1835 1834
f 1784 1785 1836
f 1835 1784 1836
f 1835 1838 1837
f 1835 1786 1838
f 1835 1836 1787
f 1786 1835 1787
f 1838 1786 1788
f 1838 1788 1839
f 1788 1840 1839
f 1788 1841 1840
f 1788 1790 1842
f 1841 1788 1842
f 1841 1842 1792
f 1791 1841 1792
f 1843 1841 1791
f 648 1844 632
f 1844 1791 632
f 1844 1843 1791
f 649 1844 648
f 1845 652 653
f 637 1793 653
f 1793 1845 653
f 1793 1846 1845
f 1794 639 654
f 1846 1795 1847
f 1795 1846 1793
f 1794 654 642
f 1797 1796 1848
f 1797 1848 1849
f 657 1848 656
f 1848 1798 656
f 1848 1796 1798
f 656 1798 658
f 1798 1850 658
f 1798 1799 1850
f 1800 1852 1851
f 1850 1800 1851
f 1799 1800 1850
f 1854 1853 1852
f 1800 1854 1852
f 1801 1854 1800
f 1802 645 659
f 1854 1803 1855
f 1803 1854 1801
f 1802 659 646
f 1856 1808 1806
f 1856 1806 1810
f 1859 1858 1857
f 1857 1858 1814
f 1812 1857 1814
f 1860 1857 1812
f 1812 1815 1861
f 1812 1861 1860
f 1862 1818 1816
f 1862 1816 1819
f 1863 1822 1820
f 1863 1820 1823
f 1827 1825 1864
f 1827 1864 1865
f 1866 1825 1829
f 1864 1825 1866
f 1829 1832 1867
f 1829 1867 1866
f 1834 1835 1868
f 1834 1868 1869
f 1835 1837 1870
f 1835 1870 1868
f 1873 1872 1871
f 1871 1872 1840
f 1841 1871 1840
f 1874 1871 1841
f 1875 1841 1843
f 1874 1841 1875
f 1876 1843 1844
f 1875 1843 1876
f 660 1877 649
f 1877 1844 649
f 1877 1876 1844
f 661 1878 660
f 660 1878 1877
f 652 1845 664
f 1878 661 662
f 664 1845 665
f 1845 1879 665
f 1845 1846 1879
f 1846 1847 1880
f 1846 1880 1879
f 1883 1882 1881
f 1881 1882 1849
f 1881 1849 1848
f 668 1881 1848
f 667 668 1848
f 670 667 1884
f 667 1848 1884
f 657 669 1884
f 657 1884 1848
f 658 1850 669
f 1850 1884 669
f 1850 1885 1884
f 1850 1851 1886
f 1887 1850 1886
f 1885 1850 1887
f 1887 1889 1888
f 1887 1854 1889
f 1887 1886 1853
f 1854 1887 1853
f 1892 1891 1890
f 1855 1889 1854
f 1893 1891 1892
f 1896 1895 1894
f 1897 1894 1895
f 1898 1859 1857
f 1898 1857 1860
f 1898 1860 1899
f 672 673 1900
f 1860 1861 1899
f 1900 674 672
f 1901 1865 1864
f 1901 1864 1866
f 1901 1866 1902
f 1905 1904 1903
f 1867 1902 1866
f 1906 1904 1905
f 1907 1869 1868
f 1910 1909 1908
f 1870 1907 1868
f 1909 1910 1873
f 1871 1909 1873
f 1911 1909 1871
f 1912 1871 1874
f 1911 1871 1912
f 1913 1874 1875
f 1912 1874 1913
f 676 1913 675
f 1913 1876 675
f 1913 1875 1876
f 675 1876 678
f 678 1876 1877
f 678 1877 680
f 680 1877 1878
f 680 1878 662
f 1879 682 665
f 685 682 1879
f 1914 685 1879
f 1880 1914 1879
f 1915 685 1914
f 1915 686 685
f 1916 1883 1881
f 1918 1916 1917
f 1917 1916 687
f 1916 1881 687
f 1881 668 687
f 670 1884 687
f 1884 1917 687
f 1884 1919 1917
f 1920 1884 1885
f 1919 1884 1920
f 1921 1885 1887
f 1920 1885 1921
f 1922 689 690
f 1887 1922 690
f 1921 1887 690
f 1922 1887 1888
f 1891 1923 691
f 1922 1891 691
f 689 1922 691
f 1890 1891 1922
f 1891 1893 1924
f 1891 1924 1923
f 1925 1896 1894
f 1925 1894 1897
f 1928 1927 1926
f 1929 1926 1927
f 692 1900 673
f 1900 692 674
f 1932 1931 1930
f 1933 1930 1931
f 1903 1904 1934
f 1903 1934 1935
f 1904 1906 1936
f 1904 1936 1934
f 695 1937 694
f 1937 1908 694
f 1908 1937 1938
f 696 1938 1937
f 1938 696 1909
f 694 1909 696
f 1909 694 1908
f 1940 1939 1938
f 1909 1940 1938
f 1911 1940 1909
f 1941 1911 1912
f 1940 1911 1941
f 699 1941 698
f 1941 1913 698
f 1941 1912 1913
f 698 1913 676
f 1942 700 701
f 703 1942 701
f 1915 1914 708
f 1914 707 708
f 1914 1943 707
f 1915 708 686
f 1946 1945 1944
f 1944 1945 1918
f 1917 1944 1918
f 1947 1944 1917
f 1948 1917 1919
f 1947 1917 1948
f 1949 1919 1920
f 1948 1919 1949
f 1921 1951 1950
f 1949 1921 1950
f 1920 1921 1949
f 1951 1921 690
f 709 1951 690
f 1952 1951 709
f 709 691 1923
f 1953 709 1923
f 1952 709 1953
f 1956 1955 1954
f 1924 1953 1923
f 1957 1955 1956
f 1958 1928 1926
f 711 712 1959
f 1926 1929 1958
f 1959 713 711
f 1962 1961 1960
f 1963 1960 1961
f 1964 1932 1930
f 1964 1930 1933
f 1967 1966 1965
f 1968 1965 1966
f 1969 1935 1934
f 1969 1934 1936
f 1971 714 1970
f 1971 695 714
f 1937 695 1971
f 1937 1971 1972
f 1973 1937 1972
f 1937 1973 696
f 1974 696 1973
f 696 1974 714
f 1970 714 1974
f 1974 1973 1939
f 1940 1974 1939
f 1975 1974 1940
f 1976 1940 1941
f 1975 1940 1976
f 716 1976 699
f 699 1976 1941
f 1977 717 1942
f 1942 717 700
f 719 1977 703
f 703 1977 1942
f 1978 721 722
f 723 1978 722
f 1943 725 707
f 1979 725 1943
f 1980 1946 1944
f 1982 1981 1980
f 1944 1982 1980
f 1947 1982 1944
f 728 1982 727
f 1982 1948 727
f 1982 1947 1948
f 727 1948 730
f 730 1948 1949
f 731 730 1949
f 1950 731 1949
f 1983 731 1950
f 1986 1985 1984
f 1988 1987 1984
f 1988 1984 1985
f 1987 1988 1954
f 1955 1987 1954
f 1989 1987 1955
f 1955 1957 1990
f 1955 1990 1989
f 1993 1992 1991
f 1994 1991 1992
f 732 1959 712
f 1959 732 713
f 1995 1962 1960
f 1995 1960 1963
f 1996 1967 1965
f 1999 1998 1997
f 1968 1996 1965
f 2000 1998 1999
f 2003 2002 2001
f 2005 2004 2001
f 2005 2001 2002
f 2004 2005 1971
f 1970 2004 1971
f 2006 2004 1970
f 2007 1970 1974
f 2006 1970 2007
f 2008 1974 1975
f 2007 1974 2008
f 2009 1975 1976
f 2008 1975 2009
f 733 2010 716
f 2010 1976 716
f 2010 2009 1976
f 733 717 2010
f 717 1977 2010
f 736 734 2010
f 736 2010 1977
f 736 1977 719
f 1978 739 721
f 739 1978 723
f 2012 742 2011
f 742 1979 2011
f 742 725 1979
f 2013 2012 2011
f 1981 1982 2014
f 1981 2014 2015
f 744 2014 728
f 728 2014 1982
f 2016 745 746
f 731 1983 2017
f 2016 731 2017
f 2018 2016 2017
f 746 731 2016
f 2018 2017 1986
f 1984 2018 1986
f 2019 2018 1984
f 2020 1984 1987
f 2019 1984 2020
f 1989 2022 2021
f 2020 1989 2021
f 1987 1989 2020
f 2022 1989 1990
f 2023 1993 1991
f 2023 1991 1994
f 2026 2025 2024
f 2027 2024 2025
f 748 749 2028
f 1998 2029 1997
f 1998 2000 2029
f 2031 2028 2030
f 2028 2031 748
f 751 748 2031
f 2001 2032 752
f 2031 2001 752
f 751 2031 752
f 2003 2001 2031
f 2033 2001 2004
f 2032 2001 2033
f 2034 2004 2006
f 2033 2004 2034
f 2035 2006 2007
f 2034 2006 2035
f 2036 2007 2008
f 2035 2007 2036
f 2037 2008 2009
f 2036 2008 2037
f 755 2037 754
f 2037 2010 754
f 2037 2009 2010
f 757 754 2038
f 754 2010 2038
f 734 756 2038
f 734 2038 2010
f 758 2038 756
f 2040 2039 2012
f 2039 742 2012
f 2039 763 742
f 2040 2012 2013
f 2015 2014 2041
f 2015 2041 2042
f 764 2043 744
f 2043 2014 744
f 2043 2041 2014
f 745 2016 764
f 2016 2043 764
f 2016 2044 2043
f 2045 2016 2018
f 2044 2016 2045
f 2046 2018 2019
f 2045 2018 2046
f 2047 2019 2020
f 2046 2019 2047
f 2020 2021 2048
f 2049 2020 2048
f 2047 2020 2049
f 2051 2050 2049
f 2051 2049 2048
f 2053 2052 2050
f 2053 2050 2051
f 2054 2052 2053
f 2057 2056 2055
f 2058 2055 2056
f 2061 2060 2059
f 2026 2024 2062
f 2060 2063 2059
f 2062 2024 2027
f 767 2064 766
f 2064 768 766
f 769 2028 749
f 769 770 2028
f 770 2065 2028
f 2065 2030 2028
f 770 2066 2065
f 752 2032 770
f 2032 2066 770
f 2032 2067 2066
f 2068 2032 2033
f 2067 2032 2068
f 773 2068 772
f 2068 2034 772
f 2068 2033 2034
f 772 2034 774
f 2034 2069 774
f 2034 2035 2069
f 2036 2071 2070
f 2069 2036 2070
f 2035 2036 2069
f 2073 2072 2071
f 2036 2073 2071
f 2037 2073 2036
f 776 2073 755
f 755 2073 2037
f 2038 777 757
f 777 2038 758
f 782 763 2074
f 763 2075 2074
f 763 2039 2075
f 2074 784 782
f 2042 2041 2076
f 2042 2076 2077
f 2078 2041 2043
f 2076 2041 2078
f 2079 2043 2044
f 2078 2043 2079
f 2080 2044 2045
f 2079 2044 2080
f 2081 2045 2046
f 2080 2045 2081
f 2082 2046 2047
f 2081 2046 2082
f 2049 2084 2083
f 2082 2049 2083
f 2047 2049 2082
f 2086 2085 2084
f 2049 2086 2084
f 2050 2086 2049
f 2087 2050 2052
f 2086 2050 2087
f 2052 2054 2088
f 2052 2088 2087
f 2091 2090 2089
f 2092 2089 2090
f 2095 2094 2093
f 2057 2055 2096
f 2094 2097 2093
f 2096 2055 2058
f 2061 2059 2098
f 2061 2098 2099
f 2059 2063 2100
f 2059 2100 2098
f 2103 2102 2101
f 767 785 2064
f 2101 2102 2104
f 2064 785 768
f 2107 2106 2105
f 2109 2108 2105
f 2109 2105 2106
f 2108 2109 2065
f 2066 2108 2065
f 2110 2108 2066
f 2111 2066 2067
f 2110 2066 2111
f 2112 2067 2068
f 2111 2067 2112
f 787 2112 773
f 773 2112 2068
f 2069 788 774
f 2070 2113 2069
f 2113 788 2069
f 2113 791 788
f 2073 793 2072
f 793 2113 2072
f 793 791 2113
f 793 2073 776
f 2074 2075 2114
f 2114 2075 2115
f 2114 800 784
f 2114 784 2074
f 2077 2076 2116
f 2077 2116 2117
f 2118 2076 2078
f 2116 2076 2118
f 803 2118 802
f 2118 2079 802
f 2118 2078 2079
f 2079 2080 2119
f 804 2079 2119
f 2120 804 2119
f 2079 804 802
f 2122 2121 2119
f 2080 2122 2119
f 2081 2122 2080
f 807 2122 806
f 2122 2082 806
f 2122 2081 2082
f 2124 2123 808
f 2124 808 806
f 2083 2124 806
f 2082 2083 806
f 2123 2124 2085
f 2086 2123 2085
f 2125 2123 2086
f 2126 2086 2087
f 2125 2086 2126
f 2087 2088 2127
f 2087 2127 2126
f 2091 2089 2128
f 2091 2128 2129
f 2089 2092 2130
f 2089 2130 2128
f 2131 2095 2093
f 2134 2133 2132
f 2097 2131 2093
f 2135 2133 2134
f 2138 2137 2136
f 2140 2139 2136
f 2140 2136 2137
f 2141 2139 2140
f 2142 2099 2098
f 2142 2098 2100
f 2143 2103 2101
f 2143 2101 2104
f 2146 2145 2144
f 2144 2148 2147
f 2144 2105 2148
f 2144 2145 2107
f 2105 2144 2107
f 2150 2149 2148
f 2105 2150 2148
f 2108 2150 2105
f 2151 2108 2110
f 2150 2108 2151
f 2152 2110 2111
f 2151 2110 2152
f 811 2152 810
f 2152 2112 810
f 2152 2111 2112
f 810 2112 787
f 2153 812 813
f 814 2153 813
f 2114 2115 822
f 2115 821 822
f 2115 2154 821
f 2114 822 800
f 2117 2116 2155
f 2117 2155 2156
f 825 2155 824
f 2155 2118 824
f 2155 2116 2118
f 827 824 2157
f 824 2118 2157
f 803 826 2157
f 803 2157 2118
f 830 828 2158
f 2157 2158 828
f 2158 2157 2120
f 826 2120 2157
f 2120 826 804
f 2158 2121 830
f 2122 830 2121
f 830 2122 831
f 2159 831 2122
f 831 2159 2160
f 2162 2159 2161
f 2161 2159 832
f 2159 2122 832
f 2122 807 832
f 2163 2161 832
f 2163 832 808
f 2164 2163 808
f 2123 2164 808
f 2165 834 835
f 2123 2166 2164
f 2166 2123 2125
f 2165 836 834
f 2168 2166 2167
f 2125 2167 2166
f 2167 2125 2126
f 2126 2127 2169
f 2170 2126 2169
f 2167 2126 2170
f 2129 2128 2171
f 2169 2172 2170
f 2171 2128 2130
f 2173 2132 2133
f 2173 2133 2135
f 2174 2138 2136
f 2174 2136 2139
f 2174 2139 2175
f 2175 2139 2141
f 2178 2177 2176
f 2180 2179 2176
f 2180 2176 2177
f 2182 2181 2179
f 2182 2179 2180
f 2184 2183 2181
f 2184 2181 2182
f 2186 2185 2183
f 2186 2183 2184
f 2185 2186 2146
f 2144 2185 2146
f 2187 2185 2144
f 2144 2147 2188
f 2189 2144 2188
f 2187 2144 2189
f 2189 2188 2149
f 2150 2189 2149
f 2190 2189 2150
f 2191 2150 2151
f 2190 2150 2191
f 840 2191 839
f 2191 2152 839
f 2191 2151 2152
f 842 839 2192
f 839 2152 2192
f 811 841 2192
f 811 2192 2152
f 812 2153 845
f 2192 841 843
f 845 2153 814
f 852 821 2193
f 821 2194 2193
f 821 2154 2194
f 2193 853 852
f 2156 2155 2195
f 2156 2195 2196
f 855 2195 825
f 825 2195 2155
f 2157 856 827
f 856 2157 828
f 2198 859 2197
f 859 2160 2197
f 859 831 2160
f 2198 2200 2199
f 2198 2161 2200
f 2198 2197 2162
f 2161 2198 2162
f 2161 2201 2200
f 2161 2202 2201
f 2161 2163 2203
f 2202 2161 2203
f 835 860 2165
f 2203 2204 2202
f 2205 2202 2204
f 2165 860 836
f 2204 2168 2205
f 2167 2205 2168
f 2205 2167 2206
f 2207 2167 2170
f 2206 2167 2207
f 862 863 2208
f 2172 2209 2170
f 2207 2170 2209
f 2208 864 862
f 2212 2211 2210
f 2213 866 867
f 2214 2210 2211
f 868 866 2213
f 2217 2216 2215
f 2219 2218 2217
f 2219 2217 2215
f 2220 2218 2219
f 2221 2178 2176
f 2223 2222 2221
f 2176 2223 2221
f 2179 2223 2176
f 2224 2179 2181
f 2223 2179 2224
f 2225 2181 2183
f 2224 2181 2225
f 2226 2183 2185
f 2225 2183 2226
f 2227 2185 2187
f 2226 2185 2227
f 872 2227 871
f 2227 2189 871
f 2227 2187 2189
f 871 2189 873
f 2189 2228 873
f 2189 2190 2228
f 876 2228 875
f 2228 2191 875
f 2228 2190 2191
f 875 2191 840
f 2229 877 878
f 878 842 2229
f 842 2192 2229
f 881 879 2229
f 881 2229 2192
f 881 2192 843
f 2231 2230 885
f 885 2230 884
f 885 886 2231
f 2231 886 2232
f 2193 2194 892
f 2194 891 892
f 2194 2233 891
f 2193 892 853
f 2196 2195 2234
f 2196 2234 2235
f 893 2236 855
f 2236 2195 855
f 2236 2234 2195
f 894 2236 893
f 2237 897 2198
f 2198 897 859
f 2198 2199 2238
f 2239 2198 2238
f 2237 2198 2239
f 2239 2238 2201
f 2202 2239 2201
f 2240 2239 2202
f 2241 2202 2205
f 2240 2202 2241
f 2242 2205 2206
f 2241 2205 2242
f 2243 2206 2207
f 2242 2206 2243
f 2208 863 898
f 2243 2209 2244
f 2209 2243 2207
f 864 2208 898
f 2247 2246 2245
f 2248 2246 2247
f 2212 2210 2249
f 2212 2249 2250
f 2213 867 899
f 2249 2214 2251
f 2214 2249 2210
f 899 868 2213
f 2253 2216 2252
f 2217 2252 2216
f 2218 2255 2254
f 2252 2218 2254
f 2217 2218 2252
f 2258 2257 2256
f 2220 2255 2218
f 2259 2257 2258
f 2222 2223 2260
f 2222 2260 2261
f 2262 2223 2224
f 2260 2223 2262
f 2263 2224 2225
f 2262 2224 2263
f 2264 2225 2226
f 2263 2225 2264
f 2265 2226 2227
f 2264 2226 2265
f 900 2266 872
f 2266 2227 872
f 2266 2265 2227
f 873 2228 900
f 2228 2266 900
f 2228 2267 2266
f 901 2268 876
f 2268 2228 876
f 2268 2267 2228
f 877 2229 901
f 2229 2268 901
f 2229 2269 2268
f 902 2270 879
f 2270 2229 879
f 2270 2269 2229
f 903 2270 902
f 2230 2271 884
f 884 2271 906
f 886 906 2232
f 2232 906 2271
f 2273 910 2272
f 910 2233 2272
f 910 891 2233
f 2274 2273 2272
f 2235 2234 2275
f 2235 2275 2276
f 913 2275 912
f 2275 2236 912
f 2275 2234 2236
f 912 2236 894
f 2277 914 915
f 916 2278 915
f 915 2278 2277
f 897 2237 916
f 2237 2278 916
f 2237 2279 2278
f 2280 2237 2239
f 2279 2237 2280
f 2281 2239 2240
f 2280 2239 2281
f 2282 2240 2241
f 2281 2240 2282
f 2283 2241 2242
f 2282 2241 2283
f 2284 2242 2243
f 2283 2242 2284
f 2243 2244 2285
f 2286 2243 2285
f 2284 2243 2286
f 2286 2285 2245
f 2246 2286 2245
f 2287 2286 2246
f 2246 2248 2288
f 2246 2288 2287
f 2250 2249 2289
f 2250 2289 2290
f 2249 2251 2291
f 2249 2291 2289
f 2292 2253 2252
f 2292 2252 2254
f 2293 2256 2257
f 2296 2295 2294
f 2259 2293 2257
f 2298 2297 2295
f 2298 2295 2296
f 2300 2299 2297
f 2300 2297 2298
f 2299 2300 2261
f 2260 2299 2261
f 2301 2299 2260
f 2302 2260 2262
f 2301 2260 2302
f 2303 2262 2263
f 2302 2262 2303
f 2304 2263 2264
f 2303 2263 2304
f 919 2304 918
f 2304 2265 918
f 2304 2264 2265
f 918 2265 920
f 2265 2305 920
f 2265 2266 2305
f 923 2305 922
f 2305 2267 922
f 2305 2266 2267
f 922 2267 925
f 925 2267 2268
f 925 2268 927
f 927 2268 2269
f 927 2269 929
f 929 2269 2270
f 929 2270 903
f 2307 2306 2273
f 2306 910 2273
f 2306 935 910
f 2307 2273 2274
f 2310 2309 2308
f 2308 2309 2276
f 2308 2276 2275
f 938 2308 2275
f 937 938 2275
f 940 937 2311
f 937 2275 2311
f 913 939 2311
f 913 2311 2275
f 914 2277 939
f 2277 2311 939
f 2277 2312 2311
f 2278 2314 2313
f 2312 2278 2313
f 2277 2278 2312
f 2314 2278 2279
f 2314 2279 2315
f 2315 2279 2280
f 2315 2280 2316
f 2318 2317 2316
f 2280 2318 2316
f 2281 2318 2280
f 2319 942 943
f 2321 2320 2282
f 2318 2282 2320
f 2282 2318 2281
f 942 2319 944
f 2322 944 2319
f 944 2322 2283
f 2321 2283 2322
f 2283 2321 2282
f 944 2283 945
f 2283 2323 945
f 2283 2284 2323
f 2324 2284 2286
f 2323 2284 2324
f 2287 2326 2325
f 2324 2287 2325
f 2286 2287 2324
f 2329 2328 2327
f 2288 2326 2287
f 2328 2329 2290
f 2289 2328 2290
f 2330 2328 2289
f 2289 2291 2331
f 2289 2331 2330
f 2334 2333 2332
f 2335 2332 2333
f 2336 2294 2295
f 2338 2337 2336
f 2295 2338 2336
f 2297 2338 2295
f 2339 2297 2299
f 2338 2297 2339
f 2340 2299 2301
f 2339 2299 2340
f 2341 2301 2302
f 2340 2301 2341
f 2342 2302 2303
f 2341 2302 2342
f 2343 2303 2304
f 2342 2303 2343
f 946 2344 919
f 2344 2304 919
f 2344 2343 2304
f 920 2305 946
f 2305 2344 946
f 2305 2345 2344
f 948 2345 923
f 923 2345 2305
f 955 935 2346
f 935 2347 2346
f 935 2306 2347
f 2346 956 955
f 2348 2310 2308
f 2308 938 2348
f 938 2349 2348
f 938 958 2349
f 2311 959 940
f 959 2311 961
f 2311 2350 961
f 2311 2312 2350
f 2312 2313 2351
f 2352 2312 2351
f 2350 2312 2352
f 963 964 2352
f 2351 963 2352
f 2353 963 2351
f 2353 2355 2354
f 966 2353 2354
f 963 2353 966
f 2356 2317 2318
f 966 2356 2318
f 968 966 2318
f 2356 966 2354
f 2357 969 970
f 2318 2320 968
f 2358 968 2320
f 968 2358 943
f 2319 943 2358
f 2358 2322 2319
f 972 2357 970
f 2360 2359 2323
f 2359 945 2323
f 2359 973 945
f 2362 2361 2360
f 2323 2362 2360
f 2324 2362 2323
f 2324 2325 2363
f 2364 2324 2363
f 2362 2324 2364
f 2364 2366 2365
f 2364 2328 2366
f 2364 2363 2327
f 2328 2364 2327
f 2368 2367 2366
f 2328 2368 2366
f 2330 2368 2328
f 2330 2331 2369
f 2330 2369 2368
f 2370 2334 2332
f 2370 2332 2335
f 2371 2337 2338
f 2371 2338 2339
f 2371 2339 2372
f 2374 2373 2372
f 2339 2374 2372
f 2340 2374 2339
f 976 2374 975
f 2374 2341 975
f 2374 2340 2341
f 975 2341 977
f 2341 2375 977
f 2341 2342 2375
f 2376 2342 2343
f 2375 2342 2376
f 2377 2343 2344
f 2376 2343 2377
f 2378 2344 2345
f 2377 2344 2378
f 979 2378 948
f 948 2378 2345
f 2380 2379 981
f 981 2379 980
f 981 982 2380
f 2380 982 2381
f 2382 985 986
f 987 2382 986
f 2383 995 996
f 2347 2384 2346
f 2385 2346 2384
f 2385 956 2346
f 2385 2383 996
f 956 2385 996
f 2388 2387 2386
f 2387 2349 2386
f 2349 998 2386
f 2349 958 998
f 2350 1000 961
f 1000 2350 1002
f 2350 2389 1002
f 2350 2352 2389
f 1003 2390 964
f 2390 2352 964
f 2390 2389 2352
f 1004 2354 1003
f 2355 1003 2354
f 1003 2355 2390
f 2391 2390 2355
f 2390 2391 2392
f 1005 2354 1004
f 2354 1005 2356
f 2393 2356 1005
f 2356 2393 2391
f 2392 2391 2393
f 969 2357 1005
f 2357 2393 1005
f 2357 2394 2393
f 1007 2394 972
f 972 2394 2357
f 2396 1008 2395
f 1008 2359 2395
f 1008 973 2359
f 2396 2395 2361
f 2362 2396 2361
f 2397 2396 2362
f 2364 2399 2398
f 2397 2364 2398
f 2362 2364 2397
f 2399 2364 2365
f 2367 2368 2400
f 2367 2400 2401
f 2368 2369 2402
f 2403 2368 2402
f 2400 2368 2403
f 2405 2404 2403
f 2405 2403 2402
f 2407 2406 2404
f 2407 2404 2405
f 2408 2406 2407
f 2411 2410 2409
f 2413 2412 2409
f 2413 2409 2410
f 2412 2413 2373
f 2374 2412 2373
f 2414 2412 2374
f 1010 2414 976
f 976 2414 2374
f 2415 1011 2375
f 2375 1011 977
f 2416 2375 2376
f 2415 2375 2416
f 1014 2416 1013
f 2416 2377 1013
f 2416 2376 2377
f 1013 2377 1015
f 2377 2417 1015
f 2377 2378 2417
f 1017 2417 979
f 979 2417 2378
f 2379 2418 980
f 980 2418 1018
f 982 1018 2381
f 2381 1018 2418
f 2382 1022 985
f 1022 2382 987
f 2419 1024 1025
f 1026 2419 1025
f 2421 2420 2383
f 2420 995 2383
f 2420 1030 995
f 2421 2383 2385
f 2422 2388 2386
f 2424 2422 2423
f 2423 2422 1031
f 2422 2386 1031
f 2386 998 1031
f 1032 2423 1031
f 2425 1034 1035
f 1002 2389 1035
f 2389 2425 1035
f 2389 2426 2425
f 2427 2389 2390
f 2426 2389 2427
f 2428 2390 2392
f 2427 2390 2428
f 2429 2392 2393
f 2428 2392 2429
f 2430 2393 2394
f 2429 2393 2430
f 1036 2431 1007
f 2431 2394 1007
f 2431 2430 2394
f 1008 2396 1036
f 2396 2431 1036
f 2396 2432 2431
f 2433 2396 2397
f 2432 2396 2433
f 2397 2398 2434
f 2435 2397 2434
f 2433 2397 2435
f 2436 2435 2434
f 2401 2400 2437
f 2401 2437 2438
f 2403 2440 2439
f 2437 2403 2439
f 2400 2403 2437
f 2442 2441 2440
f 2403 2442 2440
f 2404 2442 2403
f 2443 2404 2406
f 2442 2404 2443
f 2406 2408 2444
f 2406 2444 2443
f 2447 2446 2445
f 2411 2409 2448
f 2446 2449 2445
f 2451 2450 2448
f 2409 2451 2448
f 2412 2451 2409
f 2414 2453 2452
f 2451 2414 2452
f 2412 2414 2451
f 2414 1010 2453
f 1010 2454 2453
f 1010 1038 2454
f 2455 1039 2415
f 2415 1039 1011
f 2456 2415 2416
f 2455 2415 2456
f 1040 2457 1014
f 2457 2416 1014
f 2457 2456 2416
f 1015 2417 1043
f 2457 1040 1041
f 1043 2417 1017
f 2458 1044 1045
f 1046 2459 1045
f 1045 2459 2458
f 1047 2459 1046
f 2419 1050 1024
f 1050 2419 1026
f 2420 1053 1030
f 2460 1053 2420
f 2424 2423 1055
f 1056 2424 1055
f 2461 2424 1056
f 1055 2423 1032
f 2425 1058 1034
f 1058 2425 1060
f 2425 2462 1060
f 2425 2426 2462
f 2463 2426 2427
f 2462 2426 2463
f 2464 2427 2428
f 2463 2427 2464
f 2465 2428 2429
f 2464 2428 2465
f 2466 2429 2430
f 2465 2429 2466
f 2467 2430 2431
f 2466 2430 2467
f 2432 2469 2468
f 2467 2432 2468
f 2431 2432 2467
f 2469 2432 2433
f 2469 2433 2470
f 2472 2471 2470
f 2433 2472 2470
f 2435 2472 2433
f 2435 2436 2473
f 2474 2435 2473
f 2472 2435 2474
f 2474 2473 2438
f 2437 2474 2438
f 2475 2474 2437
f 2437 2439 2476
f 2477 2437 2476
f 2475 2437 2477
f 2441 2442 2478
f 2476 2479 2477
f 2478 2442 2443
f 2478 2443 2480
f 2481 2480 1063
f 2443 1063 2480
f 1063 2443 1062
f 2444 1062 2443
f 1062 2444 2482
f 2445 2483 1064
f 2482 2445 1064
f 1062 2482 1064
f 2447 2445 2482
f 2445 2449 2484
f 2485 2445 2484
f 2483 2445 2485
f 2485 2484 2450
f 2451 2485 2450
f 2486 2485 2451
f 2451 2452 2487
f 2488 2451 2487
f 2486 2451 2488
f 2489 2488 1065
f 2488 2454 1065
f 2454 1038 1065
f 2454 2488 2487
f 1039 2455 1065
f 2455 2489 1065
f 2455 2490 2489
f 2456 2492 2491
f 2490 2456 2491
f 2455 2456 2490
f 2494 2493 2492
f 2456 2494 2492
f 2457 2494 2456
f 1067 2494 1041
f 1041 2494 2457
f 2458 1068 1044
f 1068 2458 1071
f 1071 2458 2459
f 1071 2459 1047
f 2497 2496 2495
f 2496 2498 2495
f 2460 2499 1053
f 1053 2499 1078
f 1079 1078 2499
f 1079 2499 2500
f 2503 2502 2501
f 2502 2461 2501
f 2461 1081 2501
f 2461 1056 1081
f 2504 1083 1084
f 1060 2462 1084
f 2462 2504 1084
f 2462 2505 2504
f 1087 2505 1086
f 2505 2463 1086
f 2505 2462 2463
f 1086 2463 1088
f 2463 2506 1088
f 2463 2464 2506
f 2507 2464 2465
f 2506 2464 2507
f 2508 2465 2466
f 2507 2465 2508
f 1091 2508 1090
f 2508 2467 1090
f 2508 2466 2467
f 2510 2509 1092
f 2510 1092 1090
f 2468 2510 1090
f 2467 2468 1090
f 2512 2511 2509
f 2512 2509 2510
f 2511 2512 2471
f 2472 2511 2471
f 2513 2511 2472
f 2514 2472 2474
f 2513 2472 2514
f 2515 2474 2475
f 2514 2474 2515
f 2516 2475 2477
f 2515 2475 2516
f 2477 2479 2517
f 2477 2517 2516
f 2520 2519 2518
f 2521 2518 1093
f 2518 2481 1093
f 2481 1063 1093
f 2481 2518 2519
f 1093 1064 2521
f 1064 2483 2521
f 1096 1094 2521
f 1096 2521 2483
f 1096 2483 1097
f 2483 2522 1097
f 2483 2485 2522
f 1100 2522 1099
f 2522 2486 1099
f 2522 2485 2486
f 1099 2486 1101
f 2486 2523 1101
f 2486 2488 2523
f 2524 2488 2489
f 2523 2488 2524
f 1104 2524 1103
f 2524 2490 1103
f 2524 2489 2490
f 2491 2525 2490
f 2525 1103 2490
f 2525 1106 1103
f 2494 2526 1107
f 2525 2494 1107
f 1106 2525 1107
f 2493 2494 2525
f 1109 2526 1067
f 1067 2526 2494
f 2527 1111 1112
f 2497 2528 2496
f 2527 1112 1113
f 2529 1115 1116
f 2528 2498 2496
f 1117 2529 1116
f 2500 1122 1079
f 2530 1122 2500
f 2503 2501 2531
f 2503 2531 2532
f 1123 2533 1081
f 2533 2501 1081
f 2533 2531 2501
f 1124 2533 1123
f 2534 1126 2504
f 2504 1126 1083
f 1129 2534 1128
f 2534 2505 1128
f 2534 2504 2505
f 1128 2505 1087
f 2535 1130 1131
f 1131 1088 2535
f 1088 2506 2535
f 1134 1132 2535
f 1134 2535 2506
f 1134 2506 1135
f 2506 2536 1135
f 2506 2507 2536
f 2537 2507 2508
f 2536 2507 2537
f 1137 2537 1091
f 1091 2537 2508
f 2538 1138 2509
f 2509 1138 1092
f 2539 2509 2511
f 2538 2509 2539
f 2540 2511 2513
f 2539 2511 2540
f 2541 2513 2514
f 2540 2513 2541
f 2515 2543 2542
f 2541 2515 2542
f 2514 2515 2541
f 2545 2544 2543
f 2515 2545 2543
f 2516 2545 2515
f 2516 2517 2546
f 2547 2516 2546
f 2545 2516 2547
f 2547 2546 2520
f 2518 2547 2520
f 2548 2547 2518
f 1141 2548 1140
f 2548 2521 1140
f 2548 2518 2521
f 1140 2521 1094
f 2551 2550 2549
f 2522 1143 1097
f 2552 2549 2550
f 1146 1143 2553
f 2522 2553 1143
f 2553 2522 2554
f 1100 2554 2522
f 2554 1100 1145
f 2554 1145 1101
f 2555 2554 1101
f 2523 2555 1101
f 2554 2555 2556
f 2557 2523 2524
f 2555 2523 2557
f 2560 2559 2558
f 1104 1148 2524
f 2557 2524 1148
f 2558 2561 2560
f 2562 1150 2526
f 2526 1150 1107
f 1151 2563 1109
f 2563 2526 1109
f 2563 2562 2526
f 1152 2563 1151
f 2527 1154 1111
f 1154 2527 1113
f 2566 2565 2564
f 2529 1156 1115
f 2567 2564 2565
f 1156 2529 1117
f 2530 1161 1122
f 2568 1161 2530
f 2532 2531 2569
f 2532 2569 2570
f 2571 2531 2533
f 2569 2531 2571
f 1163 2571 1124
f 1124 2571 2533
f 2534 1164 1126
f 1164 2534 1129
f 2535 1167 1130
f 1167 2535 1132
f 2572 1170 2536
f 2536 1170 1135
f 1173 2572 1172
f 2572 2537 1172
f 2572 2536 2537
f 1172 2537 1137
f 2573 1174 1175
f 1175 1138 2573
f 1138 2538 2573
f 1178 1176 2573
f 1178 2573 2538
f 1178 2538 1179
f 2538 2574 1179
f 2538 2539 2574
f 1182 2574 1181
f 2574 2540 1181
f 2574 2539 2540
f 1181 2540 1183
f 2540 2575 1183
f 2540 2541 2575
f 2541 2542 2576
f 2577 2541 2576
f 2575 2541 2577
f 2577 2576 2544
f 2577 2544 2545
f 1186 2577 2545
f 1185 1186 2545
f 1185 2545 1187
f 2545 2578 1187
f 2545 2547 2578
f 1190 2578 1189
f 2578 2548 1189
f 2578 2547 2548
f 1189 2548 1141
f 2579 1191 1192
f 2551 2580 2550
f 2579 1192 1193
f 2550 2580 2552
f 2553 2581 1146
f 1146 2581 1196
f 2555 1199 2556
f 1199 2581 2556
f 1199 1196 2581
f 1199 2555 1201
f 1201 2555 2557
f 2559 2582 2558
f 1201 2557 1148
f 2583 1203 1204
f 2582 2561 2558
f 1150 2562 1206
f 2583 1204 1205
f 1206 2562 1207
f 1207 2562 2563
f 1207 2563 1152
f 2566 2584 2565
f 2565 2584 2567
f 2587 2586 2585
f 2568 2587 2585
f 1211 2568 2585
f 1161 2568 1211
f 2570 2569 2588
f 2570 2588 2589
f 1214 2588 1213
f 2588 2571 1213
f 2588 2569 2571
f 1213 2571 1163
f 2590 1216 1217
f 1218 2590 1217
f 2591 1221 1222
f 1170 2572 1222
f 2572 2591 1222
f 2572 2592 2591
f 1224 2592 1173
f 1173 2592 2572
f 2573 1225 1174
f 1225 2573 1176
f 2593 1228 2574
f 2574 1228 1179
f 1230 2593 1182
f 1182 2593 2574
f 2575 1231 1183
f 1231 2575 1234
f 1234 2575 2577
f 1234 2577 1186
f 2594 1236 2578
f 2578 1236 1187
f 1238 2594 1190
f 1190 2594 2578
f 2579 1239 1191
f 1239 2579 1193
f 2595 1243 1244
f 1245 2595 1244
f 2583 1249 1203
f 1249 2583 1205
f 2596 1251 1252
f 2586 2597 2585
f 2598 2585 2597
f 2598 1211 2585
f 2598 2596 1252
f 1211 2598 1252
f 2601 2600 2599
f 2599 2600 2589
f 2588 2599 2589
f 2602 2599 2588
f 1254 2602 1214
f 1214 2602 2588
f 2603 1255 1256
f 1216 2590 1259
f 2603 1256 1257
f 1259 2590 1218
f 2591 1262 1221
f 1262 2591 1265
f 1265 2591 2592
f 1265 2592 1224
f 2604 1269 2593
f 2593 1269 1228
f 1271 2604 1230
f 1230 2604 2593
f 2594 1275 1236
f 1275 2594 1238
f 2605 1279 1280
f 1281 2605 1280
f 2595 1283 1243
f 1283 2595 1245
f 2606 1288 2596
f 2596 1288 1251
f 2596 2598 2607
f 2596 2607 2606
f 2608 2601 2599
f 2610 2609 2608
f 2599 2610 2608
f 2602 2610 2599
f 1290 2610 1254
f 1254 2610 2602
f 2603 1291 1255
f 1291 2603 1257
f 2611 1295 1296
f 1297 2611 1296
f 2604 1303 1269
f 1303 2604 1271
f 2605 1310 1279
f 1310 2605 1281
f 2613 1315 2612
f 1315 1288 2612
f 2612 1288 2606
f 2614 2612 2606
f 2606 2607 2614
f 1315 2613 1317
f 2609 2610 1319
f 1320 2609 1319
f 2615 2609 1320
f 1322 1319 2616
f 1319 2610 2616
f 1290 1321 2616
f 1290 2616 2610
f 1323 2617 1321
f 1321 2617 2616
f 1324 2617 1323
f 2618 1326 1327
f 1327 1295 2618
f 1295 2611 2618
f 1330 1328 2618
f 1330 2618 2611
f 1330 2611 1297
f 2620 2619 1333
f 1333 2619 1334
f 1333 1335 2620
f 2620 1335 2621
f 2624 2623 2622
f 2622 2625 2624
f 2626 1343 1344
f 1345 2626 1344
f 2628 2627 1348
f 1348 2627 1347
f 1348 1349 2628
f 2628 1349 2629
f 2631 2630 1351
f 1351 2630 1350
f 2633 2632 1352
f 2632 1351 1352
f 2632 2631 1351
f 2633 2634 2632
f 2636 2635 2612
f 2635 1355 2612
f 1356 2613 2612
f 1356 2612 1355
f 1356 1317 2613
f 2635 2636 2637
f 2640 2639 2638
f 2641 2638 1357
f 2638 2615 1357
f 2615 1320 1357
f 2615 2638 2639
f 2644 2643 2642
f 2644 2642 2641
f 2644 2641 1357
f 2644 1357 1322
f 2644 1322 2616
f 2644 2616 1360
f 2644 1360 1358
f 2644 1358 2645
f 2644 2645 2643
f 2645 1361 2646
f 2643 2645 2646
f 2647 2643 2646
f 2648 2647 2646
f 2617 2648 2646
f 2616 2617 2646
f 1360 2616 2646
f 1361 1360 2646
f 1363 2648 1324
f 1324 2648 2617
f 2650 2649 2618
f 2649 1326 2618
f 2649 1364 1326
f 1328 1366 2618
f 1366 2651 2618
f 2651 2650 2618
f 2651 1366 2652
f 1367 1368 2652
f 1368 2651 2652
f 1368 2653 2651
f 1368 1369 2653
f 2653 1369 2654
f 2655 1372 1371
f 2657 2655 2656
f 2655 1371 2656
f 1374 2658 2656
f 1374 2656 1371
f 2658 2659 1375
f 2619 2658 1375
f 1334 2619 1375
f 2658 2619 2656
f 2660 1377 1378
f 1377 2660 2659
f 2621 2659 2660
f 2659 2621 1375
f 1335 1375 2621
f 2661 1378 1379
f 2661 2660 1378
f 2663 2661 2662
f 2661 1380 2662
f 2661 1379 1380
f 2662 1380 1381
f 2666 2665 2664
f 1383 1384 2664
f 1384 2666 2664
f 1384 2667 2666
f 2670 2669 2668
f 2667 2622 2623
f 2622 2667 1385
f 1384 1385 2667
f 1386 2622 1385
f 2622 1386 2625
f 2671 2625 1386
f 2625 2671 2668
f 2670 2668 2671
f 2671 1386 2672
f 1386 2673 2672
f 1386 1387 2673
f 2675 2673 2674
f 2673 1388 2674
f 2673 1387 1388
f 1389 2676 1388
f 1388 2676 2674
f 2676 1389 2677
f 1389 2678 2677
f 1389 1390 2678
f 1390 1343 2678
f 2626 2678 1343
f 2678 2626 2679
f 1393 2679 2626
f 2679 1393 1391
f 2626 1345 1393
f 2681 1394 2680
f 1395 2680 1394
f 2683 2680 2682
f 2680 1396 2682
f 2680 1395 1396
f 1397 2684 1396
f 1396 2684 2682
f 2685 2684 1397
f 1347 2685 1397
f 2627 2685 1347
f 1398 2687 2686
f 2629 1398 2686
f 1349 1398 2629
f 2687 2688 1400
f 2630 2687 1400
f 1350 2630 1400
f 2687 2630 2686
f 2691 2690 2689
f 1403 2688 1402
f 2688 1403 2633
f 2688 2633 1400
f 1352 1400 2633
f 2689 2690 1404
f 2690 2634 1404
f 2633 1403 1404
f 2633 1404 2634
f 2693 2692 1409
f 1409 2692 1408
f 2695 2694 1411
f 2694 1409 1411
f 2694 2693 1409
f 2697 2696 2695
f 2695 2696 2694
f 1413 1414 2697
f 1414 2696 2697
f 1414 2698 2696
f 2700 2698 2699
f 2698 1415 2699
f 2698 1414 1415
f 2699 1415 1416
f 2703 2702 2701
f 2701 1417 2703
f 1417 1418 2703
f 2705 2704 2703
f 2705 2703 1418
f 2706 2705 1418
f 2706 1418 1355
f 2707 2706 1355
f 2635 2707 1355
f 2707 2635 2637
f 2708 2640 2638
f 2708 2638 2641
f 2708 2641 2709
f 1358 1419 2645
f 2641 2642 2709
f 2645 1419 1361
f 1420 2648 1422
f 2648 1420 2647
f 2710 2647 1420
f 1422 2648 1363
f 2713 2712 2711
f 2712 2714 1424
f 2649 2712 1424
f 1364 2649 1424
f 2712 2649 2711
f 2717 2716 2715
f 2714 1427 1424
f 2652 1366 1426
f 2717 2715 2718
f 2652 1426 1367
f 2719 1430 1428
f 1432 1430 2719
f 2654 1431 2720
f 1431 2654 1369
f 1431 1372 2655
f 2721 1431 2655
f 2720 1431 2721
f 1374 1433 2658
f 2655 2657 2721
f 2658 1433 1434
f 2722 2658 1434
f 2659 2658 2722
f 2722 1436 1377
f 2722 1377 2659
f 2663 2724 2723
f 2663 1439 2724
f 2663 2662 1438
f 1439 2663 1438
f 1440 2723 2724
f 2723 1440 2664
f 1441 2664 1440
f 2723 2664 2665
f 2662 1381 1438
f 2664 1441 1383
f 2725 2669 2670
f 2725 2670 2671
f 2725 2671 2726
f 2729 2728 2727
f 2672 2726 2671
f 1443 1444 2730
f 2729 2731 2728
f 2732 2675 2674
f 2732 2676 2733
f 2676 2732 2674
f 2734 1446 2730
f 1443 2730 1446
f 2676 2677 2733
f 1446 2734 1447
f 2735 2679 1391
f 2735 1391 1448
f 1448 1394 2681
f 1448 2681 2735
f 2736 2683 2682
f 2738 2737 2736
f 2682 2738 2736
f 2684 2738 2682
f 2684 2685 2739
f 2740 2684 2739
f 2738 2684 2740
f 2687 2741 1449
f 2741 2687 2739
f 1398 2739 2687
f 2739 1398 2740
f 1449 2740 1398
f 2740 1449 2741
f 2687 1449 1450
f 2687 1450 2688
f 2689 2742 2691
f 1402 2688 1450
f 2742 2689 1404
f 1451 2742 1404
f 2743 2742 1451
f 2744 1451 1452
f 2744 2743 1451
f 2745 1452 1453
f 2745 2744 1452
f 2746 1453 1454
f 2746 2745 1453
f 2748 2746 2747
f 2746 1456 2747
f 2746 1454 1456
f 2692 2750 2749
f 1408 2692 2749
f 1459 1408 2749
f 2751 1459 2749
f 1457 2751 2749
f 1456 1457 2749
f 2747 1456 2749
f 2750 2747 2749
f 2751 1411 1459
f 2751 2695 1411
f 2751 1460 1461
f 2695 2751 1461
f 2695 1461 1462
f 2695 1462 2697
f 2752 1462 1463
f 1462 2752 2697
f 2753 2697 2752
f 2697 2753 1413
f 1464 1413 2753
f 2753 2700 1464
f 2699 1464 2700
f 1464 2699 1465
f 2754 1465 2699
f 1465 2754 2755
f 1467 2699 1416
f 2699 1467 2754
f 2756 2754 1467
f 2754 2756 2702
f 2701 2702 2756
f 2756 1417 2701
f 1417 2756 1468
f 2704 2705 2757
f 2758 2757 2705
f 2705 2706 2759
f 2760 2705 2759
f 2758 2705 2760
f 2761 2760 2759
f 1420 1469 2762
f 2763 1420 2762
f 2710 1420 2763
f 2713 2764 2712
f 2764 1469 2712
f 1469 1470 2712
f 1469 2764 2762
f 2712 1470 1471
f 2712 1471 2714
f 2717 2765 2716
f 1427 2714 1471
f 1428 1472 2719
f 2717 2718 2765
f 2719 1472 1432
f 1473 2722 1434
f 2722 1473 1436
f 1476 2766 1475
f 1477 2724 1439
f 1478 1475 2766
f 2724 1477 1440
f 2767 2727 2728
f 1444 1480 2730
f 2728 2731 2767
f 2730 1480 1481
f 2768 2730 1481
f 2734 2730 2768
f 2768 1484 1447
f 2768 1447 2734
f 2769 2737 2738
f 2769 2738 2740
f 2769 2740 2770
f 2770 2740 2741
f 2771 2748 2747
f 1457 1485 2751
f 2747 2750 2771
f 2751 1485 1460
f 2772 2752 1463
f 2772 1463 1486
f 1486 1465 2755
f 1486 2755 2772
f 1487 2756 1467
f 2758 2773 2757
f 1468 2756 1487
f 2773 2758 2760
f 2773 2760 2774
f 2774 2760 2761
f 1489 1490 2775
f 2762 2776 2763
f 2762 2764 2776
f 1489 2775 1491
f 1494 2777 1493
f 2777 1495 1493
f 1498 2778 1497
f 2778 1499 1497
f 1500 2766 1476
f 2766 1500 1478
f 1502 2768 1481
f 2768 1502 1484
f 1505 2779 1504
f 2779 1506 1504
f 1509 2780 1508
f 2780 1510 1508
f 1511 2775 1490
f 2775 1511 1491
f 1512 2777 1494
f 2777 1512 1495
f 1513 2778 1498
f 2778 1513 1499
f 1514 2779 1505
f 2779 1514 1506
f 1515 2780 1509
f 2780 1515 1510
f 1518 2781 1517
f 2781 1519 1517
f 1520 2781 1518
f 2781 1520 1519
f 2784 2783 2782
f 2785 2782 2783
f 2784 2782 2786
f 2784 2786 2787
f 2782 2785 2788
f 2782 2788 2786
f 2791 2790 2789
f 2792 2789 2790
f 2795 2794 2793
f 2796 2793 2794
f 2799 2798 2797
f 2800 2797 2798
f 2803 2802 2801
f 2804 2801 2802
f 2805 2787 2786
f 2805 2786 2788
f 1523 2806 1522
f 1524 1522 2806
f 2809 2808 2807
f 2810 2809 2807
f 2813 2812 2811
f 2814 2811 2812
f 2817 2816 2815
f 2819 2818 2815
f 2819 2815 2816
f 2821 2820 2818
f 2821 2818 2819
f 2822 2820 2821
f 2823 2791 2789
f 2826 2825 2824
f 2792 2823 2789
f 2827 2825 2826
f 2795 2793 1528
f 1529 2795 1528
f 2828 2795 1529
f 1530 1528 2793
f 2796 1530 2793
f 2829 1530 2796
f 2832 2831 2830
f 2799 2797 2833
f 2831 2834 2830
f 2833 2797 2800
f 2835 2803 2801
f 2835 2801 2804
f 2837 2836 1532
f 2837 1532 1533
f 1534 1532 2836
f 1534 2836 2838
f 2841 2840 2839
f 2843 2842 2839
f 2843 2839 2840
f 2845 2844 2842
f 2845 2842 2843
f 1523 1535 2806
f 2845 2846 2844
f 2847 2844 2846
f 2847 2846 1536
f 2809 1536 2846
f 1536 2809 1538
f 2808 2809 2846
f 1535 1524 2806
f 2849 2848 1539
f 2849 1539 1538
f 2810 2849 1538
f 2809 2810 1538
f 2851 2850 2848
f 2851 2848 2849
f 2850 2851 2813
f 2850 2813 2811
f 1540 2850 2811
f 1542 1540 2811
f 2853 2852 1543
f 2853 1543 1542
f 2814 2853 1542
f 2811 2814 1542
f 2855 2854 2852
f 2855 2852 2853
f 2857 2856 2854
f 2857 2854 2855
f 1546 1544 2856
f 2857 1546 2856
f 2858 1546 2857
f 1546 2859 1547
f 2858 2859 1546
f 2861 2860 1549
f 1547 2861 1549
f 2859 2861 1547
f 2862 2860 2861
f 2865 2864 2863
f 2867 2866 2863
f 2867 2863 2864
f 2868 2866 2867
f 2871 2870 2869
f 2873 2872 2869
f 2873 2869 2870
f 2872 2873 2817
f 2815 2872 2817
f 2874 2872 2815
f 2818 2876 2875
f 2874 2818 2875
f 2815 2818 2874
f 2878 2877 2876
f 2818 2878 2876
f 2820 2878 2818
f 2820 2822 2879
f 2880 2820 2879
f 2878 2820 2880
f 2882 2881 2880
f 2882 2880 2879
f 2884 2883 2881
f 2884 2881 2882
f 2886 2885 2883
f 2886 2883 2884
f 2888 2887 2885
f 2888 2885 2886
f 2890 2889 2887
f 2890 2887 2888
f 2892 2891 2889
f 2892 2889 2890
f 2891 2892 2824
f 2825 2891 2824
f 2893 2891 2825
f 2825 2827 2894
f 2895 2825 2894
f 2893 2825 2895
f 2896 2895 1550
f 2895 2828 1550
f 2828 1529 1550
f 2828 2895 2894
f 1530 2829 2897
f 2896 1530 2897
f 2898 2896 2897
f 1550 1530 2896
f 2898 2897 2832
f 2898 2832 2830
f 1553 2898 2830
f 1552 1553 2830
f 2834 2899 2830
f 2899 1552 2830
f 2899 1555 1552
f 2901 2900 1556
f 1555 2901 1556
f 2899 2901 1555
f 2903 2902 2900
f 2903 2900 2901
f 2905 2904 2902
f 2905 2902 2903
f 2906 2904 1558
f 2904 2837 1558
f 2837 1533 1558
f 2837 2904 2905
f 1561 1559 2907
f 2906 2907 1559
f 2907 2906 2838
f 1558 2838 2906
f 2838 1558 1534
f 2839 1563 2841
f 1563 2907 2841
f 1563 1561 2907
f 1563 2839 1565
f 1565 2839 2842
f 1565 2842 1566
f 1566 2842 2844
f 1566 2844 1568
f 1568 2844 2847
f 1568 2847 1536
f 2848 1570 1539
f 1570 2848 1573
f 1573 2848 2850
f 1573 2850 1540
f 2852 1575 1543
f 1575 2852 1578
f 1578 2852 2854
f 1578 2854 1580
f 1580 2854 2856
f 1580 2856 1544
f 2860 1581 1549
f 1582 1581 2860
f 2862 1582 2860
f 2908 1582 2862
f 2911 2910 2909
f 1584 1585 2909
f 2910 1584 2909
f 2912 1584 2910
f 2863 1587 2865
f 1587 2912 2865
f 1587 1584 2912
f 1587 2863 1589
f 1589 2863 2866
f 2914 2913 1590
f 2914 1590 1589
f 2868 2914 1589
f 2866 2868 1589
f 2913 2914 2871
f 2869 2913 2871
f 2915 2913 2869
f 2916 2869 2872
f 2915 2869 2916
f 2917 2872 2874
f 2916 2872 2917
f 2918 1592 1593
f 2874 2918 1593
f 2917 2874 1593
f 2918 2874 2875
f 2878 1594 2877
f 1594 2918 2877
f 1594 1592 2918
f 1594 2878 1595
f 2878 2919 1595
f 2878 2880 2919
f 1598 2919 1597
f 2919 2881 1597
f 2919 2880 2881
f 1597 2881 1599
f 2881 2920 1599
f 2881 2883 2920
f 2921 2883 2885
f 2920 2883 2921
f 1602 2921 1601
f 2921 2887 1601
f 2921 2885 2887
f 1601 2887 1604
f 1604 2887 2889
f 1604 2889 1606
f 1606 2889 2891
f 1606 2891 1608
f 1608 2891 2893
f 1608 2893 1609
f 2893 2922 1609
f 2893 2895 2922
f 2923 2895 2896
f 2922 2895 2923
f 1612 2923 1611
f 2923 2898 1611
f 2923 2896 2898
f 1611 2898 1553
f 2924 1613 1614
f 1615 2924 1614
f 2900 1617 1556
f 1617 2900 1619
f 1619 2900 2902
f 1619 2902 1620
f 1620 2902 2904
f 1620 2904 1622
f 1622 2904 2906
f 1622 2906 1559
f 2908 1635 1582
f 2925 1635 2908
f 2911 2909 2926
f 2911 2926 2927
f 1636 2928 1585
f 2928 2909 1585
f 2928 2926 2909
f 1637 2929 1636
f 1636 2929 2928
f 1638 2929 1637
f 2930 1639 2913
f 2913 1639 1590
f 1642 2930 1641
f 2930 2915 1641
f 2930 2913 2915
f 1641 2915 1644
f 1644 2915 2916
f 1644 2916 1646
f 1646 2916 2917
f 1648 1646 2931
f 1646 2917 2931
f 1593 1647 2931
f 1593 2931 2917
f 1650 2931 1647
f 2919 1651 1595
f 1651 2919 1598
f 2920 1654 1599
f 1654 2920 1655
f 1655 2920 2921
f 1655 2921 1602
f 2932 1658 1659
f 1660 2932 1659
f 2933 1662 2922
f 2922 1662 1609
f 2934 2922 2923
f 2933 2922 2934
f 1663 2935 1612
f 2935 2923 1612
f 2935 2934 2923
f 1613 2924 1666
f 2935 1663 1664
f 1666 2924 1615
f 2936 1673 1674
f 1675 2936 1674
f 2937 1677 1678
f 1679 2938 1678
f 1678 2938 2937
f 1681 2938 1679
f 2940 1689 2939
f 1689 2925 2939
f 1689 1635 2925
f 2941 2940 2939
f 2927 2926 1691
f 1692 2927 1691
f 2942 2927 1692
f 1691 2926 1694
f 1694 2926 2928
f 1694 2928 1696
f 1696 2928 2929
f 1696 2929 1638
f 2930 1698 1639
f 1698 2930 1642
f 2931 1703 1648
f 1703 2931 1650
f 2943 1708 1707
f 1710 2943 1707
f 2944 1712 1711
f 1713 2945 1711
f 1711 2945 2944
f 1714 2946 1713
f 1713 2946 2945
f 1658 2932 1714
f 2932 2946 1714
f 2932 2947 2946
f 1716 2947 1660
f 1660 2947 2932
f 2948 1717 2933
f 2933 1717 1662
f 2949 2933 2934
f 2948 2933 2949
f 1720 2949 1719
f 2949 2935 1719
f 2949 2934 2935
f 1719 2935 1664
f 2950 1721 1722
f 1723 2950 1722
f 2951 1726 1727
f 1728 2952 1727
f 1727 2952 2951
f 1730 2952 1728
f 2953 1731 1732
f 1734 2953 1732
f 2936 1736 1673
f 1736 2936 1675
f 2954 1739 2937
f 2937 1739 1677
f 1742 2954 1741
f 2954 2938 1741
f 2954 2937 2938
f 1741 2938 1681
f 2956 2955 2940
f 2955 1689 2940
f 2955 1747 1689
f 2956 2940 2941
f 1692 1748 2957
f 2958 1692 2957
f 2942 1692 2958
f 1749 2957 1748
f 2959 1756 1757
f 1758 2959 1757
f 2960 1760 1761
f 1762 2961 1761
f 1761 2961 2960
f 1708 2943 1765
f 2961 1762 1763
f 1767 1765 2962
f 1765 2943 2962
f 1710 1766 2962
f 1710 2962 2943
f 1712 2944 1766
f 2944 2962 1766
f 2944 2963 2962
f 2964 2944 2945
f 2963 2944 2964
f 2965 2945 2946
f 2964 2945 2965
f 1770 2965 1769
f 2965 2947 1769
f 2965 2946 2947
f 1772 1769 2966
f 1769 2947 2966
f 1716 1771 2966
f 1716 2966 2947
f 1717 2948 1771
f 2948 2966 1771
f 2948 2967 2966
f 2968 2948 2949
f 2967 2948 2968
f 2968 2949 1720
f 2969 2968 1720
f 1773 2969 1720
f 2970 2968 2969
f 1773 1721 2950
f 2971 1773 2950
f 2969 1773 2971
f 2973 2971 2972
f 2972 2971 1774
f 2971 2950 1774
f 2950 1723 1774
f 1775 2974 1774
f 1774 2974 2972
f 1726 2951 1775
f 2951 2974 1775
f 2951 2975 2974
f 2952 2977 2976
f 2975 2952 2976
f 2951 2952 2975
f 2952 1730 2977
f 1730 2978 2977
f 1730 1777 2978
f 2979 1778 2953
f 2953 1778 1731
f 1779 2980 1734
f 2980 2953 1734
f 2980 2979 2953
f 2980 1779 2981
f 1779 2982 2981
f 1779 1780 2982
f 1780 1782 2982
f 2982 1782 2983
f 2986 2985 2984
f 2984 2987 2986
f 2954 1785 1739
f 1785 2954 2988
f 1787 2988 1742
f 1742 2988 2954
f 2989 1790 1789
f 1792 2989 1789
f 2991 1795 2990
f 1795 2955 2990
f 1795 1747 2955
f 2992 2991 2990
f 2958 2957 2993
f 2958 2993 2994
f 1797 2993 1749
f 1749 2993 2957
f 2995 1803 1804
f 1756 2959 1804
f 2959 2995 1804
f 2959 2996 2995
f 1805 2997 1758
f 2997 2959 1758
f 2997 2996 2959
f 1760 2960 1805
f 2960 2997 1805
f 2960 2998 2997
f 1808 2998 1807
f 2998 2961 1807
f 2998 2960 2961
f 1810 1807 2999
f 1807 2961 2999
f 1763 1809 2999
f 1763 2999 2961
f 1767 2962 1809
f 2962 2999 1809
f 2962 3000 2999
f 2963 3002 3001
f 3000 2963 3001
f 2962 2963 3000
f 3004 3003 3002
f 2963 3004 3002
f 2964 3004 2963
f 3005 2964 2965
f 3004 2964 3005
f 3005 2965 1770
f 3006 3005 1770
f 1811 3006 1770
f 3007 3005 3006
f 3006 1811 1772
f 3008 3006 1772
f 2966 3008 1772
f 3006 3008 3009
f 2967 3011 3010
f 3008 2967 3010
f 2966 2967 3008
f 3013 3012 3011
f 2967 3013 3011
f 2968 3013 2967
f 3014 1813 1814
f 2968 3014 1814
f 3013 2968 1814
f 3014 2968 2970
f 3016 3015 1815
f 1813 3016 1815
f 3014 3016 1813
f 3015 3016 2973
f 3015 2973 2972
f 1818 3015 2972
f 1817 1818 2972
f 1817 2972 1819
f 2972 3017 1819
f 2972 2974 3017
f 1822 3017 1821
f 3017 2975 1821
f 3017 2974 2975
f 3019 3018 1823
f 3019 1823 1821
f 2976 3019 1821
f 2975 2976 1821
f 3020 3018 1824
f 3018 2978 1824
f 2978 1777 1824
f 2978 3018 3019
f 1778 2979 1824
f 2979 3020 1824
f 2979 3021 3020
f 1827 3021 1826
f 3021 2980 1826
f 3021 2979 2980
f 2981 3022 2980
f 3022 1826 2980
f 3022 1828 1826
f 3023 1832 1831
f 2983 1782 3022
f 1828 3022 1782
f 2985 3024 2984
f 1831 1833 3023
f 3025 3023 1833
f 3024 2987 2984
f 1836 1785 2988
f 1833 1834 3025
f 1836 2988 1787
f 3026 1837 1838
f 1839 3027 1838
f 1838 3027 3026
f 1790 2989 1842
f 3027 1839 1840
f 1842 2989 1792
f 3029 3028 2991
f 3028 1795 2991
f 3028 1847 1795
f 3029 2991 2992
f 3030 2994 2993
f 2993 1797 3030
f 1797 3031 3030
f 1797 1849 3031
f 3032 1851 1852
f 1853 3032 1852
f 3033 1855 2995
f 2995 1855 1803
f 3034 2995 2996
f 3033 2995 3034
f 3035 2996 2997
f 3034 2996 3035
f 2998 3037 3036
f 3035 2998 3036
f 2997 2998 3035
f 3039 3037 3038
f 3038 3037 1856
f 3037 2998 1856
f 2998 1808 1856
f 1810 2999 1856
f 2999 3038 1856
f 2999 3040 3038
f 3041 2999 3000
f 3040 2999 3041
f 3000 3001 3042
f 3043 3000 3042
f 3041 3000 3043
f 3043 3042 3003
f 3004 3043 3003
f 3044 3043 3004
f 3005 3046 3045
f 3044 3005 3045
f 3004 3005 3044
f 3046 3005 3007
f 3009 3008 3047
f 3009 3047 3048
f 3008 3010 3049
f 3008 3049 3047
f 3012 3013 1858
f 1859 3012 1858
f 3050 3012 1859
f 1858 3013 1814
f 3051 1861 3015
f 3015 1861 1815
f 1862 3052 1818
f 3052 3015 1818
f 3052 3051 3015
f 1819 3017 1862
f 3017 3052 1862
f 3017 3053 3052
f 1863 3054 1822
f 3054 3017 1822
f 3054 3053 3017
f 1823 3018 1863
f 3018 3054 1863
f 3018 3055 3054
f 3056 3018 3020
f 3055 3018 3056
f 3057 3020 3021
f 3056 3020 3057
f 1865 3057 1827
f 1827 3057 3021
f 3058 1867 3023
f 3023 1867 1832
f 3059 3023 3025
f 3058 3023 3059
f 1869 3059 1834
f 1834 3059 3025
f 3060 1870 3026
f 3026 1870 1837
f 1873 3060 1872
f 3060 3027 1872
f 3060 3026 3027
f 1872 3027 1840
f 3028 1880 1847
f 3061 1880 3028
f 3063 3062 1882
f 3063 1882 1883
f 1849 1882 3031
f 3031 1882 3062
f 3032 1886 1851
f 1886 3032 1853
f 3064 1888 1889
f 1889 1855 3064
f 1855 3033 3064
f 1892 1890 3064
f 1892 3064 3033
f 1892 3033 1893
f 3033 3065 1893
f 3033 3034 3065
f 3066 3034 3035
f 3065 3034 3066
f 3035 3036 3067
f 3068 3035 3067
f 3066 3035 3068
f 3068 3067 3039
f 3038 3068 3039
f 3069 3068 3038
f 1896 3069 1895
f 3069 3040 1895
f 3069 3038 3040
f 1895 3040 1897
f 3040 3070 1897
f 3040 3041 3070
f 3071 3041 3043
f 3070 3041 3071
f 3044 3073 3072
f 3071 3044 3072
f 3043 3044 3071
f 3044 3074 3073
f 3044 3075 3074
f 3044 3045 3076
f 3075 3044 3076
f 3078 3077 3075
f 3078 3075 3076
f 3048 3047 3079
f 3078 3080 3077
f 3047 3081 3079
f 3047 3082 3081
f 3047 3049 3083
f 3082 3047 3083
f 3084 3082 1898
f 3082 3050 1898
f 3050 1859 1898
f 3050 3082 3083
f 1899 3085 1898
f 1898 3085 3084
f 3086 3085 1899
f 3086 1899 1861
f 3087 3086 1861
f 3051 3087 1861
f 3089 3088 3087
f 3051 3089 3087
f 3052 3089 3051
f 3090 3052 3053
f 3089 3052 3090
f 3091 3053 3054
f 3090 3053 3091
f 3092 3054 3055
f 3091 3054 3092
f 3093 3055 3056
f 3092 3055 3093
f 3057 3095 3094
f 3093 3057 3094
f 3056 3057 3093
f 3097 3095 3096
f 3096 3095 1901
f 3095 3057 1901
f 3057 1865 1901
f 1902 3098 1901
f 1901 3098 3096
f 1902 1867 3098
f 1867 3058 3098
f 1905 1903 3098
f 1905 3098 3058
f 1905 3058 1906
f 3058 3099 1906
f 3058 3059 3099
f 1907 3100 1869
f 3100 3059 1869
f 3100 3099 3059
f 1907 1870 3100
f 1870 3060 3100
f 1910 1908 3100
f 1910 3100 3060
f 1910 3060 1873
f 3103 3102 3101
f 3102 3104 3101
f 3061 1914 1880
f 3105 1914 3061
f 1883 1916 3106
f 3107 1883 3106
f 3063 1883 3107
f 1918 3106 1916
f 3064 1922 1888
f 1922 3064 1890
f 3108 1924 3065
f 3065 1924 1893
f 3109 3065 3066
f 3108 3065 3109
f 3110 3066 3068
f 3109 3066 3110
f 3111 3068 3069
f 3110 3068 3111
f 1925 3112 1896
f 3112 3069 1896
f 3112 3111 3069
f 1897 3070 1925
f 3070 3112 1925
f 3070 3113 3112
f 3114 3070 3071
f 3113 3070 3114
f 3071 3072 3115
f 3116 3071 3115
f 3114 3071 3116
f 3116 3115 3074
f 3075 3116 3074
f 3117 3116 3075
f 3118 3075 3077
f 3117 3075 3118
f 3077 3080 3119
f 3120 3077 3119
f 3118 3077 3120
f 3120 3119 3081
f 3120 3081 3082
f 1928 3120 3082
f 1927 1928 3082
f 1927 3082 1929
f 3082 3121 1929
f 3082 3084 3121
f 3122 3084 3085
f 3121 3084 3122
f 3085 3086 3123
f 3124 3085 3123
f 3122 3085 3124
f 3124 3123 3088
f 3089 3124 3088
f 3125 3124 3089
f 3126 3089 3090
f 3125 3089 3126
f 3127 3090 3091
f 3126 3090 3127
f 1932 3127 1931
f 3127 3092 1931
f 3127 3091 3092
f 1931 3092 1933
f 3092 3128 1933
f 3092 3093 3128
f 3093 3094 3129
f 3130 3093 3129
f 3128 3093 3130
f 3130 3129 3097
f 3096 3130 3097
f 3131 3130 3096
f 3132 3096 3098
f 3131 3096 3132
f 1935 3132 1903
f 1903 3132 3098
f 3133 1936 3099
f 3099 1936 1906
f 3134 3099 3100
f 3133 3099 3134
f 1938 3135 1908
f 3135 3100 1908
f 3135 3134 3100
f 3103 3136 3102
f 3135 1938 1939
f 3102 3136 3104
f 3105 1943 1914
f 3137 1943 3105
f 3107 3139 3138
f 3107 1946 3139
f 3107 3106 1945
f 1946 3107 1945
f 3106 1918 1945
f 3140 3138 3139
f 3141 1950 1951
f 1952 3142 1951
f 1951 3142 3141
f 1953 3143 1952
f 1952 3143 3142
f 1953 1924 3143
f 1924 3108 3143
f 1956 1954 3143
f 1956 3143 3108
f 1956 3108 1957
f 3108 3144 1957
f 3108 3109 3144
f 3145 3109 3110
f 3144 3109 3145
f 3146 3110 3111
f 3145 3110 3146
f 3147 3111 3112
f 3146 3111 3147
f 3148 3112 3113
f 3147 3112 3148
f 3149 3113 3114
f 3148 3113 3149
f 3116 3151 3150
f 3149 3116 3150
f 3114 3116 3149
f 3153 3152 3151
f 3116 3153 3151
f 3117 3153 3116
f 3118 3155 3154
f 3153 3118 3154
f 3117 3118 3153
f 3157 3156 3155
f 3118 3157 3155
f 3120 3157 3118
f 3157 3120 1928
f 3158 3157 1928
f 1958 3158 1928
f 3159 3157 3158
f 3158 1958 1929
f 3160 3158 1929
f 3121 3160 1929
f 3158 3160 3161
f 3122 3163 3162
f 3160 3122 3162
f 3121 3122 3160
f 3165 3164 3163
f 3122 3165 3163
f 3124 3165 3122
f 1962 3165 1961
f 3165 3125 1961
f 3165 3124 3125
f 1961 3125 1963
f 3125 3166 1963
f 3125 3126 3166
f 3167 3126 3127
f 3166 3126 3167
f 1964 3168 1932
f 3168 3127 1932
f 3168 3167 3127
f 1933 3128 1964
f 3128 3168 1964
f 3128 3169 3168
f 1967 3169 1966
f 3169 3130 1966
f 3169 3128 3130
f 1966 3130 1968
f 3130 3170 1968
f 3130 3131 3170
f 3171 3131 3132
f 3170 3131 3171
f 1969 3172 1935
f 3172 3132 1935
f 3172 3171 3132
f 1936 3133 1969
f 3133 3172 1969
f 3133 3173 3172
f 1971 3173 1972
f 3173 3134 1972
f 3173 3133 3134
f 1972 3134 1973
f 1973 3134 3135
f 1973 3135 1939
f 3175 1979 3174
f 1979 3137 3174
f 1979 1943 3137
f 3176 3175 3174
f 3178 1980 3177
f 3178 1946 1980
f 3139 1946 3178
f 3139 3178 3179
f 3179 3140 3139
f 1981 3177 1980
f 3180 1983 3141
f 3141 1983 1950
f 1986 3180 1985
f 3180 3142 1985
f 3180 3141 3142
f 1985 3142 1988
f 1988 3142 3143
f 1988 3143 1954
f 3181 1990 3144
f 3144 1990 1957
f 3182 3144 3145
f 3181 3144 3182
f 3183 3145 3146
f 3182 3145 3183
f 3184 3146 3147
f 3183 3146 3184
f 1993 3184 1992
f 3184 3148 1992
f 3184 3147 3148
f 1992 3148 1994
f 3148 3185 1994
f 3148 3149 3185
f 3149 3150 3186
f 3187 3149 3186
f 3185 3149 3187
f 3187 3186 3152
f 3153 3187 3152
f 3188 3187 3153
f 3153 3154 3189
f 3190 3153 3189
f 3188 3153 3190
f 3190 3189 3156
f 3157 3190 3156
f 3191 3190 3157
f 3157 3159 3192
f 3193 3157 3192
f 3191 3157 3193
f 3193 3192 3161
f 3160 3193 3161
f 3194 3193 3160
f 3160 3162 3195
f 3196 3160 3195
f 3194 3160 3196
f 3196 3195 3164
f 3165 3196 3164
f 3197 3196 3165
f 1995 3198 1962
f 3198 3165 1962
f 3198 3197 3165
f 1963 3166 1995
f 3166 3198 1995
f 3166 3199 3198
f 3200 3166 3167
f 3199 3166 3200
f 3201 3167 3168
f 3200 3167 3201
f 3202 3168 3169
f 3201 3168 3202
f 1996 3203 1967
f 3203 3169 1967
f 3203 3202 3169
f 1996 1968 3203
f 1968 3170 3203
f 1999 1997 3203
f 1999 3203 3170
f 1999 3170 2000
f 3170 3204 2000
f 3170 3171 3204
f 2003 3204 2002
f 3204 3172 2002
f 3204 3171 3172
f 2002 3172 2005
f 2005 3172 3173
f 2005 3173 1971
f 3206 2011 3205
f 2011 1979 3205
f 3205 1979 3175
f 3207 3205 3175
f 3175 3176 3207
f 2011 3206 2013
f 3178 3177 3208
f 3178 3208 3209
f 2015 3208 1981
f 1981 3208 3177
f 3180 2017 1983
f 2017 3180 1986
f 3212 3211 3210
f 2021 2022 3213
f 3212 3210 3214
f 1990 3181 2022
f 3181 3213 2022
f 3181 3215 3213
f 3216 3181 3182
f 3215 3181 3216
f 3217 3182 3183
f 3216 3182 3217
f 3218 3183 3184
f 3217 3183 3218
f 2023 3219 1993
f 3219 3184 1993
f 3219 3218 3184
f 1994 3185 2023
f 3185 3219 2023
f 3185 3220 3219
f 3221 3185 3187
f 3220 3185 3221
f 3222 3187 3188
f 3221 3187 3222
f 3223 3188 3190
f 3222 3188 3223
f 3191 3225 3224
f 3223 3191 3224
f 3190 3191 3223
f 3227 3226 3225
f 3191 3227 3225
f 3193 3227 3191
f 3228 3193 3194
f 3227 3193 3228
f 2026 3228 2025
f 3228 3196 2025
f 3228 3194 3196
f 2025 3196 2027
f 3196 3229 2027
f 3196 3197 3229
f 3230 3197 3198
f 3229 3197 3230
f 3231 3198 3199
f 3230 3198 3231
f 3232 3199 3200
f 3231 3199 3232
f 3233 3200 3201
f 3232 3200 3233
f 3234 3201 3202
f 3233 3201 3234
f 3235 3202 3203
f 3234 3202 3235
f 2029 3236 1997
f 3236 3203 1997
f 3236 3235 3203
f 2029 2000 3236
f 2000 3204 3236
f 2031 2030 3236
f 2031 3236 3204
f 2031 3204 2003
f 3206 3205 2040
f 3205 2039 2040
f 3205 3237 2039
f 3206 2040 2013
f 3209 3208 3238
f 3209 3238 3239
f 2042 3238 2015
f 2015 3238 3208
f 3211 3240 3210
f 3213 2048 2021
f 3240 3214 3210
f 2048 3213 2051
f 2051 3213 3215
f 2051 3215 2053
f 2053 3215 3216
f 2053 3216 2054
f 3216 3241 2054
f 3216 3217 3241
f 3242 3217 3218
f 3241 3217 3242
f 3243 3218 3219
f 3242 3218 3243
f 3220 3245 3244
f 3243 3220 3244
f 3219 3220 3243
f 2057 3246 2056
f 3246 3220 2056
f 3220 3221 2056
f 3246 3245 3220
f 2056 3221 2058
f 3221 3247 2058
f 3221 3222 3247
f 3248 3222 3223
f 3247 3222 3248
f 3223 3224 3249
f 3250 3223 3249
f 3248 3223 3250
f 3250 3249 3226
f 3227 3250 3226
f 3251 3250 3227
f 2061 3251 2060
f 3251 3228 2060
f 3251 3227 3228
f 2063 2060 3252
f 2060 3228 3252
f 2026 2062 3252
f 2026 3252 3228
f 2027 3229 2062
f 3229 3252 2062
f 3229 3253 3252
f 3254 3229 3230
f 3253 3229 3254
f 3255 3230 3231
f 3254 3230 3255
f 3256 3231 3232
f 3255 3231 3256
f 3233 3258 3257
f 3256 3233 3257
f 3232 3233 3256
f 3260 3259 3258
f 3233 3260 3258
f 3234 3260 3233
f 3261 3234 3235
f 3260 3234 3261
f 3262 3235 3236
f 3261 3235 3262
f 2065 3262 2030
f 2030 3262 3236
f 3263 2070 2071
f 2072 3263 2071
f 3237 2075 2039
f 3264 2075 3237
f 3239 3238 3265
f 3239 3265 3266
f 2077 3265 2042
f 2042 3265 3238
f 3267 2083 2084
f 2085 3267 2084
f 3268 2088 3241
f 3241 2088 2054
f 2091 3268 2090
f 3268 3242 2090
f 3268 3241 3242
f 2090 3242 2092
f 3242 3269 2092
f 3242 3243 3269
f 3270 2094 2095
f 3243 3270 2095
f 3269 3243 2095
f 3270 3243 3244
f 2057 2096 3246
f 3271 3246 2096
f 3246 3271 3270
f 2097 3270 3271
f 3270 2097 2094
f 2058 3247 2096
f 3247 3271 2096
f 3247 3272 3271
f 3273 3247 3248
f 3272 3247 3273
f 3274 3248 3250
f 3273 3248 3274
f 3275 3250 3251
f 3274 3250 3275
f 3278 3277 3276
f 2061 2099 3251
f 3275 3251 2099
f 3276 3279 3278
f 3252 2100 2063
f 2100 3252 3280
f 3281 3252 3253
f 3280 3252 3281
f 3282 3253 3254
f 3281 3253 3282
f 2103 3282 2102
f 3282 3255 2102
f 3282 3254 3255
f 2102 3255 2104
f 3255 3283 2104
f 3255 3256 3283
f 3256 3257 3284
f 3285 3256 3284
f 3283 3256 3285
f 3285 3284 3259
f 3260 3285 3259
f 3286 3285 3260
f 2107 3286 2106
f 3286 3261 2106
f 3286 3260 3261
f 2106 3261 2109
f 2109 3261 3262
f 2109 3262 2065
f 3263 2113 2070
f 2113 3263 2072
f 3264 2115 2075
f 3287 2115 3264
f 3266 3265 3288
f 3266 3288 3289
f 2117 3288 2077
f 2077 3288 3265
f 3290 2120 2119
f 2121 3290 2119
f 3267 2124 2083
f 2124 3267 2085
f 3291 2127 3268
f 3268 2127 2088
f 2129 3292 2091
f 3293 2091 3292
f 2091 3293 3268
f 3294 3268 3293
f 3268 3294 3291
f 2092 3292 2130
f 3292 2092 3293
f 3269 3293 2092
f 3293 3269 3295
f 3296 3295 3269
f 2131 3297 2095
f 3297 3269 2095
f 3297 3296 3269
f 2131 2097 3297
f 2097 3271 3297
f 2134 2132 3297
f 2134 3297 3271
f 2134 3271 2135
f 3271 3298 2135
f 3271 3272 3298
f 2138 3298 2137
f 3298 3273 2137
f 3298 3272 3273
f 2137 3273 2140
f 2140 3273 3274
f 2140 3274 2141
f 3274 3299 2141
f 3274 3275 3299
f 3276 3277 3300
f 2099 2142 3275
f 3301 3275 2142
f 3275 3301 3299
f 3276 3300 3279
f 2142 2100 3301
f 3280 3301 2100
f 3301 3280 3302
f 3303 3280 3281
f 3302 3280 3303
f 3304 3281 3282
f 3303 3281 3304
f 3304 3282 2103
f 3305 3304 2103
f 2143 3305 2103
f 3306 3304 3305
f 3305 2143 2104
f 3307 3305 2104
f 3283 3307 2104
f 3305 3307 3308
f 3285 3310 3309
f 3307 3285 3309
f 3283 3285 3307
f 2146 3311 2145
f 3311 3285 2145
f 3285 3286 2145
f 3311 3310 3285
f 2145 3286 2107
f 3312 2147 2148
f 2149 3312 2148
f 3287 2154 2115
f 3313 2154 3287
f 3289 3288 3314
f 3289 3314 3315
f 2156 3314 2117
f 2117 3314 3288
f 3290 2158 2120
f 2158 3290 2121
f 3316 2160 2159
f 2162 3316 2159
f 3317 2163 2164
f 2166 3318 2164
f 2164 3318 3317
f 2168 3318 2166
f 3291 2169 2127
f 3291 3294 2169
f 3319 2169 3294
f 2169 3319 2172
f 3320 3319 3294
f 2129 2171 3292
f 3292 2171 2130
f 3320 3295 3319
f 3296 3319 3295
f 3319 3296 3321
f 3322 3296 3297
f 3321 3296 3322
f 2173 3323 2132
f 3323 3297 2132
f 3323 3322 3297
f 2135 3298 2173
f 3298 3323 2173
f 3298 3324 3323
f 2174 3325 2138
f 3325 3298 2138
f 3325 3324 3298
f 2175 3326 2174
f 2174 3326 3325
f 2141 3299 2175
f 3299 3326 2175
f 3299 3327 3326
f 3328 3299 3301
f 3327 3299 3328
f 3329 3301 3302
f 3328 3301 3329
f 2178 3329 2177
f 3329 3303 2177
f 3329 3302 3303
f 2177 3303 2180
f 2180 3303 3304
f 3306 3330 3304
f 3330 2180 3304
f 3330 2182 2180
f 3307 2184 3308
f 2184 3330 3308
f 2184 2182 3330
f 3309 3331 3307
f 3331 2184 3307
f 3331 2186 2184
f 2146 2186 3311
f 3311 2186 3331
f 3312 2188 2147
f 2188 3312 2149
f 3333 2194 3332
f 2194 3313 3332
f 2194 2154 3313
f 3334 3333 3332
f 3315 3314 3335
f 3315 3335 3336
f 2196 3335 2156
f 2156 3335 3314
f 3316 2197 2160
f 2197 3316 2162
f 3337 2199 2200
f 2163 3317 2203
f 3337 2200 2201
f 2203 3317 2204
f 2204 3317 3318
f 2204 3318 2168
f 3338 2209 3319
f 3319 2209 2172
f 3339 3319 3321
f 3338 3319 3339
f 3340 3321 3322
f 3339 3321 3340
f 2212 3340 2211
f 3340 3323 2211
f 3340 3322 3323
f 2211 3323 2214
f 3323 3341 2214
f 3323 3324 3341
f 2216 3341 2215
f 3341 3325 2215
f 3341 3324 3325
f 2215 3325 2219
f 2219 3325 3326
f 3326 3327 3342
f 2220 3326 3342
f 3343 2220 3342
f 3326 2220 2219
f 3345 3344 3342
f 3327 3345 3342
f 3328 3345 3327
f 3346 3328 3329
f 3345 3328 3346
f 2221 3347 2178
f 3347 3329 2178
f 3347 3346 3329
f 2222 3347 2221
f 3348 2230 2231
f 2232 3348 2231
f 3350 3349 3333
f 3349 2194 3333
f 3349 2233 2194
f 3350 3333 3334
f 3336 3335 3351
f 3336 3351 3352
f 2235 3351 2196
f 2196 3351 3335
f 3337 2238 2199
f 2238 3337 2201
f 3353 2244 3338
f 3338 2244 2209
f 2245 3353 2247
f 3353 3339 2247
f 3353 3338 3339
f 2247 3339 2248
f 3339 3354 2248
f 3339 3340 3354
f 2250 3354 2212
f 2212 3354 3340
f 3355 2251 3341
f 3341 2251 2214
f 2253 3355 2216
f 2216 3355 3341
f 3356 2254 2255
f 2258 2256 3357
f 3356 3357 2256
f 3357 3356 3343
f 2255 3343 3356
f 3343 2255 2220
f 3345 3358 2259
f 3357 3345 2259
f 2258 3357 2259
f 3344 3345 3357
f 3346 3360 3359
f 3358 3346 3359
f 3345 3346 3358
f 3362 3361 3360
f 3346 3362 3360
f 3347 3362 3346
f 2261 3362 2222
f 2222 3362 3347
f 3348 2271 2230
f 2271 3348 2232
f 3349 3363 2233
f 2233 3363 2272
f 2274 2272 3363
f 2274 3363 3364
f 3352 3351 3365
f 3352 3365 3366
f 2276 3365 2235
f 2235 3365 3351
f 3353 2285 2244
f 2285 3353 2245
f 3367 2288 3354
f 3354 2288 2248
f 2290 3367 2250
f 2250 3367 3354
f 3368 2291 3355
f 3355 2291 2251
f 2292 3369 2253
f 3369 3355 2253
f 3369 3368 3355
f 2254 3356 2292
f 3356 3369 2292
f 3356 3370 3369
f 2293 3371 2256
f 3371 3356 2256
f 3371 3370 3356
f 2293 2259 3371
f 2259 3358 3371
f 2296 2294 3371
f 2296 3371 3358
f 2298 2296 3358
f 3372 2298 3358
f 3359 3372 3358
f 3373 2298 3372
f 3374 3361 3362
f 2298 3374 3362
f 2300 2298 3362
f 3374 2298 3373
f 2300 3362 2261
f 3376 3375 2307
f 2307 3375 2306
f 2307 2274 3364
f 2307 3364 3376
f 3366 3365 2309
f 2310 3366 2309
f 3377 3366 2310
f 2309 3365 2276
f 3378 2313 2314
f 2315 3379 2314
f 2314 3379 3378
f 2316 3380 2315
f 2315 3380 3379
f 2317 3380 2316
f 3381 2320 2321
f 2322 3381 2321
f 3382 2325 2326
f 3385 3384 3383
f 3367 3385 3383
f 2288 3367 3383
f 2326 2288 3383
f 3382 2326 3383
f 2327 3382 3383
f 2329 2327 3383
f 3386 2329 3383
f 3384 3386 3383
f 3385 3367 3387
f 3367 2290 3387
f 2329 3386 3387
f 2329 3387 2290
f 3388 2331 3368
f 3368 2331 2291
f 2334 3388 2333
f 3388 3369 2333
f 3388 3368 3369
f 2333 3369 2335
f 3369 3389 2335
f 3369 3370 3389
f 3390 3370 3371
f 3389 3370 3390
f 2336 3391 2294
f 3391 3371 2294
f 3391 3390 3371
f 2336 2337 3391
f 3372 3392 3373
f 3393 3373 3392
f 3374 3373 3394
f 3394 3373 3393
f 3375 2347 2306
f 3395 2347 3375
f 2310 2348 3396
f 3397 2310 3396
f 3377 2310 3397
f 2349 3396 2348
f 3378 2351 2313
f 2351 3378 2353
f 2353 3378 3379
f 2353 3379 2355
f 3379 3398 2355
f 3379 3380 3398
f 2356 3398 2317
f 2317 3398 3380
f 3381 2358 2320
f 2358 3381 2322
f 3399 2359 2360
f 2361 3399 2360
f 3382 2363 2325
f 2327 2363 3382
f 2366 3386 2365
f 3384 2365 3386
f 2365 3384 3400
f 2366 2367 3386
f 2367 3387 3386
f 2367 3401 3387
f 3402 2369 3388
f 3388 2369 2331
f 2370 3403 2334
f 3403 3388 2334
f 3403 3402 3388
f 2335 3389 2370
f 3389 3403 2370
f 3389 3404 3403
f 3405 3389 3390
f 3404 3389 3405
f 3406 3390 3391
f 3405 3390 3406
f 3393 3392 3407
f 2337 2371 3391
f 3408 3391 2371
f 3391 3408 3406
f 3393 3407 3394
f 3409 2371 2372
f 2371 3409 3408
f 2373 3409 2372
f 3410 2379 2380
f 2381 3410 2380
f 3395 3411 2347
f 2347 3411 2384
f 2385 2384 3411
f 2385 3411 3412
f 3397 3396 2387
f 2388 3397 2387
f 3413 3397 2388
f 2387 3396 2349
f 3398 2391 2355
f 2391 3398 2356
f 3399 2395 2359
f 2395 3399 2361
f 3414 2398 2399
f 2365 3400 3415
f 3414 2365 3415
f 3416 3414 3415
f 2399 2365 3414
f 3415 3401 3416
f 3401 2401 3416
f 3401 2367 2401
f 3402 2402 2369
f 2402 3402 2405
f 2405 3402 3403
f 2405 3403 2407
f 2407 3403 3404
f 2407 3404 2408
f 3404 3417 2408
f 3404 3405 3417
f 3406 3419 3418
f 3417 3406 3418
f 3405 3406 3417
f 2411 3420 2410
f 3420 3406 2410
f 3406 3408 2410
f 3420 3419 3406
f 2410 3408 2413
f 2413 3408 3409
f 2413 3409 2373
f 3410 2418 2379
f 2418 3410 2381
f 3421 2420 2421
f 3422 3421 2421
f 2385 3422 2421
f 3412 3422 2385
f 2388 2422 3423
f 3424 2388 3423
f 3413 2388 3424
f 2424 3423 2422
f 3414 2434 2398
f 2434 3414 2436
f 3414 3425 2436
f 3414 3416 3425
f 2438 3425 2401
f 2401 3425 3416
f 3426 2439 2440
f 2441 3426 2440
f 3427 2444 3417
f 3417 2444 2408
f 3428 2446 2447
f 3417 3428 2447
f 3427 3417 2447
f 3428 3417 3418
f 2411 2448 3420
f 3429 3420 2448
f 3420 3429 3428
f 2449 3428 3429
f 3428 2449 2446
f 2450 3429 2448
f 3430 2452 2453
f 2454 3430 2453
f 3432 3431 3421
f 3431 2420 3421
f 3431 2460 2420
f 3432 3421 3422
f 3424 3423 3433
f 3424 3433 3434
f 2461 3433 2424
f 2424 3433 3423
f 3435 2468 2469
f 2470 3436 2469
f 2469 3436 3435
f 2471 3436 2470
f 3425 2473 2436
f 2473 3425 2438
f 3426 2476 2439
f 2479 2476 3437
f 2476 3426 3437
f 2441 2478 3437
f 2441 3437 3426
f 2480 3438 2478
f 2478 3438 3437
f 2444 3427 2482
f 3438 2480 2481
f 2482 3427 2447
f 3429 2484 2449
f 2484 3429 2450
f 3430 2487 2452
f 2487 3430 2454
f 3439 2491 2492
f 2493 3439 2492
f 3440 2497 2495
f 2498 3440 2495
f 3431 3441 2460
f 2460 3441 2499
f 2500 2499 3441
f 2500 3441 3442
f 3434 3433 2502
f 2503 3434 2502
f 3443 3434 2503
f 2502 3433 2461
f 3435 2510 2468
f 2510 3435 2512
f 2512 3435 3436
f 2512 3436 2471
f 3444 2517 3437
f 3437 2517 2479
f 2520 3444 2519
f 3444 3438 2519
f 3444 3437 3438
f 2519 3438 2481
f 3439 2525 2491
f 2525 3439 2493
f 3440 2528 2497
f 2528 3440 2498
f 3442 2530 2500
f 3445 2530 3442
f 2532 3443 2503
f 2532 3446 3443
f 3447 2542 2543
f 2544 3447 2543
f 3444 2546 2517
f 2546 3444 2520
f 3448 2551 2549
f 2552 3448 2549
f 3449 2553 2554
f 2556 3449 2554
f 3450 2559 2560
f 2561 3450 2560
f 3451 2566 2564
f 2567 3451 2564
f 3445 2568 2530
f 3452 2568 3445
f 2570 3446 2532
f 2570 3453 3446
f 3447 2576 2542
f 2576 3447 2544
f 3448 2580 2551
f 2580 3448 2552
f 3449 2581 2553
f 2581 3449 2556
f 3450 2582 2559
f 2582 3450 2561
f 3451 2584 2566
f 2584 3451 2567
f 3454 2586 2587
f 3455 3454 2587
f 2568 3455 2587
f 3452 3455 2568
f 2589 3453 2570
f 2589 3456 3453
f 2597 2586 3454
f 3459 3458 3457
f 2598 3457 3458
f 2598 3455 3457
f 2598 2597 3454
f 3455 2598 3454
f 3462 3461 3460
f 3463 3460 3461
f 3465 3464 2600
f 3465 2600 2601
f 2589 2600 3456
f 3456 2600 3464
f 3458 3459 3466
f 3466 3459 3467
f 3466 2607 2598
f 3466 2598 3458
f 3468 3462 3460
f 3471 3470 3469
f 3463 3468 3460
f 3472 3470 2608
f 3470 3465 2608
f 3465 2601 2608
f 3465 3470 3471
f 2609 3472 2608
f 3474 3473 3467
f 3473 2612 3467
f 2614 3466 3467
f 2614 3467 2612
f 2614 2607 3466
f 3473 3474 3475
f 3469 3470 3476
f 3469 3476 3477
f 3472 3479 3478
f 3476 3472 3478
f 3470 3472 3476
f 3472 2609 3479
f 2609 3480 3479
f 2609 2615 3480
f 3481 2619 2620
f 2621 3481 2620
f 3484 3483 3482
f 2623 2624 3485
f 3484 3482 3486
f 3485 2624 2625
f 3489 3488 3487
f 3487 3490 3489
f 3491 2627 2628
f 2629 3491 2628
f 3492 2630 2631
f 2632 3493 2631
f 2631 3493 3492
f 2634 3493 2632
f 3496 3495 3494
f 3494 3497 3496
f 3473 2636 2612
f 2637 2636 3473
f 3475 2637 3473
f 3498 2637 3475
f 3477 3476 3499
f 3477 3499 3500
f 3501 2639 2640
f 3476 3501 2640
f 3499 3476 2640
f 3501 3476 3478
f 2615 3502 3480
f 3502 2615 3503
f 2639 3503 2615
f 3503 2639 3504
f 3501 3504 2639
f 3503 2642 3502
f 2642 2643 3502
f 3506 3505 3502
f 3506 3502 2643
f 2647 3506 2643
f 3508 3507 2650
f 2650 3507 2649
f 3510 3508 3509
f 3508 2651 3509
f 3508 2650 2651
f 2653 3511 2651
f 2651 3511 3509
f 2654 3511 2653
f 3514 3513 3512
f 2657 2656 3512
f 2656 3514 3512
f 2656 3515 3514
f 2656 2619 3481
f 3516 2656 3481
f 3515 2656 3516
f 3516 3481 2621
f 2660 3516 2621
f 3517 3516 2660
f 3518 2660 2661
f 3518 3517 2660
f 3520 3519 2663
f 3519 2661 2663
f 3519 3518 2661
f 2665 2666 3520
f 2666 3519 3520
f 2666 3521 3519
f 3482 3483 3522
f 3521 3524 3523
f 3524 3521 2667
f 2666 2667 3521
f 3522 3486 3482
f 3527 3526 3525
f 3527 3525 3524
f 3527 3524 2667
f 3527 2667 2623
f 3527 2623 3485
f 3527 3485 2668
f 3527 2668 2669
f 3527 2669 3528
f 3527 3528 3526
f 2625 2668 3485
f 3528 3488 3526
f 3488 3528 3487
f 3529 3487 3528
f 3490 3531 3530
f 3531 3490 2673
f 3487 2673 3490
f 2673 3487 2672
f 3529 2672 3487
f 3533 3531 3532
f 3531 2673 3532
f 2675 3534 3532
f 2675 3532 2673
f 3534 3535 3532
f 3537 3536 2678
f 2678 3536 2677
f 3539 3538 2679
f 3538 2678 2679
f 3538 3537 2678
f 2681 2680 3539
f 2680 3538 3539
f 2680 3540 3538
f 3542 3541 2683
f 3541 2680 2683
f 3541 3540 2680
f 3544 3543 3542
f 3542 3543 3541
f 3545 3543 3491
f 3543 2685 3491
f 2685 2627 3491
f 3543 3544 2685
f 3545 3491 2629
f 2686 3545 2629
f 3546 3545 2686
f 2686 2630 3492
f 3547 2686 3492
f 3546 2686 3547
f 3548 2690 2691
f 3492 3549 3547
f 3549 3492 3493
f 3549 3493 3550
f 2634 3550 3493
f 3550 2634 3551
f 2690 3551 2634
f 3551 2690 3548
f 3553 3552 3551
f 3551 3552 3550
f 3553 3554 3552
f 3557 3556 3555
f 2692 2693 3555
f 2693 3557 3555
f 2693 3558 3557
f 3559 2693 2694
f 3559 3558 2693
f 3561 3559 3560
f 3559 2696 3560
f 3559 2694 2696
f 3495 3562 3494
f 2696 2698 3560
f 3563 3560 2698
f 3562 3497 3494
f 2700 3563 2698
f 3564 2702 2703
f 2704 3564 2703
f 3566 3565 2707
f 2707 3565 2706
f 2707 2637 3498
f 2707 3498 3566
f 3567 3500 3499
f 3567 3499 2640
f 2708 3567 2640
f 3568 3567 2708
f 2709 3503 3504
f 3568 2709 3504
f 2708 2709 3568
f 2709 2642 3503
f 3570 3505 3569
f 3506 3569 3505
f 2710 3569 2647
f 2647 3569 3506
f 3572 3571 2711
f 2711 3571 2713
f 3507 3573 2649
f 3574 2649 3573
f 2649 3574 2711
f 3575 2711 3574
f 2711 3575 3572
f 3509 2715 3510
f 3574 3510 2715
f 3510 3574 3573
f 2716 3574 2715
f 3578 3577 3576
f 3578 3576 3579
f 2718 3579 3576
f 3579 2718 3511
f 2715 3511 2718
f 3511 2715 3509
f 3579 3511 2654
f 2720 3579 2654
f 3580 3579 2720
f 3583 3582 3581
f 3580 3512 3513
f 3512 3580 2721
f 2720 2721 3580
f 2721 2657 3512
f 3583 3581 3584
f 3587 3586 3585
f 3588 3585 3586
f 2723 3520 2663
f 3520 3589 2665
f 3589 3520 3590
f 2723 3590 3520
f 3590 2723 3591
f 2665 3591 2723
f 3591 2665 3589
f 3591 3589 3523
f 3524 3591 3523
f 3592 3591 3524
f 3528 2669 2725
f 3592 3525 3593
f 3525 3592 3524
f 3528 2725 2726
f 3528 2726 3529
f 3531 3594 3530
f 3595 2729 2727
f 3529 2726 2672
f 3531 3533 3594
f 3534 2675 2732
f 3595 2731 2729
f 2732 2733 3534
f 2733 3596 3534
f 3596 3535 3534
f 2733 3597 3596
f 3598 3597 2733
f 2677 3598 2733
f 3536 3598 2677
f 2735 3539 2679
f 3539 2735 2681
f 2736 3542 2683
f 3542 2736 2737
f 3599 3542 2737
f 3544 3542 3599
f 3600 2739 2685
f 3544 3600 2685
f 3599 3600 3544
f 3600 2741 2739
f 3603 3602 3601
f 3604 3548 3602
f 2691 3602 3548
f 3602 2691 3601
f 2742 3601 2691
f 3601 2742 3605
f 2743 3605 2742
f 3605 2743 3606
f 3551 3606 2743
f 3606 3551 3604
f 3548 3604 3551
f 3551 2743 2744
f 3551 2744 3553
f 3607 3554 3553
f 2744 3607 3553
f 2745 3607 2744
f 3608 2745 2746
f 3608 3607 2745
f 3609 3555 2748
f 3555 3608 2748
f 3608 2746 2748
f 3555 3556 3608
f 3609 2750 2692
f 3609 2692 3555
f 3612 3611 3610
f 3610 3614 3613
f 3610 3560 3614
f 3610 3611 3561
f 3560 3610 3561
f 3614 3616 3615
f 3616 3614 2752
f 3560 2752 3614
f 2752 3560 2753
f 3563 2753 3560
f 3563 2700 2753
f 2754 3616 2755
f 3616 2754 3615
f 3617 3615 2754
f 2754 2702 3564
f 3618 2754 3564
f 3617 2754 3618
f 2704 2757 3564
f 2757 3619 3564
f 3619 3618 3564
f 3619 2757 3620
f 3620 3621 2759
f 3565 3620 2759
f 2706 3565 2759
f 3620 3565 3619
f 3621 2761 2759
f 3622 3570 3569
f 2710 2763 3569
f 2763 3623 3569
f 3623 3622 3569
f 3623 2763 3624
f 3571 3623 3624
f 2764 3571 3624
f 2713 3571 2764
f 3625 3575 3574
f 3625 3576 3577
f 3625 2765 3576
f 3625 3574 2716
f 2765 3625 2716
f 3576 2765 2718
f 3628 3627 3626
f 3582 3583 3629
f 3627 3630 3626
f 3629 3583 3584
f 3631 3587 3585
f 3631 3585 3588
f 3632 3590 3591
f 3632 3591 3592
f 3632 3592 3633
f 3636 3635 3634
f 3593 3633 3592
f 3638 3637 3635
f 3638 3635 3636
f 2727 2767 3595
f 3637 3638 3639
f 3595 2767 2731
f 3640 3596 3597
f 3640 3597 3598
f 3643 3642 3641
f 3644 3641 3642
f 3599 2737 2769
f 3647 3646 3645
f 3646 3647 3648
f 3600 2769 2770
f 2769 3600 3599
f 3600 2770 2741
f 3649 3603 3601
f 3649 3601 3605
f 3649 3605 3650
f 3650 3605 3606
f 2771 3609 2748
f 3609 2771 2750
f 3651 3612 3610
f 3651 3610 3613
f 2772 3616 2752
f 3616 2772 2755
f 2773 3620 2757
f 3620 2773 2774
f 3620 2774 3621
f 3621 2774 2761
f 2776 3624 2763
f 3624 2776 2764
f 3652 3628 3626
f 3652 3626 3630
f 3655 3654 3653
f 3656 3653 3654
f 3657 3634 3635
f 3657 3635 3637
f 3657 3637 3658
f 3658 3637 3639
f 3661 3660 3659
f 3643 3641 3662
f 3660 3663 3659
f 3662 3641 3644
f 3664 3645 3646
f 3664 3646 3648
f 3665 3655 3653
f 3665 3653 3656
f 3666 3661 3659
f 3666 3659 3663
f 3669 3668 3667
f 3670 3667 3668
f 3671 3669 3667
f 3671 3667 3670
f 2784 3672 2783
f 3672 2785 2783
f 3675 3674 3673
f 3676 3673 3674
f 2787 3677 3672
f 2787 3672 2784
f 3677 2788 2785
f 3677 2785 3672
f 3680 3679 3678
f 3681 3678 3679
f 3684 3683 3682
f 3685 3682 3683
f 3688 3687 3686
f 3689 3686 3687
f 3675 3673 3690
f 3675 3690 3691
f 3673 3676 3692
f 3693 3673 3692
f 3690 3673 3693
f 3694 3693 3692
f 2791 3695 2790
f 2792 2790 3695
f 3698 3697 3696
f 3699 3698 3696
f 2795 3700 2794
f 3700 2796 2794
f 2799 3701 2798
f 3701 2800 2798
f 2803 3702 2802
f 3702 2804 2802
f 3705 3704 3703
f 2787 2805 3677
f 3704 3706 3703
f 3707 3703 3706
f 3677 2805 2788
f 3709 3706 3708
f 3706 3709 3707
f 3709 3708 3680
f 3678 3709 3680
f 3710 3709 3678
f 2807 2808 3711
f 3681 3712 3678
f 3710 3678 3712
f 3714 3711 3713
f 3714 2807 3711
f 3714 3715 2810
f 2807 3714 2810
f 3716 3715 3714
f 3718 3717 2812
f 3718 2812 2813
f 3720 3719 2814
f 2812 3720 2814
f 3717 3720 2812
f 3721 3719 3720
f 3724 3723 3722
f 3726 3725 3722
f 3726 3722 3723
f 3728 3727 3725
f 3728 3725 3726
f 3730 3729 3727
f 3730 3727 3728
f 3731 3729 3730
f 3732 3684 3682
f 3732 3682 3685
f 3688 3686 3733
f 3688 3733 3734
f 3686 3689 3735
f 3686 3735 3733
f 3738 3737 3736
f 2816 2817 3736
f 3737 2816 3736
f 3739 2816 3737
f 3739 3741 3740
f 2819 3739 3740
f 2816 3739 2819
f 3742 2821 2819
f 3742 2819 3740
f 2822 2821 3742
f 3745 3744 3743
f 3745 3743 3691
f 3690 3745 3691
f 3746 3745 3690
f 3747 3690 3693
f 3746 3690 3747
f 3693 3694 3748
f 3693 3748 3747
f 3751 3750 3749
f 3752 3749 3750
f 3695 2791 2823
f 3755 3754 3753
f 3754 3755 2824
f 3698 2824 3755
f 2824 3698 2826
f 3697 3698 3755
f 2823 2792 3695
f 2827 2826 3698
f 3699 2827 3698
f 3756 2827 3699
f 3758 3757 3700
f 2795 3758 3700
f 2828 3758 2795
f 2829 2796 3700
f 3759 2829 3700
f 3757 3759 3700
f 2829 3759 3760
f 2831 2832 3760
f 3759 2831 3760
f 3761 2831 3759
f 3701 2799 2833
f 2831 3762 2834
f 3762 2831 3763
f 3761 3763 2831
f 3701 2833 2800
f 3765 3763 3764
f 3763 3765 3762
f 3766 3702 3764
f 2803 3764 3702
f 3764 2803 3765
f 2835 3765 2803
f 3765 2835 3767
f 3768 3702 3766
f 3702 3768 2804
f 3769 2804 3768
f 2804 3769 2835
f 3767 2835 3769
f 2836 2837 3769
f 3768 2836 3769
f 3770 2836 3768
f 3772 3771 2838
f 2836 3772 2838
f 3770 3772 2836
f 3771 3772 3705
f 3771 3705 3703
f 2841 3771 3703
f 2840 2841 3703
f 2840 3703 2843
f 2843 3703 3707
f 2843 3707 2845
f 2845 3707 3709
f 2845 3709 2846
f 2846 3709 3710
f 3710 3712 2846
f 3712 3773 2846
f 3711 2808 2846
f 3711 2846 3773
f 3715 2849 2810
f 3773 3713 3711
f 3716 3774 3715
f 3774 2849 3715
f 3774 2851 2849
f 2813 2851 3718
f 3718 2851 3774
f 3719 2853 2814
f 3721 3775 3719
f 3775 2853 3719
f 3775 2855 2853
f 3722 2857 3724
f 2857 3775 3724
f 2857 2855 3775
f 2857 3722 2858
f 2858 3722 3725
f 2858 3725 2859
f 2859 3725 3727
f 2859 3727 2861
f 2861 3727 3729
f 2862 2861 3729
f 3731 2862 3729
f 3776 2862 3731
f 3779 3778 3777
f 3781 3780 3777
f 3781 3777 3778
f 2864 2865 3780
f 3781 2864 3780
f 3782 2864 3781
f 3733 2867 3734
f 2867 3782 3734
f 2867 2864 3782
f 3784 3783 2868
f 3784 2868 2867
f 3735 3784 2867
f 3733 3735 2867
f 2870 2871 3783
f 3784 2870 3783
f 3785 2870 3784
f 3736 2873 3738
f 2873 3785 3738
f 2873 2870 3785
f 2873 3736 2817
f 3787 3786 3741
f 3786 2875 3741
f 2876 3740 3741
f 2876 3741 2875
f 3788 3786 3787
f 3786 3788 2877
f 3742 2877 3788
f 2877 3742 2876
f 3740 2876 3742
f 3744 3745 3788
f 3745 2879 3788
f 2822 3742 3788
f 2822 3788 2879
f 2879 3745 2882
f 2882 3745 3746
f 2882 3746 2884
f 2884 3746 3747
f 3748 3789 3747
f 3789 2884 3747
f 3789 2886 2884
f 3749 2888 3751
f 2888 3789 3751
f 2888 2886 3789
f 3752 3790 3749
f 3790 2888 3749
f 3790 2890 2888
f 3754 2892 3753
f 2892 3790 3753
f 2892 2890 3790
f 2892 3754 2824
f 3756 3791 2827
f 2827 3791 2894
f 2828 2894 3758
f 3758 2894 3791
f 3760 2897 2829
f 2897 3760 2832
f 3762 2899 2834
f 2899 3762 2901
f 2901 3762 3765
f 2901 3765 2903
f 2903 3765 3767
f 2903 3767 2905
f 2905 3767 3769
f 2905 3769 2837
f 3771 2907 2838
f 2907 3771 2841
f 3776 2908 2862
f 3792 2908 3776
f 3779 3777 2910
f 2911 3779 2910
f 3793 3779 2911
f 2910 3777 2912
f 2912 3777 3780
f 2912 3780 2865
f 3783 2914 2868
f 2914 3783 2871
f 3786 2918 2875
f 2918 3786 2877
f 3792 2925 2908
f 3794 2925 3792
f 2927 3793 2911
f 2927 3795 3793
f 3794 3796 2925
f 2925 3796 2939
f 2941 2939 3796
f 2941 3796 3797
f 3800 3799 3798
f 3799 3795 3798
f 3795 2942 3798
f 3795 2927 2942
f 3801 2955 2956
f 3802 3801 2956
f 2941 3802 2956
f 3797 3802 2941
f 3803 3800 3798
f 3798 2942 3803
f 2942 3804 3803
f 2942 2958 3804
f 3805 2970 2969
f 2971 3806 2969
f 2969 3806 3805
f 2973 3806 2971
f 3807 2976 2977
f 2978 3807 2977
f 3808 2981 2982
f 2983 3808 2982
f 3809 2985 2986
f 2987 3809 2986
f 3801 2990 2955
f 2992 2990 3801
f 3802 2992 3801
f 3810 2992 3802
f 2994 3804 2958
f 2994 3811 3804
f 3812 3001 3002
f 3003 3812 3002
f 3813 3007 3006
f 3009 3813 3006
f 3814 3010 3011
f 3012 3814 3011
f 3805 3014 2970
f 3014 3805 3016
f 3016 3805 3806
f 3016 3806 2973
f 3807 3019 2976
f 3019 3807 2978
f 3808 3022 2981
f 3022 3808 2983
f 3809 3024 2985
f 3024 3809 2987
f 3815 3028 3029
f 3816 3815 3029
f 2992 3816 3029
f 3810 3816 2992
f 2994 3030 3817
f 3818 2994 3817
f 3811 2994 3818
f 3031 3817 3030
f 3819 3036 3037
f 3039 3819 3037
f 3812 3042 3001
f 3042 3812 3003
f 3820 3045 3046
f 3007 3813 3046
f 3813 3820 3046
f 3813 3821 3820
f 3048 3821 3009
f 3009 3821 3813
f 3822 3049 3814
f 3814 3049 3010
f 3050 3822 3012
f 3012 3822 3814
f 3825 3824 3823
f 3823 3826 3825
f 3828 3827 3815
f 3827 3028 3815
f 3827 3061 3028
f 3828 3815 3816
f 3818 3817 3062
f 3063 3818 3062
f 3829 3818 3063
f 3062 3817 3031
f 3819 3067 3036
f 3067 3819 3039
f 3830 3072 3073
f 3045 3820 3076
f 3830 3073 3074
f 3076 3820 3078
f 3078 3820 3821
f 3080 3078 3831
f 3078 3821 3831
f 3048 3079 3831
f 3048 3831 3821
f 3049 3822 3083
f 3831 3079 3081
f 3083 3822 3050
f 3832 3086 3087
f 3088 3832 3087
f 3824 3833 3823
f 3823 3833 3826
f 3834 3094 3095
f 3097 3834 3095
f 3835 3103 3101
f 3104 3835 3101
f 3827 3105 3061
f 3836 3105 3827
f 3107 3829 3063
f 3107 3837 3829
f 3830 3115 3072
f 3115 3830 3074
f 3831 3119 3080
f 3119 3831 3081
f 3832 3123 3086
f 3123 3832 3088
f 3834 3129 3094
f 3129 3834 3097
f 3835 3136 3103
f 3136 3835 3104
f 3839 3137 3838
f 3137 3836 3838
f 3137 3105 3836
f 3840 3839 3838
f 3107 3138 3841
f 3842 3107 3841
f 3837 3107 3842
f 3140 3841 3138
f 3843 3150 3151
f 3152 3843 3151
f 3844 3154 3155
f 3156 3844 3155
f 3845 3159 3158
f 3161 3845 3158
f 3846 3162 3163
f 3846 3163 3164
f 3849 3848 3847
f 3847 3850 3849
f 3174 3137 3839
f 3853 3852 3851
f 3176 3851 3852
f 3176 3840 3851
f 3176 3174 3839
f 3840 3176 3839
f 3842 3841 3179
f 3178 3842 3179
f 3854 3842 3178
f 3179 3841 3140
f 3843 3186 3150
f 3186 3843 3152
f 3844 3189 3154
f 3189 3844 3156
f 3845 3192 3159
f 3192 3845 3161
f 3846 3195 3162
f 3848 3855 3847
f 3195 3846 3164
f 3847 3855 3850
f 3857 3856 3853
f 3856 3205 3853
f 3207 3852 3853
f 3207 3853 3205
f 3207 3176 3852
f 3856 3857 3858
f 3209 3854 3178
f 3209 3859 3854
f 3860 3211 3212
f 3214 3860 3212
f 3861 3224 3225
f 3226 3861 3225
f 3862 3237 3856
f 3856 3237 3205
f 3856 3858 3863
f 3856 3863 3862
f 3239 3859 3209
f 3239 3864 3859
f 3860 3240 3211
f 3240 3860 3214
f 3865 3244 3245
f 3246 3865 3245
f 3861 3249 3224
f 3249 3861 3226
f 3866 3257 3258
f 3259 3866 3258
f 3867 3264 3862
f 3862 3264 3237
f 3862 3863 3868
f 3862 3868 3867
f 3266 3864 3239
f 3266 3869 3864
f 3865 3270 3244
f 3270 3865 3246
f 3870 3277 3278
f 3279 3870 3278
f 3866 3284 3257
f 3284 3866 3259
f 3871 3287 3867
f 3867 3287 3264
f 3867 3868 3872
f 3867 3872 3871
f 3289 3869 3266
f 3289 3873 3869
f 3874 3294 3293
f 3295 3874 3293
f 3870 3300 3277
f 3300 3870 3279
f 3875 3306 3305
f 3308 3875 3305
f 3876 3309 3310
f 3311 3876 3310
f 3877 3313 3871
f 3871 3313 3287
f 3871 3872 3878
f 3871 3878 3877
f 3315 3873 3289
f 3315 3879 3873
f 3874 3320 3294
f 3320 3874 3295
f 3882 3881 3880
f 3880 3883 3882
f 3875 3330 3306
f 3330 3875 3308
f 3876 3331 3309
f 3331 3876 3311
f 3877 3332 3313
f 3334 3332 3877
f 3878 3334 3877
f 3884 3334 3878
f 3336 3879 3315
f 3336 3885 3879
f 3886 3343 3342
f 3881 3887 3880
f 3887 3883 3880
f 3344 3886 3342
f 3888 3349 3350
f 3889 3888 3350
f 3334 3889 3350
f 3884 3889 3334
f 3352 3885 3336
f 3352 3890 3885
f 3886 3357 3343
f 3357 3886 3344
f 3891 3359 3360
f 3361 3891 3360
f 3893 3363 3892
f 3363 3349 3892
f 3892 3349 3888
f 3894 3892 3888
f 3888 3889 3894
f 3363 3893 3364
f 3897 3896 3895
f 3896 3890 3895
f 3890 3366 3895
f 3890 3352 3366
f 3898 3372 3891
f 3891 3372 3359
f 3374 3898 3361
f 3361 3898 3891
f 3893 3892 3376
f 3892 3375 3376
f 3892 3899 3375
f 3893 3376 3364
f 3900 3897 3895
f 3895 3366 3900
f 3366 3901 3900
f 3366 3377 3901
f 3902 3384 3385
f 3387 3902 3385
f 3903 3392 3898
f 3898 3392 3372
f 3394 3903 3374
f 3374 3903 3898
f 3899 3395 3375
f 3904 3395 3899
f 3397 3901 3377
f 3397 3905 3901
f 3906 3400 3902
f 3902 3400 3384
f 3401 3906 3387
f 3387 3906 3902
f 3903 3407 3392
f 3407 3903 3394
f 3411 3395 3907
f 3395 3908 3907
f 3395 3904 3908
f 3907 3412 3411
f 3413 3905 3397
f 3413 3909 3905
f 3912 3911 3910
f 3910 3913 3912
f 3906 3415 3400
f 3415 3906 3401
f 3914 3418 3419
f 3420 3914 3419
f 3907 3908 3915
f 3915 3908 3916
f 3915 3422 3412
f 3915 3412 3907
f 3424 3909 3413
f 3424 3917 3909
f 3911 3918 3910
f 3910 3918 3913
f 3914 3428 3418
f 3428 3914 3420
f 3915 3916 3432
f 3916 3431 3432
f 3916 3919 3431
f 3915 3432 3422
f 3434 3917 3424
f 3434 3920 3917
f 3441 3431 3921
f 3431 3922 3921
f 3431 3919 3922
f 3921 3442 3441
f 3443 3920 3434
f 3443 3923 3920
f 3922 3924 3921
f 3442 3921 3924
f 3925 3442 3924
f 3445 3442 3925
f 3446 3923 3443
f 3446 3926 3923
f 3925 3452 3445
f 3927 3452 3925
f 3453 3926 3446
f 3453 3928 3926
f 3927 3455 3452
f 3929 3455 3927
f 3456 3928 3453
f 3456 3930 3928
f 3931 3459 3457
f 3932 3931 3457
f 3455 3932 3457
f 3929 3932 3455
f 3934 3933 3461
f 3934 3461 3462
f 3463 3461 3933
f 3463 3933 3935
f 3937 3936 3464
f 3937 3464 3465
f 3456 3464 3930
f 3930 3464 3936
f 3938 3467 3931
f 3931 3467 3459
f 3931 3932 3939
f 3940 3931 3939
f 3938 3931 3940
f 3941 3940 3939
f 3942 3934 3462
f 3942 3462 3468
f 3471 3469 3943
f 3942 3463 3935
f 3463 3942 3468
f 3937 3465 3944
f 3465 3943 3944
f 3943 3945 3944
f 3465 3471 3943
f 3945 3946 3944
f 3938 3474 3467
f 3938 3940 3947
f 3475 3938 3947
f 3948 3475 3947
f 3938 3475 3474
f 3947 3940 3941
f 3477 3949 3943
f 3477 3943 3469
f 3949 3478 3479
f 3945 3949 3479
f 3943 3949 3945
f 3479 3480 3945
f 3480 3946 3945
f 3480 3950 3946
f 3952 3951 3484
f 3484 3951 3483
f 3484 3486 3952
f 3952 3486 3953
f 3954 3488 3489
f 3490 3954 3489
f 3957 3956 3955
f 3955 3958 3957
f 3961 3960 3959
f 3959 3962 3961
f 3965 3964 3963
f 3963 3966 3965
f 3967 3495 3496
f 3497 3967 3496
f 3948 3498 3475
f 3968 3498 3948
f 3500 3969 3949
f 3500 3949 3477
f 3970 3501 3478
f 3949 3970 3478
f 3969 3970 3949
f 3504 3501 3970
f 3502 3971 3480
f 3972 3480 3971
f 3480 3972 3950
f 3505 3971 3502
f 3974 3973 3508
f 3508 3973 3507
f 3976 3975 3510
f 3975 3508 3510
f 3975 3974 3508
f 3976 3977 3975
f 3979 3978 3514
f 3514 3978 3513
f 3981 3979 3980
f 3979 3515 3980
f 3979 3514 3515
f 3516 3982 3515
f 3515 3982 3980
f 3517 3983 3516
f 3516 3983 3982
f 3983 3517 3984
f 3517 3985 3984
f 3517 3518 3985
f 3986 3518 3519
f 3986 3985 3518
f 3988 3986 3987
f 3986 3521 3987
f 3986 3519 3521
f 3951 3990 3989
f 3483 3951 3989
f 3522 3483 3989
f 3991 3522 3989
f 3523 3991 3989
f 3521 3523 3989
f 3987 3521 3989
f 3990 3987 3989
f 3525 3526 3992
f 3991 3525 3992
f 3522 3991 3992
f 3486 3522 3992
f 3953 3486 3992
f 3993 3953 3992
f 3994 3993 3992
f 3526 3994 3992
f 3488 3954 3526
f 3954 3994 3526
f 3954 3995 3994
f 3530 3995 3490
f 3490 3995 3954
f 3996 3533 3532
f 3996 3532 3535
f 3999 3998 3997
f 3999 3997 3956
f 3956 3997 3955
f 3997 3536 3955
f 3536 3537 3955
f 3537 3538 3955
f 3538 4000 3955
f 4000 3958 3955
f 3538 4001 4000
f 3540 4002 3538
f 3538 4002 4001
f 4002 3540 4003
f 3540 4004 4003
f 3540 3541 4004
f 4007 4006 4005
f 4004 3959 3960
f 3959 4004 3543
f 3541 3543 4004
f 4005 4008 4007
f 3962 3959 4009
f 3543 4009 3959
f 4009 3543 3545
f 4010 3545 3546
f 4010 4009 3545
f 4012 4010 4011
f 4010 3547 4011
f 4010 3546 3547
f 4011 3547 4013
f 3547 4014 4013
f 3547 3549 4014
f 4016 4014 4015
f 4014 3550 4015
f 4014 3549 3550
f 4015 3550 4017
f 3550 4018 4017
f 3550 3552 4018
f 4019 3963 3554
f 3963 4018 3554
f 4018 3552 3554
f 3963 3964 4018
f 3966 3963 4020
f 3963 4021 4020
f 3963 4019 4021
f 3556 3557 4022
f 4020 4021 4023
f 3558 4024 3557
f 3557 4024 4022
f 4024 3558 4025
f 3558 4026 4025
f 3558 3559 4026
f 3559 3561 4026
f 4026 3561 4027
f 3562 3495 3967
f 4030 4029 4028
f 3497 3562 3967
f 4032 4028 4031
f 4029 4031 4028
f 4034 4033 4031
f 4031 4033 4032
f 4034 4035 4033
f 4036 3565 3566
f 4037 4036 3566
f 3498 4037 3566
f 3968 4037 3498
f 3567 3969 3500
f 3969 3567 3568
f 3969 3568 3970
f 3971 4038 3972
f 3504 3970 3568
f 3505 3570 3971
f 3570 4039 3971
f 4039 4038 3971
f 4039 3570 4040
f 4042 4041 4040
f 4040 4041 4039
f 3571 3572 4043
f 4041 4042 4044
f 4043 3572 3575
f 4045 3573 3973
f 3507 3973 3573
f 4045 3510 3573
f 3510 4045 3976
f 4046 3976 4045
f 3976 4046 3578
f 3577 3578 4046
f 4047 3977 3976
f 3578 4047 3976
f 3579 4047 3578
f 4048 3579 3580
f 4048 4047 3579
f 3581 3582 4049
f 4048 3513 3978
f 3513 4048 3580
f 4049 3981 3581
f 3981 4049 4050
f 3584 4050 4049
f 4050 3584 3980
f 3581 3980 3584
f 3980 3581 3981
f 4052 4051 4050
f 3980 4052 4050
f 3982 4052 3980
f 4055 4054 4053
f 3586 3587 3983
f 4052 3983 3587
f 3983 4052 3982
f 3588 4054 4055
f 3588 3984 4054
f 3588 3586 3983
f 3984 3588 3983
f 4058 4057 4056
f 3987 3589 3988
f 4056 3988 3589
f 3988 4056 4057
f 3590 4056 3589
f 4061 4060 4059
f 4063 3991 4062
f 4059 4063 4062
f 4061 4059 4062
f 3990 4061 4062
f 3987 3990 4062
f 3589 3987 4062
f 3523 3589 4062
f 3991 3523 4062
f 4064 3993 3994
f 3593 3525 4063
f 3991 4063 3525
f 4066 4065 4064
f 3994 4066 4064
f 3995 4066 3994
f 3594 4067 3530
f 4067 3995 3530
f 4067 4066 3995
f 3533 3996 3594
f 3996 4067 3594
f 3996 4068 4067
f 4070 4068 4069
f 3998 4070 4069
f 3997 3998 4069
f 4071 3997 4069
f 3596 4071 4069
f 3535 3596 4069
f 3996 3535 4069
f 4068 3996 4069
f 4071 3598 3536
f 4071 3536 3997
f 4072 4000 4001
f 4072 4001 4002
f 4072 4002 4073
f 4073 4002 4003
f 4074 4006 4007
f 4074 4007 4008
f 4077 4076 4075
f 4075 4076 4012
f 4075 4012 4011
f 3603 4075 4011
f 3602 3603 4011
f 3604 3602 4011
f 4078 3604 4011
f 4013 4078 4011
f 4079 3604 4078
f 4015 4080 4016
f 3606 3604 4079
f 4080 4015 4017
f 3607 4019 3554
f 4019 3607 3608
f 4019 3608 4021
f 3608 4023 4021
f 3608 4081 4023
f 3608 3556 4022
f 4081 3608 4022
f 4081 4022 4024
f 4081 4024 4082
f 3611 3612 4083
f 4024 4025 4082
f 3613 3614 4084
f 4083 3613 4084
f 3611 4083 4084
f 3561 3611 4084
f 4027 3561 4084
f 4085 4027 4084
f 4086 4085 4084
f 3614 4086 4084
f 4030 4087 4029
f 4087 3614 4029
f 3614 3615 4029
f 3614 4087 4086
f 4029 3615 3617
f 4029 3617 4031
f 4031 3617 3618
f 4031 3618 4034
f 4088 4035 4034
f 3618 4088 4034
f 3619 4088 3618
f 3619 3565 4036
f 4089 3619 4036
f 4088 3619 4089
f 4089 4036 4037
f 3622 4040 3570
f 4040 3622 3623
f 4040 3623 4042
f 3623 4044 4042
f 3623 4090 4044
f 3623 3571 4043
f 4090 3623 4043
f 4090 4043 3575
f 3625 4090 3575
f 4091 4090 3625
f 4046 4092 3577
f 4093 3577 4092
f 3577 4093 3625
f 4094 3625 4093
f 3625 4094 4091
f 4095 4093 4092
f 3628 4096 3627
f 3629 4049 3582
f 3630 3627 4096
f 3584 4049 3629
f 4099 4098 4097
f 4051 4052 4100
f 4099 4101 4098
f 4100 4055 4053
f 4100 3631 4055
f 4100 4052 3587
f 3631 4100 3587
f 4055 3631 3588
f 4102 4058 4056
f 4102 4059 4060
f 4102 3632 4059
f 4102 4056 3590
f 3632 4102 3590
f 4059 3632 3633
f 4059 3633 4063
f 3593 4063 3633
f 3636 3634 4103
f 4066 4104 4065
f 4103 3638 3636
f 3638 4103 4105
f 3639 3638 4105
f 4106 4104 4067
f 4066 4067 4104
f 4106 4067 4068
f 4106 4068 4107
f 3596 3640 4071
f 4068 4070 4107
f 4071 3640 3598
f 3643 4108 3642
f 4108 3644 3642
f 3645 4109 3647
f 4109 3648 3647
f 4110 4077 4075
f 4110 4075 3603
f 3649 4110 3603
f 4111 4110 3649
f 3650 4079 4078
f 4111 3650 4078
f 3649 3650 4111
f 4079 3650 3606
f 3651 4083 3612
f 4086 4112 4085
f 3613 4083 3651
f 4112 4086 4087
f 4115 4114 4113
f 4094 4093 4116
f 4114 4117 4113
f 4116 4093 4095
f 3652 4096 3628
f 4096 3652 3630
f 4118 4097 4098
f 4118 4098 4101
f 3655 4119 3654
f 4119 3656 3654
f 3657 4103 3634
f 4103 3657 3658
f 4103 3658 4105
f 4105 3658 3639
f 3661 4120 3660
f 3662 4108 3643
f 3663 3660 4120
f 4108 3662 3644
f 3664 4109 3645
f 4109 3664 3648
f 4123 4122 4121
f 4124 4121 4122
f 4125 4115 4113
f 4125 4113 4117
f 3665 4119 3655
f 4119 3665 3656
f 3666 4120 3661
f 4120 3666 3663
f 4126 4123 4121
f 4126 4121 4124
f 3669 4127 3668
f 4127 3670 3668
f 4130 4129 4128
f 4131 4128 4129
f 3671 4127 3669
f 4127 3671 3670
f 3675 4132 3674
f 4132 3676 3674
f 4133 4130 4128
f 4133 4128 4131
f 4136 4135 4134
f 4137 3679 3680
f 4138 4134 4135
f 4137 3681 3679
f 4141 4140 4139
f 4143 4142 4139
f 4143 4139 4140
f 4144 4142 4143
f 4147 4146 4145
f 4149 4148 4145
f 4149 4145 4146
f 4151 4150 4148
f 4151 4148 4149
f 4152 4150 4151
f 4154 4153 3683
f 4154 3683 3684
f 4156 4155 3685
f 3683 4156 3685
f 4153 4156 3683
f 4157 4155 4156
f 3688 4158 3687
f 4158 3689 3687
f 4161 4160 4159
f 4162 4159 4160
f 4165 4164 4163
f 3691 4163 3675
f 4164 3675 4163
f 3675 4164 4132
f 4166 4132 4164
f 4132 4166 4167
f 4168 3692 3676
f 4132 4168 3676
f 4167 4168 4132
f 4168 3694 3692
f 4171 4170 4169
f 4172 4169 4170
f 4175 4174 4173
f 3696 3697 4173
f 4174 3696 4173
f 4176 3696 4174
f 3699 3696 4176
f 3699 4176 4177
f 4180 4179 4178
f 4181 4178 4179
f 4183 4182 3704
f 4183 3704 3705
f 3704 4184 3706
f 4182 4184 3704
f 4134 3708 4136
f 3708 4184 4136
f 3708 3706 4184
f 4134 4138 3708
f 4138 4185 3708
f 4137 3680 3708
f 4137 3708 4185
f 3712 3681 4137
f 4186 3712 4137
f 4185 4186 4137
f 3712 4186 4187
f 4187 4186 4141
f 4187 4141 4139
f 3713 4187 4139
f 3714 3713 4139
f 4139 4142 4188
f 3716 4139 4188
f 4189 3716 4188
f 4139 3716 3714
f 4190 4188 3718
f 4142 3718 4188
f 3718 4142 3717
f 4144 3717 4142
f 3717 4144 4191
f 3717 4192 3720
f 4191 4192 3717
f 4145 4193 3721
f 4192 4145 3721
f 3720 4192 3721
f 4147 4145 4192
f 3724 4193 3723
f 4193 4148 3723
f 4193 4145 4148
f 3723 4148 3726
f 3726 4148 4150
f 4152 4194 4150
f 4194 3726 4150
f 4194 3728 3726
f 4194 4196 4195
f 3730 4194 4195
f 3728 4194 3730
f 4195 3731 3730
f 4197 4154 3684
f 4197 3684 3732
f 4197 3732 3685
f 4198 4197 3685
f 4155 4198 3685
f 4197 4198 4199
f 4155 4157 4200
f 4201 4155 4200
f 4198 4155 4201
f 4200 4202 4158
f 3734 4200 4158
f 3688 3734 4158
f 4201 4200 3734
f 3735 3689 4158
f 4203 3735 4158
f 4202 4203 4158
f 3735 4203 4204
f 4206 4205 4204
f 4206 4204 4203
f 4159 3737 4161
f 4205 4161 3737
f 4161 4205 4206
f 3738 4205 3737
f 4209 4208 4207
f 4207 4210 4209
f 4211 4159 4162
f 4159 4211 3737
f 3739 3737 4211
f 4213 4212 3741
f 3739 4213 3741
f 4211 4213 3739
f 4214 4212 4213
f 4165 4163 3743
f 3744 4165 3743
f 4215 4165 3744
f 4166 4216 4167
f 3743 4163 3691
f 4167 4216 4168
f 4168 4216 4217
f 3748 3694 4168
f 4218 3748 4168
f 4217 4218 4168
f 3748 4218 4219
f 4219 4218 4171
f 4219 4171 4169
f 3751 4219 4169
f 3750 3751 4169
f 4221 4220 3752
f 4221 3752 3750
f 4172 4221 3750
f 4169 4172 3750
f 4173 3755 4175
f 4220 4175 3755
f 4175 4220 4221
f 3753 4220 3755
f 4224 4223 4222
f 4173 3697 3755
f 4225 4224 4222
f 4227 3756 4226
f 3756 4177 4226
f 3756 3699 4177
f 3757 3758 4227
f 4226 3757 4227
f 4228 3757 4226
f 3757 4229 3759
f 4228 4229 3757
f 3759 4230 3761
f 4229 4230 3759
f 4178 3763 4180
f 3763 4230 4180
f 3763 3761 4230
f 4181 4231 4178
f 4231 3763 4178
f 4231 3764 3763
f 3764 4232 3766
f 4231 4232 3764
f 3766 4233 3768
f 4232 4233 3766
f 3768 4234 3770
f 4233 4234 3768
f 3770 4235 3772
f 4234 4235 3770
f 3705 3772 4183
f 4183 3772 4235
f 4187 3773 3712
f 3773 4187 3713
f 4189 4236 3716
f 3716 4236 3774
f 3718 3774 4190
f 4190 3774 4236
f 4193 3775 3721
f 3775 4193 3724
f 4239 4238 4237
f 4241 4240 4237
f 4237 4240 4239
f 4243 4242 4241
f 4242 4195 4241
f 4196 4240 4241
f 4196 4241 4195
f 3731 4195 4242
f 4244 3731 4242
f 3776 3731 4244
f 4246 4245 3778
f 4246 3778 3779
f 4198 3781 4199
f 3781 4245 4199
f 3781 3778 4245
f 3781 4198 3782
f 3782 4198 4201
f 3782 4201 3734
f 4204 3784 3735
f 3784 4204 3785
f 3785 4204 4205
f 4208 4247 4207
f 3785 4205 3738
f 4207 4247 4210
f 4212 3787 3741
f 4214 4248 4212
f 4248 3787 4212
f 4248 3788 3787
f 3744 3788 4215
f 4215 3788 4248
f 4219 3789 3748
f 3789 4219 3751
f 4220 3790 3752
f 4223 4249 4222
f 3790 4220 3753
f 4222 4249 4225
f 4227 3791 3756
f 3791 4227 3758
f 4237 4238 4250
f 4250 4238 4251
f 4237 4252 4241
f 4237 4250 4252
f 4243 4241 4253
f 4253 4241 4252
f 4244 3792 3776
f 4254 3792 4244
f 3793 4246 3779
f 3793 4255 4246
f 4251 4256 4250
f 4250 4256 4252
f 4252 4256 4257
f 4252 4257 4253
f 4259 3794 4258
f 3794 4254 4258
f 3794 3792 4254
f 4260 4259 4258
f 3795 4255 3793
f 3795 4261 4255
f 4259 3796 3794
f 3797 3796 4259
f 4260 3797 4259
f 4262 3797 4260
f 3800 4263 3799
f 4263 4264 3799
f 4264 3795 3799
f 4264 4261 3795
f 4262 3802 3797
f 4265 3802 4262
f 4263 3800 3803
f 4268 4267 4266
f 4267 4268 3804
f 4268 4264 3804
f 4263 3803 3804
f 4263 3804 4264
f 4265 3810 3802
f 4269 3810 4265
f 4266 4267 4270
f 4266 4270 4271
f 3811 4270 3804
f 3804 4270 4267
f 4269 3816 3810
f 4272 3816 4269
f 4273 4271 4270
f 4270 3811 4273
f 3811 4274 4273
f 3811 3818 4274
f 4275 3824 3825
f 3826 4275 3825
f 4278 4277 4276
f 4280 4279 4276
f 4276 4279 4278
f 4282 4281 4280
f 4280 4281 4279
f 4282 4283 4281
f 4284 3827 3828
f 4285 4284 3828
f 3816 4285 3828
f 4272 4285 3816
f 3829 4274 3818
f 3829 4286 4274
f 4275 3833 3824
f 3833 4275 3826
f 4276 4277 4287
f 4287 4277 4288
f 4276 4289 4280
f 4276 4287 4289
f 4280 4290 4282
f 4280 4289 4290
f 4283 4282 4291
f 4291 4282 4290
f 4292 3836 4284
f 4284 3836 3827
f 4284 4285 4293
f 4284 4293 4292
f 3837 4286 3829
f 3837 4294 4286
f 4287 4288 4295
f 4295 4288 4296
f 4287 4297 4289
f 4287 4295 4297
f 4289 4298 4290
f 4289 4297 4298
f 4291 4290 4299
f 4299 4290 4298
f 4292 3838 3836
f 3840 3838 4292
f 4293 3840 4292
f 4300 3840 4293
f 3842 4294 3837
f 3842 4301 4294
f 4302 3848 3849
f 3850 4302 3849
f 4295 4296 4303
f 4303 4296 4304
f 4295 4305 4297
f 4295 4303 4305
f 4297 4306 4298
f 4297 4305 4306
f 4299 4298 4307
f 4307 4298 4306
f 4308 3853 3851
f 4309 4308 3851
f 3840 4309 3851
f 4300 4309 3840
f 3854 4301 3842
f 3854 4310 4301
f 4302 3855 3848
f 3855 4302 3850
f 4303 4304 4311
f 4311 4304 4312
f 4303 4313 4305
f 4303 4311 4313
f 4305 4314 4306
f 4305 4313 4314
f 4307 4306 4315
f 4315 4306 4314
f 4317 3857 4316
f 3857 3853 4316
f 4316 3853 4308
f 4318 4316 4308
f 4308 4309 4318
f 3857 4317 3858
f 3859 4310 3854
f 3859 4319 4310
f 4322 4321 4320
f 4324 4323 4320
f 4320 4323 4322
f 4326 4325 4324
f 4324 4325 4323
f 4328 4327 4326
f 4326 4327 4325
f 4327 4328 4312
f 4328 4311 4312
f 4328 4329 4311
f 4311 4330 4313
f 4311 4329 4330
f 4313 4331 4314
f 4313 4330 4331
f 4315 4314 4332
f 4332 4314 4331
f 4316 4333 4317
f 3858 4317 4333
f 4334 3858 4333
f 3863 3858 4334
f 3864 4319 3859
f 3864 4335 4319
f 4320 4321 4336
f 4336 4321 4337
f 4320 4338 4324
f 4320 4336 4338
f 4324 4339 4326
f 4324 4338 4339
f 4326 4340 4328
f 4326 4339 4340
f 4328 4341 4329
f 4328 4340 4341
f 4329 4342 4330
f 4329 4341 4342
f 4330 4343 4331
f 4330 4342 4343
f 4332 4331 4344
f 4344 4331 4343
f 4347 4346 4345
f 4334 4347 4345
f 3868 4334 4345
f 3863 4334 3868
f 3869 4335 3864
f 3869 4348 4335
f 4351 4350 4349
f 4351 4349 4337
f 4349 4336 4337
f 4349 4352 4336
f 4336 4353 4338
f 4336 4352 4353
f 4338 4354 4339
f 4338 4353 4354
f 4339 4355 4340
f 4339 4354 4355
f 4340 4356 4341
f 4340 4355 4356
f 4341 4357 4342
f 4341 4356 4357
f 4342 4358 4343
f 4342 4357 4358
f 4344 4343 4359
f 4359 4343 4358
f 4346 4360 4345
f 3868 4345 4360
f 4361 3868 4360
f 3872 3868 4361
f 3873 4348 3869
f 3873 4362 4348
f 4349 4350 4363
f 4363 4350 4364
f 4349 4365 4352
f 4349 4363 4365
f 4352 4366 4353
f 4352 4365 4366
f 4353 4367 4354
f 4353 4366 4367
f 4354 4368 4355
f 4354 4367 4368
f 4355 4369 4356
f 4355 4368 4369
f 4356 4370 4357
f 4356 4369 4370
f 4357 4371 4358
f 4357 4370 4371
f 4359 4358 4372
f 4372 4358 4371
f 4375 4374 4373
f 4361 4375 4373
f 3878 4361 4373
f 3872 4361 3878
f 3879 4362 3873
f 3879 4376 4362
f 4377 3881 3882
f 3883 4377 3882
f 4363 4364 4378
f 4378 4364 4379
f 4363 4380 4365
f 4363 4378 4380
f 4365 4381 4366
f 4365 4380 4381
f 4366 4382 4367
f 4366 4381 4382
f 4367 4383 4368
f 4367 4382 4383
f 4368 4384 4369
f 4368 4383 4384
f 4369 4385 4370
f 4369 4384 4385
f 4370 4386 4371
f 4370 4385 4386
f 4372 4371 4387
f 4387 4371 4386
f 4373 4374 4388
f 4388 4374 4389
f 4388 3884 3878
f 4388 3878 4373
f 4392 4391 4390
f 4393 4390 4391
f 3885 4376 3879
f 3885 4394 4376
f 4377 3887 3881
f 3887 4377 3883
f 4378 4379 4395
f 4395 4379 4396
f 4378 4397 4380
f 4378 4395 4397
f 4380 4398 4381
f 4380 4397 4398
f 4381 4399 4382
f 4381 4398 4399
f 4382 4400 4383
f 4382 4399 4400
f 4383 4401 4384
f 4383 4400 4401
f 4384 4402 4385
f 4384 4401 4402
f 4385 4403 4386
f 4385 4402 4403
f 4387 4386 4404
f 4404 4386 4403
f 4388 4389 4405
f 4405 4389 4406
f 4405 3889 3884
f 4405 3884 4388
f 4407 4392 4390
f 4410 4409 4408
f 4393 4407 4390
f 4410 4394 4409
f 4394 3890 4409
f 4394 3885 3890
f 4395 4396 4411
f 4411 4396 4412
f 4395 4413 4397
f 4395 4411 4413
f 4397 4414 4398
f 4397 4413 4414
f 4398 4415 4399
f 4398 4414 4415
f 4399 4416 4400
f 4399 4415 4416
f 4400 4417 4401
f 4400 4416 4417
f 4401 4418 4402
f 4401 4417 4418
f 4402 4419 4403
f 4402 4418 4419
f 4404 4403 4420
f 4420 4403 4419
f 4405 4406 3894
f 4406 3892 3894
f 4406 4421 3892
f 4405 3894 3889
f 3896 3897 4422
f 4409 4423 4408
f 4423 4409 4424
f 4409 3890 4424
f 3896 4422 4424
f 3896 4424 3890
f 4427 4426 4425
f 4429 4428 4425
f 4425 4428 4427
f 4428 4429 4412
f 4429 4411 4412
f 4429 4430 4411
f 4411 4431 4413
f 4411 4430 4431
f 4413 4432 4414
f 4413 4431 4432
f 4414 4433 4415
f 4414 4432 4433
f 4415 4434 4416
f 4415 4433 4434
f 4416 4435 4417
f 4416 4434 4435
f 4417 4436 4418
f 4417 4435 4436
f 4418 4437 4419
f 4418 4436 4437
f 4420 4419 4438
f 4438 4419 4437
f 4440 3899 4439
f 3899 4421 4439
f 3899 3892 4421
f 4441 4440 4439
f 3900 4422 3897
f 3900 3901 4422
f 3901 4424 4422
f 3901 4442 4424
f 4425 4426 4443
f 4443 4426 4444
f 4425 4445 4429
f 4425 4443 4445
f 4429 4446 4430
f 4429 4445 4446
f 4430 4447 4431
f 4430 4446 4447
f 4431 4448 4432
f 4431 4447 4448
f 4432 4449 4433
f 4432 4448 4449
f 4433 4450 4434
f 4433 4449 4450
f 4434 4451 4435
f 4434 4450 4451
f 4435 4452 4436
f 4435 4451 4452
f 4436 4453 4437
f 4436 4452 4453
f 4438 4437 4454
f 4454 4437 4453
f 4456 4455 4440
f 4455 3899 4440
f 4455 3904 3899
f 4456 4440 4441
f 4459 4458 4457
f 4458 4442 4457
f 4442 3905 4457
f 4442 3901 3905
f 4462 4461 4460
f 4464 4463 4460
f 4460 4463 4462
f 4466 4465 4464
f 4464 4465 4463
f 4465 4466 4444
f 4466 4443 4444
f 4466 4467 4443
f 4443 4468 4445
f 4443 4467 4468
f 4445 4469 4446
f 4445 4468 4469
f 4446 4470 4447
f 4446 4469 4470
f 4447 4471 4448
f 4447 4470 4471
f 4448 4472 4449
f 4448 4471 4472
f 4449 4473 4450
f 4449 4472 4473
f 4450 4474 4451
f 4450 4473 4474
f 4451 4475 4452
f 4451 4474 4475
f 4452 4476 4453
f 4452 4475 4476
f 4454 4453 4477
f 4477 4453 4476
f 4455 3908 3904
f 4478 3908 4455
f 4479 4459 4457
f 4457 3905 4479
f 3905 4480 4479
f 3905 3909 4480
f 4481 3911 3912
f 3913 4481 3912
f 4460 4461 4482
f 4482 4461 4483
f 4460 4484 4464
f 4460 4482 4484
f 4464 4485 4466
f 4464 4484 4485
f 4466 4486 4467
f 4466 4485 4486
f 4467 4487 4468
f 4467 4486 4487
f 4468 4488 4469
f 4468 4487 4488
f 4469 4489 4470
f 4469 4488 4489
f 4470 4490 4471
f 4470 4489 4490
f 4471 4491 4472
f 4471 4490 4491
f 4472 4492 4473
f 4472 4491 4492
f 4473 4493 4474
f 4473 4492 4493
f 4474 4494 4475
f 4474 4493 4494
f 4475 4495 4476
f 4475 4494 4495
f 4477 4476 4496
f 4496 4476 4495
f 4498 3916 4497
f 3916 4478 4497
f 3916 3908 4478
f 4499 4498 4497
f 3917 4480 3909
f 3917 4500 4480
f 4481 3918 3911
f 3918 4481 3913
f 4482 4483 4501
f 4501 4483 4502
f 4482 4503 4484
f 4482 4501 4503
f 4484 4504 4485
f 4484 4503 4504
f 4485 4505 4486
f 4485 4504 4505
f 4486 4506 4487
f 4486 4505 4506
f 4487 4507 4488
f 4487 4506 4507
f 4488 4508 4489
f 4488 4507 4508
f 4489 4509 4490
f 4489 4508 4509
f 4490 4510 4491
f 4490 4509 4510
f 4491 4511 4492
f 4491 4510 4511
f 4492 4512 4493
f 4492 4511 4512
f 4493 4513 4494
f 4493 4512 4513
f 4494 4514 4495
f 4494 4513 4514
f 4496 4495 4515
f 4515 4495 4514
f 4516 3919 4498
f 4498 3919 3916
f 4498 4499 4517
f 4498 4517 4516
f 3920 4500 3917
f 3920 4518 4500
f 4502 4519 4501
f 4521 4520 4519
f 4520 4501 4519
f 4520 4503 4501
f 4503 4522 4504
f 4503 4520 4522
f 4504 4523 4505
f 4504 4522 4523
f 4505 4524 4506
f 4505 4523 4524
f 4506 4525 4507
f 4506 4524 4525
f 4507 4526 4508
f 4507 4525 4526
f 4508 4527 4509
f 4508 4526 4527
f 4509 4528 4510
f 4509 4527 4528
f 4510 4529 4511
f 4510 4528 4529
f 4511 4530 4512
f 4511 4529 4530
f 4512 4531 4513
f 4512 4530 4531
f 4513 4532 4514
f 4513 4531 4532
f 4515 4514 4533
f 4533 4514 4532
f 4535 4534 4516
f 4534 3919 4516
f 4534 3922 3919
f 4535 4516 4517
f 3923 4518 3920
f 3923 4536 4518
f 4520 4521 4537
f 4537 4521 4538
f 4520 4539 4522
f 4520 4537 4539
f 4522 4540 4523
f 4522 4539 4540
f 4523 4541 4524
f 4523 4540 4541
f 4524 4542 4525
f 4524 4541 4542
f 4525 4543 4526
f 4525 4542 4543
f 4526 4544 4527
f 4526 4543 4544
f 4527 4545 4528
f 4527 4544 4545
f 4528 4546 4529
f 4528 4545 4546
f 4529 4547 4530
f 4529 4546 4547
f 4530 4548 4531
f 4530 4547 4548
f 4531 4549 4532
f 4531 4548 4549
f 4533 4532 4550
f 4550 4532 4549
f 4534 4551 3922
f 3922 4551 3924
f 3925 3924 4551
f 3925 4551 4552
f 3926 4536 3923
f 3926 4553 4536
f 4538 4554 4537
f 4537 4554 4539
f 4539 4554 4555
f 4539 4555 4540
f 4540 4555 4556
f 4540 4556 4541
f 4541 4556 4557
f 4541 4557 4542
f 4542 4557 4558
f 4542 4558 4543
f 4543 4558 4559
f 4543 4559 4544
f 4544 4559 4560
f 4544 4560 4545
f 4545 4560 4561
f 4545 4561 4546
f 4546 4561 4562
f 4546 4562 4547
f 4547 4562 4563
f 4547 4563 4548
f 4548 4563 4564
f 4548 4564 4549
f 4549 4564 4565
f 4549 4565 4550
f 4552 3927 3925
f 4566 3927 4552
f 4569 4568 4567
f 4568 4553 4567
f 4553 3928 4567
f 4553 3926 3928
f 4566 3929 3927
f 4570 3929 4566
f 4569 4567 4571
f 4569 4571 4572
f 3930 4571 3928
f 3928 4571 4567
f 4570 3932 3929
f 4573 3932 4570
f 3934 4574 3933
f 3935 3933 4574
f 4577 4576 4575
f 4577 4575 4572
f 4577 4572 4571
f 3937 4577 4571
f 3936 3937 4571
f 3936 4571 3930
f 3939 3932 4578
f 3932 4579 4578
f 3932 4573 4579
f 4578 3941 3939
f 4581 3942 4580
f 4581 3934 3942
f 4574 3934 4581
f 4574 4581 4582
f 4577 4583 4576
f 4580 3942 4584
f 3935 4584 3942
f 4584 3935 4582
f 4574 4582 3935
f 4586 4583 4585
f 4585 4583 3944
f 4583 4577 3944
f 4577 3937 3944
f 3946 4585 3944
f 4578 4579 3947
f 4579 3948 3947
f 4579 4587 3948
f 4578 3947 3941
f 4581 4580 4588
f 4581 4588 4589
f 4580 4584 4590
f 4591 4580 4590
f 4588 4580 4591
f 4591 4593 4592
f 4591 4585 4593
f 4591 4590 4586
f 4585 4591 4586
f 4585 3946 4593
f 3946 4594 4593
f 3946 3950 4594
f 4597 4596 4595
f 4599 4598 4595
f 4595 4598 4597
f 4599 4600 4598
f 4603 4602 4601
f 4601 4604 4603
f 4605 3951 3952
f 3953 4605 3952
f 4608 4607 4606
f 4606 4609 4608
f 4610 3956 3957
f 4610 3957 3958
f 4613 4612 4611
f 4611 4614 4613
f 4615 3960 3961
f 3962 4615 3961
f 4616 3964 3965
f 3966 4616 3965
f 4587 3968 3948
f 4617 3968 4587
f 4618 4589 4588
f 4618 4588 4591
f 4618 4591 4619
f 4619 4591 4592
f 3972 4621 4620
f 4594 3972 4620
f 3950 3972 4594
f 4621 4622 4620
f 4623 3973 3974
f 4623 3974 4624
f 3974 4625 4624
f 3974 3975 4625
f 4627 4626 3977
f 4626 3975 3977
f 4626 4625 3975
f 4629 4628 4627
f 4628 4595 4627
f 4596 4626 4627
f 4596 4627 4595
f 4630 3978 3979
f 4595 4630 3979
f 4599 4595 3979
f 4628 4630 4595
f 4632 4631 3981
f 3981 4631 3979
f 4631 4600 3979
f 4600 4599 3979
f 4634 4633 4632
f 4632 4633 4631
f 4636 4635 4634
f 4634 4635 4633
f 4635 4636 4602
f 4602 4636 4601
f 4636 3984 4601
f 3984 3985 4601
f 3985 3986 4601
f 3986 4637 4601
f 4637 4604 4601
f 3986 4638 4637
f 3988 4638 3986
f 4640 4639 4605
f 4639 3951 4605
f 4639 3990 3951
f 4605 3953 4640
f 3953 4641 4640
f 3953 3993 4641
f 4644 4643 4642
f 4646 4645 4642
f 4642 4645 4644
f 4645 4646 4607
f 4646 4606 4607
f 4646 4647 4606
f 4609 4649 4648
f 4649 4609 3999
f 4606 3999 4609
f 3999 4606 3998
f 4647 3998 4606
f 3956 4610 3999
f 4610 4649 3999
f 4610 4650 4649
f 4610 3958 4650
f 4000 4650 3958
f 4651 4611 4612
f 4611 4651 4652
f 4614 4611 4653
f 4611 4654 4653
f 4611 4652 4654
f 4003 4004 4654
f 4004 4653 4654
f 4004 4655 4653
f 4005 4006 4656
f 3960 4615 4004
f 4657 4004 4615
f 4004 4657 4655
f 4659 4658 4009
f 4615 4009 4658
f 4009 4615 3962
f 4657 4615 4658
f 4008 4005 4656
f 4010 4660 4009
f 4009 4660 4659
f 4662 4660 4661
f 4660 4010 4661
f 4012 4663 4661
f 4012 4661 4010
f 4013 4014 4663
f 4014 4661 4663
f 4014 4664 4661
f 4666 4665 4016
f 4665 4014 4016
f 4665 4664 4014
f 4017 4018 4666
f 4018 4665 4666
f 4018 4667 4665
f 4018 3964 4616
f 4668 4018 4616
f 4667 4018 4668
f 4670 4668 4669
f 4669 4668 4020
f 4668 4616 4020
f 4616 3966 4020
f 4023 4669 4020
f 4673 4672 4671
f 4025 4026 4674
f 4673 4671 4675
f 4677 4674 4676
f 4674 4026 4676
f 4027 4678 4676
f 4027 4676 4026
f 4678 4030 4676
f 4030 4028 4676
f 4680 4679 4676
f 4680 4676 4028
f 4680 4028 4681
f 4028 4682 4681
f 4028 4032 4682
f 4684 4682 4683
f 4682 4033 4683
f 4682 4032 4033
f 4035 4683 4033
f 4617 4037 3968
f 4685 4037 4617
f 4688 4687 4686
f 4689 4686 4687
f 4038 4621 3972
f 4038 4039 4621
f 4039 4690 4621
f 4690 4622 4621
f 4039 4691 4690
f 4691 4039 4692
f 4039 4693 4692
f 4039 4041 4693
f 4695 4694 4044
f 4694 4041 4044
f 4694 4693 4041
f 4623 4045 3973
f 4696 4694 4695
f 4046 4045 4623
f 4624 4046 4623
f 4697 4046 4624
f 4047 4627 3977
f 4698 4629 4627
f 4047 4698 4627
f 4048 4698 4047
f 4048 3978 4630
f 4048 4630 4698
f 4050 4632 3981
f 4632 4050 4051
f 4699 4632 4051
f 4634 4632 4699
f 4699 4053 4054
f 4636 4699 4054
f 4634 4699 4636
f 4636 4054 3984
f 4057 4058 4700
f 4638 4701 4637
f 4702 3988 4057
f 4702 4057 4700
f 4702 4700 4060
f 4702 4060 4061
f 4702 4061 4703
f 4702 4703 4701
f 4702 4701 4638
f 4702 4638 3988
f 4061 3990 4639
f 4061 4639 4703
f 4704 4641 3993
f 4704 3993 4064
f 4705 4642 4065
f 4642 4704 4065
f 4704 4064 4065
f 4642 4643 4704
f 4642 4706 4646
f 4642 4705 4706
f 4646 4707 4647
f 4646 4706 4707
f 4708 4648 4649
f 4070 3998 4707
f 4647 4707 3998
f 4708 4649 4650
f 4708 4650 4709
f 4709 4652 4651
f 4709 4072 4652
f 4709 4650 4000
f 4072 4709 4000
f 4652 4072 4073
f 4652 4073 4654
f 4654 4073 4003
f 4074 4656 4006
f 4659 4710 4658
f 4008 4656 4074
f 4711 4076 4077
f 4659 4712 4710
f 4712 4659 4660
f 4662 4712 4660
f 4711 4012 4076
f 4012 4711 4663
f 4713 4663 4711
f 4713 4078 4013
f 4713 4013 4663
f 4666 4016 4080
f 4716 4715 4714
f 4080 4017 4666
f 4715 4716 4717
f 4718 4670 4669
f 4718 4669 4023
f 4081 4718 4023
f 4719 4718 4081
f 4082 4671 4672
f 4719 4082 4672
f 4081 4082 4719
f 4082 4675 4671
f 4082 4720 4675
f 4082 4025 4674
f 4720 4082 4674
f 4674 4677 4720
f 4721 4027 4085
f 4027 4721 4678
f 4722 4679 4680
f 4087 4030 4721
f 4678 4721 4030
f 4722 4680 4681
f 4723 4684 4683
f 4723 4683 4035
f 4088 4723 4035
f 4724 4723 4088
f 4725 4088 4089
f 4725 4724 4088
f 4089 4037 4685
f 4089 4685 4725
f 4726 4688 4686
f 4729 4728 4727
f 4689 4726 4686
f 4730 4728 4729
f 4731 4690 4691
f 4731 4691 4692
f 4090 4695 4044
f 4732 4696 4695
f 4090 4732 4695
f 4091 4732 4090
f 4697 4092 4046
f 4092 4697 4733
f 4732 4733 4697
f 4733 4732 4094
f 4091 4094 4732
f 4733 4095 4092
f 4097 4734 4099
f 4100 4699 4051
f 4101 4099 4734
f 4699 4100 4053
f 4102 4700 4058
f 4700 4102 4060
f 4104 4705 4065
f 4705 4104 4106
f 4705 4106 4706
f 4706 4106 4107
f 4706 4107 4707
f 4707 4107 4070
f 4110 4711 4077
f 4711 4110 4111
f 4711 4111 4713
f 4713 4111 4078
f 4735 4714 4715
f 4735 4715 4717
f 4112 4721 4085
f 4721 4112 4087
f 4736 4727 4728
f 4736 4728 4730
f 4115 4737 4114
f 4116 4733 4094
f 4117 4114 4737
f 4733 4116 4095
f 4118 4734 4097
f 4734 4118 4101
f 4123 4738 4122
f 4738 4124 4122
f 4125 4737 4115
f 4737 4125 4117
f 4126 4738 4123
f 4738 4126 4124
f 4130 4739 4129
f 4739 4131 4129
f 4742 4741 4740
f 4743 4740 4741
f 4746 4745 4744
f 4747 4744 4745
f 4750 4749 4748
f 4751 4748 4749
f 4754 4753 4752
f 4755 4752 4753
f 4133 4739 4130
f 4739 4133 4131
f 4758 4757 4756
f 4759 4756 4757
f 4762 4761 4760
f 4763 4760 4761
f 4742 4740 4135
f 4136 4742 4135
f 4764 4742 4136
f 4766 4765 4138
f 4766 4138 4135
f 4743 4766 4135
f 4740 4743 4135
f 4767 4765 4766
f 4141 4768 4140
f 4769 4143 4140
f 4769 4140 4768
f 4744 4770 4746
f 4144 4143 4769
f 4770 4744 4747
f 4772 4771 4146
f 4772 4146 4147
f 4771 4774 4773
f 4149 4771 4773
f 4146 4771 4149
f 4775 4151 4149
f 4775 4149 4773
f 4775 4152 4151
f 4777 4776 4153
f 4777 4153 4154
f 4776 4779 4778
f 4156 4776 4778
f 4153 4776 4156
f 4778 4157 4156
f 4782 4781 4780
f 4750 4748 4783
f 4781 4784 4780
f 4783 4748 4751
f 4160 4161 4785
f 4752 4786 4754
f 4752 4755 4786
f 4160 4785 4162
f 4789 4788 4787
f 4788 4165 4787
f 4788 4164 4165
f 4788 4791 4790
f 4164 4788 4790
f 4790 4166 4164
f 4171 4792 4170
f 4172 4170 4792
f 4795 4794 4793
f 4793 4175 4795
f 4793 4174 4175
f 4793 4797 4796
f 4174 4793 4796
f 4756 4798 4758
f 4796 4176 4174
f 4176 4796 4799
f 4756 4759 4798
f 4176 4799 4177
f 4762 4760 4800
f 4762 4800 4801
f 4760 4763 4802
f 4803 4760 4802
f 4800 4760 4803
f 4802 4180 4803
f 4802 4179 4180
f 4802 4805 4804
f 4179 4802 4804
f 4807 4804 4806
f 4807 4179 4804
f 4807 4808 4181
f 4179 4807 4181
f 4809 4808 4807
f 4812 4811 4810
f 4814 4813 4810
f 4814 4810 4811
f 4815 4813 4814
f 4183 4816 4182
f 4182 4816 4817
f 4818 4182 4817
f 4184 4182 4818
f 4136 4819 4764
f 4819 4136 4820
f 4184 4820 4136
f 4820 4184 4821
f 4818 4821 4184
f 4765 4185 4138
f 4822 4819 4820
f 4767 4823 4765
f 4823 4185 4765
f 4823 4186 4185
f 4186 4823 4141
f 4823 4824 4141
f 4824 4768 4141
f 4824 4823 4825
f 4827 4188 4826
f 4827 4826 4828
f 4827 4828 4829
f 4827 4829 4769
f 4827 4769 4768
f 4827 4768 4824
f 4827 4824 4189
f 4827 4189 4188
f 4188 4190 4826
f 4144 4769 4191
f 4829 4191 4769
f 4191 4829 4830
f 4191 4831 4192
f 4830 4831 4191
f 4147 4192 4772
f 4772 4192 4831
f 4773 4774 4832
f 4832 4774 4833
f 4773 4834 4775
f 4773 4832 4834
f 4775 4834 4152
f 4834 4835 4152
f 4835 4194 4152
f 4834 4836 4835
f 4196 4194 4835
f 4196 4835 4837
f 4838 4777 4154
f 4838 4154 4197
f 4197 4779 4838
f 4779 4197 4778
f 4199 4778 4197
f 4778 4199 4839
f 4840 4839 4199
f 4778 4839 4157
f 4839 4200 4157
f 4839 4841 4200
f 4780 4202 4782
f 4202 4841 4782
f 4202 4200 4841
f 4784 4842 4780
f 4842 4202 4780
f 4842 4203 4202
f 4203 4843 4206
f 4842 4843 4203
f 4844 4208 4209
f 4206 4785 4161
f 4785 4206 4845
f 4843 4845 4206
f 4211 4847 4846
f 4847 4211 4785
f 4162 4785 4211
f 4847 4785 4845
f 4844 4209 4210
f 4848 4213 4211
f 4848 4211 4846
f 4789 4848 4849
f 4848 4789 4213
f 4787 4213 4789
f 4213 4787 4214
f 4850 4214 4787
f 4790 4791 4851
f 4850 4165 4215
f 4165 4850 4787
f 4790 4851 4166
f 4851 4216 4166
f 4851 4852 4216
f 4852 4854 4853
f 4217 4852 4853
f 4216 4852 4217
f 4217 4853 4855
f 4856 4217 4855
f 4218 4217 4856
f 4171 4218 4792
f 4218 4857 4792
f 4218 4856 4857
f 4794 4795 4857
f 4795 4221 4857
f 4172 4792 4857
f 4172 4857 4221
f 4797 4858 4796
f 4223 4224 4859
f 4175 4221 4795
f 4859 4224 4225
f 4799 4858 4860
f 4858 4799 4796
f 4799 4860 4177
f 4860 4226 4177
f 4860 4861 4226
f 4226 4862 4228
f 4861 4862 4226
f 4800 4229 4801
f 4229 4862 4801
f 4229 4228 4862
f 4865 4864 4863
f 4800 4230 4229
f 4230 4800 4803
f 4803 4180 4230
f 4804 4805 4866
f 4865 4867 4864
f 4808 4231 4181
f 4866 4806 4804
f 4232 4231 4808
f 4868 4232 4808
f 4809 4868 4808
f 4869 4232 4868
f 4870 4812 4810
f 4232 4870 4810
f 4233 4232 4810
f 4870 4232 4869
f 4233 4810 4234
f 4234 4810 4813
f 4815 4871 4813
f 4871 4234 4813
f 4871 4235 4234
f 4183 4235 4816
f 4235 4872 4816
f 4235 4871 4872
f 4816 4872 4817
f 4821 4873 4820
f 4820 4873 4822
f 4825 4874 4824
f 4828 4826 4874
f 4826 4236 4874
f 4189 4824 4874
f 4189 4874 4236
f 4236 4826 4190
f 4833 4875 4832
f 4876 4238 4239
f 4832 4876 4239
f 4834 4832 4239
f 4875 4876 4832
f 4877 4836 4834
f 4239 4877 4834
f 4240 4877 4239
f 4242 4243 4878
f 4879 4878 4243
f 4837 4240 4196
f 4240 4837 4877
f 4244 4242 4878
f 4244 4878 4880
f 4882 4881 4245
f 4882 4245 4246
f 4199 4245 4840
f 4840 4245 4881
f 4844 4247 4208
f 4847 4883 4846
f 4247 4844 4210
f 4846 4883 4848
f 4848 4883 4884
f 4850 4248 4214
f 4884 4849 4848
f 4248 4850 4215
f 4854 4885 4853
f 4853 4885 4855
f 4859 4249 4223
f 4249 4859 4225
f 4863 4886 4865
f 4865 4886 4867
f 4868 4887 4869
f 4869 4887 4870
f 4876 4251 4238
f 4888 4251 4876
f 4253 4879 4243
f 4253 4889 4879
f 4880 4254 4244
f 4890 4254 4880
f 4255 4882 4246
f 4255 4891 4882
f 4888 4892 4251
f 4251 4892 4256
f 4256 4893 4257
f 4892 4893 4256
f 4253 4257 4889
f 4889 4257 4893
f 4890 4894 4254
f 4254 4894 4258
f 4260 4258 4894
f 4260 4894 4895
f 4261 4891 4255
f 4261 4896 4891
f 4895 4262 4260
f 4897 4262 4895
f 4900 4899 4898
f 4902 4901 4898
f 4902 4898 4899
f 4902 4896 4901
f 4896 4264 4901
f 4896 4261 4264
f 4897 4265 4262
f 4903 4265 4897
f 4904 4900 4898
f 4266 4905 4268
f 4905 4898 4268
f 4898 4901 4268
f 4905 4904 4898
f 4268 4901 4264
f 4903 4269 4265
f 4906 4269 4903
f 4271 4905 4266
f 4271 4907 4905
f 4906 4272 4269
f 4908 4272 4906
f 4271 4273 4909
f 4910 4271 4909
f 4907 4271 4910
f 4274 4909 4273
f 4912 4911 4278
f 4278 4911 4277
f 4913 4278 4279
f 4913 4912 4278
f 4914 4279 4281
f 4914 4913 4279
f 4281 4283 4914
f 4914 4283 4915
f 4918 4917 4916
f 4908 4918 4916
f 4285 4908 4916
f 4272 4908 4285
f 4910 4909 4919
f 4910 4919 4920
f 4286 4919 4274
f 4274 4919 4909
f 4911 4288 4277
f 4921 4288 4911
f 4291 4915 4283
f 4291 4922 4915
f 4916 4917 4923
f 4923 4917 4924
f 4923 4293 4285
f 4923 4285 4916
f 4920 4919 4925
f 4920 4925 4926
f 4294 4925 4286
f 4286 4925 4919
f 4921 4296 4288
f 4927 4296 4921
f 4299 4922 4291
f 4299 4928 4922
f 4924 4929 4923
f 4293 4923 4929
f 4930 4293 4929
f 4300 4293 4930
f 4931 4926 4925
f 4925 4294 4931
f 4294 4932 4931
f 4294 4301 4932
f 4927 4304 4296
f 4933 4304 4927
f 4307 4928 4299
f 4307 4934 4928
f 4930 4309 4300
f 4935 4309 4930
f 4310 4932 4301
f 4310 4936 4932
f 4933 4312 4304
f 4937 4312 4933
f 4315 4934 4307
f 4315 4938 4934
f 4939 4316 4318
f 4940 4939 4318
f 4309 4940 4318
f 4935 4940 4309
f 4319 4936 4310
f 4319 4941 4936
f 4943 4942 4322
f 4322 4942 4321
f 4944 4322 4323
f 4944 4943 4322
f 4945 4323 4325
f 4945 4944 4323
f 4946 4325 4327
f 4946 4945 4325
f 4327 4312 4937
f 4327 4937 4946
f 4332 4938 4315
f 4332 4947 4938
f 4939 4333 4316
f 4334 4333 4939
f 4940 4334 4939
f 4948 4334 4940
f 4335 4941 4319
f 4335 4949 4941
f 4942 4337 4321
f 4950 4337 4942
f 4344 4947 4332
f 4344 4951 4947
f 4952 4346 4347
f 4953 4952 4347
f 4334 4953 4347
f 4948 4953 4334
f 4348 4949 4335
f 4348 4954 4949
f 4956 4955 4351
f 4351 4955 4350
f 4351 4337 4950
f 4351 4950 4956
f 4359 4951 4344
f 4359 4957 4951
f 4360 4346 4952
f 4960 4959 4958
f 4361 4958 4959
f 4361 4953 4958
f 4361 4360 4952
f 4953 4361 4952
f 4362 4954 4348
f 4362 4961 4954
f 4955 4364 4350
f 4962 4364 4955
f 4372 4957 4359
f 4372 4963 4957
f 4964 4374 4375
f 4960 4965 4959
f 4966 4959 4965
f 4966 4361 4959
f 4966 4964 4375
f 4361 4966 4375
f 4376 4961 4362
f 4376 4967 4961
f 4962 4379 4364
f 4968 4379 4962
f 4387 4963 4372
f 4387 4969 4963
f 4971 4970 4964
f 4970 4374 4964
f 4970 4389 4374
f 4971 4964 4966
f 4973 4972 4391
f 4973 4391 4392
f 4975 4974 4393
f 4391 4975 4393
f 4972 4975 4391
f 4975 4967 4974
f 4967 4394 4974
f 4967 4376 4394
f 4968 4396 4379
f 4976 4396 4968
f 4404 4969 4387
f 4404 4977 4969
f 4979 4406 4978
f 4406 4970 4978
f 4406 4389 4970
f 4980 4979 4978
f 4392 4407 4981
f 4982 4392 4981
f 4973 4392 4982
f 4407 4393 4981
f 4393 4974 4981
f 4410 4408 4981
f 4410 4981 4974
f 4410 4974 4394
f 4976 4412 4396
f 4983 4412 4976
f 4420 4977 4404
f 4420 4984 4977
f 4985 4421 4979
f 4979 4421 4406
f 4979 4980 4986
f 4979 4986 4985
f 4987 4982 4981
f 4989 4987 4988
f 4988 4987 4423
f 4987 4981 4423
f 4981 4408 4423
f 4424 4988 4423
f 4991 4990 4427
f 4427 4990 4426
f 4992 4427 4428
f 4992 4991 4427
f 4428 4412 4983
f 4428 4983 4992
f 4438 4984 4420
f 4438 4993 4984
f 4995 4439 4994
f 4439 4421 4994
f 4994 4421 4985
f 4996 4994 4985
f 4985 4986 4996
f 4439 4995 4441
f 4989 4988 4997
f 4989 4997 4998
f 4442 4997 4424
f 4424 4997 4988
f 4990 4444 4426
f 4999 4444 4990
f 4454 4993 4438
f 4454 5000 4993
f 4995 4994 4456
f 4994 4455 4456
f 4994 5001 4455
f 4995 4456 4441
f 4998 4997 4458
f 4459 4998 4458
f 5002 4998 4459
f 4458 4997 4442
f 5004 5003 4462
f 4462 5003 4461
f 5005 4462 4463
f 5005 5004 4462
f 5006 4463 4465
f 5006 5005 4463
f 4465 4444 4999
f 4465 4999 5006
f 4477 5000 4454
f 4477 5007 5000
f 5009 4478 5008
f 4478 5001 5008
f 4478 4455 5001
f 5010 5009 5008
f 5011 5002 4459
f 5011 4459 4479
f 4479 4480 5011
f 5011 4480 5012
f 5003 4483 4461
f 5013 4483 5003
f 4496 5007 4477
f 4496 5014 5007
f 4497 4478 5009
f 5017 5016 5015
f 4499 5015 5016
f 4499 5010 5015
f 4499 4497 5009
f 5010 4499 5009
f 4500 5012 4480
f 4500 5018 5012
f 5013 4502 4483
f 5019 4502 5013
f 4515 5014 4496
f 4515 5020 5014
f 5016 5017 5021
f 5021 5017 5022
f 5021 4517 4499
f 5021 4499 5016
f 4518 5018 4500
f 4518 5023 5018
f 5019 5024 4502
f 4502 5024 4519
f 4521 4519 5024
f 4521 5024 5025
f 4533 5020 4515
f 4533 5026 5020
f 5027 4534 4535
f 5022 5028 5021
f 5029 5021 5028
f 5029 4517 5021
f 5029 5027 4535
f 4517 5029 4535
f 4536 5023 4518
f 4536 5030 5023
f 5025 4538 4521
f 5031 4538 5025
f 4550 5026 4533
f 4550 5032 5026
f 5027 4551 4534
f 4552 4551 5027
f 5029 4552 5027
f 5033 4552 5029
f 4553 5030 4536
f 4553 5034 5030
f 5031 5035 4538
f 4538 5035 4554
f 4554 5036 4555
f 5035 5036 4554
f 4555 5037 4556
f 5036 5037 4555
f 4556 5038 4557
f 5037 5038 4556
f 4557 5039 4558
f 5038 5039 4557
f 4558 5040 4559
f 5039 5040 4558
f 4559 5041 4560
f 5040 5041 4559
f 4560 5042 4561
f 5041 5042 4560
f 4561 5043 4562
f 5042 5043 4561
f 4562 5044 4563
f 5043 5044 4562
f 4563 5045 4564
f 5044 5045 4563
f 4564 5046 4565
f 5045 5046 4564
f 4550 4565 5032
f 5032 4565 5046
f 5033 4566 4552
f 5047 4566 5033
f 5049 5048 4568
f 5049 4568 4569
f 4553 4568 5034
f 5034 4568 5048
f 5047 4570 4566
f 5050 4570 5047
f 4572 5049 4569
f 4572 5051 5049
f 5050 4573 4570
f 5052 4573 5050
f 5055 5054 5053
f 5056 4575 4576
f 5057 5053 5054
f 5056 5058 4575
f 5058 4572 4575
f 5058 5051 4572
f 5052 4579 4573
f 5059 4579 5052
f 5055 5053 4582
f 4581 5055 4582
f 5060 5055 4581
f 4576 4583 5056
f 4582 5053 4584
f 5057 4584 5053
f 4584 5057 5061
f 5063 5062 4586
f 4586 5062 4583
f 5062 5058 4583
f 5058 5056 4583
f 5063 5064 5062
f 5059 4587 4579
f 5065 4587 5059
f 4589 5067 5066
f 5060 4589 5066
f 4581 4589 5060
f 5067 5068 4590
f 5061 5067 4590
f 4584 5061 4590
f 5067 5061 5066
f 5068 4586 4590
f 5068 5063 4586
f 5068 4592 4593
f 5063 5068 4593
f 4593 4594 5063
f 4594 5064 5063
f 4594 5069 5064
f 5070 4596 4597
f 4598 5071 4597
f 4597 5071 5070
f 4600 5071 4598
f 5072 4602 4603
f 5072 4603 4604
f 5075 5074 5073
f 5077 5076 5073
f 5073 5076 5075
f 5077 5078 5076
f 5079 4607 4608
f 4609 5079 4608
f 5080 4612 4613
f 5080 4613 4614
f 5083 5082 5081
f 5085 5084 5081
f 5081 5084 5083
f 5085 5086 5084
f 5089 5088 5087
f 5087 5090 5089
f 5093 5092 5091
f 5091 5094 5093
f 5065 4617 4587
f 5095 4617 5065
f 4618 5067 4589
f 5067 4618 4619
f 5067 4619 5068
f 5068 4619 4592
f 4594 4620 5096
f 5097 4594 5096
f 5069 4594 5097
f 4622 5096 4620
f 5100 5099 5098
f 5098 5101 5100
f 5104 5103 5102
f 4624 4625 5102
f 4625 5104 5102
f 4625 5105 5104
f 5107 5105 5106
f 5105 4626 5106
f 5105 4625 4626
f 5110 5109 5108
f 5110 5108 5106
f 5110 5106 4626
f 5110 4626 4596
f 5110 4596 5070
f 5110 5070 4628
f 5110 4628 4629
f 5110 4629 5111
f 5110 5111 5109
f 5109 5111 5112
f 4630 5112 5111
f 5112 4630 5071
f 4628 5071 4630
f 5071 4628 5070
f 5114 5112 5113
f 5113 5112 4631
f 5112 5071 4631
f 5071 4600 4631
f 5113 4631 5115
f 4631 5116 5115
f 4631 4633 5116
f 5117 4633 4635
f 5117 5116 4633
f 4635 4602 5072
f 5118 4635 5072
f 5117 4635 5118
f 4637 5072 4604
f 5072 4637 5118
f 5119 5118 4637
f 5118 5119 5074
f 5073 5074 5119
f 5121 5077 5120
f 5077 5119 5120
f 5077 5073 5119
f 4639 5121 5122
f 5121 4639 5077
f 4640 5077 4639
f 5077 4640 5078
f 5123 5078 4640
f 5125 5124 4641
f 5124 4640 4641
f 5124 5123 4640
f 4643 4644 5125
f 4644 5124 5125
f 4644 5126 5124
f 5128 5126 5127
f 5126 4645 5127
f 5126 4644 4645
f 4607 5079 4645
f 5079 5127 4645
f 5079 5129 5127
f 4648 5130 4609
f 5131 4609 5130
f 4609 5131 5079
f 5132 5079 5131
f 5079 5132 5129
f 5130 5133 5131
f 5135 5134 5080
f 5134 4612 5080
f 5134 4651 4612
f 5135 5081 5082
f 5135 4653 5081
f 5135 5080 4614
f 4653 5135 4614
f 5081 4653 4655
f 5081 4655 5085
f 5136 5086 5085
f 4655 5136 5085
f 4657 5136 4655
f 5137 5087 4658
f 5087 5136 4658
f 5136 4657 4658
f 5087 5088 5136
f 5090 5087 5138
f 5087 5139 5138
f 5087 5137 5139
f 5139 4662 5138
f 4662 4661 5138
f 5141 5140 5138
f 5141 5138 4661
f 5141 4661 5142
f 4661 5143 5142
f 4661 4664 5143
f 5091 5092 5144
f 5143 5146 5145
f 5146 5143 4665
f 4664 4665 5143
f 5091 5144 5094
f 5147 4665 4667
f 4665 5147 5146
f 5147 4667 5148
f 4667 5149 5148
f 4667 4668 5149
f 4668 4670 5149
f 5149 4670 5150
f 5151 4672 4673
f 4675 5151 4673
f 5153 5152 4676
f 4676 5152 4677
f 4676 4679 5153
f 5153 4679 5154
f 5155 4681 4682
f 4684 5155 4682
f 5158 5157 5156
f 5095 5158 5156
f 4685 5095 5156
f 4617 5095 4685
f 5160 5159 4687
f 5160 4687 4688
f 4689 4687 5159
f 4689 5159 5161
f 5162 5097 5096
f 4622 4690 5096
f 4690 5163 5096
f 5163 5162 5096
f 5163 4690 5164
f 5163 5164 5099
f 5099 5164 5098
f 5164 4692 5098
f 4692 4693 5098
f 5165 5101 5098
f 4693 5165 5098
f 4694 5165 4693
f 5166 5102 4696
f 5102 5165 4696
f 5165 4694 4696
f 5102 5103 5165
f 5166 4697 4624
f 5166 4624 5102
f 5167 5107 5106
f 4629 4698 5111
f 5106 5108 5167
f 5111 4698 4630
f 5168 5114 5113
f 5168 5113 5115
f 4701 5119 4637
f 5169 5120 5119
f 4701 5169 5119
f 4703 5169 4701
f 4703 4639 5122
f 4703 5122 5169
f 4704 5125 4641
f 5125 4704 4643
f 5170 5128 5127
f 5170 5127 5129
f 5170 5129 5171
f 4648 4708 5130
f 5129 5132 5171
f 5172 5133 5130
f 4708 5172 5130
f 4709 5172 4708
f 4709 4651 5134
f 4709 5134 5172
f 4710 5137 4658
f 5137 4710 4712
f 5137 4712 5139
f 5141 5173 5140
f 4662 5139 4712
f 5173 5141 5142
f 4716 4714 5174
f 5146 5175 5145
f 4717 4716 5174
f 5176 5175 5147
f 5146 5147 5175
f 5176 5147 5148
f 5177 5150 4670
f 5177 4670 4718
f 5178 4718 4719
f 5178 5177 4718
f 4719 4672 5151
f 5179 4719 5151
f 5178 4719 5179
f 5179 5151 4675
f 4720 5179 4675
f 5180 5179 4720
f 4720 4677 5152
f 4720 5152 5180
f 4679 4722 5181
f 5182 4679 5181
f 5154 4679 5182
f 5183 5181 4722
f 5183 4722 4681
f 5184 5183 4681
f 5155 5184 4681
f 5184 5155 4684
f 4723 5184 4684
f 5185 5184 4723
f 5186 4723 4724
f 5186 5185 4723
f 4725 5156 5157
f 5186 4725 5157
f 4724 4725 5186
f 5156 4725 4685
f 5187 5160 4688
f 5187 4688 4726
f 4729 4727 5188
f 5187 4689 5161
f 4689 5187 4726
f 5188 4730 4729
f 4731 5164 4690
f 5164 4731 4692
f 4732 5166 4696
f 5166 4732 4697
f 4735 5174 4714
f 5174 4735 4717
f 5189 5182 5181
f 5189 5181 5183
f 4736 5188 4727
f 5188 4736 4730
f 5192 5191 5190
f 5193 5190 5191
f 5196 5195 5194
f 5197 5194 5195
f 5200 5199 5198
f 5201 5198 5199
f 4742 5202 4741
f 5202 4743 4741
f 4746 5203 4745
f 5203 4747 4745
f 4750 5204 4749
f 5204 4751 4749
f 4754 5205 4753
f 5205 4755 4753
f 5208 5207 5206
f 5209 5206 5207
f 5212 5211 5210
f 5213 5210 5211
f 5192 5190 5214
f 5192 5214 5215
f 4757 4758 5216
f 5193 5217 5190
f 5214 5190 5217
f 5216 4759 4757
f 4762 5218 4761
f 5218 4763 4761
f 5196 5194 5219
f 5196 5219 5220
f 5194 5197 5221
f 5194 5221 5219
f 5224 5223 5222
f 5225 5222 5223
f 5226 5200 5198
f 5226 5198 5201
f 4764 5227 5202
f 4764 5202 4742
f 5228 4766 4743
f 5202 5228 4743
f 5227 5228 5202
f 5228 4767 4766
f 5231 5230 5229
f 4746 4770 5203
f 5229 5230 5232
f 5203 4770 4747
f 4772 5233 4771
f 5233 4774 4771
f 4777 5234 4776
f 4779 4776 5234
f 5237 5236 5235
f 5238 5237 5235
f 4782 5239 4781
f 4783 5204 4750
f 4784 4781 5239
f 5204 4783 4751
f 4786 5205 4754
f 4755 5205 4786
f 5242 5241 5240
f 5244 5243 5241
f 5244 5241 5242
f 5245 4788 4789
f 5246 5243 5244
f 5245 4791 4788
f 5247 5208 5206
f 5247 5206 5209
f 5248 5212 5210
f 5249 5248 4794
f 5248 5249 5213
f 4793 5213 5249
f 5213 4793 5210
f 4794 5210 4793
f 5210 4794 5248
f 5214 5250 5215
f 4797 4793 5249
f 4758 4798 5216
f 5214 5217 5250
f 4759 5216 4798
f 5253 5252 5251
f 5254 5252 5253
f 5256 5255 5218
f 4762 5256 5218
f 4801 5256 4762
f 5255 5258 5257
f 5255 5257 4802
f 5218 5255 4802
f 4763 5218 4802
f 5257 5220 4802
f 5220 5257 5259
f 4805 5259 5257
f 5259 4805 5219
f 4802 5219 4805
f 5219 4802 5220
f 4807 4806 5260
f 5219 5221 5259
f 5260 4809 4807
f 5224 5262 5261
f 5224 4812 5262
f 5224 5222 4811
f 4812 5224 4811
f 4814 4811 5263
f 5264 4814 5263
f 5265 5264 5263
f 5262 5265 5263
f 5261 5262 5263
f 5225 5261 5263
f 5222 5225 5263
f 4811 5222 5263
f 4815 4814 5264
f 4815 5264 5266
f 4817 5267 4818
f 4819 5227 4764
f 4821 4818 5267
f 5228 5227 5268
f 5227 4822 5268
f 4822 5269 5268
f 4822 5227 4819
f 5268 5271 5270
f 5268 5270 4823
f 5228 5268 4823
f 4767 5228 4823
f 4825 4823 5270
f 5274 5273 5272
f 5274 5272 5231
f 5274 5231 5229
f 4828 5274 5229
f 4829 4828 5229
f 4830 4829 5229
f 5275 4830 5229
f 5232 5275 5229
f 5276 4830 5275
f 5277 4831 4830
f 5277 4830 5276
f 5233 4772 4831
f 5277 5233 4831
f 5278 5233 5277
f 5281 5280 5279
f 5233 4833 4774
f 4833 5233 5278
f 5282 5281 5279
f 4836 5283 4835
f 5283 4837 4835
f 4838 5234 4777
f 5234 4838 4779
f 4840 5237 4839
f 5237 4840 5236
f 5284 5236 4840
f 5238 5285 5237
f 5285 4839 5237
f 5285 4841 4839
f 4782 4841 5239
f 4841 5286 5239
f 4841 5285 5286
f 5286 5288 5287
f 5286 5287 4842
f 5239 5286 4842
f 4784 5239 4842
f 5289 4843 4842
f 5289 4842 5287
f 5290 4845 4843
f 5290 4843 5289
f 5240 5290 5291
f 5290 5240 4845
f 5241 4845 5240
f 4845 5241 4847
f 5292 4847 5241
f 5293 5241 5243
f 5292 5241 5293
f 4849 5245 4789
f 5245 4849 5294
f 5293 5294 4849
f 5294 5293 5246
f 5243 5246 5293
f 5245 5294 4791
f 5294 4851 4791
f 5294 5295 4851
f 4851 5296 4852
f 5295 5296 4851
f 5298 5297 4854
f 4852 5298 4854
f 5296 5298 4852
f 4856 4855 5297
f 5298 4856 5297
f 5299 4856 5298
f 4856 5300 4857
f 5299 5300 4856
f 4857 5300 4794
f 5300 5301 4794
f 5301 5249 4794
f 5301 5300 5302
f 5249 5301 4797
f 5301 5303 4797
f 5303 4858 4797
f 5301 5304 5303
f 5303 5306 5305
f 4860 5303 5305
f 4858 5303 4860
f 4860 5252 4861
f 5252 4860 5251
f 5305 5251 4860
f 5251 5305 5307
f 5308 5307 5305
f 5308 5309 5307
f 5310 5252 5254
f 5252 5310 4861
f 4862 4861 5310
f 4801 4862 5256
f 5256 4862 5310
f 5311 4863 4864
f 5258 5312 5257
f 4864 4867 5311
f 4805 5257 4866
f 5312 4866 5257
f 4866 5312 5313
f 4806 4866 5260
f 4866 5314 5260
f 4866 5313 5314
f 4868 4809 5260
f 5315 4868 5260
f 5314 5315 5260
f 4868 5315 5316
f 4870 5316 4812
f 5315 4812 5316
f 4812 5315 5262
f 5317 5262 5315
f 5262 5317 5318
f 5265 5262 5319
f 5319 5262 5318
f 4871 4815 5320
f 4815 5321 5320
f 4815 5266 5321
f 5322 4872 4871
f 5322 4871 5320
f 5322 5323 4872
f 4872 5323 4817
f 5323 5324 4817
f 5324 5267 4817
f 5267 5324 4821
f 5324 4873 4821
f 5324 5325 4873
f 5328 5327 5326
f 4873 5269 4822
f 5269 4873 5325
f 5329 5270 5271
f 5326 5330 5328
f 5273 5274 5329
f 5274 4874 5329
f 4825 5270 5329
f 4825 5329 4874
f 4874 5274 4828
f 5333 5332 5331
f 5334 5276 5275
f 5332 5335 5331
f 5276 5334 5277
f 5277 5334 5336
f 5277 5336 5278
f 5278 5336 5337
f 5280 5281 5337
f 5281 4875 5337
f 4833 5278 5337
f 4833 5337 4875
f 4876 4875 5281
f 5282 4876 5281
f 5338 4876 5282
f 4877 5283 4836
f 4877 4837 5283
f 5340 4879 5339
f 4879 5340 4878
f 4880 4878 5340
f 4880 5340 5341
f 5343 5342 4881
f 5343 4881 4882
f 4840 5344 5284
f 5344 4840 5345
f 4881 5345 4840
f 5345 4881 5346
f 5342 5346 4881
f 5345 5347 5344
f 5350 5349 5348
f 5351 5287 5288
f 5348 5352 5350
f 5287 5351 5289
f 5289 5351 5353
f 5355 5354 5353
f 5354 5289 5353
f 5354 5290 5289
f 4883 4847 5292
f 5356 5291 5354
f 5290 5354 5291
f 4883 5292 4884
f 4884 5292 5293
f 4884 5293 4849
f 5297 4885 4854
f 4885 5297 4855
f 5302 5357 5301
f 5301 5357 5304
f 5306 5358 5305
f 5305 5358 5308
f 5308 5358 5359
f 5308 5359 5309
f 5311 4886 4863
f 4886 5311 4867
f 5316 4887 4868
f 5317 5360 5318
f 4887 5316 4870
f 5318 5360 5319
f 5321 5361 5320
f 5320 5361 5322
f 5322 5361 5362
f 5322 5362 5323
f 5327 5363 5326
f 5326 5363 5330
f 5333 5364 5332
f 5332 5364 5335
f 5338 4888 4876
f 5365 4888 5338
f 4889 5339 4879
f 4889 5366 5339
f 5341 4890 4880
f 5367 4890 5341
f 4891 5369 5368
f 5343 4891 5368
f 4882 4891 5343
f 5368 5369 5346
f 5369 5345 5346
f 5369 5370 5345
f 5347 5345 5371
f 5371 5345 5370
f 5349 5372 5348
f 5348 5372 5352
f 5355 5373 5354
f 5354 5373 5356
f 5365 5374 4888
f 4888 5374 4892
f 4892 5375 4893
f 5374 5375 4892
f 4889 4893 5366
f 5366 4893 5375
f 5367 5376 4890
f 4890 5376 4894
f 4895 4894 5376
f 4895 5376 5377
f 4896 5378 5369
f 4896 5369 4891
f 5369 5379 5370
f 5369 5378 5379
f 5371 5370 5380
f 5380 5370 5379
f 5377 4897 4895
f 5381 4897 5377
f 4900 5382 4899
f 4899 5382 5383
f 5384 4899 5383
f 4902 4899 5384
f 4896 4902 5378
f 4902 5385 5378
f 4902 5384 5385
f 5378 5385 5379
f 5379 5385 5386
f 5379 5386 5380
f 5381 4903 4897
f 5387 4903 5381
f 4904 5382 4900
f 4904 4905 5382
f 4905 5383 5382
f 4905 5388 5383
f 5391 5390 5389
f 5387 5391 5389
f 4906 5387 5389
f 4903 5387 4906
f 4907 5388 4905
f 4907 5392 5388
f 5390 5393 5389
f 4906 5389 5393
f 5394 4906 5393
f 4908 4906 5394
f 4910 5396 5395
f 5392 4910 5395
f 4907 4910 5392
f 5396 5397 5395
f 5400 5399 5398
f 5402 5401 5398
f 5398 5401 5400
f 5404 5403 5402
f 5402 5403 5401
f 5406 5405 5404
f 5404 5405 5403
f 5408 5407 5406
f 5406 5407 5405
f 5410 5409 5408
f 5408 5409 5407
f 5412 5411 5410
f 5410 5411 5409
f 5414 5413 5412
f 5412 5413 5411
f 5416 5415 5414
f 5414 5415 5413
f 4911 4912 5416
f 4912 5415 5416
f 4912 5417 5415
f 5418 4912 4913
f 5418 5417 4912
f 5419 4913 4914
f 5419 5418 4913
f 4914 4915 5419
f 5419 4915 5420
f 5422 5421 4918
f 4918 5421 4917
f 4918 4908 5394
f 4918 5394 5422
f 4920 5423 5396
f 4920 5396 4910
f 5397 5396 5424
f 5424 5396 5423
f 5398 5399 5425
f 5425 5399 5426
f 5398 5427 5402
f 5398 5425 5427
f 5402 5428 5404
f 5402 5427 5428
f 5404 5429 5406
f 5404 5428 5429
f 5406 5430 5408
f 5406 5429 5430
f 5408 5431 5410
f 5408 5430 5431
f 5410 5432 5412
f 5410 5431 5432
f 5412 5433 5414
f 5412 5432 5433
f 5414 5434 5416
f 5414 5433 5434
f 5434 4921 4911
f 5434 4911 5416
f 4922 5420 4915
f 4922 5435 5420
f 5437 4924 5436
f 4924 5421 5436
f 4924 4917 5421
f 5438 5437 5436
f 4926 5439 5423
f 4926 5423 4920
f 5424 5423 5440
f 5423 5441 5440
f 5423 5439 5441
f 5443 5442 5441
f 5441 5442 5440
f 5445 5444 5443
f 5443 5444 5442
f 5447 5446 5445
f 5445 5446 5444
f 5449 5448 5447
f 5447 5448 5446
f 5451 5450 5449
f 5449 5450 5448
f 5453 5452 5451
f 5451 5452 5450
f 5455 5454 5453
f 5453 5454 5452
f 5457 5456 5455
f 5455 5456 5454
f 5459 5458 5457
f 5457 5458 5456
f 5461 5460 5459
f 5459 5460 5458
f 5463 5462 5461
f 5461 5462 5460
f 5465 5464 5463
f 5463 5464 5462
f 5467 5466 5465
f 5465 5466 5464
f 5469 5468 5467
f 5467 5468 5466
f 5471 5470 5469
f 5469 5470 5468
f 5473 5472 5471
f 5471 5472 5470
f 5475 5474 5473
f 5473 5474 5472
f 5477 5476 5475
f 5475 5476 5474
f 5479 5478 5477
f 5477 5478 5476
f 5481 5480 5479
f 5479 5480 5478
f 5483 5482 5481
f 5481 5482 5480
f 5485 5484 5483
f 5483 5484 5482
f 5487 5486 5485
f 5485 5486 5484
f 5489 5488 5487
f 5487 5488 5486
f 5488 5489 5426
f 5489 5425 5426
f 5489 5490 5425
f 5425 5491 5427
f 5425 5490 5491
f 5427 5492 5428
f 5427 5491 5492
f 5428 5493 5429
f 5428 5492 5493
f 5429 5494 5430
f 5429 5493 5494
f 5430 5495 5431
f 5430 5494 5495
f 5431 5496 5432
f 5431 5495 5496
f 5432 5497 5433
f 5432 5496 5497
f 5433 5498 5434
f 5433 5497 5498
f 5498 4927 4921
f 5498 4921 5434
f 4928 5435 4922
f 4928 5499 5435
f 5437 4929 4924
f 4930 4929 5437
f 5438 4930 5437
f 5500 4930 5438
f 4931 5439 4926
f 5439 4931 4932
f 5501 5439 4932
f 5441 5439 5501
f 5441 5502 5443
f 5441 5501 5502
f 5443 5503 5445
f 5443 5502 5503
f 5445 5504 5447
f 5445 5503 5504
f 5447 5505 5449
f 5447 5504 5505
f 5449 5506 5451
f 5449 5505 5506
f 5451 5507 5453
f 5451 5506 5507
f 5453 5508 5455
f 5453 5507 5508
f 5455 5509 5457
f 5455 5508 5509
f 5457 5510 5459
f 5457 5509 5510
f 5459 5511 5461
f 5459 5510 5511
f 5461 5512 5463
f 5461 5511 5512
f 5463 5513 5465
f 5463 5512 5513
f 5465 5514 5467
f 5465 5513 5514
f 5467 5515 5469
f 5467 5514 5515
f 5469 5516 5471
f 5469 5515 5516
f 5471 5517 5473
f 5471 5516 5517
f 5473 5518 5475
f 5473 5517 5518
f 5475 5519 5477
f 5475 5518 5519
f 5477 5520 5479
f 5477 5519 5520
f 5479 5521 5481
f 5479 5520 5521
f 5481 5522 5483
f 5481 5521 5522
f 5483 5523 5485
f 5483 5522 5523
f 5485 5524 5487
f 5485 5523 5524
f 5487 5525 5489
f 5487 5524 5525
f 5489 5526 5490
f 5489 5525 5526
f 5490 5527 5491
f 5490 5526 5527
f 5491 5528 5492
f 5491 5527 5528
f 5492 5529 5493
f 5492 5528 5529
f 5493 5530 5494
f 5493 5529 5530
f 5494 5531 5495
f 5494 5530 5531
f 5495 5532 5496
f 5495 5531 5532
f 5496 5533 5497
f 5496 5532 5533
f 5497 5534 5498
f 5497 5533 5534
f 5534 4933 4927
f 5534 4927 5498
f 4934 5499 4928
f 4934 5535 5499
f 5500 4935 4930
f 5536 4935 5500
f 4936 5537 5501
f 4936 5501 4932
f 5501 5538 5502
f 5501 5537 5538
f 5502 5539 5503
f 5502 5538 5539
f 5503 5540 5504
f 5503 5539 5540
f 5504 5541 5505
f 5504 5540 5541
f 5505 5542 5506
f 5505 5541 5542
f 5506 5543 5507
f 5506 5542 5543
f 5507 5544 5508
f 5507 5543 5544
f 5508 5545 5509
f 5508 5544 5545
f 5509 5546 5510
f 5509 5545 5546
f 5510 5547 5511
f 5510 5546 5547
f 5511 5548 5512
f 5511 5547 5548
f 5512 5549 5513
f 5512 5548 5549
f 5513 5550 5514
f 5513 5549 5550
f 5514 5551 5515
f 5514 5550 5551
f 5515 5552 5516
f 5515 5551 5552
f 5516 5553 5517
f 5516 5552 5553
f 5517 5554 5518
f 5517 5553 5554
f 5518 5555 5519
f 5518 5554 5555
f 5519 5556 5520
f 5519 5555 5556
f 5520 5557 5521
f 5520 5556 5557
f 5521 5558 5522
f 5521 5557 5558
f 5522 5559 5523
f 5522 5558 5559
f 5523 5560 5524
f 5523 5559 5560
f 5524 5561 5525
f 5524 5560 5561
f 5525 5562 5526
f 5525 5561 5562
f 5526 5563 5527
f 5526 5562 5563
f 5527 5564 5528
f 5527 5563 5564
f 5528 5565 5529
f 5528 5564 5565
f 5529 5566 5530
f 5529 5565 5566
f 5530 5567 5531
f 5530 5566 5567
f 5531 5568 5532
f 5531 5567 5568
f 5532 5569 5533
f 5532 5568 5569
f 5533 5570 5534
f 5533 5569 5570
f 5570 4937 4933
f 5570 4933 5534
f 4938 5535 4934
f 4938 5571 5535
f 5536 4940 4935
f 5572 4940 5536
f 4941 5573 5537
f 4941 5537 4936
f 5537 5574 5538
f 5537 5573 5574
f 5538 5575 5539
f 5538 5574 5575
f 5539 5576 5540
f 5539 5575 5576
f 5540 5577 5541
f 5540 5576 5577
f 5541 5578 5542
f 5541 5577 5578
f 5542 5579 5543
f 5542 5578 5579
f 5543 5580 5544
f 5543 5579 5580
f 5544 5581 5545
f 5544 5580 5581
f 5545 5582 5546
f 5545 5581 5582
f 5546 5583 5547
f 5546 5582 5583
f 5547 5584 5548
f 5547 5583 5584
f 5548 5585 5549
f 5548 5584 5585
f 5549 5586 5550
f 5549 5585 5586
f 5550 5587 5551
f 5550 5586 5587
f 5551 5588 5552
f 5551 5587 5588
f 5552 5589 5553
f 5552 5588 5589
f 5553 5590 5554
f 5553 5589 5590
f 5554 5591 5555
f 5554 5590 5591
f 5555 5592 5556
f 5555 5591 5592
f 5556 5593 5557
f 5556 5592 5593
f 5557 5594 5558
f 5557 5593 5594
f 5558 5595 5559
f 5558 5594 5595
f 5559 5596 5560
f 5559 5595 5596
f 5560 5597 5561
f 5560 5596 5597
f 5561 5598 5562
f 5561 5597 5598
f 5562 5599 5563
f 5562 5598 5599
f 5563 5600 5564
f 5563 5599 5600
f 5564 5601 5565
f 5564 5600 5601
f 5565 5602 5566
f 5565 5601 5602
f 5602 4942 4943
f 5567 5602 4943
f 5566 5602 5567
f 5567 4943 4944
f 5567 4944 5568
f 5568 4944 4945
f 5568 4945 5569
f 5569 4945 4946
f 5569 4946 5570
f 5570 4946 4937
f 4947 5571 4938
f 4947 5603 5571
f 5572 4948 4940
f 5604 4948 5572
f 4949 5605 5573
f 4949 5573 4941
f 5573 5606 5574
f 5573 5605 5606
f 5574 5607 5575
f 5574 5606 5607
f 5575 5608 5576
f 5575 5607 5608
f 5576 5609 5577
f 5576 5608 5609
f 5577 5610 5578
f 5577 5609 5610
f 5578 5611 5579
f 5578 5610 5611
f 5579 5612 5580
f 5579 5611 5612
f 5580 5613 5581
f 5580 5612 5613
f 5581 5614 5582
f 5581 5613 5614
f 5582 5615 5583
f 5582 5614 5615
f 5583 5616 5584
f 5583 5615 5616
f 5584 5617 5585
f 5584 5616 5617
f 5585 5618 5586
f 5585 5617 5618
f 5586 5619 5587
f 5586 5618 5619
f 5587 5620 5588
f 5587 5619 5620
f 5588 5621 5589
f 5588 5620 5621
f 5589 5622 5590
f 5589 5621 5622
f 5590 5623 5591
f 5590 5622 5623
f 5591 5624 5592
f 5591 5623 5624
f 5592 5625 5593
f 5592 5624 5625
f 5593 5626 5594
f 5593 5625 5626
f 5594 5627 5595
f 5594 5626 5627
f 5595 5628 5596
f 5595 5627 5628
f 5596 5629 5597
f 5596 5628 5629
f 5597 5630 5598
f 5597 5629 5630
f 5598 5631 5599
f 5598 5630 5631
f 5599 5632 5600
f 5599 5631 5632
f 5600 5633 5601
f 5600 5632 5633
f 5601 5634 5602
f 5601 5633 5634
f 5634 4950 4942
f 5634 4942 5602
f 4951 5603 4947
f 4951 5635 5603
f 5604 4953 4948
f 5636 4953 5604
f 4954 5637 5605
f 4954 5605 4949
f 5605 5638 5606
f 5605 5637 5638
f 5606 5639 5607
f 5606 5638 5639
f 5607 5640 5608
f 5607 5639 5640
f 5608 5641 5609
f 5608 5640 5641
f 5609 5642 5610
f 5609 5641 5642
f 5610 5643 5611
f 5610 5642 5643
f 5611 5644 5612
f 5611 5643 5644
f 5612 5645 5613
f 5612 5644 5645
f 5613 5646 5614
f 5613 5645 5646
f 5614 5647 5615
f 5614 5646 5647
f 5615 5648 5616
f 5615 5647 5648
f 5650 5617 5649
f 5617 5648 5649
f 5617 5616 5648
f 5617 5650 5618
f 5618 5650 5651
f 5618 5651 5619
f 5619 5651 5652
f 5654 5653 5652
f 5653 5619 5652
f 5653 5620 5619
f 5620 5655 5621
f 5620 5653 5655
f 5621 5656 5622
f 5621 5655 5656
f 5622 5657 5623
f 5622 5656 5657
f 5623 5658 5624
f 5623 5657 5658
f 5624 5659 5625
f 5624 5658 5659
f 5625 5660 5626
f 5625 5659 5660
f 5626 5661 5627
f 5626 5660 5661
f 5627 5662 5628
f 5627 5661 5662
f 5628 5663 5629
f 5628 5662 5663
f 5629 5664 5630
f 5629 5663 5664
f 5630 5665 5631
f 5630 5664 5665
f 5631 5666 5632
f 5631 5665 5666
f 5632 5667 5633
f 5632 5666 5667
f 5667 4955 4956
f 5634 5667 4956
f 5633 5667 5634
f 5634 4956 4950
f 4957 5635 4951
f 4957 5668 5635
f 5670 5669 4958
f 4958 5669 4960
f 4958 4953 5636
f 4958 5636 5670
f 4961 5671 5637
f 4961 5637 4954
f 5637 5672 5638
f 5637 5671 5672
f 5638 5673 5639
f 5638 5672 5673
f 5639 5674 5640
f 5639 5673 5674
f 5640 5675 5641
f 5640 5674 5675
f 5641 5676 5642
f 5641 5675 5676
f 5642 5677 5643
f 5642 5676 5677
f 5643 5678 5644
f 5643 5677 5678
f 5644 5679 5645
f 5644 5678 5679
f 5645 5680 5646
f 5645 5679 5680
f 5646 5681 5647
f 5646 5680 5681
f 5647 5682 5648
f 5647 5681 5682
f 5649 5648 5683
f 5683 5648 5682
f 5653 5654 5684
f 5684 5654 5685
f 5653 5686 5655
f 5653 5684 5686
f 5655 5687 5656
f 5655 5686 5687
f 5656 5688 5657
f 5656 5687 5688
f 5657 5689 5658
f 5657 5688 5689
f 5658 5690 5659
f 5658 5689 5690
f 5659 5691 5660
f 5659 5690 5691
f 5660 5692 5661
f 5660 5691 5692
f 5661 5693 5662
f 5661 5692 5693
f 5662 5694 5663
f 5662 5693 5694
f 5663 5695 5664
f 5663 5694 5695
f 5664 5696 5665
f 5664 5695 5696
f 5665 5697 5666
f 5665 5696 5697
f 5666 5698 5667
f 5666 5697 5698
f 5698 4962 4955
f 5698 4955 5667
f 4963 5668 4957
f 4963 5699 5668
f 4965 4960 5700
f 4960 5701 5700
f 4960 5669 5701
f 5700 4966 4965
f 4967 5702 5671
f 4967 5671 4961
f 5671 5703 5672
f 5671 5702 5703
f 5672 5704 5673
f 5672 5703 5704
f 5673 5705 5674
f 5673 5704 5705
f 5674 5706 5675
f 5674 5705 5706
f 5675 5707 5676
f 5675 5706 5707
f 5676 5708 5677
f 5676 5707 5708
f 5677 5709 5678
f 5677 5708 5709
f 5678 5710 5679
f 5678 5709 5710
f 5679 5711 5680
f 5679 5710 5711
f 5680 5712 5681
f 5680 5711 5712
f 5681 5713 5682
f 5681 5712 5713
f 5683 5682 5714
f 5714 5682 5713
f 5684 5685 5715
f 5715 5685 5716
f 5684 5717 5686
f 5684 5715 5717
f 5686 5718 5687
f 5686 5717 5718
f 5687 5719 5688
f 5687 5718 5719
f 5688 5720 5689
f 5688 5719 5720
f 5689 5721 5690
f 5689 5720 5721
f 5690 5722 5691
f 5690 5721 5722
f 5691 5723 5692
f 5691 5722 5723
f 5692 5724 5693
f 5692 5723 5724
f 5693 5725 5694
f 5693 5724 5725
f 5694 5726 5695
f 5694 5725 5726
f 5695 5727 5696
f 5695 5726 5727
f 5696 5728 5697
f 5696 5727 5728
f 5697 5729 5698
f 5697 5728 5729
f 5729 4968 4962
f 5729 4962 5698
f 4969 5699 4963
f 4969 5730 5699
f 5732 5731 5701
f 5731 4970 5701
f 4971 5700 5701
f 4971 5701 4970
f 4971 4966 5700
f 5731 5732 5733
f 4973 5734 4972
f 5735 4975 4972
f 5735 4972 5734
f 5702 4967 4975
f 5735 5702 4975
f 5736 5702 5735
f 5702 5737 5703
f 5702 5736 5737
f 5703 5738 5704
f 5703 5737 5738
f 5704 5739 5705
f 5704 5738 5739
f 5705 5740 5706
f 5705 5739 5740
f 5706 5741 5707
f 5706 5740 5741
f 5707 5742 5708
f 5707 5741 5742
f 5708 5743 5709
f 5708 5742 5743
f 5709 5744 5710
f 5709 5743 5744
f 5710 5745 5711
f 5710 5744 5745
f 5711 5746 5712
f 5711 5745 5746
f 5712 5747 5713
f 5712 5746 5747
f 5714 5713 5748
f 5713 5749 5748
f 5713 5747 5749
f 5751 5750 5749
f 5749 5750 5748
f 5753 5752 5751
f 5751 5752 5750
f 5752 5753 5716
f 5753 5715 5716
f 5753 5754 5715
f 5715 5755 5717
f 5715 5754 5755
f 5717 5756 5718
f 5717 5755 5756
f 5718 5757 5719
f 5718 5756 5757
f 5719 5758 5720
f 5719 5757 5758
f 5720 5759 5721
f 5720 5758 5759
f 5721 5760 5722
f 5721 5759 5760
f 5722 5761 5723
f 5722 5760 5761
f 5723 5762 5724
f 5723 5761 5762
f 5724 5763 5725
f 5724 5762 5763
f 5725 5764 5726
f 5725 5763 5764
f 5726 5765 5727
f 5726 5764 5765
f 5727 5766 5728
f 5727 5765 5766
f 5728 5767 5729
f 5728 5766 5767
f 5767 4976 4968
f 5767 4968 5729
f 4977 5730 4969
f 4977 5768 5730
f 5731 4978 4970
f 4980 4978 5731
f 5733 4980 5731
f 5769 4980 5733
f 4982 5770 5734
f 4982 5734 4973
f 5734 5771 5735
f 5734 5770 5771
f 5735 5772 5736
f 5735 5771 5772
f 5736 5773 5737
f 5736 5772 5773
f 5737 5774 5738
f 5737 5773 5774
f 5738 5775 5739
f 5738 5774 5775
f 5739 5776 5740
f 5739 5775 5776
f 5740 5777 5741
f 5740 5776 5777
f 5741 5778 5742
f 5741 5777 5778
f 5742 5779 5743
f 5742 5778 5779
f 5743 5780 5744
f 5743 5779 5780
f 5744 5781 5745
f 5744 5780 5781
f 5745 5782 5746
f 5745 5781 5782
f 5746 5783 5747
f 5746 5782 5783
f 5747 5784 5749
f 5747 5783 5784
f 5749 5785 5751
f 5749 5784 5785
f 5751 5786 5753
f 5751 5785 5786
f 5753 5787 5754
f 5753 5786 5787
f 5754 5788 5755
f 5754 5787 5788
f 5755 5789 5756
f 5755 5788 5789
f 5756 5790 5757
f 5756 5789 5790
f 5757 5791 5758
f 5757 5790 5791
f 5758 5792 5759
f 5758 5791 5792
f 5759 5793 5760
f 5759 5792 5793
f 5760 5794 5761
f 5760 5793 5794
f 5761 5795 5762
f 5761 5794 5795
f 5762 5796 5763
f 5762 5795 5796
f 5763 5797 5764
f 5763 5796 5797
f 5764 5798 5765
f 5764 5797 5798
f 5765 5799 5766
f 5765 5798 5799
f 5766 5800 5767
f 5766 5799 5800
f 5800 4983 4976
f 5800 4976 5767
f 4984 5768 4977
f 4984 5801 5768
f 5804 5803 5802
f 5769 5804 5802
f 4986 5769 5802
f 4980 5769 4986
f 4987 5770 4982
f 5770 4987 4989
f 5805 5770 4989
f 5771 5770 5805
f 5771 5806 5772
f 5771 5805 5806
f 5772 5807 5773
f 5772 5806 5807
f 5773 5808 5774
f 5773 5807 5808
f 5774 5809 5775
f 5774 5808 5809
f 5775 5810 5776
f 5775 5809 5810
f 5776 5811 5777
f 5776 5810 5811
f 5777 5812 5778
f 5777 5811 5812
f 5778 5813 5779
f 5778 5812 5813
f 5779 5814 5780
f 5779 5813 5814
f 5780 5815 5781
f 5780 5814 5815
f 5781 5816 5782
f 5781 5815 5816
f 5782 5817 5783
f 5782 5816 5817
f 5783 5818 5784
f 5783 5817 5818
f 5784 5819 5785
f 5784 5818 5819
f 5785 5820 5786
f 5785 5819 5820
f 5786 5821 5787
f 5786 5820 5821
f 5787 5822 5788
f 5787 5821 5822
f 5788 5823 5789
f 5788 5822 5823
f 5789 5824 5790
f 5789 5823 5824
f 5790 5825 5791
f 5790 5824 5825
f 5791 5826 5792
f 5791 5825 5826
f 5792 5827 5793
f 5792 5826 5827
f 5793 5828 5794
f 5793 5827 5828
f 5794 5829 5795
f 5794 5828 5829
f 5795 5830 5796
f 5795 5829 5830
f 5796 5831 5797
f 5796 5830 5831
f 5797 5832 5798
f 5797 5831 5832
f 5832 4990 4991
f 5799 5832 4991
f 5798 5832 5799
f 5799 4991 4992
f 5799 4992 5800
f 5800 4992 4983
f 4993 5801 4984
f 4993 5833 5801
f 5802 5803 4996
f 5803 4994 4996
f 5803 5834 4994
f 5802 4996 4986
f 4998 5835 5805
f 4998 5805 4989
f 5805 5836 5806
f 5805 5835 5836
f 5806 5837 5807
f 5806 5836 5837
f 5807 5838 5808
f 5807 5837 5838
f 5808 5839 5809
f 5808 5838 5839
f 5809 5840 5810
f 5809 5839 5840
f 5810 5841 5811
f 5810 5840 5841
f 5811 5842 5812
f 5811 5841 5842
f 5812 5843 5813
f 5812 5842 5843
f 5813 5844 5814
f 5813 5843 5844
f 5814 5845 5815
f 5814 5844 5845
f 5815 5846 5816
f 5815 5845 5846
f 5816 5847 5817
f 5816 5846 5847
f 5817 5848 5818
f 5817 5847 5848
f 5818 5849 5819
f 5818 5848 5849
f 5819 5850 5820
f 5819 5849 5850
f 5820 5851 5821
f 5820 5850 5851
f 5821 5852 5822
f 5821 5851 5852
f 5822 5853 5823
f 5822 5852 5853
f 5823 5854 5824
f 5823 5853 5854
f 5824 5855 5825
f 5824 5854 5855
f 5825 5856 5826
f 5825 5855 5856
f 5826 5857 5827
f 5826 5856 5857
f 5827 5858 5828
f 5827 5857 5858
f 5828 5859 5829
f 5828 5858 5859
f 5829 5860 5830
f 5829 5859 5860
f 5830 5861 5831
f 5830 5860 5861
f 5831 5862 5832
f 5831 5861 5862
f 5862 4999 4990
f 5862 4990 5832
f 5000 5833 4993
f 5000 5863 5833
f 5834 5001 4994
f 5864 5001 5834
f 5002 5865 5835
f 5002 5835 4998
f 5835 5866 5836
f 5835 5865 5866
f 5836 5867 5837
f 5836 5866 5867
f 5837 5868 5838
f 5837 5867 5868
f 5838 5869 5839
f 5838 5868 5869
f 5839 5870 5840
f 5839 5869 5870
f 5840 5871 5841
f 5840 5870 5871
f 5841 5872 5842
f 5841 5871 5872
f 5842 5873 5843
f 5842 5872 5873
f 5843 5874 5844
f 5843 5873 5874
f 5844 5875 5845
f 5844 5874 5875
f 5845 5876 5846
f 5845 5875 5876
f 5846 5877 5847
f 5846 5876 5877
f 5847 5878 5848
f 5847 5877 5878
f 5848 5879 5849
f 5848 5878 5879
f 5849 5880 5850
f 5849 5879 5880
f 5850 5881 5851
f 5850 5880 5881
f 5851 5882 5852
f 5851 5881 5882
f 5852 5883 5853
f 5852 5882 5883
f 5853 5884 5854
f 5853 5883 5884
f 5854 5885 5855
f 5854 5884 5885
f 5855 5886 5856
f 5855 5885 5886
f 5856 5887 5857
f 5856 5886 5887
f 5857 5888 5858
f 5857 5887 5888
f 5858 5889 5859
f 5858 5888 5889
f 5889 5003 5004
f 5860 5889 5004
f 5859 5889 5860
f 5860 5004 5005
f 5860 5005 5861
f 5861 5005 5006
f 5861 5006 5862
f 5862 5006 4999
f 5007 5891 5890
f 5863 5007 5890
f 5000 5007 5863
f 5891 5892 5890
f 5864 5893 5001
f 5001 5893 5008
f 5010 5008 5893
f 5010 5893 5894
f 5011 5865 5002
f 5865 5011 5012
f 5895 5865 5012
f 5866 5865 5895
f 5866 5896 5867
f 5866 5895 5896
f 5867 5897 5868
f 5867 5896 5897
f 5868 5898 5869
f 5868 5897 5898
f 5869 5899 5870
f 5869 5898 5899
f 5870 5900 5871
f 5870 5899 5900
f 5871 5901 5872
f 5871 5900 5901
f 5872 5902 5873
f 5872 5901 5902
f 5873 5903 5874
f 5873 5902 5903
f 5874 5904 5875
f 5874 5903 5904
f 5875 5905 5876
f 5875 5904 5905
f 5876 5906 5877
f 5876 5905 5906
f 5877 5907 5878
f 5877 5906 5907
f 5878 5908 5879
f 5878 5907 5908
f 5879 5909 5880
f 5879 5908 5909
f 5880 5910 5881
f 5880 5909 5910
f 5881 5911 5882
f 5881 5910 5911
f 5882 5912 5883
f 5882 5911 5912
f 5883 5913 5884
f 5883 5912 5913
f 5884 5914 5885
f 5884 5913 5914
f 5885 5915 5886
f 5885 5914 5915
f 5886 5916 5887
f 5886 5915 5916
f 5887 5917 5888
f 5887 5916 5917
f 5888 5918 5889
f 5888 5917 5918
f 5918 5013 5003
f 5918 5003 5889
f 5014 5919 5891
f 5014 5891 5007
f 5892 5891 5920
f 5920 5891 5919
f 5921 5017 5015
f 5922 5921 5015
f 5010 5922 5015
f 5894 5922 5010
f 5018 5923 5895
f 5018 5895 5012
f 5895 5924 5896
f 5895 5923 5924
f 5896 5925 5897
f 5896 5924 5925
f 5897 5926 5898
f 5897 5925 5926
f 5898 5927 5899
f 5898 5926 5927
f 5899 5928 5900
f 5899 5927 5928
f 5900 5929 5901
f 5900 5928 5929
f 5901 5930 5902
f 5901 5929 5930
f 5902 5931 5903
f 5902 5930 5931
f 5903 5932 5904
f 5903 5931 5932
f 5904 5933 5905
f 5904 5932 5933
f 5905 5934 5906
f 5905 5933 5934
f 5906 5935 5907
f 5906 5934 5935
f 5907 5936 5908
f 5907 5935 5936
f 5908 5937 5909
f 5908 5936 5937
f 5909 5938 5910
f 5909 5937 5938
f 5910 5939 5911
f 5910 5938 5939
f 5911 5940 5912
f 5911 5939 5940
f 5912 5941 5913
f 5912 5940 5941
f 5913 5942 5914
f 5913 5941 5942
f 5914 5943 5915
f 5914 5942 5943
f 5915 5944 5916
f 5915 5943 5944
f 5916 5945 5917
f 5916 5944 5945
f 5917 5946 5918
f 5917 5945 5946
f 5946 5019 5013
f 5946 5013 5918
f 5020 5947 5919
f 5020 5919 5014
f 5920 5919 5948
f 5919 5949 5948
f 5919 5947 5949
f 5949 5950 5948
f 5951 5022 5921
f 5921 5022 5017
f 5921 5922 5952
f 5921 5952 5951
f 5023 5953 5923
f 5023 5923 5018
f 5923 5954 5924
f 5923 5953 5954
f 5924 5955 5925
f 5924 5954 5955
f 5925 5956 5926
f 5925 5955 5956
f 5926 5957 5927
f 5926 5956 5957
f 5927 5958 5928
f 5927 5957 5958
f 5928 5959 5929
f 5928 5958 5959
f 5929 5960 5930
f 5929 5959 5960
f 5930 5961 5931
f 5930 5960 5961
f 5931 5962 5932
f 5931 5961 5962
f 5932 5963 5933
f 5932 5962 5963
f 5933 5964 5934
f 5933 5963 5964
f 5934 5965 5935
f 5934 5964 5965
f 5935 5966 5936
f 5935 5965 5966
f 5936 5967 5937
f 5936 5966 5967
f 5937 5968 5938
f 5937 5967 5968
f 5938 5969 5939
f 5938 5968 5969
f 5939 5970 5940
f 5939 5969 5970
f 5940 5971 5941
f 5940 5970 5971
f 5941 5972 5942
f 5941 5971 5972
f 5942 5973 5943
f 5942 5972 5973
f 5943 5974 5944
f 5943 5973 5974
f 5944 5975 5945
f 5944 5974 5975
f 5945 5976 5946
f 5945 5975 5976
f 5977 5024 5019
f 5946 5977 5019
f 5976 5977 5946
f 5977 5025 5024
f 5979 5978 5947
f 5020 5979 5947
f 5026 5979 5020
f 5981 5980 5978
f 5980 5947 5978
f 5980 5949 5947
f 5950 5949 5982
f 5982 5949 5980
f 5951 5028 5022
f 5029 5028 5951
f 5952 5029 5951
f 5983 5029 5952
f 5030 5984 5953
f 5030 5953 5023
f 5953 5985 5954
f 5953 5984 5985
f 5954 5986 5955
f 5954 5985 5986
f 5955 5987 5956
f 5955 5986 5987
f 5956 5988 5957
f 5956 5987 5988
f 5957 5989 5958
f 5957 5988 5989
f 5958 5990 5959
f 5958 5989 5990
f 5959 5991 5960
f 5959 5990 5991
f 5960 5992 5961
f 5960 5991 5992
f 5961 5993 5962
f 5961 5992 5993
f 5962 5994 5963
f 5962 5993 5994
f 5963 5995 5964
f 5963 5994 5995
f 5964 5996 5965
f 5964 5995 5996
f 5965 5997 5966
f 5965 5996 5997
f 5966 5998 5967
f 5966 5997 5998
f 5967 5999 5968
f 5967 5998 5999
f 5968 6000 5969
f 5968 5999 6000
f 5969 6001 5970
f 5969 6000 6001
f 5970 6002 5971
f 5970 6001 6002
f 5971 6003 5972
f 5971 6002 6003
f 5972 6004 5973
f 5972 6003 6004
f 5973 6005 5974
f 5973 6004 6005
f 5974 6006 5975
f 5974 6005 6006
f 5975 6007 5976
f 5975 6006 6007
f 5976 6008 5977
f 5976 6007 6008
f 6008 5031 5025
f 6008 5025 5977
f 5032 5979 5026
f 5032 6009 5979
f 5981 6010 5980
f 6010 6011 5980
f 6011 6012 5980
f 6013 5982 5980
f 6013 5980 6012
f 6012 6014 6013
f 5983 5033 5029
f 6015 5033 5983
f 6017 6016 5984
f 5030 6017 5984
f 5034 6017 5030
f 5984 6016 5985
f 5985 6016 6018
f 5985 6018 5986
f 5986 6018 6019
f 5986 6019 5987
f 5987 6019 6020
f 5987 6020 5988
f 5988 6020 6021
f 5988 6021 5989
f 5989 6021 6022
f 5989 6022 5990
f 5990 6022 6023
f 5990 6023 5991
f 5991 6023 6024
f 5991 6024 5992
f 5992 6024 6025
f 5992 6025 5993
f 5993 6025 6026
f 5993 6026 5994
f 5994 6026 6027
f 5994 6027 5995
f 5995 6027 6028
f 5995 6028 5996
f 5996 6028 6029
f 5996 6029 5997
f 5997 6029 6030
f 5997 6030 5998
f 5998 6030 6031
f 5998 6031 5999
f 5999 6031 6032
f 5999 6032 6000
f 6000 6032 6033
f 6000 6033 6001
f 6001 6033 6034
f 6001 6034 6002
f 6002 6034 6035
f 6002 6035 6003
f 6003 6035 6036
f 6003 6036 6004
f 6004 6036 6037
f 6004 6037 6005
f 6005 6037 6038
f 6005 6038 6006
f 6006 6038 6039
f 6006 6039 6007
f 6007 6039 6040
f 6007 6040 6008
f 6008 6040 6041
f 6008 6041 5031
f 6041 5035 5031
f 6041 6042 5035
f 5035 6043 5036
f 6042 6043 5035
f 5036 6044 5037
f 6043 6044 5036
f 5037 6045 5038
f 6044 6045 5037
f 5038 6046 5039
f 6045 6046 5038
f 5039 6047 5040
f 6046 6047 5039
f 5040 6048 5041
f 6047 6048 5040
f 5041 6049 5042
f 6048 6049 5041
f 5042 6050 5043
f 6049 6050 5042
f 5043 6051 5044
f 6050 6051 5043
f 5044 6052 5045
f 6051 6052 5044
f 5045 6053 5046
f 6052 6053 5045
f 5032 5046 6009
f 6009 5046 6053
f 6012 6011 6054
f 6054 6011 6055
f 6014 6012 6056
f 6056 6012 6054
f 6058 5047 6057
f 5047 6015 6057
f 5047 5033 6015
f 6059 6058 6057
f 6061 6060 5048
f 6061 5048 5049
f 5034 5048 6017
f 6017 5048 6060
f 6055 6062 6054
f 6054 6062 6056
f 6064 6063 6058
f 6063 5047 6058
f 6063 5050 5047
f 6064 6058 6059
f 5051 6061 5049
f 5051 6065 6061
f 6063 5052 5050
f 6066 5052 6063
f 5055 6067 5054
f 6069 6067 6068
f 6069 5054 6067
f 6069 6070 5057
f 5054 6069 5057
f 6069 6065 6070
f 6065 5058 6070
f 6065 5051 5058
f 6066 5059 5052
f 6071 5059 6066
f 6074 6073 6072
f 6073 6075 6072
f 5055 5060 6067
f 6076 6067 5060
f 6079 6078 6077
f 6079 6077 6068
f 6079 6068 6067
f 6079 6067 6076
f 6079 6076 5061
f 6079 5061 5057
f 6079 5057 6070
f 6079 6070 6078
f 5062 6080 5058
f 6080 6070 5058
f 6080 6078 6070
f 5064 6080 5062
f 6071 5065 5059
f 6081 5065 6071
f 6082 6074 6072
f 5060 5066 6076
f 6072 6075 6082
f 6078 6083 6077
f 5061 6076 5066
f 6085 6084 6083
f 6078 6085 6083
f 6080 6085 6078
f 5069 6085 5064
f 5064 6085 6080
f 6088 6087 6086
f 6086 6089 6088
f 6091 6090 5075
f 5075 6090 5074
f 6093 6091 6092
f 6091 5076 6092
f 6091 5075 5076
f 5078 6092 5076
f 6094 5082 5083
f 5084 6095 5083
f 5083 6095 6094
f 5086 6095 5084
f 6096 5088 5089
f 5090 6096 5089
f 6099 6098 6097
f 5092 5093 6100
f 6099 6097 6101
f 5094 6100 5093
f 6081 5095 5065
f 6102 5095 6081
f 6105 6104 6103
f 6103 6104 6084
f 6085 6103 6084
f 6106 6103 6085
f 5097 6107 5069
f 6108 5069 6107
f 5069 6108 6085
f 6109 6085 6108
f 6085 6109 6106
f 6107 6110 6108
f 6112 6111 5100
f 5100 6111 5099
f 5100 5101 6112
f 6112 5101 6113
f 6115 6114 5104
f 5104 6114 5103
f 6117 6115 6116
f 6115 5105 6116
f 6115 5104 5105
f 5107 6116 5105
f 6119 6118 5109
f 5109 6118 5108
f 6120 5109 5112
f 6120 6119 5109
f 6122 6121 5114
f 6121 5112 5114
f 6121 6120 5112
f 5115 5116 6122
f 5116 6121 6122
f 5116 6123 6121
f 5117 6086 6087
f 6123 5117 6087
f 5116 5117 6123
f 6124 6089 6086
f 5117 6124 6086
f 5118 6124 5117
f 5118 5074 6090
f 5118 6090 6124
f 6093 6092 5121
f 5120 6093 5121
f 6125 6093 5120
f 5122 5121 6126
f 5121 6092 6126
f 5078 5123 6126
f 5078 6126 6092
f 6126 5123 6127
f 5123 6128 6127
f 5123 5124 6128
f 6130 6128 6129
f 6128 5126 6129
f 6128 5124 5126
f 6129 5126 5128
f 6133 6132 6131
f 6135 6134 6131
f 6131 6134 6133
f 5132 5131 6135
f 5131 6134 6135
f 5131 6136 6134
f 5131 5133 6136
f 6136 5133 6137
f 6139 6138 5135
f 5135 6138 5134
f 6139 5135 5082
f 6140 6139 5082
f 6094 6140 5082
f 6139 6140 6141
f 6095 6143 6142
f 6140 6095 6142
f 6094 6095 6140
f 6143 6095 5086
f 5136 6143 5086
f 6144 6143 5136
f 5136 5088 6096
f 6145 5136 6096
f 6144 5136 6145
f 6147 6145 6146
f 6146 6145 5138
f 6145 6096 5138
f 6096 5090 5138
f 6149 6146 6148
f 6146 5138 6148
f 5140 6150 6148
f 5140 6148 5138
f 5142 5143 6151
f 6150 5142 6151
f 6148 6150 6151
f 6098 6148 6151
f 6097 6098 6151
f 6152 6097 6151
f 6153 6152 6151
f 6154 6153 6151
f 5143 6154 6151
f 5144 5092 6100
f 6155 5143 5145
f 6155 5145 6156
f 6155 6156 6157
f 6155 6157 6101
f 6155 6101 6097
f 6155 6097 6152
f 6155 6152 6158
f 6155 6158 6154
f 6155 6154 5143
f 6100 5094 5144
f 6159 6157 6156
f 6160 5148 5149
f 5150 6160 5149
f 6161 5152 5153
f 5154 6161 5153
f 6163 6162 5158
f 5158 6162 5157
f 5158 5095 6102
f 5158 6102 6163
f 5159 5160 6164
f 6103 6165 6105
f 5161 5159 6164
f 6166 6165 6106
f 6103 6106 6165
f 5097 5162 6107
f 6106 6109 6166
f 5162 5163 6107
f 5163 6167 6107
f 6167 6110 6107
f 5163 6168 6167
f 6169 6168 5163
f 5099 6169 5163
f 6111 6169 5099
f 6170 6113 5101
f 6170 5101 5165
f 5165 5103 6114
f 5165 6114 6170
f 6171 6117 6116
f 6171 6116 5107
f 5167 6171 5107
f 6172 6171 5167
f 5167 5108 6118
f 5167 6118 6172
f 5168 6122 5114
f 6122 5168 5115
f 6173 6125 5120
f 6173 5120 5169
f 5169 5122 6126
f 6174 5169 6126
f 6173 5169 6174
f 6174 6126 6127
f 6175 6130 6129
f 6175 6131 6132
f 6175 5170 6131
f 6175 6129 5128
f 5170 6175 5128
f 6131 5170 5171
f 6131 5171 6135
f 6135 5171 5132
f 6176 6137 5133
f 6176 5133 5172
f 5172 5134 6138
f 5172 6138 6176
f 6177 6141 6140
f 6177 6140 6142
f 6178 6147 6146
f 5140 5173 6150
f 6146 6149 6178
f 6154 6179 6153
f 5142 6150 5173
f 5145 5175 6156
f 6154 6158 6179
f 6180 6159 6156
f 5175 6180 6156
f 5176 6180 5175
f 5176 5148 6160
f 6181 5176 6160
f 6180 5176 6181
f 6183 6181 6182
f 6182 6181 5177
f 6181 6160 5177
f 6160 5150 5177
f 6182 5177 6184
f 5177 6185 6184
f 5177 5178 6185
f 6186 5178 5179
f 6186 6185 5178
f 6187 5179 5180
f 6187 6186 5179
f 5180 5152 6161
f 6188 5180 6161
f 6187 5180 6188
f 6161 5154 6188
f 5154 6189 6188
f 5154 5182 6189
f 6191 6190 5184
f 5184 6190 5183
f 6193 6191 6192
f 6191 5185 6192
f 6191 5184 5185
f 6192 5185 6194
f 5185 6195 6194
f 5185 5186 6195
f 5186 5157 6162
f 5186 6162 6195
f 5187 6164 5160
f 6164 5187 5161
f 6196 6167 6168
f 6196 6168 6169
f 6199 6198 6197
f 6200 6197 6198
f 6201 6183 6182
f 6201 6182 6184
f 6202 6189 5182
f 6202 5182 5189
f 5189 5183 6190
f 5189 6190 6202
f 6203 6193 6192
f 6203 6192 6194
f 6204 6199 6197
f 6204 6197 6200
f 6206 6205 5191
f 6206 5191 5192
f 5193 5191 6205
f 5193 6205 6207
f 5196 6208 5195
f 6208 5197 5195
f 5200 6209 5199
f 6209 5201 5199
f 5208 6210 5207
f 6210 5209 5207
f 5212 6211 5211
f 6211 5213 5211
f 5215 6213 6212
f 6206 5215 6212
f 5192 5215 6206
f 6207 6212 6213
f 5217 6207 6213
f 5193 6207 5217
f 5220 6214 6208
f 5220 6208 5196
f 6214 5221 5197
f 6214 5197 6208
f 5224 6215 5223
f 6215 5225 5223
f 5226 6209 5200
f 6209 5226 5201
f 5231 6216 5230
f 6216 5232 5230
f 5236 6217 5235
f 6217 5238 5235
f 5240 6218 5242
f 6219 5244 5242
f 6219 5242 6218
f 6219 5246 5244
f 5247 6210 5208
f 6210 5247 5209
f 5248 6211 5212
f 6211 5248 5213
f 5250 6213 5215
f 6213 5250 5217
f 5251 6220 5253
f 6220 5254 5253
f 5256 6221 5255
f 6221 5258 5255
f 5259 6214 5220
f 6214 5259 5221
f 5261 6215 5224
f 5225 6215 5261
f 5264 5265 6222
f 6222 5266 5264
f 5269 6223 5268
f 6223 5271 5268
f 5273 6224 5272
f 6224 6225 5272
f 5272 6225 5231
f 6225 6226 5231
f 6226 6216 5231
f 5232 6216 6226
f 6227 5232 6226
f 5275 5232 6227
f 5280 6228 5279
f 5282 5279 6228
f 6231 6230 6229
f 6233 6232 6231
f 6233 6231 6229
f 6234 6232 6233
f 6236 6235 6217
f 5236 6236 6217
f 5284 6236 5236
f 6217 6235 5238
f 6235 5285 5238
f 6235 6237 5285
f 5285 6238 5286
f 6237 6238 5285
f 5288 5286 6238
f 5288 6238 6239
f 5291 6240 6218
f 5291 6218 5240
f 6218 6241 6219
f 6218 6240 6241
f 6242 5294 5246
f 6219 6242 5246
f 6241 6242 6219
f 6243 5295 5294
f 6243 5294 6242
f 6244 5296 5295
f 6244 5295 6243
f 6245 5298 5296
f 6245 5296 6244
f 6246 5299 5298
f 6246 5298 6245
f 6247 5300 5299
f 6247 5299 6246
f 6247 5302 5300
f 6249 6248 5303
f 6249 5303 5304
f 5306 5303 6248
f 5306 6248 6250
f 6252 5307 6251
f 6252 5251 5307
f 6220 5251 6252
f 6220 6252 6253
f 5310 6255 6254
f 6255 5310 6220
f 5254 6220 5310
f 6255 6220 6253
f 6251 5307 5309
f 6221 5256 5310
f 6254 6221 5310
f 6256 6221 6254
f 6221 6256 5258
f 6256 6257 5258
f 6257 5312 5258
f 6256 6258 6257
f 6257 6260 6259
f 5313 6257 6259
f 5312 6257 5313
f 5313 6259 6261
f 6262 5313 6261
f 5314 5313 6262
f 5314 6263 5315
f 6262 6263 5314
f 5317 5315 6263
f 5317 6263 6264
f 5319 6265 6222
f 5319 6222 5265
f 6265 5321 5266
f 6265 5266 6222
f 6268 6267 6266
f 6267 5323 6266
f 6267 5324 5323
f 6267 6270 6269
f 5324 6267 6269
f 5324 6269 6271
f 6272 5324 6271
f 5325 5324 6272
f 6272 5269 5325
f 5269 6272 6223
f 6273 6223 6272
f 6223 6273 5328
f 5327 5328 6273
f 6274 5328 5330
f 5328 6274 6223
f 6275 6223 6274
f 6223 6275 5271
f 5329 5271 6275
f 5273 5329 6224
f 5329 6276 6224
f 5329 6275 6276
f 6276 6225 6224
f 5331 6277 5333
f 6277 5331 6278
f 5331 5335 6278
f 6279 6278 5335
f 6227 5334 5275
f 5334 6227 6280
f 5334 6281 5336
f 6280 6281 5334
f 5336 6282 5337
f 6281 6282 5336
f 5280 5337 6228
f 5337 6283 6228
f 5337 6282 6283
f 5282 6228 5338
f 6283 5338 6228
f 5338 6283 6284
f 6230 6284 6283
f 6284 6230 6231
f 6285 6231 6232
f 6284 6231 6285
f 5340 5339 6286
f 6234 6287 6232
f 6285 6232 6287
f 6286 5341 5340
f 5343 6288 5342
f 6290 6289 6236
f 6290 6236 5284
f 6290 5284 5344
f 6290 5344 6291
f 6290 6291 5346
f 6290 5346 5342
f 6290 5342 6288
f 6290 6288 6289
f 6291 5344 5347
f 6294 6293 6292
f 6292 5349 6294
f 5349 5350 6294
f 6296 6295 6294
f 6296 6294 5350
f 6296 5350 5352
f 5288 6297 5351
f 6297 5288 6298
f 6239 6298 5288
f 6299 5353 5351
f 6299 5351 6297
f 6299 5355 5353
f 6301 6300 6240
f 5291 6301 6240
f 5356 6301 5291
f 6303 6302 6300
f 6302 6240 6300
f 6302 6241 6240
f 6241 6304 6242
f 6241 6302 6304
f 6306 6243 6305
f 6243 6304 6305
f 6243 6242 6304
f 6308 6307 6306
f 6307 6243 6306
f 6307 6244 6243
f 6310 6245 6309
f 6245 6307 6309
f 6245 6244 6307
f 6245 6310 6246
f 6246 6310 6311
f 6246 6311 6247
f 6247 6311 6312
f 6247 6312 5302
f 6312 5357 5302
f 6312 6313 5357
f 6316 6315 6314
f 5357 6249 5304
f 6249 5357 6313
f 6317 6316 6314
f 5306 6318 5358
f 6318 5306 6250
f 6251 5359 6252
f 5359 6318 6252
f 5359 5358 6318
f 6255 6319 6254
f 5359 6251 5309
f 6254 6319 6256
f 6256 6319 6320
f 6323 6322 6321
f 6256 6320 6258
f 6324 6259 6260
f 6322 6325 6321
f 6259 6324 6261
f 6264 6326 5317
f 5317 6326 5360
f 5319 5360 6265
f 5360 6327 6265
f 5360 6326 6327
f 6265 6327 5321
f 6327 5361 5321
f 6327 6328 5361
f 6266 5362 6268
f 5362 6328 6268
f 5362 5361 6328
f 6270 6329 6269
f 5362 6266 5323
f 6269 6329 6271
f 6273 6330 5327
f 5327 6330 5363
f 5330 5363 6274
f 6274 5363 6330
f 6277 6331 5333
f 5333 6331 5364
f 5335 5364 6279
f 6279 5364 6331
f 6332 5365 6284
f 6284 5365 5338
f 6333 6284 6285
f 6332 6284 6333
f 5366 6286 5339
f 6286 5366 6334
f 6333 6334 5366
f 6334 6333 6287
f 6285 6287 6333
f 5367 5341 6286
f 6335 5367 6286
f 6334 6335 6286
f 5367 6335 6336
f 6337 6336 6335
f 6288 5343 5368
f 6340 6339 6338
f 6342 6291 6341
f 6342 6341 6339
f 6342 6339 6340
f 6342 6340 6289
f 6342 6289 6288
f 6342 6288 5368
f 6342 5368 5346
f 6342 5346 6291
f 6292 6293 6343
f 6341 5347 5371
f 5347 6341 6291
f 6295 6296 6343
f 6296 5372 6343
f 5349 6292 6343
f 5349 6343 5372
f 6298 6344 6297
f 5372 6296 5352
f 6297 6344 6299
f 6299 6344 6345
f 6299 6345 5355
f 6345 5373 5355
f 6345 6346 5373
f 5356 5373 6301
f 6301 5373 6346
f 6303 6347 6302
f 6302 6347 6304
f 6304 6347 6348
f 6304 6348 6305
f 6308 6349 6307
f 6307 6349 6309
f 6314 6315 6350
f 6350 6315 6351
f 6317 6314 6352
f 6352 6314 6350
f 6323 6353 6322
f 6322 6353 6325
f 6332 5374 5365
f 5374 6332 5375
f 5375 6332 6333
f 5375 6333 5366
f 6355 5376 6354
f 5376 5367 6354
f 6354 5367 6336
f 6356 6354 6336
f 6336 6337 6356
f 5376 6355 5377
f 6338 6339 6357
f 6338 6357 6358
f 6359 6339 6341
f 6357 6339 6359
f 5380 6359 5371
f 5371 6359 6341
f 6351 6360 6350
f 6350 6360 6352
f 6354 6361 6355
f 5377 6355 6361
f 6362 5377 6361
f 5381 5377 6362
f 6364 6363 5384
f 6364 5384 5383
f 6357 5385 6358
f 5385 6363 6358
f 5385 5384 6363
f 5385 6357 5386
f 5386 6357 6359
f 5386 6359 5380
f 6367 6366 6365
f 6362 6367 6365
f 5387 6362 6365
f 5381 6362 5387
f 5388 6364 5383
f 5388 6368 6364
f 6365 6366 5391
f 6366 5390 5391
f 6366 6369 5390
f 6365 5391 5387
f 5392 6368 5388
f 5392 6370 6368
f 6369 6371 5390
f 5390 6371 5393
f 5394 5393 6371
f 5394 6371 6372
f 6373 6370 5392
f 6373 5392 5395
f 5395 5397 6373
f 6373 5397 6374
f 6375 5399 5400
f 5401 6376 5400
f 5400 6376 6375
f 5403 6377 5401
f 5401 6377 6376
f 5405 6378 5403
f 5403 6378 6377
f 5407 6379 5405
f 5405 6379 6378
f 5409 6380 5407
f 5407 6380 6379
f 5411 6381 5409
f 5409 6381 6380
f 5413 6382 5411
f 5411 6382 6381
f 5415 6383 5413
f 5413 6383 6382
f 5417 6384 5415
f 5415 6384 6383
f 5418 6385 5417
f 5417 6385 6384
f 5419 6386 5418
f 5418 6386 6385
f 5420 6386 5419
f 6388 6387 5422
f 5422 6387 5421
f 5422 5394 6372
f 5422 6372 6388
f 5424 6374 5397
f 5424 6389 6374
f 6390 5426 6375
f 6375 5426 5399
f 6391 6375 6376
f 6390 6375 6391
f 6392 6376 6377
f 6391 6376 6392
f 6393 6377 6378
f 6392 6377 6393
f 6394 6378 6379
f 6393 6378 6394
f 6395 6379 6380
f 6394 6379 6395
f 6381 6397 6396
f 6395 6381 6396
f 6380 6381 6395
f 6397 6381 6382
f 6397 6382 6398
f 6398 6382 6383
f 6398 6383 6399
f 6401 6400 6399
f 6383 6401 6399
f 6384 6401 6383
f 6402 6384 6385
f 6401 6384 6402
f 6403 6385 6386
f 6402 6385 6403
f 5435 6403 5420
f 5420 6403 6386
f 6387 6404 5421
f 5421 6404 5436
f 5438 5436 6404
f 5438 6404 6405
f 6406 6389 5424
f 6406 5424 5440
f 6407 5440 5442
f 6407 6406 5440
f 6408 5442 5444
f 6408 6407 5442
f 6409 5444 5446
f 6409 6408 5444
f 6410 5446 5448
f 6410 6409 5446
f 6411 5448 5450
f 6411 6410 5448
f 6412 5450 5452
f 6412 6411 5450
f 6413 5452 5454
f 6413 6412 5452
f 6414 5454 5456
f 6414 6413 5454
f 6415 5456 5458
f 6415 6414 5456
f 6416 5458 5460
f 6416 6415 5458
f 6417 5460 5462
f 6417 6416 5460
f 6418 5462 5464
f 6418 6417 5462
f 6419 5464 5466
f 6419 6418 5464
f 6420 5466 5468
f 6420 6419 5466
f 6421 5468 5470
f 6421 6420 5468
f 6422 5470 5472
f 6422 6421 5470
f 6423 5472 5474
f 6423 6422 5472
f 6424 5474 5476
f 6424 6423 5474
f 6425 5476 5478
f 6425 6424 5476
f 6426 5478 5480
f 6426 6425 5478
f 6427 5480 5482
f 6427 6426 5480
f 6428 5482 5484
f 6428 6427 5482
f 6429 5484 5486
f 6429 6428 5484
f 6430 5486 5488
f 6430 6429 5486
f 5488 5426 6390
f 6431 5488 6390
f 6430 5488 6431
f 6431 6390 6391
f 6431 6391 6432
f 6432 6391 6392
f 6432 6392 6433
f 6433 6392 6393
f 6433 6393 6434
f 6434 6393 6394
f 6434 6394 6435
f 6435 6394 6395
f 6435 6395 6436
f 6436 6395 6396
f 6437 6400 6401
f 6437 6401 6402
f 6437 6402 6438
f 6438 6402 6403
f 6438 6403 6439
f 6403 5435 6439
f 5435 6440 6439
f 5435 5499 6440
f 6405 5500 5438
f 6441 5500 6405
f 5535 6440 5499
f 5535 6442 6440
f 6441 5536 5500
f 6443 5536 6441
f 5571 6442 5535
f 5571 6444 6442
f 6447 6446 6445
f 6443 6447 6445
f 5572 6443 6445
f 5536 6443 5572
f 6450 6449 6448
f 6452 6451 6448
f 6452 6448 6449
f 6454 6453 6451
f 6454 6451 6452
f 6456 6455 6453
f 6456 6453 6454
f 6457 6455 6456
f 5603 6444 5571
f 5603 6458 6444
f 6445 6446 6459
f 6459 6446 6460
f 6459 5604 5572
f 6459 5572 6445
f 6450 6448 6461
f 6450 6461 6462
f 6463 6448 6451
f 6461 6448 6463
f 6464 6451 6453
f 6463 6451 6464
f 6465 6453 6455
f 6464 6453 6465
f 6455 6457 6466
f 6455 6466 6465
f 5635 6458 5603
f 5635 6467 6458
f 6459 6460 6468
f 6468 6460 6469
f 6468 5636 5604
f 6468 5604 6459
f 5649 6470 5650
f 6471 5651 5650
f 6471 5650 6470
f 6472 5652 5651
f 6472 5651 6471
f 6472 5654 5652
f 6462 6461 6473
f 6462 6473 6474
f 6475 6461 6463
f 6473 6461 6475
f 6476 6463 6464
f 6475 6463 6476
f 6477 6464 6465
f 6476 6464 6477
f 6465 6466 6478
f 6465 6478 6477
f 6481 6480 6479
f 6482 6479 6480
f 5668 6467 5635
f 5668 6483 6467
f 6468 6469 5670
f 6469 5669 5670
f 6469 6484 5669
f 6468 5670 5636
f 5683 6485 6470
f 5683 6470 5649
f 6470 6486 6471
f 6470 6485 6486
f 6471 6487 6472
f 6471 6486 6487
f 6487 5685 5654
f 6487 5654 6472
f 6474 6473 6488
f 6474 6488 6489
f 6490 6473 6475
f 6488 6473 6490
f 6491 6475 6476
f 6490 6475 6491
f 6492 6476 6477
f 6491 6476 6492
f 6477 6478 6493
f 6494 6477 6493
f 6492 6477 6494
f 6494 6493 6481
f 6479 6494 6481
f 6495 6494 6479
f 6479 6482 6496
f 6479 6496 6495
f 5699 6483 5668
f 5699 6497 6483
f 6484 5701 5669
f 6498 5701 6484
f 5714 6499 6485
f 5714 6485 5683
f 6485 6500 6486
f 6485 6499 6500
f 6486 6501 6487
f 6486 6500 6501
f 6501 5716 5685
f 6501 5685 6487
f 6504 6503 6502
f 6502 6503 6489
f 6488 6502 6489
f 6505 6502 6488
f 6506 6488 6490
f 6505 6488 6506
f 6507 6490 6491
f 6506 6490 6507
f 6508 6491 6492
f 6507 6491 6508
f 6509 6492 6494
f 6508 6492 6509
f 6510 6494 6495
f 6509 6494 6510
f 6495 6496 6511
f 6512 6495 6511
f 6510 6495 6512
f 6511 6497 6512
f 6497 5730 6512
f 6497 5699 5730
f 5732 5701 6513
f 5701 6514 6513
f 5701 6498 6514
f 6513 5733 5732
f 5748 6499 5714
f 6499 5748 5750
f 6499 5750 6500
f 6500 5750 5752
f 6500 5752 6501
f 6501 5752 5716
f 6504 6502 6515
f 6504 6515 6516
f 6517 6502 6505
f 6515 6502 6517
f 6518 6505 6506
f 6517 6505 6518
f 6519 6506 6507
f 6518 6506 6519
f 6520 6507 6508
f 6519 6507 6520
f 6521 6508 6509
f 6520 6508 6521
f 6522 6509 6510
f 6521 6509 6522
f 6523 6510 6512
f 6522 6510 6523
f 5768 6523 5730
f 5730 6523 6512
f 6514 6524 6513
f 5733 6513 6524
f 6525 5733 6524
f 5769 5733 6525
f 6516 6515 6526
f 6516 6526 6527
f 6528 6515 6517
f 6526 6515 6528
f 6529 6517 6518
f 6528 6517 6529
f 6530 6518 6519
f 6529 6518 6530
f 6531 6519 6520
f 6530 6519 6531
f 6532 6520 6521
f 6531 6520 6532
f 6533 6521 6522
f 6532 6521 6533
f 6534 6522 6523
f 6533 6522 6534
f 5801 6534 5768
f 5768 6534 6523
f 6535 5803 5804
f 6536 6535 5804
f 5769 6536 5804
f 6525 6536 5769
f 6537 6527 6526
f 6537 6526 6528
f 6537 6528 6538
f 6538 6528 6529
f 6538 6529 6539
f 6541 6540 6539
f 6529 6541 6539
f 6530 6541 6529
f 6542 6530 6531
f 6541 6530 6542
f 6543 6531 6532
f 6542 6531 6543
f 6544 6532 6533
f 6543 6532 6544
f 6534 6546 6545
f 6544 6534 6545
f 6533 6534 6544
f 6534 5801 6546
f 5801 6547 6546
f 5801 5833 6547
f 6548 5834 6535
f 6535 5834 5803
f 6535 6536 6549
f 6535 6549 6548
f 6540 6541 6550
f 6540 6550 6551
f 6552 6541 6542
f 6550 6541 6552
f 6553 6542 6543
f 6552 6542 6553
f 6554 6543 6544
f 6553 6543 6554
f 6544 6545 6555
f 6556 6544 6555
f 6554 6544 6556
f 6555 6547 6556
f 6547 5863 6556
f 6547 5833 5863
f 6558 6557 6548
f 6557 5834 6548
f 6557 5864 5834
f 6558 6548 6549
f 6561 6560 6559
f 6563 6562 6559
f 6563 6559 6560
f 6565 6564 6562
f 6565 6562 6563
f 6567 6566 6564
f 6567 6564 6565
f 6569 6568 6566
f 6569 6566 6567
f 6571 6570 6568
f 6571 6568 6569
f 6573 6572 6570
f 6573 6570 6571
f 6574 6572 6573
f 6575 6551 6550
f 6575 6550 6552
f 6575 6552 6576
f 6578 6577 6576
f 6552 6578 6576
f 6553 6578 6552
f 6579 6553 6554
f 6578 6553 6579
f 6580 6554 6556
f 6579 6554 6580
f 6580 6556 5863
f 6581 6580 5863
f 5890 6581 5863
f 6582 6580 6581
f 5890 5892 6581
f 6581 5892 6583
f 5893 5864 6584
f 5864 6585 6584
f 5864 6557 6585
f 6584 5894 5893
f 6588 6587 6586
f 6590 6589 6586
f 6590 6586 6587
f 6592 6591 6589
f 6592 6589 6590
f 6591 6592 6561
f 6559 6591 6561
f 6593 6591 6559
f 6594 6559 6562
f 6593 6559 6594
f 6595 6562 6564
f 6594 6562 6595
f 6596 6564 6566
f 6595 6564 6596
f 6597 6566 6568
f 6596 6566 6597
f 6598 6568 6570
f 6597 6568 6598
f 6599 6570 6572
f 6598 6570 6599
f 6572 6574 6600
f 6572 6600 6599
f 6603 6602 6601
f 6605 6604 6601
f 6605 6601 6602
f 6607 6606 6604
f 6607 6604 6605
f 6609 6608 6606
f 6609 6606 6607
f 6611 6610 6608
f 6611 6608 6609
f 6613 6612 6610
f 6613 6610 6611
f 6615 6614 6612
f 6615 6612 6613
f 6617 6616 6614
f 6617 6614 6615
f 6619 6618 6616
f 6619 6616 6617
f 6621 6620 6618
f 6621 6618 6619
f 6622 6620 6621
f 6625 6624 6623
f 6627 6626 6623
f 6627 6623 6624
f 6629 6628 6626
f 6629 6626 6627
f 6631 6630 6628
f 6631 6628 6629
f 6630 6631 6577
f 6578 6630 6577
f 6632 6630 6578
f 6633 6578 6579
f 6632 6578 6633
f 6634 6579 6580
f 6633 6579 6634
f 6580 6582 6635
f 6580 6635 6634
f 5920 6637 6636
f 6583 5920 6636
f 5892 5920 6583
f 6637 6638 6636
f 6585 6639 6584
f 5894 6584 6639
f 6640 5894 6639
f 5922 5894 6640
f 6588 6586 6641
f 6588 6641 6642
f 6643 6586 6589
f 6641 6586 6643
f 6644 6589 6591
f 6643 6589 6644
f 6645 6591 6593
f 6644 6591 6645
f 6646 6593 6594
f 6645 6593 6646
f 6647 6594 6595
f 6646 6594 6647
f 6648 6595 6596
f 6647 6595 6648
f 6649 6596 6597
f 6648 6596 6649
f 6650 6597 6598
f 6649 6597 6650
f 6651 6598 6599
f 6650 6598 6651
f 6599 6600 6652
f 6599 6652 6651
f 6603 6601 6653
f 6603 6653 6654
f 6655 6601 6604
f 6653 6601 6655
f 6656 6604 6606
f 6655 6604 6656
f 6657 6606 6608
f 6656 6606 6657
f 6658 6608 6610
f 6657 6608 6658
f 6659 6610 6612
f 6658 6610 6659
f 6660 6612 6614
f 6659 6612 6660
f 6661 6614 6616
f 6660 6614 6661
f 6662 6616 6618
f 6661 6616 6662
f 6663 6618 6620
f 6662 6618 6663
f 6620 6622 6664
f 6620 6664 6663
f 6625 6623 6665
f 6625 6665 6666
f 6667 6623 6626
f 6665 6623 6667
f 6668 6626 6628
f 6667 6626 6668
f 6669 6628 6630
f 6668 6628 6669
f 6670 6630 6632
f 6669 6630 6670
f 6671 6632 6633
f 6670 6632 6671
f 6672 6633 6634
f 6671 6633 6672
f 6634 6635 6673
f 6674 6634 6673
f 6672 6634 6674
f 6637 6675 5948
f 6675 6637 6673
f 5920 6673 6637
f 6673 5920 6674
f 5948 6674 5920
f 6674 5948 6675
f 5948 5950 6637
f 5950 6638 6637
f 5950 6676 6638
f 6640 5952 5922
f 6677 5952 6640
f 6642 6641 6678
f 6642 6678 6679
f 6680 6641 6643
f 6678 6641 6680
f 6681 6643 6644
f 6680 6643 6681
f 6682 6644 6645
f 6681 6644 6682
f 6683 6645 6646
f 6682 6645 6683
f 6647 6685 6684
f 6683 6647 6684
f 6646 6647 6683
f 6687 6686 6685
f 6647 6687 6685
f 6648 6687 6647
f 6688 6648 6649
f 6687 6648 6688
f 6689 6649 6650
f 6688 6649 6689
f 6690 6650 6651
f 6689 6650 6690
f 6651 6652 6691
f 6692 6651 6691
f 6690 6651 6692
f 6694 6693 6692
f 6694 6692 6691
f 6693 6694 6654
f 6653 6693 6654
f 6695 6693 6653
f 6696 6653 6655
f 6695 6653 6696
f 6697 6655 6656
f 6696 6655 6697
f 6698 6656 6657
f 6697 6656 6698
f 6699 6657 6658
f 6698 6657 6699
f 6700 6658 6659
f 6699 6658 6700
f 6701 6659 6660
f 6700 6659 6701
f 6702 6660 6661
f 6701 6660 6702
f 6703 6661 6662
f 6702 6661 6703
f 6704 6662 6663
f 6703 6662 6704
f 6663 6664 6705
f 6706 6663 6705
f 6704 6663 6706
f 6706 6705 6666
f 6665 6706 6666
f 6707 6706 6665
f 6708 6665 6667
f 6707 6665 6708
f 6709 6667 6668
f 6708 6667 6709
f 6710 6668 6669
f 6709 6668 6710
f 6711 6669 6670
f 6710 6669 6711
f 6712 6670 6671
f 6711 6670 6712
f 6713 6671 6672
f 6712 6671 6713
f 5979 6713 5978
f 6713 6674 5978
f 6713 6672 6674
f 5981 5978 6674
f 6675 5981 6674
f 6714 5981 6675
f 5982 6676 5950
f 5982 6715 6676
f 6677 5983 5952
f 6716 5983 6677
f 6679 6678 6717
f 6679 6717 6718
f 6719 6678 6680
f 6717 6678 6719
f 6720 6680 6681
f 6719 6680 6720
f 6721 6681 6682
f 6720 6681 6721
f 6722 6682 6683
f 6721 6682 6722
f 6683 6684 6723
f 6683 6723 6722
f 6686 6687 6724
f 6686 6724 6725
f 6726 6687 6688
f 6724 6687 6726
f 6727 6688 6689
f 6726 6688 6727
f 6728 6689 6690
f 6727 6689 6728
f 6729 6690 6692
f 6728 6690 6729
f 6730 6692 6693
f 6729 6692 6730
f 6731 6693 6695
f 6730 6693 6731
f 6732 6695 6696
f 6731 6695 6732
f 6733 6696 6697
f 6732 6696 6733
f 6734 6697 6698
f 6733 6697 6734
f 6735 6698 6699
f 6734 6698 6735
f 6736 6699 6700
f 6735 6699 6736
f 6737 6700 6701
f 6736 6700 6737
f 6738 6701 6702
f 6737 6701 6738
f 6739 6702 6703
f 6738 6702 6739
f 6740 6703 6704
f 6739 6703 6740
f 6741 6704 6706
f 6740 6704 6741
f 6742 6706 6707
f 6741 6706 6742
f 6743 6707 6708
f 6742 6707 6743
f 6744 6708 6709
f 6743 6708 6744
f 6745 6709 6710
f 6744 6709 6745
f 6746 6710 6711
f 6745 6710 6746
f 6747 6711 6712
f 6746 6711 6747
f 6748 6712 6713
f 6747 6712 6748
f 6009 6748 5979
f 5979 6748 6713
f 6714 6749 5981
f 5981 6749 6010
f 5982 6013 6715
f 6750 6715 6013
f 6715 6750 6749
f 6011 6749 6750
f 6749 6011 6010
f 6014 6750 6013
f 6716 6015 5983
f 6751 6015 6716
f 6754 6753 6752
f 6016 6017 6752
f 6753 6016 6752
f 6755 6016 6753
f 6016 6756 6018
f 6755 6756 6016
f 6018 6757 6019
f 6756 6757 6018
f 6019 6758 6020
f 6757 6758 6019
f 6020 6759 6021
f 6758 6759 6020
f 6021 6760 6022
f 6759 6760 6021
f 6760 6762 6761
f 6023 6760 6761
f 6022 6760 6023
f 6763 6718 6717
f 6023 6763 6717
f 6024 6023 6717
f 6763 6023 6761
f 6024 6717 6025
f 6025 6717 6719
f 6025 6719 6026
f 6026 6719 6720
f 6026 6720 6027
f 6027 6720 6721
f 6027 6721 6028
f 6028 6721 6722
f 6723 6764 6722
f 6764 6028 6722
f 6764 6029 6028
f 6724 6030 6725
f 6030 6764 6725
f 6030 6029 6764
f 6030 6724 6031
f 6031 6724 6726
f 6031 6726 6032
f 6032 6726 6727
f 6032 6727 6033
f 6033 6727 6728
f 6033 6728 6034
f 6034 6728 6729
f 6034 6729 6035
f 6035 6729 6730
f 6035 6730 6036
f 6036 6730 6731
f 6036 6731 6037
f 6037 6731 6732
f 6037 6732 6038
f 6038 6732 6733
f 6038 6733 6039
f 6039 6733 6734
f 6039 6734 6040
f 6040 6734 6735
f 6040 6735 6041
f 6041 6735 6736
f 6041 6736 6042
f 6042 6736 6737
f 6042 6737 6043
f 6043 6737 6738
f 6043 6738 6044
f 6044 6738 6739
f 6044 6739 6045
f 6045 6739 6740
f 6045 6740 6046
f 6046 6740 6741
f 6046 6741 6047
f 6047 6741 6742
f 6047 6742 6048
f 6048 6742 6743
f 6048 6743 6049
f 6049 6743 6744
f 6049 6744 6050
f 6050 6744 6745
f 6050 6745 6051
f 6051 6745 6746
f 6051 6746 6052
f 6052 6746 6747
f 6052 6747 6053
f 6053 6747 6748
f 6053 6748 6009
f 6765 6055 6750
f 6750 6055 6011
f 6056 6765 6014
f 6014 6765 6750
f 6768 6767 6766
f 6766 6769 6057
f 6751 6766 6057
f 6015 6751 6057
f 6766 6751 6768
f 6769 6059 6057
f 6754 6752 6060
f 6061 6754 6060
f 6770 6754 6061
f 6060 6752 6017
f 6762 6771 6761
f 6761 6771 6763
f 6765 6062 6055
f 6062 6765 6056
f 6767 6772 6766
f 6773 6063 6064
f 6766 6773 6064
f 6769 6766 6064
f 6772 6773 6766
f 6769 6064 6059
f 6065 6770 6061
f 6065 6774 6770
f 6773 6066 6063
f 6775 6066 6773
f 6778 6777 6776
f 6069 6068 6776
f 6777 6069 6776
f 6779 6069 6777
f 6065 6069 6774
f 6774 6069 6779
f 6775 6071 6066
f 6780 6071 6775
f 6782 6781 6073
f 6782 6073 6074
f 6776 6783 6778
f 6073 6781 6075
f 6784 6075 6781
f 6068 6077 6776
f 6077 6785 6776
f 6785 6783 6776
f 6785 6077 6786
f 6786 6787 6785
f 6780 6081 6071
f 6788 6081 6780
f 6789 6782 6074
f 6789 6074 6082
f 6082 6075 6784
f 6082 6784 6789
f 6083 6786 6077
f 6083 6084 6786
f 6084 6787 6786
f 6084 6790 6787
f 6793 6792 6791
f 6795 6794 6791
f 6791 6794 6793
f 6795 6796 6794
f 6798 6797 6088
f 6088 6797 6087
f 6088 6089 6798
f 6798 6089 6799
f 6800 6090 6091
f 6093 6800 6091
f 6803 6802 6801
f 6801 6804 6803
f 6806 6805 6099
f 6099 6805 6098
f 6099 6101 6806
f 6806 6101 6807
f 6788 6102 6081
f 6808 6102 6788
f 6105 6809 6104
f 6790 6084 6810
f 6084 6809 6810
f 6809 6811 6810
f 6084 6104 6809
f 6109 6108 6812
f 6810 6811 6813
f 6110 6812 6108
f 6815 6814 6112
f 6112 6814 6111
f 6112 6113 6815
f 6815 6113 6816
f 6817 6114 6115
f 6117 6817 6115
f 6819 6818 6119
f 6119 6818 6118
f 6120 6791 6792
f 6819 6120 6792
f 6119 6120 6819
f 6791 6120 6121
f 6791 6121 6795
f 6121 6123 6795
f 6123 6820 6795
f 6820 6796 6795
f 6123 6821 6820
f 6087 6797 6822
f 6821 6087 6822
f 6823 6821 6822
f 6123 6087 6821
f 6825 6824 6124
f 6823 6124 6824
f 6124 6823 6089
f 6822 6089 6823
f 6089 6822 6799
f 6124 6090 6800
f 6826 6124 6800
f 6825 6124 6826
f 6800 6093 6826
f 6093 6827 6826
f 6093 6125 6827
f 6830 6829 6828
f 6830 6828 6802
f 6802 6828 6801
f 6828 6127 6801
f 6127 6128 6801
f 6832 6831 6130
f 6130 6831 6128
f 6831 6804 6128
f 6804 6801 6128
f 6132 6133 6832
f 6133 6831 6832
f 6133 6833 6831
f 6835 6833 6834
f 6833 6134 6834
f 6833 6133 6134
f 6136 6836 6134
f 6134 6836 6834
f 6836 6136 6137
f 6839 6838 6837
f 6138 6139 6840
f 6839 6837 6841
f 6840 6139 6141
f 6844 6843 6842
f 6142 6143 6842
f 6143 6844 6842
f 6143 6845 6844
f 6847 6845 6846
f 6845 6144 6846
f 6845 6143 6144
f 6145 6848 6144
f 6144 6848 6846
f 6147 6848 6145
f 6849 6149 6148
f 6850 6152 6153
f 6098 6849 6148
f 6849 6098 6851
f 6805 6851 6098
f 6158 6152 6850
f 6157 6852 6101
f 6853 6101 6852
f 6101 6853 6807
f 6852 6157 6159
f 6856 6855 6854
f 6854 6857 6856
f 6860 6859 6858
f 6858 6861 6860
f 6862 6162 6163
f 6863 6862 6163
f 6102 6863 6163
f 6808 6863 6102
f 6165 6809 6105
f 6809 6165 6166
f 6809 6166 6811
f 6166 6813 6811
f 6166 6864 6813
f 6166 6109 6812
f 6864 6166 6812
f 6110 6167 6812
f 6167 6865 6812
f 6865 6864 6812
f 6865 6167 6866
f 6814 6865 6866
f 6169 6814 6866
f 6111 6814 6169
f 6867 6816 6113
f 6867 6113 6170
f 6170 6114 6817
f 6868 6170 6817
f 6867 6170 6868
f 6868 6817 6117
f 6171 6868 6117
f 6869 6868 6171
f 6871 6869 6870
f 6869 6172 6870
f 6869 6171 6172
f 6872 6870 6172
f 6118 6872 6172
f 6818 6872 6118
f 6873 6820 6821
f 6873 6821 6823
f 6873 6823 6874
f 6874 6823 6824
f 6875 6827 6125
f 6875 6125 6173
f 6174 6828 6829
f 6875 6174 6829
f 6173 6174 6875
f 6127 6828 6174
f 6878 6877 6876
f 6130 6175 6832
f 6877 6878 6879
f 6832 6175 6132
f 6880 6835 6834
f 6880 6834 6836
f 6880 6836 6881
f 6881 6837 6838
f 6881 6176 6837
f 6881 6836 6137
f 6176 6881 6137
f 6176 6841 6837
f 6176 6882 6841
f 6176 6138 6840
f 6882 6176 6840
f 6882 6842 6843
f 6882 6177 6842
f 6882 6840 6141
f 6177 6882 6141
f 6842 6177 6142
f 6883 6847 6846
f 6883 6846 6848
f 6883 6848 6884
f 6886 6884 6885
f 6885 6884 6178
f 6884 6848 6178
f 6848 6147 6178
f 6149 6849 6178
f 6849 6885 6178
f 6849 6887 6885
f 6850 6153 6179
f 6887 6851 6888
f 6851 6887 6849
f 6852 6889 6853
f 6158 6850 6179
f 6852 6159 6889
f 6890 6889 6159
f 6889 6890 6891
f 6180 6890 6159
f 6855 6892 6854
f 6854 6892 6857
f 6893 6180 6181
f 6180 6893 6890
f 6895 6893 6894
f 6893 6181 6894
f 6183 6896 6894
f 6183 6894 6181
f 6184 6185 6896
f 6185 6894 6896
f 6185 6897 6894
f 6186 6858 6859
f 6897 6186 6859
f 6185 6186 6897
f 6898 6861 6858
f 6186 6898 6858
f 6187 6898 6186
f 6899 6187 6188
f 6899 6898 6187
f 6188 6189 6899
f 6899 6189 6900
f 6901 6190 6191
f 6193 6901 6191
f 6903 6902 6195
f 6195 6902 6194
f 6195 6162 6862
f 6904 6195 6862
f 6903 6195 6904
f 6904 6862 6863
f 6907 6906 6905
f 6866 6908 6196
f 6908 6866 6906
f 6167 6906 6866
f 6906 6167 6905
f 6196 6905 6167
f 6905 6196 6908
f 6866 6196 6169
f 6909 6871 6870
f 6909 6870 6872
f 6910 6876 6877
f 6910 6877 6879
f 6199 6911 6198
f 6911 6200 6198
f 6912 6886 6885
f 6912 6885 6887
f 6912 6887 6913
f 6913 6887 6888
f 6914 6891 6890
f 6914 6890 6893
f 6914 6893 6915
f 6183 6201 6896
f 6893 6895 6915
f 6896 6201 6184
f 6918 6917 6916
f 6916 6917 6919
f 6202 6920 6189
f 6900 6189 6920
f 6202 6190 6901
f 6921 6202 6901
f 6920 6202 6921
f 6921 6901 6193
f 6203 6921 6193
f 6922 6921 6203
f 6925 6924 6923
f 6194 6902 6203
f 6922 6203 6902
f 6926 6925 6923
f 6929 6928 6927
f 6930 6927 6928
f 6931 6907 6905
f 6931 6905 6908
f 6204 6911 6199
f 6911 6204 6200
f 6932 6918 6916
f 6932 6916 6919
f 6933 6924 6925
f 6936 6935 6934
f 6926 6933 6925
f 6929 6927 6937
f 6936 6938 6935
f 6937 6927 6930
f 6941 6940 6939
f 6942 6939 6940
f 6934 6935 6943
f 6934 6943 6944
f 6935 6938 6945
f 6935 6945 6943
f 6946 6941 6939
f 6946 6939 6942
f 6947 6944 6943
f 6947 6943 6945
f 6206 6948 6205
f 6948 6207 6205
f 6212 6948 6206
f 6948 6212 6207
f 6225 6949 6226
f 6949 6227 6226
f 6952 6951 6950
f 6953 6950 6951
f 6230 6954 6229
f 6955 6233 6229
f 6955 6229 6954
f 6955 6234 6233
f 6236 6956 6235
f 6957 6237 6235
f 6957 6235 6956
f 6958 6238 6237
f 6958 6237 6957
f 6958 6239 6238
f 6961 6960 6959
f 6962 6959 6960
f 6964 6963 6248
f 6964 6248 6249
f 6250 6248 6963
f 6250 6963 6965
f 6252 6966 6253
f 6966 6255 6253
f 6258 6967 6257
f 6967 6260 6257
f 6261 6968 6262
f 6969 6263 6262
f 6969 6262 6968
f 6264 6263 6969
f 6972 6971 6970
f 6974 6973 6972
f 6974 6972 6970
f 6975 6973 6974
f 6268 6976 6267
f 6976 6270 6267
f 6978 6977 6272
f 6978 6272 6271
f 6273 6272 6977
f 6273 6977 6979
f 6274 6980 6275
f 6275 6980 6981
f 6982 6275 6981
f 6276 6275 6982
f 6983 6277 6278
f 6276 6949 6225
f 6949 6276 6984
f 6982 6984 6276
f 6278 6279 6983
f 6227 6949 6280
f 6984 6280 6949
f 6280 6984 6985
f 6985 6987 6986
f 6281 6985 6986
f 6280 6985 6281
f 6988 6952 6950
f 6281 6988 6950
f 6282 6281 6950
f 6988 6281 6986
f 6953 6989 6950
f 6989 6282 6950
f 6989 6283 6282
f 6230 6283 6954
f 6283 6990 6954
f 6283 6989 6990
f 6954 6990 6955
f 6955 6990 6991
f 6287 6234 6955
f 6992 6287 6955
f 6991 6992 6955
f 6287 6992 6993
f 6995 6994 6993
f 6995 6993 6992
f 6996 6994 6995
f 6998 6997 6956
f 6236 6998 6956
f 6289 6998 6236
f 6999 6293 6294
f 6956 6999 6294
f 6957 6956 6294
f 6997 6999 6956
f 6957 6294 6295
f 7000 6957 6295
f 6958 6957 7000
f 7000 6298 6239
f 7000 6239 6958
f 7001 6961 6959
f 7001 6959 6962
f 7003 7002 6300
f 7003 6300 6301
f 6303 6300 7002
f 6303 7002 7004
f 7007 7006 7005
f 7008 6306 6305
f 7009 7005 7006
f 7008 6308 6306
f 6309 7010 6310
f 7011 6311 6310
f 7011 6310 7010
f 6311 7011 7012
f 7013 6311 7012
f 6312 6311 7013
f 7013 7015 7014
f 6313 7013 7014
f 6312 7013 6313
f 7016 6315 6316
f 6315 7016 7014
f 6964 7014 7016
f 7014 6964 6313
f 6249 6313 6964
f 6965 6318 6250
f 6318 6965 7017
f 7016 7017 6965
f 7017 7016 6317
f 6316 6317 7016
f 7017 7018 6318
f 6318 7018 6252
f 7018 7019 6252
f 7019 6966 6252
f 6966 7019 6255
f 7019 6319 6255
f 7019 7020 6319
f 6319 7021 6320
f 7020 7021 6319
f 7022 6323 6321
f 6320 6967 6258
f 6967 6320 7023
f 7021 7023 6320
f 6321 6325 7022
f 6260 6967 6324
f 7023 6324 6967
f 6324 7023 7024
f 6324 7024 6261
f 7024 7025 6261
f 7025 6968 6261
f 7025 7024 7026
f 6968 7027 6969
f 6968 7025 7027
f 6971 6972 7028
f 6326 7028 6972
f 7028 6326 7027
f 6264 7027 6326
f 7027 6264 6969
f 6326 7029 6327
f 7029 6326 7030
f 6972 7030 6326
f 7030 6972 7031
f 6973 7031 6972
f 6975 7031 6973
f 6328 6327 7032
f 7029 7032 6327
f 7032 7033 6328
f 6328 7033 6268
f 7033 7034 6268
f 7034 6976 6268
f 7034 7036 7035
f 7034 7035 6329
f 6976 7034 6329
f 6270 6976 6329
f 6978 6271 7037
f 6271 7035 7037
f 7035 7038 7037
f 6271 6329 7035
f 6330 7040 7039
f 7040 6330 7038
f 6273 7038 6330
f 7038 6273 7037
f 6979 7037 6273
f 6274 6330 6980
f 6330 7041 6980
f 6330 7039 7041
f 6980 7041 6981
f 6983 6331 6277
f 6331 6983 6279
f 6987 7042 6986
f 6986 7042 6988
f 6993 6334 6287
f 6334 6993 6335
f 6335 6993 6994
f 6337 6335 6994
f 6996 6337 6994
f 7043 6337 6996
f 7045 7044 6340
f 7045 6340 6338
f 6289 6340 6998
f 6998 6340 7044
f 6999 7046 6293
f 6293 7046 6343
f 6295 6343 7000
f 6343 7047 7000
f 6343 7046 7047
f 7000 7047 6298
f 7047 6344 6298
f 7047 7048 6344
f 6344 7049 6345
f 7048 7049 6344
f 6345 7050 6346
f 7049 7050 6345
f 6301 6346 7003
f 7003 6346 7050
f 7004 7051 6303
f 6303 7051 6347
f 7005 6348 7007
f 6348 7051 7007
f 6348 6347 7051
f 7005 7009 6348
f 7009 7052 6348
f 7008 6305 6348
f 7008 6348 7052
f 7008 7052 6308
f 7052 6349 6308
f 7052 7053 6349
f 6309 6349 7010
f 6349 7054 7010
f 6349 7053 7054
f 7010 7054 7011
f 7011 7054 7055
f 7011 7055 7012
f 7015 7056 7014
f 6351 6315 7014
f 7057 6351 7014
f 7056 7057 7014
f 6351 7057 7058
f 7057 7059 7017
f 6352 7057 7017
f 6317 6352 7017
f 7058 7057 6352
f 7017 7059 7018
f 7022 6353 6323
f 6353 7022 6325
f 7026 7060 7025
f 7025 7060 7027
f 7027 7060 7061
f 7027 7061 7028
f 7030 7062 7029
f 7029 7062 7032
f 7032 7062 7063
f 7032 7063 7033
f 7035 7036 7064
f 7064 7036 7065
f 7067 7038 7066
f 7038 7064 7066
f 7038 7035 7064
f 7038 7067 7040
f 7069 7068 6356
f 6356 7068 6354
f 6356 6337 7043
f 6356 7043 7069
f 6358 7045 6338
f 6358 7070 7045
f 7058 6360 6351
f 6360 7058 6352
f 7065 7071 7064
f 7064 7071 7066
f 6361 6354 7072
f 6354 7073 7072
f 6354 7068 7073
f 7072 6362 6361
f 7075 7074 6363
f 7075 6363 6364
f 6358 6363 7070
f 7070 6363 7074
f 7072 7073 6367
f 7073 6366 6367
f 7073 7076 6366
f 7072 6367 6362
f 6368 7075 6364
f 6368 7077 7075
f 7079 6369 7078
f 6369 7076 7078
f 6369 6366 7076
f 7080 7079 7078
f 6370 7077 6368
f 6370 7081 7077
f 7079 6371 6369
f 6372 6371 7079
f 7080 6372 7079
f 7082 6372 7080
f 7083 7081 6370
f 7083 6370 6373
f 6373 6374 7083
f 7083 6374 7084
f 7085 6387 6388
f 7086 7085 6388
f 6372 7086 6388
f 7082 7086 6372
f 6389 7084 6374
f 6389 7087 7084
f 7089 7088 6397
f 6397 7088 6396
f 7090 6397 6398
f 7090 7089 6397
f 7091 6398 6399
f 7091 7090 6398
f 6399 6400 7091
f 7091 6400 7092
f 7085 6404 6387
f 6405 6404 7085
f 7086 6405 7085
f 7093 6405 7086
f 7094 7087 6389
f 7094 6389 6406
f 7095 6406 6407
f 7095 7094 6406
f 7096 6407 6408
f 7096 7095 6407
f 7097 6408 6409
f 7097 7096 6408
f 7098 6409 6410
f 7098 7097 6409
f 7099 6410 6411
f 7099 7098 6410
f 7100 6411 6412
f 7100 7099 6411
f 7101 6412 6413
f 7101 7100 6412
f 7102 6413 6414
f 7102 7101 6413
f 7103 6414 6415
f 7103 7102 6414
f 7104 6415 6416
f 7104 7103 6415
f 7105 6416 6417
f 7105 7104 6416
f 7106 6417 6418
f 7106 7105 6417
f 7107 6418 6419
f 7107 7106 6418
f 7108 6419 6420
f 7108 7107 6419
f 7109 6420 6421
f 7109 7108 6420
f 7110 6421 6422
f 7110 7109 6421
f 7111 6422 6423
f 7111 7110 6422
f 7112 6423 6424
f 7112 7111 6423
f 7113 6424 6425
f 7113 7112 6424
f 7114 6425 6426
f 7114 7113 6425
f 7115 6426 6427
f 7115 7114 6426
f 7116 6427 6428
f 7116 7115 6427
f 7117 6428 6429
f 7117 7116 6428
f 7118 6429 6430
f 7118 7117 6429
f 7119 6430 6431
f 7119 7118 6430
f 7120 6431 6432
f 7120 7119 6431
f 7121 6432 6433
f 7121 7120 6432
f 7122 6433 6434
f 7122 7121 6433
f 7123 6434 6435
f 7123 7122 6434
f 7124 6435 6436
f 7124 7123 6435
f 6436 6396 7088
f 6436 7088 7124
f 7125 7092 6400
f 7125 6400 6437
f 7126 6437 6438
f 7126 7125 6437
f 7127 6438 6439
f 7127 7126 6438
f 6439 6440 7127
f 7127 6440 7128
f 7093 6441 6405
f 7129 6441 7093
f 6442 7128 6440
f 6442 7130 7128
f 7129 6443 6441
f 7131 6443 7129
f 6444 7130 6442
f 6444 7132 7130
f 7133 6446 6447
f 7134 7133 6447
f 6443 7134 6447
f 7131 7134 6443
f 7136 7135 6449
f 7136 6449 6450
f 6449 7137 6452
f 7135 7137 6449
f 6452 7138 6454
f 7137 7138 6452
f 6454 7139 6456
f 7138 7139 6454
f 6457 6456 7139
f 6457 7139 7140
f 6458 7132 6444
f 6458 7141 7132
f 7142 6460 7133
f 7133 6460 6446
f 7133 7134 7143
f 7133 7143 7142
f 6462 7136 6450
f 6462 7144 7136
f 7140 6466 6457
f 7145 6466 7140
f 6467 7141 6458
f 6467 7146 7141
f 7148 7147 7142
f 7147 6460 7142
f 7147 6469 6460
f 7148 7142 7143
f 6474 7144 6462
f 6474 7149 7144
f 7145 6478 6466
f 7150 6478 7145
f 7152 7151 6480
f 7152 6480 6481
f 6482 6480 7151
f 6482 7151 7153
f 6483 7146 6467
f 6483 7154 7146
f 7147 6484 6469
f 7155 6484 7147
f 6489 7149 6474
f 6489 7156 7149
f 7150 7157 6478
f 6478 7157 6493
f 6481 6493 7152
f 7152 6493 7157
f 7153 6496 6482
f 7158 6496 7153
f 6497 7154 6483
f 6497 7159 7154
f 7161 6498 7160
f 6498 7155 7160
f 6498 6484 7155
f 7162 7161 7160
f 7164 7163 6503
f 7164 6503 6504
f 6489 6503 7156
f 7156 6503 7163
f 7167 7166 7165
f 7168 7167 7165
f 6496 7169 6511
f 7169 6496 7158
f 6497 6511 7159
f 7159 6511 7169
f 7170 6514 7161
f 7161 6514 6498
f 7161 7162 7171
f 7161 7171 7170
f 6516 7164 6504
f 6516 7172 7164
f 7165 7166 7173
f 7173 7166 7174
f 7168 7165 7175
f 7175 7165 7173
f 7170 6524 6514
f 6525 6524 7170
f 7171 6525 7170
f 7176 6525 7171
f 6527 7172 6516
f 6527 7177 7172
f 7174 7178 7173
f 7173 7178 7175
f 7181 7180 7179
f 7176 7181 7179
f 6536 7176 7179
f 6525 7176 6536
f 7182 7177 6527
f 7182 6527 6537
f 7183 6537 6538
f 7183 7182 6537
f 7184 6538 6539
f 7184 7183 6538
f 6539 6540 7184
f 7184 6540 7185
f 7186 6545 6546
f 6547 7186 6546
f 7180 7187 7179
f 6536 7179 7187
f 7188 6536 7187
f 6549 6536 7188
f 6551 7185 6540
f 6551 7189 7185
f 7186 6555 6545
f 6555 7186 6547
f 7191 7190 6558
f 6558 7190 6557
f 6558 6549 7188
f 6558 7188 7191
f 7193 7192 6560
f 7193 6560 6561
f 6560 7194 6563
f 7192 7194 6560
f 6563 7195 6565
f 7194 7195 6563
f 6565 7196 6567
f 7195 7196 6565
f 6567 7197 6569
f 7196 7197 6567
f 6569 7198 6571
f 7197 7198 6569
f 6571 7199 6573
f 7198 7199 6571
f 6574 6573 7199
f 6574 7199 7200
f 7201 7189 6551
f 7201 6551 6575
f 7202 6575 6576
f 7202 7201 6575
f 6576 6577 7202
f 7202 6577 7203
f 7204 6582 6581
f 6583 7204 6581
f 7206 6585 7205
f 6585 7190 7205
f 6585 6557 7190
f 7208 7207 7206
f 7208 7206 7205
f 7209 7207 7208
f 7211 7210 6587
f 7211 6587 6588
f 6587 7212 6590
f 7210 7212 6587
f 7212 7214 7213
f 6592 7212 7213
f 6590 7212 6592
f 7213 7215 6592
f 7215 6561 6592
f 7215 7193 6561
f 7200 6600 6574
f 7216 6600 7200
f 7218 7217 6602
f 7218 6602 6603
f 6602 7219 6605
f 7217 7219 6602
f 6605 7220 6607
f 7219 7220 6605
f 6607 7221 6609
f 7220 7221 6607
f 6609 7222 6611
f 7221 7222 6609
f 6611 7223 6613
f 7222 7223 6611
f 6613 7224 6615
f 7223 7224 6613
f 6615 7225 6617
f 7224 7225 6615
f 6617 7226 6619
f 7225 7226 6617
f 6619 7227 6621
f 7226 7227 6619
f 6622 6621 7227
f 6622 7227 7228
f 7230 7229 6624
f 7230 6624 6625
f 6624 7231 6627
f 7229 7231 6624
f 6627 7232 6629
f 7231 7232 6627
f 6629 7233 6631
f 7232 7233 6629
f 6577 6631 7203
f 7203 6631 7233
f 7234 6635 7204
f 7204 6635 6582
f 6636 7235 6583
f 7235 7204 6583
f 7235 7234 7204
f 6638 7235 6636
f 7206 6639 6585
f 7206 7207 7236
f 6640 7206 7236
f 7237 6640 7236
f 7206 6640 6639
f 7236 7207 7209
f 6642 7211 6588
f 6642 7238 7211
f 7213 7214 7239
f 7239 7214 7240
f 7215 7213 7241
f 7241 7213 7239
f 7216 6652 6600
f 7242 6652 7216
f 6654 7218 6603
f 6654 7243 7218
f 7228 6664 6622
f 7244 6664 7228
f 6666 7230 6625
f 6666 7245 7230
f 7234 6673 6635
f 6673 7234 6675
f 7234 7246 6675
f 7234 7235 7246
f 6676 7246 6638
f 6638 7246 7235
f 7237 6677 6640
f 7247 6677 7237
f 6679 7238 6642
f 6679 7248 7238
f 7239 7240 7249
f 7249 7240 7250
f 7241 7239 7251
f 7251 7239 7249
f 7253 7252 6685
f 6685 7252 6684
f 6685 6686 7253
f 7253 6686 7254
f 7242 7255 6652
f 6652 7255 6691
f 6691 7256 6694
f 7255 7256 6691
f 6654 6694 7243
f 7243 6694 7256
f 7244 7257 6664
f 6664 7257 6705
f 6666 6705 7245
f 7245 6705 7257
f 7258 6714 7246
f 7246 6714 6675
f 6715 7258 6676
f 6676 7258 7246
f 7261 7260 7259
f 7247 7261 7259
f 6716 7247 7259
f 6677 7247 6716
f 6718 7248 6679
f 6718 7262 7248
f 7250 7263 7249
f 7249 7263 7251
f 7252 6723 6684
f 7264 6723 7252
f 6725 7254 6686
f 6725 7265 7254
f 7258 6749 6714
f 6749 7258 6715
f 7260 7266 7259
f 6716 7259 7266
f 7267 6716 7266
f 6751 6716 7267
f 7269 7268 6753
f 7269 6753 6754
f 6753 7270 6755
f 7268 7270 6753
f 6755 7271 6756
f 7270 7271 6755
f 6756 7272 6757
f 7271 7272 6756
f 6757 7273 6758
f 7272 7273 6757
f 6758 7274 6759
f 7273 7274 6758
f 6759 7275 6760
f 7274 7275 6759
f 6762 6760 7275
f 6762 7275 7276
f 6763 7262 6718
f 6763 7277 7262
f 7264 7278 6723
f 6723 7278 6764
f 6725 6764 7265
f 7265 6764 7278
f 7279 6767 6768
f 7280 7279 6768
f 6751 7280 6768
f 7267 7280 6751
f 6770 7269 6754
f 6770 7281 7269
f 7276 7282 6762
f 6762 7282 6771
f 6763 6771 7277
f 7277 6771 7282
f 7279 6772 6767
f 6773 6772 7279
f 7280 6773 7279
f 7283 6773 7280
f 6774 7281 6770
f 6774 7284 7281
f 7286 6775 7285
f 6775 7283 7285
f 6775 6773 7283
f 7287 7286 7285
f 7289 7288 6777
f 7289 6777 6778
f 6777 7290 6779
f 7288 7290 6777
f 6774 6779 7284
f 7284 6779 7290
f 7292 7291 7286
f 7291 6775 7286
f 7291 6780 6775
f 7292 7286 7287
f 7294 7293 6781
f 7294 6781 6782
f 6778 6783 7295
f 7289 6778 7295
f 7293 7289 7295
f 6781 7293 7295
f 6784 6781 7295
f 7296 6784 7295
f 7297 7296 7295
f 6783 7297 7295
f 7299 7297 7298
f 7297 6785 7298
f 7297 6783 6785
f 6787 7298 6785
f 7291 6788 6780
f 7300 6788 7291
f 7301 7294 6782
f 7301 6782 6789
f 7304 7303 7302
f 6784 7296 6789
f 7301 6789 7296
f 7304 7302 7299
f 7298 7304 7299
f 7305 7304 7298
f 6790 7305 6787
f 6787 7305 7298
f 7306 6792 6793
f 6794 7307 6793
f 6793 7307 7306
f 6796 7307 6794
f 7308 6797 6798
f 6799 7308 6798
f 7309 6802 6803
f 6804 7309 6803
f 7310 6805 6806
f 6807 7310 6806
f 7300 6808 6788
f 7311 6808 7300
f 7312 7303 7304
f 7314 7313 7312
f 7304 7314 7312
f 7305 7314 7304
f 7314 7305 6790
f 7315 7314 6790
f 6810 7315 6790
f 7316 7314 7315
f 6810 6813 7315
f 7315 6813 7317
f 7318 6814 6815
f 7318 6815 6816
f 7321 7320 7319
f 7319 7322 7321
f 7325 7324 7323
f 7323 7326 7325
f 7327 6818 6819
f 6792 7306 6819
f 7306 7327 6819
f 7306 7328 7327
f 7329 7306 7307
f 7328 7306 7329
f 6820 7329 6796
f 6796 7329 7307
f 7308 6822 6797
f 6822 7308 6799
f 7330 6824 6825
f 6826 7331 6825
f 6825 7331 7330
f 6827 7331 6826
f 7332 6829 6830
f 6802 7309 6830
f 7309 7332 6830
f 7309 7333 7332
f 6831 7334 6804
f 7334 7309 6804
f 7334 7333 7309
f 7334 6831 7335
f 6831 7336 7335
f 6831 6833 7336
f 6833 6835 7336
f 7336 6835 7337
f 7339 7338 6839
f 6839 7338 6838
f 6839 6841 7339
f 7339 6841 7340
f 7341 6843 6844
f 6845 7342 6844
f 6844 7342 7341
f 6847 7342 6845
f 7343 6851 7310
f 7310 6851 6805
f 6853 7343 6807
f 6807 7343 7310
f 7344 6855 6856
f 6857 7344 6856
f 7345 6859 6860
f 6861 7345 6860
f 7311 6863 6808
f 7346 6863 7311
f 7347 7313 7314
f 7347 7314 7316
f 7348 7317 6813
f 7348 6813 6864
f 7350 7348 7349
f 7348 6865 7349
f 7348 6864 6865
f 7351 7349 6865
f 7351 6865 6814
f 7352 7351 6814
f 7318 7352 6814
f 7355 7354 7353
f 7318 6816 7352
f 6867 7352 6816
f 7352 6867 7320
f 7319 7320 6867
f 7356 6867 6868
f 7356 6868 7357
f 7356 7357 7358
f 7356 7358 7353
f 7356 7353 7354
f 7356 7354 7322
f 7356 7322 7319
f 7356 7319 6867
f 7360 7324 7359
f 7360 7359 7361
f 7360 7361 7362
f 7360 7362 7357
f 7360 7357 6868
f 7360 6868 6869
f 7360 6869 7323
f 7360 7323 7324
f 7361 7359 6871
f 7359 7326 6871
f 7323 6869 6871
f 7323 6871 7326
f 7363 6872 7327
f 7327 6872 6818
f 7364 7327 7328
f 7363 7327 7364
f 7329 7366 7365
f 7364 7329 7365
f 7328 7329 7364
f 7368 7366 7367
f 7367 7366 6873
f 7366 7329 6873
f 7329 6820 6873
f 7367 6873 7369
f 6873 7370 7369
f 6873 6874 7370
f 7370 6874 6824
f 7371 7370 6824
f 7330 7371 6824
f 7370 7371 7372
f 7373 7330 7331
f 7371 7330 7373
f 7373 7331 6827
f 7374 7373 6827
f 6875 7374 6827
f 7375 7373 7374
f 6875 6829 7332
f 7376 6875 7332
f 7374 6875 7376
f 6876 7377 6878
f 7377 7332 6878
f 7332 7333 6878
f 7377 7376 7332
f 6878 7333 6879
f 7333 7378 6879
f 7333 7334 7378
f 7334 7335 7379
f 7380 7334 7379
f 7378 7334 7380
f 7381 7380 6880
f 7380 7337 6880
f 7337 6835 6880
f 7337 7380 7379
f 7381 6880 7382
f 6880 7383 7382
f 6880 6881 7383
f 6881 6838 7338
f 6881 7338 7383
f 6841 6882 7384
f 7385 6841 7384
f 7340 6841 7385
f 6843 7341 6882
f 7341 7384 6882
f 7341 7386 7384
f 7387 7341 7342
f 7386 7341 7387
f 6883 7388 6847
f 7388 7342 6847
f 7388 7387 7342
f 6884 7389 6883
f 6883 7389 7388
f 7391 7389 7390
f 7389 6884 7390
f 6886 7392 7390
f 6886 7390 6884
f 7394 7393 7392
f 7392 7393 7390
f 7394 7395 7393
f 7343 6888 6851
f 6888 7343 7396
f 6889 7397 6853
f 7397 7343 6853
f 7397 7396 7343
f 6855 7344 6892
f 7397 6889 6891
f 6892 7344 6857
f 7398 6895 6894
f 6897 7399 6894
f 6894 7399 7398
f 6859 7345 6897
f 7345 7399 6897
f 7345 7400 7399
f 6898 7401 6861
f 7401 7345 6861
f 7401 7400 7345
f 7401 6898 7402
f 6898 7403 7402
f 6898 6899 7403
f 6899 6900 7403
f 7403 6900 7404
f 7405 6902 6903
f 6904 7406 6903
f 6903 7406 7405
f 7407 7406 6904
f 6863 7407 6904
f 7346 7407 6863
f 6907 7408 6906
f 7408 6908 6906
f 7349 7409 7350
f 7409 7349 7410
f 7349 7351 7411
f 7349 7411 7410
f 7412 7355 7353
f 7415 7414 7413
f 7358 7412 7353
f 7362 7361 7416
f 7415 7417 7414
f 7416 7361 6871
f 6909 7416 6871
f 7418 7416 6909
f 7418 6909 6872
f 7419 7418 6872
f 7363 7419 6872
f 7418 7419 7420
f 7364 7422 7421
f 7419 7364 7421
f 7363 7364 7419
f 7425 7424 7423
f 7365 7422 7364
f 7424 7427 7426
f 7424 7367 7427
f 7424 7425 7368
f 7367 7424 7368
f 7367 7428 7427
f 7367 7429 7428
f 7367 7369 7430
f 7429 7367 7430
f 7429 7430 7372
f 7371 7429 7372
f 7431 7429 7371
f 7373 7433 7432
f 7431 7373 7432
f 7371 7373 7431
f 7373 7434 7433
f 7373 7435 7434
f 7373 7375 7436
f 7435 7373 7436
f 7438 7437 7435
f 7438 7435 7436
f 7440 7439 6910
f 7437 6910 7439
f 6910 7437 6876
f 7438 6876 7437
f 6876 7438 7377
f 7440 6910 6879
f 7441 7440 6879
f 7378 7441 6879
f 7440 7441 7442
f 7380 7444 7443
f 7441 7380 7443
f 7378 7380 7441
f 7444 7380 7381
f 7444 7381 7445
f 7445 7381 7382
f 7446 7385 7384
f 7448 7447 7446
f 7384 7448 7446
f 7386 7448 7384
f 7387 7450 7449
f 7448 7387 7449
f 7386 7387 7448
f 7452 7451 7450
f 7387 7452 7450
f 7388 7452 7387
f 7453 7388 7389
f 7452 7388 7453
f 7392 6886 7454
f 7455 7392 7454
f 7391 7455 7454
f 7389 7391 7454
f 7453 7389 7454
f 7456 7453 7454
f 6912 7456 7454
f 6886 6912 7454
f 7457 7394 7455
f 7392 7455 7394
f 7456 6913 7458
f 6913 7456 6912
f 7458 6913 7459
f 7396 7459 6913
f 7459 7396 7460
f 6888 7396 6913
f 7457 7395 7394
f 7462 7461 7460
f 7396 7462 7460
f 7397 7462 7396
f 6914 7463 6891
f 7463 7397 6891
f 7463 7462 7397
f 6915 7464 6914
f 6914 7464 7463
f 7465 7464 6915
f 7465 6915 6895
f 7466 7465 6895
f 7398 7466 6895
f 7466 7398 7399
f 7466 7399 7467
f 7469 7468 7467
f 7399 7469 7467
f 7400 7469 7399
f 7470 7400 7401
f 7469 7400 7470
f 7472 7471 7402
f 6917 7402 7471
f 7402 6917 7401
f 6918 7401 6917
f 7401 6918 7470
f 6919 6917 7471
f 7404 6920 7473
f 6920 7404 6900
f 7474 6920 6921
f 7474 7473 6920
f 7475 6921 6922
f 7475 7474 6921
f 6923 6924 7476
f 6902 7405 6922
f 7477 6922 7405
f 6922 7477 7475
f 6926 6923 7476
f 7478 7477 7406
f 7405 7406 7477
f 7406 7407 7478
f 6929 7479 6928
f 7480 6928 7479
f 6930 6928 7480
f 6930 7480 7481
f 6931 7408 6907
f 6931 6908 7408
f 7483 7409 7482
f 7410 7482 7409
f 7410 7411 7484
f 7410 7484 7482
f 7413 7414 7485
f 7413 7485 7486
f 7414 7417 7487
f 7488 7414 7487
f 7485 7414 7488
f 7490 7489 7488
f 7490 7488 7487
f 7489 7492 7491
f 7489 7419 7492
f 7489 7490 7420
f 7419 7489 7420
f 7495 7494 7493
f 7421 7492 7419
f 7423 7424 7496
f 7495 7497 7494
f 7496 7424 7426
f 7428 7429 7498
f 7428 7498 7499
f 7431 7501 7500
f 7498 7431 7500
f 7429 7431 7498
f 7431 7502 7501
f 7431 7503 7502
f 7431 7432 7504
f 7503 7431 7504
f 7503 7506 7505
f 7503 7435 7506
f 7503 7504 7434
f 7435 7503 7434
f 7506 7435 7437
f 7506 7437 7507
f 7507 7437 7439
f 7508 7442 7441
f 7508 7441 7443
f 7509 7447 7448
f 7509 7448 7449
f 7510 7451 7452
f 7510 7452 7453
f 7510 7453 7511
f 7513 7512 7511
f 7453 7513 7511
f 7456 7513 7453
f 7514 7456 7458
f 7513 7456 7514
f 7458 7459 7515
f 7516 7458 7515
f 7514 7458 7516
f 7461 7462 7517
f 7515 7518 7516
f 7517 7462 7463
f 7517 7463 7519
f 7519 7463 7464
f 7519 7464 7520
f 7520 7464 7465
f 7468 7469 7521
f 7468 7521 7522
f 7470 7524 7523
f 7521 7470 7523
f 7469 7470 7521
f 7470 6918 7524
f 7525 7524 6918
f 7524 7525 7526
f 6932 7525 6918
f 7472 7527 7471
f 7528 7471 7527
f 7528 6919 7471
f 7528 7525 6932
f 6919 7528 6932
f 7531 7530 7529
f 7532 7529 7530
f 6933 7476 6924
f 6926 7476 6933
f 6936 6934 7533
f 6938 6936 7533
f 7479 6937 7534
f 6937 7479 6929
f 6937 6930 7481
f 6937 7481 7534
f 7535 7483 7482
f 7535 7482 7484
f 7536 7486 7485
f 7536 7485 7488
f 7536 7488 7537
f 7537 7488 7489
f 7537 7489 7538
f 7538 7489 7491
f 7539 7493 7494
f 7539 7494 7497
f 7540 7499 7498
f 7540 7498 7500
f 7541 7502 7503
f 7541 7503 7505
f 7544 7543 7542
f 7545 7542 7543
f 7548 7547 7546
f 7549 7546 7547
f 7512 7513 7550
f 7512 7550 7551
f 7514 7553 7552
f 7550 7514 7552
f 7513 7514 7550
f 7555 7554 7553
f 7514 7555 7553
f 7516 7555 7514
f 7516 7518 7556
f 7516 7556 7555
f 7558 7557 6940
f 7558 6940 6941
f 7521 7559 7522
f 6940 7557 6942
f 7560 6942 7557
f 7559 7521 7523
f 7561 7526 7525
f 7561 7525 7528
f 7562 7531 7529
f 7562 7529 7532
f 6944 7563 7533
f 6944 7533 6934
f 7563 6945 6938
f 7563 6938 7533
f 7564 7544 7542
f 7567 7566 7565
f 7545 7564 7542
f 7548 7546 7568
f 7567 7569 7566
f 7568 7546 7549
f 7570 7551 7550
f 7570 7550 7552
f 7571 7554 7555
f 7571 7555 7556
f 7572 7558 6941
f 7572 6941 6946
f 6946 6942 7560
f 6946 7560 7572
f 6947 7563 6944
f 7563 6947 6945
f 7573 7565 7566
f 7573 7566 7569
f 6952 7574 6951
f 7574 6953 6951
f 7577 7576 7575
f 7578 7575 7576
f 6961 7579 6960
f 7579 6962 6960
f 6964 7580 6963
f 7580 6965 6963
f 7583 7582 7581
f 7584 7581 7582
f 6971 7585 6970
f 7586 6974 6970
f 7586 6970 7585
f 7586 6975 6974
f 7589 7588 7587
f 6977 6978 7587
f 7588 6977 7587
f 7590 6977 7588
f 6979 6977 7590
f 6979 7590 7591
f 6981 7592 6982
f 6982 7592 7593
f 7594 6982 7593
f 6984 6982 7594
f 7594 7596 7595
f 6985 7594 7595
f 6984 7594 6985
f 7598 7595 7597
f 7598 6985 7595
f 7598 7599 6987
f 6985 7598 6987
f 7598 7600 7574
f 6988 7598 7574
f 6952 6988 7574
f 7599 7598 6988
f 7574 7600 6953
f 7600 6989 6953
f 7600 7601 6989
f 7601 7603 7602
f 6990 7601 7602
f 6989 7601 6990
f 7604 6991 6990
f 7604 6990 7602
f 6991 7604 7605
f 7606 6991 7605
f 6992 6991 7606
f 7606 7608 7607
f 6995 7606 7607
f 6992 7606 6995
f 7607 6996 6995
f 7611 7610 7609
f 7612 6997 6998
f 7613 7609 7610
f 7612 6999 6997
f 7614 7577 7575
f 7617 7616 7615
f 7578 7614 7575
f 6961 7001 7579
f 7616 7617 7618
f 7579 7001 6962
f 7003 7619 7002
f 7619 7004 7002
f 7007 7620 7006
f 7620 7009 7006
f 7012 7621 7013
f 7621 7015 7013
f 7016 7580 6964
f 7580 7016 6965
f 7018 7622 7019
f 7623 7020 7019
f 7623 7019 7622
f 7020 7581 7021
f 7581 7020 7583
f 7623 7583 7020
f 7583 7623 7624
f 7625 7624 7623
f 7021 7581 7023
f 7584 7023 7581
f 7023 7584 7626
f 7624 7626 7584
f 7626 7624 7625
f 7627 7024 7023
f 7627 7023 7626
f 7627 7026 7024
f 7630 7629 7628
f 7629 7631 7628
f 6971 7028 7585
f 7632 7585 7028
f 7635 7634 7633
f 7586 7030 7031
f 7030 7586 7632
f 7585 7632 7586
f 7031 6975 7586
f 7633 7634 7636
f 7638 7637 7034
f 7638 7034 7033
f 7587 7639 7036
f 7637 7587 7036
f 7034 7637 7036
f 7589 7587 7637
f 7037 7640 6978
f 7640 7587 6978
f 7640 7639 7587
f 7039 7040 7641
f 7640 7641 7040
f 7641 7640 7591
f 7037 7591 7640
f 7591 7037 6979
f 7641 7643 7642
f 7041 7641 7642
f 7039 7641 7041
f 7642 7644 7041
f 7041 7644 6981
f 7644 7645 6981
f 7645 7592 6981
f 7592 7645 7593
f 7596 7646 7595
f 7599 7042 6987
f 7646 7597 7595
f 7042 7599 6988
f 7603 7647 7602
f 7602 7647 7604
f 7604 7647 7648
f 7604 7648 7605
f 7607 7608 7649
f 7649 7608 7650
f 7649 7043 6996
f 7649 6996 7607
f 7611 7609 7044
f 7045 7611 7044
f 7651 7611 7045
f 7609 7613 7044
f 7613 7652 7044
f 7612 6998 7044
f 7612 7044 7652
f 7652 7654 7653
f 7652 7653 7046
f 7612 7652 7046
f 6999 7612 7046
f 7046 7653 7655
f 7656 7046 7655
f 7047 7046 7656
f 7616 7048 7615
f 7048 7656 7615
f 7048 7047 7656
f 7049 7048 7616
f 7657 7049 7616
f 7618 7657 7616
f 7658 7049 7657
f 7659 7050 7049
f 7659 7049 7658
f 7619 7003 7050
f 7659 7619 7050
f 7660 7619 7659
f 7661 7051 7004
f 7619 7661 7004
f 7660 7661 7619
f 7661 7662 7051
f 7051 7662 7007
f 7662 7663 7007
f 7663 7620 7007
f 7620 7663 7009
f 7663 7052 7009
f 7663 7664 7052
f 7052 7665 7053
f 7664 7665 7052
f 7053 7666 7054
f 7665 7666 7053
f 7054 7667 7055
f 7666 7667 7054
f 7012 7055 7621
f 7055 7668 7621
f 7055 7667 7668
f 7621 7668 7015
f 7668 7056 7015
f 7668 7669 7056
f 7056 7670 7057
f 7669 7670 7056
f 7057 7671 7059
f 7670 7671 7057
f 7018 7059 7622
f 7059 7672 7622
f 7059 7671 7672
f 7674 7673 7672
f 7673 7622 7672
f 7673 7623 7622
f 7676 7625 7675
f 7625 7673 7675
f 7625 7623 7673
f 7625 7676 7626
f 7626 7676 7677
f 7626 7677 7627
f 7627 7677 7678
f 7627 7678 7026
f 7678 7060 7026
f 7678 7679 7060
f 7628 7061 7630
f 7061 7679 7630
f 7061 7060 7679
f 7628 7631 7061
f 7631 7680 7061
f 7632 7028 7061
f 7632 7061 7680
f 7635 7633 7680
f 7633 7062 7680
f 7030 7632 7680
f 7030 7680 7062
f 7636 7681 7633
f 7681 7062 7633
f 7681 7063 7062
f 7033 7063 7638
f 7638 7063 7681
f 7682 7065 7639
f 7639 7065 7036
f 7066 7682 7067
f 7682 7640 7067
f 7682 7639 7640
f 7067 7640 7040
f 7643 7683 7642
f 7642 7683 7644
f 7649 7650 7069
f 7650 7068 7069
f 7650 7684 7068
f 7649 7069 7043
f 7070 7651 7045
f 7070 7685 7651
f 7654 7686 7653
f 7653 7686 7655
f 7657 7687 7658
f 7658 7687 7659
f 7659 7687 7688
f 7659 7688 7660
f 7660 7688 7689
f 7660 7689 7661
f 7661 7689 7690
f 7661 7690 7662
f 7674 7691 7673
f 7673 7691 7675
f 7682 7071 7065
f 7071 7682 7066
f 7693 7073 7692
f 7073 7684 7692
f 7073 7068 7684
f 7694 7693 7692
f 7696 7695 7074
f 7696 7074 7075
f 7070 7074 7685
f 7685 7074 7695
f 7697 7076 7693
f 7693 7076 7073
f 7693 7694 7698
f 7693 7698 7697
f 7077 7696 7075
f 7077 7699 7696
f 7701 7078 7700
f 7078 7076 7700
f 7700 7076 7697
f 7702 7700 7697
f 7697 7698 7702
f 7078 7701 7080
f 7081 7699 7077
f 7081 7703 7699
f 7701 7700 7704
f 7704 7700 7705
f 7704 7082 7080
f 7704 7080 7701
f 7706 7703 7081
f 7706 7081 7083
f 7083 7084 7706
f 7706 7084 7707
f 7705 7708 7704
f 7082 7704 7708
f 7709 7082 7708
f 7086 7082 7709
f 7087 7707 7084
f 7087 7710 7707
f 7711 7088 7089
f 7090 7712 7089
f 7089 7712 7711
f 7091 7713 7090
f 7090 7713 7712
f 7092 7713 7091
f 7716 7715 7714
f 7709 7716 7714
f 7093 7709 7714
f 7086 7709 7093
f 7717 7710 7087
f 7717 7087 7094
f 7718 7094 7095
f 7718 7717 7094
f 7719 7095 7096
f 7719 7718 7095
f 7720 7096 7097
f 7720 7719 7096
f 7721 7097 7098
f 7721 7720 7097
f 7722 7098 7099
f 7722 7721 7098
f 7723 7099 7100
f 7723 7722 7099
f 7724 7100 7101
f 7724 7723 7100
f 7725 7101 7102
f 7725 7724 7101
f 7726 7102 7103
f 7726 7725 7102
f 7727 7103 7104
f 7727 7726 7103
f 7728 7104 7105
f 7728 7727 7104
f 7729 7105 7106
f 7729 7728 7105
f 7730 7106 7107
f 7730 7729 7106
f 7731 7107 7108
f 7731 7730 7107
f 7732 7108 7109
f 7732 7731 7108
f 7733 7109 7110
f 7733 7732 7109
f 7734 7110 7111
f 7734 7733 7110
f 7735 7111 7112
f 7735 7734 7111
f 7736 7112 7113
f 7736 7735 7112
f 7737 7113 7114
f 7737 7736 7113
f 7738 7114 7115
f 7738 7737 7114
f 7739 7115 7116
f 7739 7738 7115
f 7740 7116 7117
f 7740 7739 7116
f 7741 7117 7118
f 7741 7740 7117
f 7742 7118 7119
f 7742 7741 7118
f 7743 7119 7120
f 7743 7742 7119
f 7744 7120 7121
f 7744 7743 7120
f 7745 7121 7122
f 7745 7744 7121
f 7746 7122 7123
f 7746 7745 7122
f 7747 7123 7124
f 7747 7746 7123
f 7124 7088 7711
f 7748 7124 7711
f 7747 7124 7748
f 7748 7711 7712
f 7748 7712 7749
f 7749 7712 7713
f 7749 7713 7750
f 7750 7713 7092
f 7125 7750 7092
f 7751 7750 7125
f 7752 7125 7126
f 7752 7751 7125
f 7753 7126 7127
f 7753 7752 7126
f 7127 7128 7753
f 7753 7128 7754
f 7715 7755 7714
f 7093 7714 7755
f 7756 7093 7755
f 7129 7093 7756
f 7759 7758 7757
f 7761 7760 7757
f 7761 7757 7758
f 7763 7762 7760
f 7763 7760 7761
f 7765 7764 7762
f 7765 7762 7763
f 7767 7766 7764
f 7767 7764 7765
f 7769 7768 7766
f 7769 7766 7767
f 7771 7770 7768
f 7771 7768 7769
f 7773 7772 7770
f 7773 7770 7771
f 7773 7754 7772
f 7754 7130 7772
f 7754 7128 7130
f 7756 7131 7129
f 7774 7131 7756
f 7759 7757 7775
f 7759 7775 7776
f 7777 7757 7760
f 7775 7757 7777
f 7778 7760 7762
f 7777 7760 7778
f 7779 7762 7764
f 7778 7762 7779
f 7780 7764 7766
f 7779 7764 7780
f 7781 7766 7768
f 7780 7766 7781
f 7782 7768 7770
f 7781 7768 7782
f 7783 7770 7772
f 7782 7770 7783
f 7132 7783 7130
f 7130 7783 7772
f 7774 7134 7131
f 7784 7134 7774
f 7787 7786 7785
f 7789 7788 7785
f 7789 7785 7786
f 7791 7790 7788
f 7791 7788 7789
f 7793 7792 7790
f 7793 7790 7791
f 7795 7794 7792
f 7795 7792 7793
f 7797 7796 7794
f 7797 7794 7795
f 7799 7798 7796
f 7799 7796 7797
f 7801 7800 7798
f 7801 7798 7799
f 7803 7802 7800
f 7803 7800 7801
f 7805 7804 7802
f 7805 7802 7803
f 7806 7804 7805
f 7809 7808 7807
f 7811 7810 7807
f 7811 7807 7808
f 7813 7812 7810
f 7813 7810 7811
f 7814 7812 7813
f 7817 7816 7815
f 7819 7818 7815
f 7819 7815 7816
f 7818 7819 7776
f 7775 7818 7776
f 7820 7818 7775
f 7136 7820 7135
f 7820 7777 7135
f 7820 7775 7777
f 7135 7777 7137
f 7137 7777 7778
f 7137 7778 7138
f 7138 7778 7779
f 7138 7779 7139
f 7139 7779 7780
f 7139 7780 7140
f 7780 7821 7140
f 7780 7781 7821
f 7822 7781 7782
f 7821 7781 7822
f 7823 7782 7783
f 7822 7782 7823
f 7141 7823 7132
f 7132 7823 7783
f 7826 7825 7824
f 7784 7826 7824
f 7143 7784 7824
f 7134 7784 7143
f 7787 7785 7827
f 7787 7827 7828
f 7829 7785 7788
f 7827 7785 7829
f 7830 7788 7790
f 7829 7788 7830
f 7831 7790 7792
f 7830 7790 7831
f 7832 7792 7794
f 7831 7792 7832
f 7833 7794 7796
f 7832 7794 7833
f 7834 7796 7798
f 7833 7796 7834
f 7835 7798 7800
f 7834 7798 7835
f 7836 7800 7802
f 7835 7800 7836
f 7837 7802 7804
f 7836 7802 7837
f 7804 7806 7838
f 7804 7838 7837
f 7809 7807 7839
f 7809 7839 7840
f 7841 7807 7810
f 7839 7807 7841
f 7842 7810 7812
f 7841 7810 7842
f 7812 7814 7843
f 7812 7843 7842
f 7817 7815 7844
f 7817 7844 7845
f 7846 7815 7818
f 7844 7815 7846
f 7847 7818 7820
f 7846 7818 7847
f 7144 7847 7136
f 7136 7847 7820
f 7848 7145 7821
f 7821 7145 7140
f 7849 7821 7822
f 7848 7821 7849
f 7850 7822 7823
f 7849 7822 7850
f 7146 7850 7141
f 7141 7850 7823
f 7824 7825 7148
f 7825 7147 7148
f 7825 7851 7147
f 7824 7148 7143
f 7854 7853 7852
f 7856 7855 7852
f 7856 7852 7853
f 7858 7857 7855
f 7858 7855 7856
f 7859 7857 7858
f 7862 7861 7860
f 7864 7863 7860
f 7864 7860 7861
f 7863 7864 7828
f 7827 7863 7828
f 7865 7863 7827
f 7866 7827 7829
f 7865 7827 7866
f 7867 7829 7830
f 7866 7829 7867
f 7868 7830 7831
f 7867 7830 7868
f 7869 7831 7832
f 7868 7831 7869
f 7870 7832 7833
f 7869 7832 7870
f 7871 7833 7834
f 7870 7833 7871
f 7872 7834 7835
f 7871 7834 7872
f 7873 7835 7836
f 7872 7835 7873
f 7874 7836 7837
f 7873 7836 7874
f 7837 7838 7875
f 7876 7837 7875
f 7874 7837 7876
f 7878 7877 7876
f 7878 7876 7875
f 7877 7878 7840
f 7839 7877 7840
f 7879 7877 7839
f 7880 7839 7841
f 7879 7839 7880
f 7881 7841 7842
f 7880 7841 7881
f 7842 7843 7882
f 7883 7842 7882
f 7881 7842 7883
f 7885 7884 7883
f 7885 7883 7882
f 7884 7885 7845
f 7844 7884 7845
f 7886 7884 7844
f 7887 7844 7846
f 7886 7844 7887
f 7888 7846 7847
f 7887 7846 7888
f 7149 7888 7144
f 7144 7888 7847
f 7889 7150 7848
f 7848 7150 7145
f 7152 7889 7151
f 7889 7849 7151
f 7889 7848 7849
f 7151 7849 7153
f 7849 7890 7153
f 7849 7850 7890
f 7154 7890 7146
f 7146 7890 7850
f 7851 7155 7147
f 7891 7155 7851
f 7854 7852 7892
f 7854 7892 7893
f 7894 7852 7855
f 7892 7852 7894
f 7857 7896 7895
f 7894 7857 7895
f 7855 7857 7894
f 7896 7857 7859
f 7862 7860 7897
f 7862 7897 7898
f 7899 7860 7863
f 7897 7860 7899
f 7900 7863 7865
f 7899 7863 7900
f 7901 7865 7866
f 7900 7865 7901
f 7902 7866 7867
f 7901 7866 7902
f 7903 7867 7868
f 7902 7867 7903
f 7904 7868 7869
f 7903 7868 7904
f 7905 7869 7870
f 7904 7869 7905
f 7906 7870 7871
f 7905 7870 7906
f 7907 7871 7872
f 7906 7871 7907
f 7908 7872 7873
f 7907 7872 7908
f 7909 7873 7874
f 7908 7873 7909
f 7910 7874 7876
f 7909 7874 7910
f 7911 7876 7877
f 7910 7876 7911
f 7912 7877 7879
f 7911 7877 7912
f 7913 7879 7880
f 7912 7879 7913
f 7914 7880 7881
f 7913 7880 7914
f 7915 7881 7883
f 7914 7881 7915
f 7916 7883 7884
f 7915 7883 7916
f 7917 7884 7886
f 7916 7884 7917
f 7918 7886 7887
f 7917 7886 7918
f 7919 7887 7888
f 7918 7887 7919
f 7156 7919 7149
f 7149 7919 7888
f 7889 7157 7150
f 7157 7889 7152
f 7920 7158 7890
f 7890 7158 7153
f 7159 7920 7154
f 7154 7920 7890
f 7891 7921 7155
f 7155 7921 7160
f 7162 7160 7921
f 7162 7921 7922
f 7925 7924 7923
f 7923 7924 7893
f 7892 7923 7893
f 7926 7923 7892
f 7927 7892 7894
f 7926 7892 7927
f 7894 7895 7928
f 7894 7928 7927
f 7898 7897 7929
f 7898 7929 7930
f 7931 7897 7899
f 7929 7897 7931
f 7932 7899 7900
f 7931 7899 7932
f 7933 7900 7901
f 7932 7900 7933
f 7934 7901 7902
f 7933 7901 7934
f 7935 7902 7903
f 7934 7902 7935
f 7936 7903 7904
f 7935 7903 7936
f 7937 7904 7905
f 7936 7904 7937
f 7938 7905 7906
f 7937 7905 7938
f 7939 7906 7907
f 7938 7906 7939
f 7940 7907 7908
f 7939 7907 7940
f 7941 7908 7909
f 7940 7908 7941
f 7942 7909 7910
f 7941 7909 7942
f 7943 7910 7911
f 7942 7910 7943
f 7944 7911 7912
f 7943 7911 7944
f 7945 7912 7913
f 7944 7912 7945
f 7946 7913 7914
f 7945 7913 7946
f 7947 7914 7915
f 7946 7914 7947
f 7948 7915 7916
f 7947 7915 7948
f 7949 7916 7917
f 7948 7916 7949
f 7950 7917 7918
f 7949 7917 7950
f 7164 7950 7163
f 7950 7919 7163
f 7950 7918 7919
f 7163 7919 7156
f 7951 7166 7167
f 7158 7920 7169
f 7951 7167 7168
f 7169 7920 7159
f 7922 7171 7162
f 7952 7171 7922
f 7925 7923 7953
f 7925 7953 7954
f 7955 7923 7926
f 7953 7923 7955
f 7956 7926 7927
f 7955 7926 7956
f 7927 7928 7957
f 7927 7957 7956
f 7960 7959 7958
f 7962 7961 7958
f 7962 7958 7959
f 7964 7963 7961
f 7964 7961 7962
f 7965 7963 7964
f 7930 7929 7966
f 7930 7966 7967
f 7968 7929 7931
f 7966 7929 7968
f 7969 7931 7932
f 7968 7931 7969
f 7970 7932 7933
f 7969 7932 7970
f 7971 7933 7934
f 7970 7933 7971
f 7972 7934 7935
f 7971 7934 7972
f 7973 7935 7936
f 7972 7935 7973
f 7974 7936 7937
f 7973 7936 7974
f 7975 7937 7938
f 7974 7937 7975
f 7976 7938 7939
f 7975 7938 7976
f 7977 7939 7940
f 7976 7939 7977
f 7978 7940 7941
f 7977 7940 7978
f 7979 7941 7942
f 7978 7941 7979
f 7980 7942 7943
f 7979 7942 7980
f 7981 7943 7944
f 7980 7943 7981
f 7982 7944 7945
f 7981 7944 7982
f 7983 7945 7946
f 7982 7945 7983
f 7984 7946 7947
f 7983 7946 7984
f 7985 7947 7948
f 7984 7947 7985
f 7986 7948 7949
f 7985 7948 7986
f 7987 7949 7950
f 7986 7949 7987
f 7172 7987 7164
f 7164 7987 7950
f 7988 7174 7951
f 7951 7174 7166
f 7175 7988 7168
f 7168 7988 7951
f 7952 7176 7171
f 7989 7176 7952
f 7954 7953 7990
f 7954 7990 7991
f 7992 7953 7955
f 7990 7953 7992
f 7993 7955 7956
f 7992 7955 7993
f 7956 7957 7994
f 7956 7994 7993
f 7960 7958 7995
f 7960 7995 7996
f 7997 7958 7961
f 7995 7958 7997
f 7998 7961 7963
f 7997 7961 7998
f 7963 7965 7999
f 7963 7999 7998
f 7967 7966 8000
f 7967 8000 8001
f 8002 7966 7968
f 8000 7966 8002
f 8003 7968 7969
f 8002 7968 8003
f 8004 7969 7970
f 8003 7969 8004
f 8005 7970 7971
f 8004 7970 8005
f 8006 7971 7972
f 8005 7971 8006
f 8007 7972 7973
f 8006 7972 8007
f 8008 7973 7974
f 8007 7973 8008
f 8009 7974 7975
f 8008 7974 8009
f 8010 7975 7976
f 8009 7975 8010
f 8011 7976 7977
f 8010 7976 8011
f 8012 7977 7978
f 8011 7977 8012
f 8013 7978 7979
f 8012 7978 8013
f 8014 7979 7980
f 8013 7979 8014
f 8015 7980 7981
f 8014 7980 8015
f 8016 7981 7982
f 8015 7981 8016
f 8017 7982 7983
f 8016 7982 8017
f 8018 7983 7984
f 8017 7983 8018
f 8019 7984 7985
f 8018 7984 8019
f 8020 7985 7986
f 8019 7985 8020
f 8021 7986 7987
f 8020 7986 8021
f 7177 8021 7172
f 7172 8021 7987
f 7988 7178 7174
f 7178 7988 7175
f 8022 7180 7181
f 8023 8022 7181
f 7176 8023 7181
f 7989 8023 7176
f 7991 7990 8024
f 7991 8024 8025
f 7992 8027 8026
f 8024 7992 8026
f 7990 7992 8024
f 8027 7992 7993
f 8027 7993 8028
f 8028 7993 7994
f 8031 8030 8029
f 8029 8033 8032
f 8029 7995 8033
f 8029 8030 7996
f 7995 8029 7996
f 8035 8034 8033
f 7995 8035 8033
f 7997 8035 7995
f 8036 7997 7998
f 8035 7997 8036
f 7998 7999 8037
f 8038 7998 8037
f 8036 7998 8038
f 8038 8037 8001
f 8000 8038 8001
f 8039 8038 8000
f 8040 8000 8002
f 8039 8000 8040
f 8041 8002 8003
f 8040 8002 8041
f 8042 8003 8004
f 8041 8003 8042
f 8043 8004 8005
f 8042 8004 8043
f 8044 8005 8006
f 8043 8005 8044
f 8045 8006 8007
f 8044 8006 8045
f 8046 8007 8008
f 8045 8007 8046
f 8047 8008 8009
f 8046 8008 8047
f 8048 8009 8010
f 8047 8009 8048
f 8049 8010 8011
f 8048 8010 8049
f 8050 8011 8012
f 8049 8011 8050
f 8051 8012 8013
f 8050 8012 8051
f 8052 8013 8014
f 8051 8013 8052
f 8053 8014 8015
f 8052 8014 8053
f 8054 8015 8016
f 8053 8015 8054
f 8055 8016 8017
f 8054 8016 8055
f 8056 8017 8018
f 8055 8017 8056
f 8057 8018 8019
f 8056 8018 8057
f 8058 8019 8020
f 8057 8019 8058
f 8059 8020 8021
f 8058 8020 8059
f 7182 8060 7177
f 8060 8021 7177
f 8060 8059 8021
f 7183 8061 7182
f 7182 8061 8060
f 7184 8062 7183
f 7183 8062 8061
f 7185 8062 7184
f 8022 7187 7180
f 7188 7187 8022
f 8023 7188 8022
f 8063 7188 8023
f 8025 8024 8064
f 8025 8064 8065
f 8024 8026 8066
f 8024 8066 8064
f 8031 8029 8067
f 8031 8067 8068
f 8029 8032 8069
f 8070 8029 8069
f 8067 8029 8070
f 8070 8069 8034
f 8035 8070 8034
f 8071 8070 8035
f 8072 8035 8036
f 8071 8035 8072
f 8073 8036 8038
f 8072 8036 8073
f 8074 8038 8039
f 8073 8038 8074
f 8075 8039 8040
f 8074 8039 8075
f 8076 8040 8041
f 8075 8040 8076
f 8077 8041 8042
f 8076 8041 8077
f 8078 8042 8043
f 8077 8042 8078
f 8079 8043 8044
f 8078 8043 8079
f 8080 8044 8045
f 8079 8044 8080
f 8081 8045 8046
f 8080 8045 8081
f 8082 8046 8047
f 8081 8046 8082
f 8083 8047 8048
f 8082 8047 8083
f 8084 8048 8049
f 8083 8048 8084
f 8085 8049 8050
f 8084 8049 8085
f 8086 8050 8051
f 8085 8050 8086
f 8087 8051 8052
f 8086 8051 8087
f 8088 8052 8053
f 8087 8052 8088
f 8089 8053 8054
f 8088 8053 8089
f 8090 8054 8055
f 8089 8054 8090
f 8091 8055 8056
f 8090 8055 8091
f 8092 8056 8057
f 8091 8056 8092
f 8093 8057 8058
f 8092 8057 8093
f 8094 8058 8059
f 8093 8058 8094
f 8095 8059 8060
f 8094 8059 8095
f 8096 8060 8061
f 8095 8060 8096
f 8097 8061 8062
f 8096 8061 8097
f 7189 8097 7185
f 7185 8097 8062
f 8098 7190 7191
f 8099 8098 7191
f 7188 8099 7191
f 8063 8099 7188
f 8065 8064 8100
f 8065 8100 8101
f 8064 8066 8102
f 8103 8064 8102
f 8100 8064 8103
f 8105 8104 8103
f 8105 8103 8102
f 8107 8106 8104
f 8107 8104 8105
f 8068 8067 8108
f 8107 8109 8106
f 8108 8067 8070
f 8108 8070 8110
f 8110 8070 8071
f 8110 8071 8111
f 8111 8071 8072
f 8111 8072 8112
f 8114 8113 8112
f 8072 8114 8112
f 8073 8114 8072
f 8115 8073 8074
f 8114 8073 8115
f 8116 8074 8075
f 8115 8074 8116
f 7193 8116 7192
f 8116 8076 7192
f 8116 8075 8076
f 7192 8076 7194
f 7194 8076 8077
f 7194 8077 7195
f 7195 8077 8078
f 7195 8078 7196
f 7196 8078 8079
f 7196 8079 7197
f 7197 8079 8080
f 7197 8080 7198
f 7198 8080 8081
f 7198 8081 7199
f 7199 8081 8082
f 7199 8082 7200
f 8082 8117 7200
f 8082 8083 8117
f 8118 8083 8084
f 8117 8083 8118
f 8119 8084 8085
f 8118 8084 8119
f 8120 8085 8086
f 8119 8085 8120
f 8121 8086 8087
f 8120 8086 8121
f 8122 8087 8088
f 8121 8087 8122
f 8123 8088 8089
f 8122 8088 8123
f 8124 8089 8090
f 8123 8089 8124
f 8125 8090 8091
f 8124 8090 8125
f 8126 8091 8092
f 8125 8091 8126
f 8127 8092 8093
f 8126 8092 8127
f 8128 8093 8094
f 8127 8093 8128
f 8129 8094 8095
f 8128 8094 8129
f 8130 8095 8096
f 8129 8095 8130
f 8131 8096 8097
f 8130 8096 8131
f 7201 8132 7189
f 8132 8097 7189
f 8132 8131 8097
f 7202 8133 7201
f 7201 8133 8132
f 7203 8133 7202
f 8098 7205 7190
f 8099 8134 8098
f 8134 7205 8098
f 8134 7208 7205
f 7209 7208 8134
f 7209 8134 8135
f 8101 8100 8136
f 8101 8136 8137
f 8138 8100 8103
f 8136 8100 8138
f 8139 8103 8104
f 8138 8103 8139
f 8140 8104 8106
f 8139 8104 8140
f 8106 8109 8141
f 8106 8141 8140
f 8144 8143 8142
f 8146 8145 8142
f 8146 8142 8143
f 8145 8146 8113
f 8145 8113 8114
f 7211 8145 8114
f 7210 7211 8114
f 7210 8114 7212
f 7212 8114 8115
f 7212 8115 7214
f 8115 8147 7214
f 8115 8116 8147
f 7215 8147 7193
f 7193 8147 8116
f 8148 7216 8117
f 8117 7216 7200
f 8149 8117 8118
f 8148 8117 8149
f 7218 8149 7217
f 8149 8119 7217
f 8149 8118 8119
f 7217 8119 7219
f 7219 8119 8120
f 7219 8120 7220
f 7220 8120 8121
f 7220 8121 7221
f 7221 8121 8122
f 7221 8122 7222
f 7222 8122 8123
f 7222 8123 7223
f 7223 8123 8124
f 7223 8124 7224
f 7224 8124 8125
f 7224 8125 7225
f 7225 8125 8126
f 7225 8126 7226
f 7226 8126 8127
f 7226 8127 7227
f 7227 8127 8128
f 7227 8128 7228
f 8128 8150 7228
f 8128 8129 8150
f 7230 8150 7229
f 8150 8130 7229
f 8150 8129 8130
f 7229 8130 7231
f 7231 8130 8131
f 7231 8131 7232
f 7232 8131 8132
f 7232 8132 7233
f 7233 8132 8133
f 7233 8133 7203
f 8152 8151 7236
f 7236 8151 7237
f 7236 7209 8135
f 7236 8135 8152
f 8137 8136 8153
f 8137 8153 8154
f 8155 8136 8138
f 8153 8136 8155
f 8156 8138 8139
f 8155 8138 8156
f 8157 8139 8140
f 8156 8139 8157
f 8140 8141 8158
f 8140 8158 8157
f 8159 8144 8142
f 8161 8160 8159
f 8142 8161 8159
f 8145 8161 8142
f 7238 8161 7211
f 7211 8161 8145
f 8162 7240 8147
f 8147 7240 7214
f 7241 8162 7215
f 7215 8162 8147
f 8163 7242 8148
f 8148 7242 7216
f 8164 8148 8149
f 8163 8148 8164
f 7243 8164 7218
f 7218 8164 8149
f 8165 7244 8150
f 8150 7244 7228
f 7245 8165 7230
f 7230 8165 8150
f 8151 7247 7237
f 8166 7247 8151
f 8154 8153 8167
f 8154 8167 8168
f 8169 8153 8155
f 8167 8153 8169
f 8170 8155 8156
f 8169 8155 8170
f 8171 8156 8157
f 8170 8156 8171
f 8157 8158 8172
f 8173 8157 8172
f 8171 8157 8173
f 8175 8174 8173
f 8175 8173 8172
f 8176 8174 8175
f 8160 8161 8177
f 8160 8177 8178
f 7248 8177 7238
f 7238 8177 8161
f 8179 7250 8162
f 8162 7250 7240
f 7251 8179 7241
f 7241 8179 8162
f 8180 7252 7253
f 7254 8180 7253
f 8163 7255 7242
f 7255 8163 7256
f 7256 8163 8164
f 7256 8164 7243
f 8165 7257 7244
f 7257 8165 7245
f 8181 7260 7261
f 8182 8181 7261
f 7247 8182 7261
f 8166 8182 7247
f 8168 8167 8183
f 8168 8183 8184
f 8185 8167 8169
f 8183 8167 8185
f 8186 8169 8170
f 8185 8169 8186
f 8187 8170 8171
f 8186 8170 8187
f 8188 8171 8173
f 8187 8171 8188
f 8189 8173 8174
f 8188 8173 8189
f 8174 8176 8190
f 8191 8174 8190
f 8189 8174 8191
f 8191 8190 8178
f 8177 8191 8178
f 8192 8191 8177
f 7262 8192 7248
f 7248 8192 8177
f 8179 7263 7250
f 7263 8179 7251
f 8193 7264 8180
f 8180 7264 7252
f 7265 8193 7254
f 7254 8193 8180
f 8181 7266 7260
f 7267 7266 8181
f 8182 7267 8181
f 8194 7267 8182
f 8184 8183 7268
f 7269 8184 7268
f 8195 8184 7269
f 7268 8183 7270
f 7270 8183 8185
f 7270 8185 7271
f 7271 8185 8186
f 7271 8186 7272
f 7272 8186 8187
f 7272 8187 7273
f 7273 8187 8188
f 7273 8188 7274
f 7274 8188 8189
f 7274 8189 7275
f 7275 8189 8191
f 7275 8191 7276
f 8191 8196 7276
f 8191 8192 8196
f 7277 8196 7262
f 7262 8196 8192
f 8193 7278 7264
f 7278 8193 7265
f 8194 7280 7267
f 8197 7280 8194
f 7281 8195 7269
f 7281 8198 8195
f 8196 7282 7276
f 7282 8196 7277
f 8197 7283 7280
f 8199 7283 8197
f 7284 8198 7281
f 7284 8200 8198
f 7285 7283 8201
f 7283 8202 8201
f 7283 8199 8202
f 8201 7287 7285
f 8204 8203 7288
f 8204 7288 7289
f 7288 8205 7290
f 8203 8205 7288
f 7284 7290 8200
f 8200 7290 8205
f 8201 8202 7292
f 8202 7291 7292
f 8202 8206 7291
f 8201 7292 7287
f 7294 8207 7293
f 7296 7297 8208
f 8207 7296 8208
f 7293 8207 8208
f 7289 7293 8208
f 8204 7289 8208
f 8209 8204 8208
f 8210 8209 8208
f 7297 8210 8208
f 8212 8210 8211
f 8210 7297 8211
f 7299 8213 8211
f 7299 8211 7297
f 8213 8214 8211
f 8216 7300 8215
f 7300 8206 8215
f 7300 7291 8206
f 8217 8216 8215
f 7301 8207 7294
f 8207 7301 7296
f 7303 8210 7302
f 8210 7303 8209
f 8218 8209 7303
f 8210 8212 7302
f 8212 8219 7302
f 8213 7299 7302
f 8213 7302 8219
f 8213 8219 8214
f 8221 8220 8216
f 8220 7300 8216
f 8220 7311 7300
f 8221 8216 8217
f 8222 8218 7303
f 8222 7303 7312
f 7312 7313 8222
f 8222 7313 8223
f 8224 7316 7315
f 7317 8224 7315
f 8225 7320 7321
f 7322 8225 7321
f 8226 7324 7325
f 7326 8226 7325
f 8227 7335 7336
f 8227 7336 7337
f 8230 8229 8228
f 8232 8231 8228
f 8228 8231 8230
f 7338 7339 8233
f 8231 8232 8234
f 7340 8233 7339
f 8220 7346 7311
f 8235 7346 8220
f 8236 8223 7313
f 8236 7313 7347
f 7347 7316 8224
f 8237 7347 8224
f 8236 7347 8237
f 8237 8224 7317
f 7348 8237 7317
f 8238 8237 7348
f 7348 7350 8238
f 8238 7350 8239
f 8240 7351 7352
f 8243 8242 8241
f 8243 8241 8240
f 8243 8240 7352
f 8243 7352 7320
f 8243 7320 8225
f 8243 8225 7354
f 8243 7354 7355
f 8243 7355 8244
f 8243 8244 8242
f 8245 8242 8244
f 7322 7354 8225
f 7358 7357 8246
f 7324 8226 7359
f 8246 7357 7362
f 7359 8226 7326
f 8249 8248 8247
f 8247 8250 8249
f 8251 7365 7366
f 7368 8251 7366
f 8252 7369 7370
f 8252 7370 7372
f 8255 8254 8253
f 8253 8256 8255
f 8257 7375 7374
f 8257 7374 8258
f 7374 8259 8258
f 7374 7376 8259
f 7376 7377 8259
f 8259 7377 8260
f 8263 8262 8261
f 8227 7379 7335
f 8261 8264 8263
f 8264 8261 8265
f 7337 7379 8227
f 8265 8229 8264
f 8229 8265 8228
f 8266 8228 8265
f 8268 7383 8267
f 8268 8267 8269
f 8268 8269 8270
f 8268 8270 8232
f 8268 8232 8228
f 8268 8228 8266
f 8268 8266 7382
f 8268 7382 7383
f 8267 7383 8271
f 8233 8271 7383
f 8271 8233 8272
f 7338 8233 7383
f 8270 8234 8232
f 8233 7340 8272
f 7340 8273 8272
f 7340 7385 8273
f 8276 8275 8274
f 8278 8277 8274
f 8274 8277 8276
f 8278 7391 8277
f 7391 7390 8277
f 8280 8279 8277
f 8280 8277 7390
f 7393 8281 7390
f 7390 8281 8280
f 8281 7393 7395
f 8284 8283 8282
f 8282 8285 8284
f 8288 8287 8286
f 8286 8289 8288
f 8290 7402 7403
f 7404 8290 7403
f 8235 7407 7346
f 8291 7407 8235
f 8294 8293 8292
f 8293 8239 8292
f 8239 7409 8292
f 8239 7350 7409
f 8296 8295 8240
f 8295 7351 8240
f 8295 7411 7351
f 7355 7412 8244
f 8240 8241 8296
f 7415 7413 8297
f 7412 8245 8244
f 8245 7412 8298
f 7358 8298 7412
f 8298 7358 8246
f 8297 7417 7415
f 7416 8246 7362
f 8246 7416 8298
f 8299 8298 7416
f 8300 7416 7418
f 8300 8299 7416
f 8301 8247 7420
f 8247 8300 7420
f 8300 7418 7420
f 8247 8248 8300
f 7422 8302 7421
f 8302 8247 7421
f 8247 8301 7421
f 8247 8302 8250
f 7425 7423 8303
f 7365 8251 7422
f 8304 7422 8251
f 7422 8304 8302
f 8305 7368 7425
f 8305 7425 8303
f 8305 8303 7426
f 8305 7426 7427
f 8305 7427 8306
f 8305 8306 8304
f 8305 8304 8251
f 8305 8251 7368
f 7430 7369 8252
f 7428 8307 7427
f 8308 7427 8307
f 7427 8308 8306
f 7372 7430 8252
f 8307 8254 8308
f 8254 8307 8253
f 8309 8253 8307
f 7433 8310 7432
f 8310 8253 7432
f 8253 8309 7432
f 8253 8310 8256
f 8312 8311 8310
f 8312 8310 7433
f 8312 7433 7434
f 8312 7434 8313
f 8312 8313 7436
f 8312 7436 7375
f 8312 7375 8257
f 8312 8257 8311
f 8258 8311 8257
f 7438 7436 8314
f 8313 8314 7436
f 8315 7439 7440
f 7439 8315 8314
f 8260 8314 8315
f 8314 8260 7438
f 7377 7438 8260
f 8316 8261 7442
f 8261 8315 7442
f 8315 7440 7442
f 8261 8262 8315
f 8319 8318 8317
f 8265 7443 7444
f 7443 8265 8316
f 8261 8316 8265
f 8317 8318 8320
f 8266 7444 7445
f 7444 8266 8265
f 8267 8321 8269
f 7382 8266 7445
f 8267 8322 8321
f 8267 8323 8322
f 8267 8271 8324
f 8323 8267 8324
f 8323 8324 8325
f 7446 8326 7385
f 8273 7385 8326
f 7446 7447 8326
f 8326 7447 8327
f 8328 7449 7450
f 7450 7451 8328
f 8275 8329 8274
f 8330 8274 8329
f 8332 8278 8331
f 8278 8330 8331
f 8278 8274 8330
f 8333 7455 7391
f 8333 7391 8278
f 8333 8278 8332
f 8333 8332 8334
f 8333 8334 8335
f 8333 8335 8336
f 8333 8336 8279
f 8333 8279 8280
f 8333 8280 7455
f 8281 8338 8337
f 8280 8281 8337
f 7455 8280 8337
f 7457 7455 8337
f 8339 7457 8337
f 8335 8339 8337
f 8336 8335 8337
f 8338 8336 8337
f 8283 8340 8282
f 8341 7459 7460
f 8342 7457 8339
f 7457 8342 7395
f 8338 7395 8342
f 7395 8338 8281
f 8340 8285 8282
f 7461 8341 7460
f 8345 8344 8343
f 8347 8346 8343
f 8343 8346 8345
f 8347 7465 8346
f 7465 7466 8346
f 8349 8348 8346
f 8349 8346 7466
f 7467 8350 7466
f 7466 8350 8349
f 8287 8351 8286
f 8350 7467 7468
f 8286 8351 8289
f 8352 7472 8290
f 8290 7472 7402
f 8352 8290 7404
f 8353 8352 7404
f 7473 8353 7404
f 8354 8352 8353
f 8356 8353 8355
f 8353 7474 8355
f 8353 7473 7474
f 7475 8357 7474
f 7474 8357 8355
f 7477 8358 7475
f 7475 8358 8357
f 7478 8359 7477
f 7477 8359 8358
f 7480 7479 8360
f 8359 8360 7479
f 8360 8359 8291
f 7478 8291 8359
f 8291 7478 7407
f 7481 7480 8360
f 7481 8360 8361
f 8362 8294 8292
f 7409 7483 8292
f 7483 8363 8292
f 8363 8362 8292
f 8363 7483 8364
f 8295 8363 8364
f 7484 8295 8364
f 7411 8295 7484
f 8367 8366 8365
f 8366 8368 8365
f 7413 7486 8297
f 8369 8297 7486
f 8370 7487 7417
f 8297 8370 7417
f 8369 8370 8297
f 8371 7490 7487
f 8371 7487 8370
f 8371 7420 7490
f 8371 8301 7420
f 8371 7491 7492
f 8301 8371 7492
f 7492 7421 8301
f 8373 7493 8372
f 7493 8373 7495
f 7423 7496 8303
f 8374 7495 8373
f 7495 8374 7497
f 8303 7496 7426
f 7499 8375 8307
f 7499 8307 7428
f 8375 7500 7501
f 8309 8375 7501
f 8307 8375 8309
f 8376 7501 7502
f 7501 8376 8309
f 8377 8309 8376
f 8309 8377 7432
f 7504 7432 8377
f 8377 7434 7504
f 7434 8377 8313
f 8378 8313 8377
f 8313 8378 7506
f 7505 7506 8378
f 8313 7506 7507
f 8313 7507 8314
f 8314 7507 7439
f 7508 8316 7442
f 8317 8379 8319
f 7443 8316 7508
f 8379 8317 8320
f 8322 8323 8380
f 8322 8380 8381
f 8323 8325 8382
f 8323 8382 8380
f 8383 8327 7447
f 8383 7447 7509
f 7509 7449 8328
f 8384 7509 8328
f 8383 7509 8384
f 8384 8330 8329
f 8384 7510 8330
f 8384 8328 7451
f 7510 8384 7451
f 7510 7511 8330
f 7511 8385 8330
f 8385 8331 8330
f 7511 8386 8385
f 8387 8386 8334
f 7511 8334 8386
f 8334 7511 8335
f 7512 8335 7511
f 8335 7512 8388
f 8390 8339 8389
f 8339 8388 8389
f 8339 8335 8388
f 8341 7515 7459
f 8342 8392 8391
f 8392 8342 8339
f 8392 8339 8393
f 8390 8393 8339
f 8395 8391 8394
f 8396 8395 8394
f 7517 8396 8394
f 7461 7517 8394
f 8341 7461 8394
f 7515 8341 8394
f 7518 7515 8394
f 8392 7518 8394
f 8391 8392 8394
f 8344 8397 8343
f 7517 7519 8396
f 8398 8396 7519
f 8401 8400 8399
f 8401 8399 8398
f 8401 8398 7519
f 8401 7519 7520
f 8401 7520 8347
f 8401 8347 8343
f 8401 8343 8397
f 8401 8397 8400
f 7520 7465 8347
f 8402 8348 8349
f 8400 8403 8399
f 8402 8349 8350
f 8402 8350 8404
f 7468 7522 8350
f 7522 8405 8350
f 8405 8404 8350
f 8405 7522 8406
f 8406 7523 8405
f 7523 7524 8405
f 8408 8407 8405
f 8408 8405 7524
f 7472 8352 7527
f 8408 7524 7526
f 7528 7527 8352
f 8354 7528 8352
f 8409 7528 8354
f 8356 8355 7530
f 7531 8356 7530
f 8410 8356 7531
f 8355 8357 8411
f 7532 8355 8411
f 8412 7532 8411
f 8355 7532 7530
f 8411 8357 8358
f 8411 8358 8413
f 8413 8358 8359
f 8413 8359 8414
f 8414 8359 7479
f 7534 8414 7479
f 8415 8414 7534
f 7534 7481 8361
f 7534 8361 8415
f 7535 8364 7483
f 8364 7535 7484
f 8416 8367 8365
f 7486 7536 8369
f 8365 8368 8416
f 8369 7536 7537
f 8369 7537 8370
f 8370 7537 7538
f 8370 7538 8371
f 8371 7538 7491
f 8417 8372 7493
f 8417 7493 7539
f 7539 7497 8374
f 7539 8374 8417
f 7540 8375 7499
f 8375 7540 7500
f 8418 8376 7502
f 8418 7502 7541
f 7541 7505 8378
f 7541 8378 8418
f 7544 8419 7543
f 8419 7545 7543
f 7548 8420 7547
f 8420 7549 7547
f 8421 8381 8380
f 8421 8380 8382
f 8422 8385 8386
f 8386 8387 8422
f 8423 7512 7551
f 7512 8423 8388
f 7553 8424 7552
f 8424 8388 7552
f 8388 8423 7552
f 8388 8424 8389
f 8425 8392 7554
f 8392 8424 7554
f 8424 7553 7554
f 8392 8393 8424
f 8426 8395 8396
f 7556 7518 8425
f 8392 8425 7518
f 8426 8396 8398
f 8426 8398 8427
f 8427 8398 8399
f 8427 8399 8428
f 8428 8399 8403
f 7558 8429 7557
f 7559 8406 7522
f 7560 7557 8429
f 8408 8430 8407
f 7523 8406 7559
f 8430 8408 7526
f 7561 8430 7526
f 8431 8430 7561
f 7561 7528 8409
f 7561 8409 8431
f 8432 8410 7531
f 8432 7531 7562
f 7562 7532 8412
f 7562 8412 8432
f 8435 8434 8433
f 8436 8433 8434
f 7564 8419 7544
f 7545 8419 7564
f 7567 7565 8437
f 7568 8420 7548
f 7569 7567 8437
f 8420 7568 7549
f 7570 8423 7551
f 8423 7570 7552
f 7571 8425 7554
f 8425 7571 7556
f 7572 8429 7558
f 8429 7572 7560
f 8438 8435 8433
f 8438 8433 8436
f 7573 8437 7565
f 8437 7573 7569
f 8441 8440 8439
f 7576 7577 8439
f 8440 7576 8439
f 8442 7576 8440
f 7578 7576 8442
f 7578 8442 8443
f 7583 8444 7582
f 8444 7584 7582
f 8447 8446 8445
f 8449 8448 8445
f 8449 8445 8446
f 8450 8448 8449
f 7589 8451 7588
f 8452 7590 7588
f 8452 7588 8451
f 8452 7591 7590
f 8455 8454 8453
f 8457 8456 8453
f 8457 8453 8454
f 8457 7593 8456
f 8457 7594 7593
f 8457 8459 8458
f 7594 8457 8458
f 8458 7596 7594
f 8461 8460 7598
f 8461 7598 7597
f 8460 8463 8462
f 7600 8460 8462
f 7598 8460 7600
f 8464 7601 7600
f 8464 7600 8462
f 8464 7603 7601
f 8467 8466 8465
f 8468 7606 7605
f 8469 8465 8466
f 8468 7608 7606
f 7611 8470 7610
f 7613 7610 8470
f 8473 8472 8471
f 8473 8471 8441
f 8439 8473 8441
f 8474 8473 8439
f 8474 8439 7577
f 8475 8474 7577
f 7614 8475 7577
f 8476 8474 8475
f 7617 7615 8477
f 8475 7578 8443
f 7578 8475 7614
f 7618 7617 8477
f 8480 8479 8478
f 8481 8480 8478
f 8484 8483 8482
f 8485 8482 8483
f 7624 8444 7583
f 8444 7624 7584
f 8486 8447 8445
f 8487 7629 7630
f 8445 8488 8486
f 8488 8445 8448
f 7631 7629 8487
f 8450 8488 8448
f 8491 8490 8489
f 8492 7634 7635
f 8493 8489 8490
f 8492 7636 7634
f 8495 8494 7637
f 8495 7637 7638
f 7637 8494 7589
f 8494 8496 7589
f 8496 8451 7589
f 8496 8494 8497
f 8499 8452 8498
f 8452 8496 8498
f 8452 8451 8496
f 8452 8499 7591
f 8499 7641 7591
f 8499 8500 7641
f 8453 8501 8455
f 7641 8500 7643
f 8502 7643 8500
f 7644 8503 7645
f 8503 8453 7645
f 8453 8456 7645
f 8503 8501 8453
f 8456 7593 7645
f 8505 8459 8504
f 8459 8505 8458
f 8458 8505 7596
f 8505 8506 7596
f 8506 7646 7596
f 8505 8507 8506
f 7597 7646 8461
f 8461 7646 8506
f 8463 8508 8462
f 8462 8508 8464
f 8464 8508 8509
f 8464 8509 7603
f 8509 7647 7603
f 8509 8510 7647
f 8465 7648 8467
f 7648 8510 8467
f 7648 7647 8510
f 8465 8469 7648
f 8469 8511 7648
f 8468 7605 7648
f 8468 7648 8511
f 7608 8468 8511
f 8512 7608 8511
f 7650 7608 8512
f 8514 8513 8470
f 7611 8514 8470
f 7651 8514 7611
f 8472 8473 8513
f 8473 7652 8513
f 7613 8470 8513
f 7613 8513 7652
f 7652 8473 7654
f 8473 8515 7654
f 8473 8474 8515
f 8517 8516 8476
f 7656 8476 8516
f 8476 7656 8474
f 7655 8474 7656
f 8474 7655 8515
f 8516 8518 7656
f 7656 8518 7615
f 8518 8519 7615
f 8519 8477 7615
f 7618 8477 7657
f 8519 7657 8477
f 7657 8519 8520
f 8479 8520 8519
f 8520 8479 8480
f 8480 8481 8521
f 8480 8521 8520
f 8524 8523 8522
f 8525 8522 8523
f 8527 8526 7663
f 8527 7663 7662
f 7663 8528 7664
f 8526 8528 7663
f 8528 8530 8529
f 7665 8528 8529
f 7664 8528 7665
f 7665 8529 8531
f 8532 7665 8531
f 7666 7665 8532
f 7666 8533 7667
f 8532 8533 7666
f 8482 7668 8484
f 7668 8533 8484
f 7668 7667 8533
f 7669 7668 8482
f 8534 7669 8482
f 8485 8534 8482
f 8535 7669 8534
f 7669 8535 8536
f 8537 7669 8536
f 7670 7669 8537
f 7670 8538 7671
f 8537 8538 7670
f 7671 8539 7672
f 8538 8539 7671
f 8541 8540 7674
f 7672 8541 7674
f 8539 8541 7672
f 7676 7675 8540
f 8541 7676 8540
f 8542 7676 8541
f 7676 8543 7677
f 8542 8543 7676
f 8543 8545 8544
f 7678 8543 8544
f 7677 8543 7678
f 7678 8544 8546
f 8547 7678 8546
f 7679 7678 8547
f 7679 8547 7630
f 8547 8548 7630
f 8548 8487 7630
f 8548 8547 8549
f 8491 8489 8550
f 7680 8550 8489
f 8550 7680 8548
f 7631 8548 7680
f 8548 7631 8487
f 8489 8493 7680
f 8493 8551 7680
f 8492 7635 7680
f 8492 7680 8551
f 8492 8551 7636
f 8551 7681 7636
f 8551 8552 7681
f 7638 7681 8495
f 8495 7681 8552
f 8497 8553 8496
f 8496 8553 8498
f 8502 8554 7643
f 7643 8554 7683
f 7644 7683 8503
f 8503 7683 8554
f 8504 8555 8505
f 8505 8555 8507
f 8512 7684 7650
f 8556 7684 8512
f 7685 8514 7651
f 7685 8557 8514
f 8515 7686 7654
f 8517 8558 8516
f 7686 8515 7655
f 8516 8558 8518
f 8520 7687 7657
f 8521 8559 8520
f 8559 7687 8520
f 8559 7688 7687
f 8522 7689 8524
f 7689 8559 8524
f 7689 7688 8559
f 8525 8560 8522
f 8560 7689 8522
f 8560 7690 7689
f 7662 7690 8527
f 8527 7690 8560
f 8530 8561 8529
f 8561 8562 8529
f 8562 8563 8529
f 8564 8531 8529
f 8564 8529 8563
f 8563 8565 8564
f 8534 8566 8535
f 8535 8566 8536
f 8540 7691 7674
f 7691 8540 7675
f 8545 8567 8544
f 8544 8567 8546
f 8549 8568 8548
f 8548 8568 8550
f 8556 8569 7684
f 7684 8569 7692
f 7694 7692 8569
f 7694 8569 8570
f 8572 8571 7695
f 8572 7695 7696
f 7685 7695 8557
f 8557 7695 8571
f 8562 8573 8563
f 8563 8573 8565
f 8570 7698 7694
f 8574 7698 8570
f 7699 8572 7696
f 7699 8575 8572
f 8577 8576 7702
f 7702 8576 7700
f 7702 7698 8574
f 7702 8574 8577
f 7703 8575 7699
f 7703 8578 8575
f 8580 7705 8579
f 7705 8576 8579
f 7705 7700 8576
f 8581 8580 8579
f 8582 8578 7703
f 8582 7703 7706
f 7706 7707 8582
f 8582 7707 8583
f 8580 7708 7705
f 7709 7708 8580
f 8581 7709 8580
f 8584 7709 8581
f 7710 8583 7707
f 7710 8585 8583
f 8586 7715 7716
f 8587 8586 7716
f 7709 8587 7716
f 8584 8587 7709
f 8588 8585 7710
f 8588 7710 7717
f 8589 7717 7718
f 8589 8588 7717
f 8590 7718 7719
f 8590 8589 7718
f 8591 7719 7720
f 8591 8590 7719
f 8592 7720 7721
f 8592 8591 7720
f 8593 7721 7722
f 8593 8592 7721
f 8594 7722 7723
f 8594 8593 7722
f 8595 7723 7724
f 8595 8594 7723
f 8596 7724 7725
f 8596 8595 7724
f 8597 7725 7726
f 8597 8596 7725
f 8598 7726 7727
f 8598 8597 7726
f 8599 7727 7728
f 8599 8598 7727
f 8600 7728 7729
f 8600 8599 7728
f 8601 7729 7730
f 8601 8600 7729
f 8602 7730 7731
f 8602 8601 7730
f 8603 7731 7732
f 8603 8602 7731
f 8604 7732 7733
f 8604 8603 7732
f 8605 7733 7734
f 8605 8604 7733
f 8606 7734 7735
f 8606 8605 7734
f 8607 7735 7736
f 8607 8606 7735
f 8608 7736 7737
f 8608 8607 7736
f 8609 7737 7738
f 8609 8608 7737
f 8610 7738 7739
f 8610 8609 7738
f 8611 7739 7740
f 8611 8610 7739
f 8612 7740 7741
f 8612 8611 7740
f 8613 7741 7742
f 8613 8612 7741
f 8614 7742 7743
f 8614 8613 7742
f 8615 7743 7744
f 8615 8614 7743
f 8616 7744 7745
f 8616 8615 7744
f 8617 7745 7746
f 8617 8616 7745
f 8618 7746 7747
f 8618 8617 7746
f 8619 7747 7748
f 8619 8618 7747
f 8620 7748 7749
f 8620 8619 7748
f 8621 7749 7750
f 8621 8620 7749
f 8622 7750 7751
f 8622 8621 7750
f 8623 7751 7752
f 8623 8622 7751
f 8624 7752 7753
f 8624 8623 7752
f 7753 7754 8624
f 8624 7754 8625
f 8586 7755 7715
f 7756 7755 8586
f 8587 7756 8586
f 8626 7756 8587
f 8628 8627 7758
f 8628 7758 7759
f 7758 8629 7761
f 8627 8629 7758
f 7761 8630 7763
f 8629 8630 7761
f 7763 8631 7765
f 8630 8631 7763
f 7765 8632 7767
f 8631 8632 7765
f 7767 8633 7769
f 8632 8633 7767
f 7769 8634 7771
f 8633 8634 7769
f 7771 8635 7773
f 8634 8635 7771
f 7754 7773 8625
f 8625 7773 8635
f 8626 7774 7756
f 8636 7774 8626
f 7776 8628 7759
f 7776 8637 8628
f 8636 7784 7774
f 8638 7784 8636
f 8640 8639 7786
f 8640 7786 7787
f 7786 8641 7789
f 8639 8641 7786
f 7789 8642 7791
f 8641 8642 7789
f 7791 8643 7793
f 8642 8643 7791
f 7793 8644 7795
f 8643 8644 7793
f 7795 8645 7797
f 8644 8645 7795
f 7797 8646 7799
f 8645 8646 7797
f 7799 8647 7801
f 8646 8647 7799
f 7801 8648 7803
f 8647 8648 7801
f 7803 8649 7805
f 8648 8649 7803
f 7806 7805 8649
f 7806 8649 8650
f 8652 8651 7808
f 8652 7808 7809
f 7808 8653 7811
f 8651 8653 7808
f 7811 8654 7813
f 8653 8654 7811
f 7814 7813 8654
f 7814 8654 8655
f 8657 8656 7816
f 8657 7816 7817
f 7816 8658 7819
f 8656 8658 7816
f 7776 7819 8637
f 8637 7819 8658
f 8660 8659 7826
f 7826 8659 7825
f 7826 7784 8638
f 7826 8638 8660
f 7828 8640 7787
f 7828 8661 8640
f 8650 7838 7806
f 8662 7838 8650
f 7840 8652 7809
f 7840 8663 8652
f 8655 7843 7814
f 8664 7843 8655
f 7845 8657 7817
f 7845 8665 8657
f 8667 7851 8666
f 7851 8659 8666
f 7851 7825 8659
f 8669 8668 8667
f 8669 8667 8666
f 8670 8668 8669
f 8672 8671 7853
f 8672 7853 7854
f 7853 8673 7856
f 8671 8673 7853
f 7856 8674 7858
f 8673 8674 7856
f 7859 7858 8674
f 7859 8674 8675
f 8677 8676 7861
f 8677 7861 7862
f 7861 8678 7864
f 8676 8678 7861
f 7828 7864 8661
f 8661 7864 8678
f 8662 8679 7838
f 7838 8679 7875
f 7875 8680 7878
f 8679 8680 7875
f 7840 7878 8663
f 8663 7878 8680
f 8664 8681 7843
f 7843 8681 7882
f 7882 8682 7885
f 8681 8682 7882
f 7845 7885 8665
f 8665 7885 8682
f 8683 7891 8667
f 8667 7891 7851
f 8668 8685 8684
f 8683 8668 8684
f 8667 8668 8683
f 8685 8668 8670
f 7893 8672 7854
f 7893 8686 8672
f 8687 7895 7896
f 8688 8687 7896
f 7859 8688 7896
f 8675 8688 7859
f 7898 8677 7862
f 7898 8689 8677
f 8683 7921 7891
f 8691 8690 7922
f 8691 7922 7921
f 8684 8691 7921
f 8683 8684 7921
f 8692 8690 8691
f 8695 8694 8693
f 7924 7925 8693
f 8694 7924 8693
f 8696 7924 8694
f 7893 7924 8686
f 8686 7924 8696
f 8697 7928 8687
f 8687 7928 7895
f 8687 8688 8698
f 8687 8698 8697
f 7930 8689 7898
f 7930 8699 8689
f 8701 8700 8690
f 8700 7922 8690
f 8700 7952 7922
f 8701 8690 8692
f 8702 8695 8693
f 8693 7925 8702
f 7925 8703 8702
f 7925 7954 8703
f 8705 8704 8697
f 8704 7928 8697
f 8704 7957 7928
f 8708 8707 8706
f 8698 8705 8697
f 7959 7960 8707
f 8708 7959 8707
f 8709 7959 8708
f 7959 8710 7962
f 8709 8710 7959
f 7962 8711 7964
f 8710 8711 7962
f 7965 7964 8711
f 7965 8711 8712
f 7967 8699 7930
f 7967 8713 8699
f 8700 7989 7952
f 8714 7989 8700
f 7991 8703 7954
f 7991 8715 8703
f 8704 7994 7957
f 8716 7994 8704
f 8706 8707 8717
f 8706 8717 8718
f 7996 8717 7960
f 7960 8717 8707
f 8712 7999 7965
f 8719 7999 8712
f 8001 8713 7967
f 8001 8720 8713
f 8714 8023 7989
f 8721 8023 8714
f 8025 8715 7991
f 8025 8722 8715
f 8724 8723 8027
f 8027 8723 8026
f 8725 8027 8028
f 8725 8724 8027
f 8028 7994 8716
f 8028 8716 8725
f 8718 8717 8030
f 8031 8718 8030
f 8726 8718 8031
f 8030 8717 7996
f 8727 8032 8033
f 8034 8727 8033
f 8719 8728 7999
f 7999 8728 8037
f 8001 8037 8720
f 8720 8037 8728
f 8721 8063 8023
f 8729 8063 8721
f 8065 8722 8025
f 8065 8730 8722
f 8723 8066 8026
f 8731 8066 8723
f 8068 8726 8031
f 8068 8732 8726
f 8727 8069 8032
f 8069 8727 8034
f 8729 8099 8063
f 8733 8099 8729
f 8101 8730 8065
f 8101 8734 8730
f 8731 8735 8066
f 8066 8735 8102
f 8102 8736 8105
f 8735 8736 8102
f 8105 8737 8107
f 8736 8737 8105
f 8737 8109 8107
f 8109 8737 8738
f 8068 8108 8732
f 8739 8732 8108
f 8740 8108 8110
f 8740 8739 8108
f 8741 8110 8111
f 8741 8740 8110
f 8742 8111 8112
f 8742 8741 8111
f 8112 8113 8742
f 8742 8113 8743
f 8733 8744 8099
f 8099 8744 8134
f 8135 8134 8744
f 8135 8744 8745
f 8137 8734 8101
f 8137 8746 8734
f 8738 8141 8109
f 8747 8141 8738
f 8749 8748 8143
f 8749 8143 8144
f 8143 8750 8146
f 8748 8750 8143
f 8113 8146 8743
f 8743 8146 8750
f 8752 8751 8152
f 8152 8751 8151
f 8152 8135 8745
f 8152 8745 8752
f 8154 8746 8137
f 8154 8753 8746
f 8747 8158 8141
f 8754 8158 8747
f 8144 8159 8755
f 8756 8144 8755
f 8749 8144 8756
f 8160 8755 8159
f 8751 8166 8151
f 8757 8166 8751
f 8168 8753 8154
f 8168 8758 8753
f 8754 8759 8158
f 8158 8759 8172
f 8172 8760 8175
f 8759 8760 8172
f 8755 8761 8176
f 8760 8755 8176
f 8175 8760 8176
f 8756 8755 8760
f 8178 8761 8160
f 8160 8761 8755
f 8757 8182 8166
f 8762 8182 8757
f 8765 8764 8763
f 8764 8758 8763
f 8758 8184 8763
f 8758 8168 8184
f 8761 8190 8176
f 8190 8761 8178
f 8762 8194 8182
f 8766 8194 8762
f 8765 8763 8767
f 8765 8767 8768
f 8195 8767 8184
f 8184 8767 8763
f 8766 8197 8194
f 8769 8197 8766
f 8770 8768 8767
f 8767 8195 8770
f 8195 8771 8770
f 8195 8198 8771
f 8773 8199 8772
f 8199 8769 8772
f 8199 8197 8769
f 8774 8773 8772
f 8200 8771 8198
f 8200 8775 8771
f 8777 8776 8773
f 8776 8199 8773
f 8776 8202 8199
f 8777 8773 8774
f 8204 8778 8203
f 8203 8778 8779
f 8780 8203 8779
f 8205 8203 8780
f 8200 8205 8775
f 8775 8205 8780
f 8776 8206 8202
f 8781 8206 8776
f 8783 8782 8778
f 8204 8783 8778
f 8209 8783 8204
f 8782 8779 8778
f 8211 8784 8212
f 8784 8211 8785
f 8211 8214 8785
f 8785 8214 8786
f 8781 8787 8206
f 8206 8787 8215
f 8217 8215 8787
f 8217 8787 8788
f 8218 8783 8209
f 8218 8789 8783
f 8219 8212 8790
f 8212 8791 8790
f 8212 8784 8791
f 8790 8792 8219
f 8792 8214 8219
f 8792 8786 8214
f 8794 8793 8221
f 8221 8793 8220
f 8221 8217 8788
f 8221 8788 8794
f 8795 8789 8218
f 8795 8218 8222
f 8796 8790 8223
f 8790 8795 8223
f 8795 8222 8223
f 8790 8791 8795
f 8792 8790 8797
f 8797 8790 8796
f 8798 8229 8230
f 8231 8799 8230
f 8230 8799 8798
f 8234 8799 8231
f 8793 8235 8220
f 8800 8235 8793
f 8236 8796 8223
f 8801 8797 8796
f 8236 8801 8796
f 8237 8801 8236
f 8803 8801 8802
f 8801 8238 8802
f 8801 8237 8238
f 8239 8802 8238
f 8804 8241 8242
f 8245 8804 8242
f 8807 8806 8805
f 8248 8249 8808
f 8807 8805 8809
f 8250 8808 8249
f 8812 8811 8810
f 8814 8813 8810
f 8810 8813 8812
f 8814 8815 8813
f 8816 8254 8255
f 8818 8816 8817
f 8816 8255 8817
f 8256 8819 8817
f 8256 8817 8255
f 8819 8820 8817
f 8822 8821 8259
f 8259 8821 8258
f 8824 8823 8260
f 8823 8259 8260
f 8823 8822 8259
f 8262 8263 8825
f 8823 8824 8826
f 8825 8263 8827
f 8263 8828 8827
f 8263 8264 8828
f 8264 8229 8798
f 8829 8264 8798
f 8828 8264 8829
f 8269 8830 8270
f 8830 8798 8270
f 8798 8799 8270
f 8830 8829 8798
f 8270 8799 8234
f 8831 8271 8272
f 8273 8831 8272
f 8834 8833 8832
f 8275 8276 8835
f 8834 8832 8836
f 8277 8837 8276
f 8276 8837 8835
f 8279 8837 8277
f 8838 8283 8284
f 8285 8838 8284
f 8839 8287 8288
f 8289 8839 8288
f 8800 8291 8235
f 8840 8291 8800
f 8843 8842 8841
f 8841 8842 8803
f 8841 8803 8802
f 8294 8841 8802
f 8293 8294 8802
f 8293 8802 8239
f 8846 8845 8844
f 8845 8295 8844
f 8295 8296 8844
f 8848 8847 8844
f 8848 8844 8296
f 8241 8804 8296
f 8804 8848 8296
f 8804 8849 8848
f 8298 8850 8245
f 8850 8804 8245
f 8850 8849 8804
f 8299 8851 8298
f 8298 8851 8850
f 8806 8852 8805
f 8299 8300 8851
f 8853 8851 8300
f 8805 8852 8809
f 8300 8248 8853
f 8808 8853 8248
f 8853 8808 8854
f 8854 8808 8250
f 8855 8854 8250
f 8302 8855 8250
f 8856 8854 8855
f 8858 8811 8857
f 8858 8857 8859
f 8858 8859 8860
f 8858 8860 8855
f 8858 8855 8302
f 8858 8302 8304
f 8858 8304 8810
f 8858 8810 8811
f 8859 8857 8861
f 8862 8859 8861
f 8306 8862 8861
f 8304 8306 8861
f 8810 8304 8861
f 8814 8810 8861
f 8863 8814 8861
f 8857 8863 8861
f 8863 8815 8814
f 8865 8862 8864
f 8306 8864 8862
f 8864 8306 8308
f 8308 8254 8816
f 8866 8308 8816
f 8864 8308 8866
f 8256 8310 8819
f 8869 8868 8867
f 8818 8866 8816
f 8870 8310 8311
f 8870 8311 8871
f 8870 8871 8872
f 8870 8872 8867
f 8870 8867 8868
f 8870 8868 8820
f 8870 8820 8819
f 8870 8819 8310
f 8311 8258 8821
f 8311 8821 8871
f 8824 8260 8315
f 8875 8874 8873
f 8877 8825 8876
f 8877 8876 8874
f 8877 8874 8875
f 8877 8875 8826
f 8877 8826 8824
f 8877 8824 8315
f 8877 8315 8262
f 8877 8262 8825
f 8879 8878 8827
f 8318 8827 8878
f 8827 8318 8825
f 8319 8825 8318
f 8825 8319 8876
f 8881 8878 8880
f 8881 8318 8878
f 8881 8882 8320
f 8318 8881 8320
f 8883 8882 8321
f 8882 8830 8321
f 8830 8269 8321
f 8830 8882 8881
f 8831 8324 8271
f 8885 8322 8884
f 8322 8885 8321
f 8886 8321 8885
f 8321 8886 8883
f 8888 8885 8887
f 8326 8888 8887
f 8273 8326 8887
f 8831 8273 8887
f 8324 8831 8887
f 8325 8324 8887
f 8884 8325 8887
f 8885 8884 8887
f 8890 8889 8327
f 8889 8326 8327
f 8889 8888 8326
f 8889 8890 8833
f 8890 8832 8833
f 8890 8891 8832
f 8894 8893 8892
f 8894 8892 8836
f 8894 8836 8832
f 8894 8832 8891
f 8894 8891 8329
f 8894 8329 8275
f 8894 8275 8835
f 8894 8835 8893
f 8331 8893 8332
f 8893 8837 8332
f 8893 8835 8837
f 8334 8332 8895
f 8837 8895 8332
f 8895 8837 8896
f 8279 8896 8837
f 8896 8279 8336
f 8897 8336 8338
f 8897 8896 8336
f 8838 8340 8283
f 8897 8338 8898
f 8342 8898 8338
f 8340 8838 8285
f 8901 8900 8899
f 8344 8345 8900
f 8345 8899 8900
f 8345 8902 8899
f 8903 8345 8346
f 8903 8902 8345
f 8346 8348 8903
f 8903 8348 8904
f 8839 8351 8287
f 8351 8839 8289
f 8905 8354 8353
f 8356 8905 8353
f 8908 8907 8906
f 8910 8909 8906
f 8906 8909 8908
f 8910 8911 8909
f 8360 8291 8912
f 8291 8913 8912
f 8291 8840 8913
f 8912 8361 8360
f 8914 8843 8841
f 8914 8841 8294
f 8362 8914 8294
f 8915 8914 8362
f 8918 8917 8916
f 8915 8845 8846
f 8845 8915 8363
f 8362 8363 8915
f 8845 8363 8295
f 8916 8847 8918
f 8848 8918 8847
f 8918 8848 8919
f 8920 8366 8367
f 8922 8921 8849
f 8919 8849 8921
f 8849 8919 8848
f 8920 8368 8366
f 8924 8922 8923
f 8849 8923 8922
f 8923 8849 8850
f 8851 8926 8925
f 8923 8851 8925
f 8850 8851 8923
f 8928 8927 8926
f 8851 8928 8926
f 8853 8928 8851
f 8854 8930 8929
f 8928 8854 8929
f 8853 8854 8928
f 8373 8372 8931
f 8854 8856 8930
f 8859 8932 8860
f 8374 8373 8931
f 8932 8859 8862
f 8932 8862 8933
f 8933 8862 8865
f 8377 8376 8934
f 8867 8935 8869
f 8867 8872 8935
f 8377 8934 8378
f 8936 8873 8874
f 8936 8874 8876
f 8936 8876 8937
f 8940 8939 8938
f 8876 8319 8937
f 8379 8937 8319
f 8937 8379 8879
f 8878 8879 8379
f 8942 8882 8941
f 8942 8941 8938
f 8942 8938 8939
f 8942 8939 8880
f 8942 8880 8878
f 8942 8878 8379
f 8942 8379 8320
f 8942 8320 8882
f 8883 8944 8943
f 8941 8883 8943
f 8882 8883 8941
f 8886 8944 8883
f 8946 8884 8945
f 8322 8945 8884
f 8945 8322 8381
f 8382 8325 8884
f 8947 8382 8884
f 8946 8947 8884
f 8382 8947 8948
f 8327 8383 8890
f 8947 8949 8948
f 8950 8948 8949
f 8950 8949 8951
f 8891 8383 8384
f 8383 8891 8890
f 8893 8952 8892
f 8329 8891 8384
f 8331 8385 8893
f 8385 8953 8893
f 8953 8952 8893
f 8953 8385 8954
f 8895 8953 8954
f 8387 8895 8954
f 8334 8895 8387
f 8389 8955 8390
f 8393 8390 8955
f 8391 8956 8342
f 8957 8342 8956
f 8342 8957 8898
f 8958 8956 8901
f 8391 8901 8956
f 8901 8391 8900
f 8395 8900 8391
f 8900 8395 8959
f 8960 8397 8344
f 8900 8960 8344
f 8959 8960 8900
f 8961 8400 8397
f 8961 8397 8960
f 8403 8400 8961
f 8904 8402 8962
f 8402 8904 8348
f 8963 8402 8404
f 8963 8962 8402
f 8965 8963 8964
f 8963 8405 8964
f 8963 8404 8405
f 8407 8964 8405
f 8968 8967 8966
f 8969 8968 8905
f 8968 8409 8905
f 8409 8354 8905
f 8968 8966 8409
f 8356 8410 8905
f 8410 8970 8905
f 8970 8969 8905
f 8970 8410 8971
f 8972 8412 8411
f 8974 8971 8973
f 8971 8974 8906
f 8971 8906 8970
f 8907 8970 8906
f 8413 8972 8411
f 8972 8413 8975
f 8910 8975 8413
f 8975 8910 8974
f 8906 8974 8910
f 8976 8911 8910
f 8413 8976 8910
f 8414 8976 8413
f 8415 8912 8913
f 8976 8415 8913
f 8414 8415 8976
f 8912 8415 8361
f 8917 8918 8977
f 8917 8977 8978
f 8919 8980 8979
f 8977 8919 8979
f 8918 8919 8977
f 8367 8416 8920
f 8983 8982 8981
f 8921 8980 8919
f 8416 8368 8920
f 8924 8923 8982
f 8981 8982 8923
f 8984 8981 8923
f 8981 8984 8985
f 8923 8986 8984
f 8923 8987 8986
f 8923 8925 8988
f 8987 8923 8988
f 8987 8988 8927
f 8928 8987 8927
f 8989 8987 8928
f 8928 8929 8990
f 8991 8928 8990
f 8989 8928 8991
f 8372 8417 8931
f 8990 8992 8991
f 8993 8991 8992
f 8931 8417 8374
f 8995 8992 8994
f 8992 8995 8993
f 8997 8996 8995
f 8997 8995 8994
f 8998 8996 8997
f 8418 8934 8376
f 8934 8418 8378
f 8999 8940 8938
f 8999 8938 8941
f 8999 8941 9000
f 9000 8941 8943
f 9001 8945 8381
f 9001 8381 8421
f 8421 8382 8948
f 9002 8421 8948
f 9001 8421 9002
f 9002 8948 8950
f 9002 8950 9003
f 9003 8950 8951
f 8422 8954 8385
f 8954 8422 8387
f 8424 8955 8389
f 8956 9004 8957
f 8393 8955 8424
f 8395 8426 8959
f 8956 8958 9004
f 8959 8426 8427
f 8959 8427 8960
f 8960 8427 8428
f 8960 8428 8961
f 8961 8428 8403
f 9007 9006 9005
f 8965 8964 9008
f 9006 9009 9005
f 9008 8964 8407
f 8430 9008 8407
f 9010 9008 8430
f 8431 8966 8967
f 9010 8431 8967
f 8430 8431 9010
f 8966 8431 8409
f 8432 8971 8410
f 8432 8973 8971
f 8432 9011 8973
f 8432 8412 8972
f 9011 8432 8972
f 9011 8972 8975
f 9013 9012 8434
f 9013 8434 8435
f 9012 8978 8434
f 8977 8434 8978
f 8434 8977 8436
f 9014 8436 8977
f 8436 9014 9015
f 9014 8977 8979
f 9016 8983 8981
f 8981 9017 9016
f 8981 9018 9017
f 8981 8985 9019
f 9018 8981 9019
f 9018 9021 9020
f 9018 8987 9021
f 9018 9019 8986
f 8987 9018 8986
f 9021 8987 8989
f 9021 8989 9022
f 9022 8989 8991
f 9022 8991 9023
f 9023 8991 8993
f 9023 8993 9024
f 9024 8993 8995
f 9024 8995 9025
f 9025 8995 8996
f 9025 8996 9026
f 9026 8996 8998
f 9027 9007 9005
f 9027 9005 9009
f 9028 9013 8435
f 9028 8435 8438
f 8438 8436 9015
f 8438 9015 9028
f 9029 9017 9018
f 9029 9018 9020
f 8441 9030 8440
f 9031 8442 8440
f 9031 8440 9030
f 9031 8443 8442
f 9034 9033 9032
f 9035 9032 9033
f 9038 9037 9036
f 9039 9036 9037
f 9042 9041 9040
f 9043 9040 9041
f 8447 9044 8446
f 9045 8449 8446
f 9045 8446 9044
f 9045 8450 8449
f 9047 9046 8454
f 9047 8454 8455
f 9046 9049 9048
f 8457 9046 9048
f 8454 9046 8457
f 9048 8459 8457
f 9052 9051 9050
f 8460 8461 9050
f 9051 8460 9050
f 9053 8460 9051
f 9055 9054 8463
f 8460 9055 8463
f 9053 9055 8460
f 9056 9054 9055
f 9059 9058 9057
f 9058 8467 9057
f 9058 8466 8467
f 9058 9061 9060
f 8466 9058 9060
f 9060 8469 8466
f 9064 9063 9062
f 8471 8472 9062
f 9063 8471 9062
f 9065 8471 9063
f 8471 9065 8441
f 9065 9066 8441
f 9066 9030 8441
f 9066 9065 9067
f 9066 8476 8475
f 9031 9066 8475
f 9030 9066 9031
f 8443 9031 8475
f 9070 9069 9068
f 9069 9070 9034
f 9069 9034 9032
f 8479 9069 9032
f 8478 8479 9032
f 8481 8478 9032
f 9035 8481 9032
f 9071 8481 9035
f 9074 9073 9072
f 9075 9072 9073
f 9078 9077 9076
f 9080 9079 9076
f 9080 9076 9077
f 9081 8483 8484
f 9082 9079 9080
f 9081 8485 8483
f 9038 9036 9083
f 9038 9083 9084
f 9036 9039 9085
f 9036 9085 9083
f 9086 9042 9040
f 9086 9040 9043
f 8486 9044 8447
f 9044 8486 8488
f 9044 8488 9045
f 8450 9045 8488
f 8490 8491 9087
f 9089 9087 9088
f 9089 8490 9087
f 9089 9090 8493
f 8490 9089 8493
f 9092 9091 9090
f 9092 9090 9089
f 8494 8495 9091
f 9092 8494 9091
f 9093 8494 9092
f 8497 8494 9093
f 8497 9093 9094
f 8498 9095 8499
f 8499 9095 9096
f 9097 8499 9096
f 8500 8499 9097
f 8455 8501 9098
f 9047 8455 9098
f 9097 9047 9098
f 8500 9097 9098
f 8502 8500 9098
f 9099 8502 9098
f 9100 9099 9098
f 8501 9100 9098
f 8501 9049 9100
f 9049 8501 9048
f 8503 9048 8501
f 9048 8503 9101
f 9102 9101 8503
f 8504 8459 9048
f 9103 8504 9048
f 9101 9103 9048
f 8504 9103 9104
f 9104 9103 9052
f 9104 9052 9050
f 8507 9104 9050
f 8506 8507 9050
f 8506 9050 8461
f 9107 9106 9105
f 9054 8508 8463
f 9108 9105 9106
f 9056 9109 9054
f 9109 8508 9054
f 9109 8509 8508
f 9057 8510 9059
f 8510 9109 9059
f 8510 8509 9109
f 9061 9110 9060
f 8510 9057 8467
f 9060 9110 8469
f 9110 8511 8469
f 9110 9111 8511
f 9113 9112 8512
f 8511 9113 8512
f 9111 9113 8511
f 9114 9112 9113
f 9064 9062 8513
f 8514 9064 8513
f 9115 9064 8514
f 8513 9062 8472
f 9066 9067 9116
f 9116 9067 9117
f 9120 9119 9118
f 9066 8517 8476
f 8517 9066 9116
f 9069 8519 9068
f 9120 9068 8519
f 9068 9120 9118
f 8518 9120 8519
f 9123 9122 9121
f 9069 8479 8519
f 9124 9123 9121
f 9126 8521 9125
f 8521 9071 9125
f 8521 8481 9071
f 8523 8524 9126
f 9125 8523 9126
f 9127 8523 9125
f 9127 9074 8523
f 9072 8523 9074
f 8523 9072 8525
f 9128 8525 9072
f 8525 9128 9129
f 9130 9128 8527
f 9128 9130 9075
f 8526 9075 9130
f 9075 8526 9072
f 8527 9072 8526
f 9072 8527 9128
f 9131 8528 8526
f 9131 8526 9130
f 9131 8530 8528
f 8532 8531 9132
f 9076 9133 9078
f 9134 9133 9076
f 9134 9076 9079
f 9134 9079 8533
f 9134 8533 8532
f 9134 8532 9132
f 9134 9132 9135
f 9134 9135 9136
f 9134 9136 9133
f 8484 8533 9137
f 9081 8484 9137
f 9138 9081 9137
f 9139 9138 9137
f 9135 9139 9137
f 9136 9135 9137
f 9082 9136 9137
f 9079 9082 9137
f 8533 9079 9137
f 8534 8485 9081
f 9140 8534 9081
f 9138 9140 9081
f 8534 9140 9141
f 9083 8537 9084
f 9141 9084 8537
f 9084 9141 9140
f 8536 9141 8537
f 9144 9143 9142
f 8538 8537 9145
f 9146 8538 9145
f 9147 9146 9145
f 9142 9147 9145
f 9144 9142 9145
f 9085 9144 9145
f 9083 9085 9145
f 8537 9083 9145
f 9146 9149 9148
f 8539 9146 9148
f 8538 9146 8539
f 8539 9148 9150
f 9151 8539 9150
f 8541 8539 9151
f 8541 9152 8542
f 9151 9152 8541
f 8542 9153 8543
f 9152 9153 8542
f 8545 8543 9153
f 8545 9153 9154
f 8546 9155 8547
f 9157 9155 9156
f 9157 8547 9155
f 9157 9158 8549
f 8547 9157 8549
f 9157 9159 9087
f 8550 9157 9087
f 8491 8550 9087
f 9158 9157 8550
f 9090 8551 8493
f 9162 9161 9160
f 9087 9159 9088
f 9163 9161 9162
f 8552 8551 9091
f 9090 9091 8551
f 8552 9091 8495
f 9094 9164 8497
f 8497 9164 8553
f 8498 8553 9095
f 8553 9165 9095
f 8553 9164 9165
f 9095 9165 9096
f 9099 9166 8502
f 8502 9166 8554
f 8503 8554 9102
f 9102 8554 9166
f 9104 8555 8504
f 8555 9104 8507
f 9107 9167 9106
f 9106 9167 9108
f 9169 9168 9112
f 9168 8512 9112
f 9168 8556 8512
f 9169 9112 9114
f 8557 9115 8514
f 8557 9170 9115
f 9117 9171 9116
f 9119 9120 9171
f 9120 8558 9171
f 8517 9116 9171
f 8517 9171 8558
f 9122 9172 9121
f 8558 9120 8518
f 9121 9172 9124
f 9126 8559 8521
f 8559 9126 8524
f 9129 9173 8525
f 8525 9173 8560
f 8527 8560 9130
f 8560 9174 9130
f 8560 9173 9174
f 9130 9174 9131
f 9131 9174 9175
f 9131 9175 8530
f 9175 8561 8530
f 9175 9176 8561
f 9176 9178 9177
f 8561 9176 9177
f 8562 8561 9177
f 9179 8562 9177
f 8564 9179 9177
f 8531 8564 9177
f 9132 8531 9177
f 9178 9132 9177
f 9179 8564 8565
f 9135 9178 9180
f 9178 9135 9132
f 9135 9180 9139
f 9141 8566 8534
f 9143 9181 9142
f 8566 9141 8536
f 9142 9181 9147
f 9149 9182 9148
f 9148 9182 9150
f 9154 9183 8545
f 8545 9183 8567
f 8546 8567 9155
f 8567 9184 9155
f 8567 9183 9184
f 9158 8568 8549
f 9184 9156 9155
f 8568 9158 8550
f 9160 9185 9162
f 9162 9185 9163
f 8569 8556 9186
f 8556 9187 9186
f 8556 9168 9187
f 9186 8570 8569
f 9189 9188 8571
f 9189 8571 8572
f 8557 8571 9170
f 9170 8571 9188
f 9179 8573 8562
f 8573 9179 8565
f 9187 9190 9186
f 8570 9186 9190
f 9191 8570 9190
f 8574 8570 9191
f 9194 9193 9192
f 9193 9189 9192
f 9189 8575 9192
f 9189 8572 8575
f 9195 8576 8577
f 9196 9195 8577
f 8574 9196 8577
f 9191 9196 8574
f 9197 9194 9192
f 9192 8575 9197
f 8575 9198 9197
f 8575 8578 9198
f 9195 8579 8576
f 8581 8579 9195
f 9196 8581 9195
f 9199 8581 9196
f 8578 8582 9200
f 9201 8578 9200
f 9198 8578 9201
f 8583 9200 8582
f 9199 8584 8581
f 9202 8584 9199
f 9201 9200 9203
f 9201 9203 9204
f 8585 9203 8583
f 8583 9203 9200
f 9202 8587 8584
f 9205 8587 9202
f 9208 9207 9206
f 9206 9207 9204
f 9203 9206 9204
f 9209 9206 9203
f 9209 9203 8585
f 9210 9209 8585
f 8588 9210 8585
f 9211 9209 9210
f 9212 8588 8589
f 9212 9210 8588
f 9214 9212 9213
f 9212 8590 9213
f 9212 8589 8590
f 8591 9215 8590
f 8590 9215 9213
f 8592 9216 8591
f 8591 9216 9215
f 8593 9217 8592
f 8592 9217 9216
f 8594 9218 8593
f 8593 9218 9217
f 8595 9219 8594
f 8594 9219 9218
f 8596 9220 8595
f 8595 9220 9219
f 8597 9221 8596
f 8596 9221 9220
f 8598 9222 8597
f 8597 9222 9221
f 8599 9223 8598
f 8598 9223 9222
f 8600 9224 8599
f 8599 9224 9223
f 8601 9225 8600
f 8600 9225 9224
f 8602 9226 8601
f 8601 9226 9225
f 8603 9227 8602
f 8602 9227 9226
f 8604 9228 8603
f 8603 9228 9227
f 8605 9229 8604
f 8604 9229 9228
f 8606 9230 8605
f 8605 9230 9229
f 8607 9231 8606
f 8606 9231 9230
f 8608 9232 8607
f 8607 9232 9231
f 8609 9233 8608
f 8608 9233 9232
f 8610 9234 8609
f 8609 9234 9233
f 8611 9235 8610
f 8610 9235 9234
f 8612 9236 8611
f 8611 9236 9235
f 8613 9237 8612
f 8612 9237 9236
f 8614 9238 8613
f 8613 9238 9237
f 8615 9239 8614
f 8614 9239 9238
f 8616 9240 8615
f 8615 9240 9239
f 8617 9241 8616
f 8616 9241 9240
f 8618 9242 8617
f 8617 9242 9241
f 8619 9243 8618
f 8618 9243 9242
f 8620 9244 8619
f 8619 9244 9243
f 8621 9245 8620
f 8620 9245 9244
f 8622 9246 8621
f 8621 9246 9245
f 8623 9247 8622
f 8622 9247 9246
f 8624 9248 8623
f 8623 9248 9247
f 8625 9248 8624
f 9205 8626 8587
f 9249 8626 9205
f 9250 9208 9206
f 9252 9251 9250
f 9206 9252 9250
f 9209 9252 9206
f 9209 9211 9253
f 9209 9253 9252
f 9214 9213 9254
f 9214 9254 9255
f 9256 9213 9215
f 9254 9213 9256
f 9257 9215 9216
f 9256 9215 9257
f 9258 9216 9217
f 9257 9216 9258
f 9259 9217 9218
f 9258 9217 9259
f 9260 9218 9219
f 9259 9218 9260
f 9261 9219 9220
f 9260 9219 9261
f 9262 9220 9221
f 9261 9220 9262
f 9263 9221 9222
f 9262 9221 9263
f 9264 9222 9223
f 9263 9222 9264
f 9265 9223 9224
f 9264 9223 9265
f 9266 9224 9225
f 9265 9224 9266
f 9267 9225 9226
f 9266 9225 9267
f 9268 9226 9227
f 9267 9226 9268
f 9269 9227 9228
f 9268 9227 9269
f 9270 9228 9229
f 9269 9228 9270
f 9271 9229 9230
f 9270 9229 9271
f 9272 9230 9231
f 9271 9230 9272
f 9273 9231 9232
f 9272 9231 9273
f 9274 9232 9233
f 9273 9232 9274
f 9275 9233 9234
f 9274 9233 9275
f 9276 9234 9235
f 9275 9234 9276
f 9277 9235 9236
f 9276 9235 9277
f 9278 9236 9237
f 9277 9236 9278
f 9279 9237 9238
f 9278 9237 9279
f 9280 9238 9239
f 9279 9238 9280
f 9281 9239 9240
f 9280 9239 9281
f 8628 9281 8627
f 9281 9241 8627
f 9281 9240 9241
f 8627 9241 8629
f 8629 9241 9242
f 8629 9242 8630
f 8630 9242 9243
f 8630 9243 8631
f 8631 9243 9244
f 8631 9244 8632
f 8632 9244 9245
f 8632 9245 8633
f 8633 9245 9246
f 8633 9246 8634
f 8634 9246 9247
f 8634 9247 8635
f 8635 9247 9248
f 8635 9248 8625
f 9249 8636 8626
f 9282 8636 9249
f 9251 9252 9283
f 9251 9283 9284
f 9252 9253 9285
f 9252 9285 9283
f 9255 9254 9286
f 9255 9286 9287
f 9288 9254 9256
f 9286 9254 9288
f 9289 9256 9257
f 9288 9256 9289
f 9290 9257 9258
f 9289 9257 9290
f 9291 9258 9259
f 9290 9258 9291
f 9292 9259 9260
f 9291 9259 9292
f 9293 9260 9261
f 9292 9260 9293
f 9294 9261 9262
f 9293 9261 9294
f 9295 9262 9263
f 9294 9262 9295
f 9296 9263 9264
f 9295 9263 9296
f 9297 9264 9265
f 9296 9264 9297
f 9298 9265 9266
f 9297 9265 9298
f 9299 9266 9267
f 9298 9266 9299
f 9300 9267 9268
f 9299 9267 9300
f 9301 9268 9269
f 9300 9268 9301
f 9302 9269 9270
f 9301 9269 9302
f 9303 9270 9271
f 9302 9270 9303
f 9304 9271 9272
f 9303 9271 9304
f 9305 9272 9273
f 9304 9272 9305
f 9306 9273 9274
f 9305 9273 9306
f 9307 9274 9275
f 9306 9274 9307
f 9308 9275 9276
f 9307 9275 9308
f 9309 9276 9277
f 9308 9276 9309
f 9310 9277 9278
f 9309 9277 9310
f 9311 9278 9279
f 9310 9278 9311
f 9312 9279 9280
f 9311 9279 9312
f 9313 9280 9281
f 9312 9280 9313
f 8637 9313 8628
f 8628 9313 9281
f 9282 8638 8636
f 9314 8638 9282
f 9317 9316 9315
f 9315 9316 9284
f 9283 9315 9284
f 9318 9315 9283
f 9283 9285 9319
f 9320 9283 9319
f 9318 9283 9320
f 9322 9321 9320
f 9322 9320 9319
f 9321 9322 9287
f 9286 9321 9287
f 9323 9321 9286
f 9324 9286 9288
f 9323 9286 9324
f 9325 9288 9289
f 9324 9288 9325
f 9326 9289 9290
f 9325 9289 9326
f 9327 9290 9291
f 9326 9290 9327
f 9328 9291 9292
f 9327 9291 9328
f 9329 9292 9293
f 9328 9292 9329
f 9330 9293 9294
f 9329 9293 9330
f 8640 9330 8639
f 9330 9295 8639
f 9330 9294 9295
f 8639 9295 8641
f 8641 9295 9296
f 8641 9296 8642
f 8642 9296 9297
f 8642 9297 8643
f 8643 9297 9298
f 8643 9298 8644
f 8644 9298 9299
f 8644 9299 8645
f 8645 9299 9300
f 8645 9300 8646
f 8646 9300 9301
f 8646 9301 8647
f 8647 9301 9302
f 8647 9302 8648
f 8648 9302 9303
f 8648 9303 8649
f 8649 9303 9304
f 8649 9304 8650
f 9304 9331 8650
f 9304 9305 9331
f 9332 9305 9306
f 9331 9305 9332
f 8652 9332 8651
f 9332 9307 8651
f 9332 9306 9307
f 8651 9307 8653
f 8653 9307 9308
f 8653 9308 8654
f 8654 9308 9309
f 8654 9309 8655
f 9309 9333 8655
f 9309 9310 9333
f 9334 9310 9311
f 9333 9310 9334
f 8657 9334 8656
f 9334 9312 8656
f 9334 9311 9312
f 8656 9312 8658
f 8658 9312 9313
f 8658 9313 8637
f 9335 8659 8660
f 9336 9335 8660
f 8638 9336 8660
f 9314 9336 8638
f 9317 9315 9337
f 9317 9337 9338
f 9339 9315 9318
f 9337 9315 9339
f 9340 9318 9320
f 9339 9318 9340
f 9341 9320 9321
f 9340 9320 9341
f 9342 9321 9323
f 9341 9321 9342
f 9343 9323 9324
f 9342 9323 9343
f 9344 9324 9325
f 9343 9324 9344
f 9345 9325 9326
f 9344 9325 9345
f 9346 9326 9327
f 9345 9326 9346
f 9347 9327 9328
f 9346 9327 9347
f 9348 9328 9329
f 9347 9328 9348
f 9349 9329 9330
f 9348 9329 9349
f 8661 9349 8640
f 8640 9349 9330
f 9350 8662 9331
f 9331 8662 8650
f 9351 9331 9332
f 9350 9331 9351
f 8663 9351 8652
f 8652 9351 9332
f 9352 8664 9333
f 9333 8664 8655
f 9353 9333 9334
f 9352 9333 9353
f 8665 9353 8657
f 8657 9353 9334
f 9335 8666 8659
f 8669 8666 9335
f 9354 8669 9335
f 9336 9354 9335
f 9355 8669 9354
f 9355 8670 8669
f 9338 9337 9356
f 9338 9356 9357
f 9358 9337 9339
f 9356 9337 9358
f 8672 9358 8671
f 9358 9340 8671
f 9358 9339 9340
f 8671 9340 8673
f 8673 9340 9341
f 8673 9341 8674
f 8674 9341 9342
f 8674 9342 8675
f 9342 9359 8675
f 9342 9343 9359
f 9360 9343 9344
f 9359 9343 9360
f 9361 9344 9345
f 9360 9344 9361
f 9362 9345 9346
f 9361 9345 9362
f 9363 9346 9347
f 9362 9346 9363
f 8677 9363 8676
f 9363 9348 8676
f 9363 9347 9348
f 8676 9348 8678
f 8678 9348 9349
f 8678 9349 8661
f 9350 8679 8662
f 8679 9350 8680
f 8680 9350 9351
f 8680 9351 8663
f 9352 8681 8664
f 8681 9352 8682
f 8682 9352 9353
f 8682 9353 8665
f 9364 8684 8685
f 9354 9365 9355
f 9366 9355 9365
f 9366 8670 9355
f 9366 9364 8685
f 8670 9366 8685
f 9357 9356 9367
f 9357 9367 9368
f 9369 9356 9358
f 9367 9356 9369
f 8686 9369 8672
f 8672 9369 9358
f 9370 8688 9359
f 9359 8688 8675
f 9371 9359 9360
f 9370 9359 9371
f 9372 9360 9361
f 9371 9360 9372
f 9373 9361 9362
f 9372 9361 9373
f 9374 9362 9363
f 9373 9362 9374
f 8689 9374 8677
f 8677 9374 9363
f 8691 8684 9364
f 9377 9376 9375
f 8692 9375 9376
f 8692 9366 9375
f 8692 8691 9364
f 9366 8692 9364
f 9368 9367 8694
f 8695 9368 8694
f 9378 9368 8695
f 8694 9367 8696
f 8696 9367 9369
f 8696 9369 8686
f 9379 8698 9370
f 9370 8698 8688
f 9380 9370 9371
f 9379 9370 9380
f 9381 9371 9372
f 9380 9371 9381
f 9382 9372 9373
f 9381 9372 9382
f 9383 9373 9374
f 9382 9373 9383
f 8699 9383 8689
f 8689 9383 9374
f 9376 9377 8701
f 9377 8700 8701
f 9377 9384 8700
f 9376 8701 8692
f 8695 8702 9385
f 9386 8695 9385
f 9378 8695 9386
f 8703 9385 8702
f 9387 8704 8705
f 8705 8698 9387
f 8698 9379 9387
f 8708 8706 9387
f 8708 9387 9379
f 8708 9379 8709
f 8709 9379 9380
f 8709 9380 8710
f 8710 9380 9381
f 8710 9381 8711
f 8711 9381 9382
f 8711 9382 8712
f 9382 9388 8712
f 9382 9383 9388
f 8713 9388 8699
f 8699 9388 9383
f 9384 8714 8700
f 9389 8714 9384
f 9390 9386 9385
f 9385 8703 9390
f 8703 9391 9390
f 8703 8715 9391
f 9392 8716 9387
f 9387 8716 8704
f 8718 9392 8706
f 8706 9392 9387
f 9393 8719 9388
f 9388 8719 8712
f 8720 9393 8713
f 8713 9393 9388
f 9395 8721 9394
f 8721 9389 9394
f 8721 8714 9389
f 9396 9395 9394
f 9399 9398 9397
f 9398 9391 9397
f 9391 8722 9397
f 9391 8715 8722
f 9400 8723 8724
f 8725 9401 8724
f 8724 9401 9400
f 8716 9392 8725
f 9392 9401 8725
f 9392 9402 9401
f 8726 9402 8718
f 8718 9402 9392
f 9393 8728 8719
f 8728 9393 8720
f 9404 9403 9395
f 9403 8721 9395
f 9403 8729 8721
f 9404 9395 9396
f 9405 9399 9397
f 9397 8722 9405
f 8722 9406 9405
f 8722 8730 9406
f 9407 8731 9400
f 9400 8731 8723
f 9408 9400 9401
f 9407 9400 9408
f 9409 9401 9402
f 9408 9401 9409
f 8732 9409 8726
f 8726 9409 9402
f 9403 8733 8729
f 9410 8733 9403
f 8734 9406 8730
f 8734 9411 9406
f 9407 8735 8731
f 8735 9407 8736
f 8736 9407 9408
f 8736 9408 8737
f 8737 9408 9409
f 8738 8737 9412
f 8737 9409 9412
f 8732 8739 9412
f 8732 9412 9409
f 8740 9413 8739
f 8739 9413 9412
f 8741 9414 8740
f 8740 9414 9413
f 8742 9415 8741
f 8741 9415 9414
f 8743 9415 8742
f 8744 8733 9416
f 8733 9417 9416
f 8733 9410 9417
f 9416 8745 8744
f 8746 9411 8734
f 8746 9418 9411
f 9419 8747 9412
f 9412 8747 8738
f 9420 9412 9413
f 9419 9412 9420
f 8749 9420 8748
f 9420 9414 8748
f 9420 9413 9414
f 8748 9414 8750
f 8750 9414 9415
f 8750 9415 8743
f 9416 9417 8752
f 9417 8751 8752
f 9417 9421 8751
f 9416 8752 8745
f 8753 9418 8746
f 8753 9422 9418
f 9423 8754 9419
f 9419 8754 8747
f 9424 9419 9420
f 9423 9419 9424
f 8756 9424 8749
f 8749 9424 9420
f 9427 9426 9425
f 9425 9428 9427
f 9430 8757 9429
f 8757 9421 9429
f 8757 8751 9421
f 9431 9430 9429
f 8758 9422 8753
f 8758 9432 9422
f 9423 8759 8754
f 8759 9423 8760
f 8760 9423 9424
f 8760 9424 8756
f 9426 9433 9425
f 9425 9433 9428
f 9435 9434 9430
f 9434 8757 9430
f 9434 8762 8757
f 9435 9430 9431
f 8765 9436 8764
f 9436 9437 8764
f 9437 8758 8764
f 9437 9432 8758
f 9434 8766 8762
f 9438 8766 9434
f 8768 9439 9436
f 8768 9436 8765
f 9437 9436 9440
f 9440 9436 9439
f 9443 9442 9441
f 9441 9444 9443
f 9447 9446 9445
f 9445 9448 9447
f 9451 9450 9449
f 9449 9452 9451
f 9455 9454 9453
f 9453 9456 9455
f 9458 8769 9457
f 8769 9438 9457
f 8769 8766 9438
f 9459 9458 9457
f 8770 9439 8768
f 8770 8771 9439
f 8771 9440 9439
f 8771 9460 9440
f 9442 9461 9441
f 9441 9461 9444
f 9446 9462 9445
f 9445 9462 9448
f 9465 9464 9463
f 9466 9449 9450
f 9463 9467 9465
f 9449 9466 9452
f 9470 9469 9468
f 9472 9471 9468
f 9468 9471 9470
f 9473 9453 9454
f 9472 9474 9471
f 9453 9473 9456
f 9477 9476 9475
f 9475 9478 9477
f 9480 8772 9479
f 8772 8769 9479
f 9479 8769 9458
f 9481 9479 9458
f 9458 9459 9481
f 8772 9480 8774
f 8775 9460 8771
f 8775 9482 9460
f 9464 9483 9463
f 9463 9483 9467
f 9469 9484 9468
f 9468 9484 9472
f 9472 9484 9485
f 9472 9485 9474
f 9476 9486 9475
f 9475 9486 9478
f 9480 9479 8777
f 9479 8776 8777
f 9479 9487 8776
f 9480 8777 8774
f 9489 9488 8780
f 9489 8780 8779
f 8775 8780 9482
f 9482 8780 9488
f 9487 8781 8776
f 9490 8781 9487
f 9492 9491 8782
f 9492 8782 8783
f 9493 8784 8785
f 9489 8779 9491
f 8782 9491 8779
f 8786 9493 8785
f 8787 8781 9494
f 8781 9495 9494
f 8781 9490 9495
f 9494 8788 8787
f 8789 9492 8783
f 8789 9496 9492
f 9497 8791 9493
f 9493 8791 8784
f 8792 9497 8786
f 8786 9497 9493
f 9494 9495 8794
f 9495 8793 8794
f 9495 9498 8793
f 9494 8794 8788
f 9499 9496 8789
f 9499 8789 8795
f 8795 8791 9497
f 9500 8795 9497
f 9499 8795 9500
f 9497 8792 9500
f 8792 9501 9500
f 8792 8797 9501
f 9504 9503 9502
f 9502 9505 9504
f 9508 9507 9506
f 9506 9509 9508
f 9498 8800 8793
f 9510 8800 9498
f 9513 9512 9511
f 9514 9511 8801
f 9511 9501 8801
f 9501 8797 8801
f 9501 9511 9512
f 8803 9514 8801
f 9502 9503 9515
f 9515 9503 9516
f 9505 9502 9517
f 9502 9518 9517
f 9502 9515 9518
f 9518 9519 9517
f 9520 8806 8807
f 9520 8807 8809
f 9523 9522 9521
f 9525 9524 9521
f 9524 9506 9521
f 9507 9523 9521
f 9507 9521 9506
f 9526 8811 8812
f 9524 9509 9506
f 9526 8812 9527
f 8812 9528 9527
f 8812 8813 9528
f 9530 9529 8815
f 9529 8813 8815
f 9529 9528 8813
f 9530 9531 9529
f 9532 8818 8817
f 9532 8817 8820
f 9535 9534 9533
f 8821 8822 9533
f 8822 9535 9533
f 8822 9536 9535
f 9538 9536 9537
f 9536 8823 9537
f 9536 8822 8823
f 9537 8823 8826
f 9541 9540 9539
f 8827 8828 9539
f 8828 9541 9539
f 8828 9542 9541
f 9543 8828 8829
f 9543 9542 8828
f 9545 9544 8830
f 9544 8829 8830
f 9544 9543 8829
f 9547 9546 9545
f 9545 9546 9544
f 9547 9548 9546
f 9549 8833 8834
f 9549 8834 8836
f 9552 9551 9550
f 9554 9553 9550
f 9550 9553 9552
f 9554 9555 9553
f 9558 9557 9556
f 9556 9559 9558
f 9562 9561 9560
f 9560 9563 9562
f 9510 8840 8800
f 9564 8840 9510
f 9565 9513 9511
f 9565 9567 9566
f 9567 9565 8843
f 9511 8843 9565
f 8843 9511 8842
f 9514 8842 9511
f 9514 8803 8842
f 9568 9566 9567
f 9570 9569 8844
f 8844 9569 8846
f 9572 9571 8847
f 9571 8844 8847
f 9571 9570 8844
f 9571 9572 9516
f 9572 9515 9516
f 9572 9573 9515
f 9515 9574 9518
f 9515 9573 9574
f 9519 9518 9575
f 9518 9576 9575
f 9518 9574 9576
f 9575 9520 9577
f 9520 9575 8806
f 9576 8806 9575
f 8806 9576 8852
f 9578 8852 9576
f 9579 9577 9520
f 9579 9520 8809
f 9579 8809 8852
f 9579 8852 9578
f 9579 9578 9580
f 9579 9580 9521
f 9579 9521 9522
f 9579 9522 9577
f 8855 9581 8856
f 9581 9521 8856
f 9521 9580 8856
f 9521 9581 9525
f 9583 9582 9581
f 9583 9581 8855
f 9583 8855 8860
f 9583 8860 9584
f 9583 9584 8857
f 9583 8857 8811
f 9583 8811 9526
f 9583 9526 9582
f 9527 9582 9526
f 8863 8857 9585
f 9584 9585 8857
f 9585 8815 8863
f 9585 9530 8815
f 9585 8865 8864
f 9530 9585 8864
f 9586 9531 9530
f 8864 9586 9530
f 8866 9586 8864
f 8866 8818 9586
f 9532 9586 8818
f 9586 9532 9587
f 8868 9587 9532
f 9587 8868 8869
f 8820 8868 9532
f 8871 9533 8872
f 9534 8872 9533
f 8872 9534 9588
f 9533 9589 8821
f 9589 9533 9590
f 8871 9590 9533
f 9590 8871 9591
f 8821 9591 8871
f 9591 8821 9589
f 8875 8873 9592
f 9589 9593 9591
f 9594 9538 9537
f 9540 9595 9539
f 9596 8875 9592
f 8875 9596 8826
f 9594 8826 9596
f 8826 9594 9537
f 8827 9539 9595
f 9597 8827 9595
f 8879 8827 9597
f 8880 9598 8881
f 9598 9599 8881
f 8881 9599 8830
f 9599 9600 8830
f 9600 9545 8830
f 9601 8886 8885
f 9545 9601 8885
f 9547 9545 8885
f 9600 9601 9545
f 9602 9548 9547
f 8885 9602 9547
f 8888 9602 8885
f 9603 8888 8889
f 9603 9602 8888
f 9603 8889 8833
f 9604 9603 8833
f 9549 9604 8833
f 9603 9604 9605
f 9607 9604 9606
f 9551 9607 9606
f 9550 9551 9606
f 9608 9550 9606
f 8892 9608 9606
f 8836 8892 9606
f 9549 8836 9606
f 9604 9549 9606
f 9550 9609 9554
f 9550 9608 9609
f 9610 8895 8896
f 9554 9611 9555
f 9611 9554 9609
f 9557 9612 9556
f 8896 8897 9610
f 9613 9610 8897
f 9612 9559 9556
f 9615 8898 9614
f 8898 9615 8897
f 9616 8897 9615
f 8897 9616 9613
f 8901 8899 9614
f 8899 9615 9614
f 8899 9617 9615
f 9618 8899 8902
f 9618 9617 8899
f 9620 9618 9619
f 9618 8903 9619
f 9618 8902 8903
f 9622 9619 9621
f 9619 8903 9621
f 8904 9623 9621
f 8904 9621 8903
f 9625 9624 9623
f 9623 9624 9621
f 9627 9626 9625
f 9625 9626 9624
f 9629 9628 9627
f 9627 9628 9626
f 9628 9629 9561
f 9629 9560 9561
f 9629 9630 9560
f 9563 9560 9631
f 9631 9560 9630
f 9634 9633 9632
f 8907 8908 9632
f 8908 9634 9632
f 8908 9635 9634
f 9636 8908 8909
f 9636 9635 8908
f 9638 9637 8911
f 9637 8909 8911
f 9637 9636 8909
f 9564 9637 9638
f 8913 9564 9638
f 8840 9564 8913
f 8914 9567 8843
f 8914 8915 9567
f 8915 9639 9567
f 9639 9568 9567
f 8915 9640 9639
f 9641 8916 8917
f 9641 8917 9640
f 9641 9640 8915
f 9641 8915 8846
f 9641 8846 9569
f 9641 9569 9642
f 9641 9642 9643
f 9641 9643 8916
f 9572 8847 8916
f 9643 9572 8916
f 9644 9572 9643
f 9644 8921 8922
f 9573 9644 8922
f 9572 9644 9573
f 9573 8922 8924
f 9645 9573 8924
f 9574 9573 9645
f 9645 8925 8926
f 9576 9645 8926
f 9574 9645 9576
f 9576 8926 8927
f 9646 9576 8927
f 9578 9576 9646
f 9646 8929 8930
f 9580 9646 8930
f 9578 9646 9580
f 9580 8930 8856
f 9648 8932 9647
f 9648 8860 8932
f 9584 8860 9648
f 9584 9648 9649
f 8933 9647 8932
f 9647 8933 9650
f 9585 9650 8933
f 9650 9585 9649
f 9584 9649 9585
f 9585 8933 8865
f 9651 9587 8869
f 9651 8869 8935
f 8935 8872 9588
f 8935 9588 9651
f 9590 9591 9652
f 9590 9652 9653
f 9592 8873 8936
f 9652 9593 9654
f 9593 9652 9591
f 9655 9596 9592
f 8936 9655 9592
f 8937 9655 8936
f 8939 8940 9656
f 9655 8879 9597
f 8879 9655 8937
f 9598 8880 8939
f 9656 9598 8939
f 9657 9598 9656
f 8944 9658 8943
f 9658 9598 8943
f 9598 9657 8943
f 9598 9658 9599
f 8946 8945 9659
f 9658 8886 9601
f 8886 9658 8944
f 9660 8947 8946
f 9660 8946 9659
f 9661 8949 8947
f 9661 8947 9660
f 9604 9662 9605
f 8951 8949 9661
f 8892 8952 9608
f 9604 9607 9662
f 9608 8952 8953
f 9608 8953 9609
f 8953 9611 9609
f 8953 9663 9611
f 8953 8895 9610
f 9663 8953 9610
f 9663 9610 9613
f 9663 9613 9664
f 9613 9616 9664
f 9665 8898 8957
f 8898 9665 9614
f 9665 8958 8901
f 9665 8901 9614
f 9666 9620 9619
f 8904 8962 9623
f 9619 9622 9666
f 9623 8962 8963
f 9623 8963 9625
f 9625 8963 8965
f 9667 9625 8965
f 9627 9625 9667
f 9627 9668 9629
f 9627 9667 9668
f 9668 8967 8968
f 9630 9668 8968
f 9629 9668 9630
f 9669 9631 9630
f 8968 9669 9630
f 8969 9669 8968
f 8970 9632 9633
f 9669 8970 9633
f 8969 8970 9669
f 8907 9632 8970
f 8974 8973 9670
f 9670 8975 8974
f 8976 9638 8911
f 9638 8976 8913
f 9671 9639 9640
f 9642 9672 9643
f 9671 9640 9673
f 8917 9673 9640
f 9673 8917 8978
f 9674 8979 8980
f 9643 9674 8980
f 9644 9643 8980
f 9672 9674 9643
f 8980 8921 9644
f 9676 8983 9675
f 8983 9676 8982
f 9676 8924 8982
f 8924 9676 9645
f 9677 9645 9676
f 9645 9677 8984
f 8985 8984 9677
f 9678 8984 8986
f 9678 9645 8984
f 9678 8988 8925
f 9645 9678 8925
f 9678 9679 8988
f 8988 9679 8927
f 9679 9680 8927
f 9680 9646 8927
f 9680 9682 9681
f 9680 9681 8990
f 9646 9680 8990
f 8929 9646 8990
f 9683 8992 8990
f 9683 8990 9681
f 9684 9648 9647
f 8992 9684 9647
f 8994 8992 9647
f 9684 8992 9683
f 8997 8994 9647
f 9685 8997 9647
f 9650 9685 9647
f 9686 8997 9685
f 9686 8998 8997
f 9689 9688 9687
f 9690 9687 9688
f 9691 9653 9652
f 9691 9652 9654
f 8999 9656 8940
f 9656 8999 9000
f 9656 9000 9657
f 9657 9000 8943
f 9001 9659 8945
f 9659 9001 9002
f 9659 9002 9660
f 9660 9002 9003
f 9660 9003 9661
f 9661 9003 8951
f 9004 9665 8957
f 9665 9004 8958
f 9007 9692 9006
f 9008 9667 8965
f 9009 9006 9692
f 9667 9008 9010
f 9667 9010 9668
f 9668 9010 8967
f 9011 9670 8973
f 9670 9011 8975
f 9013 9693 9012
f 9694 9015 9014
f 9015 9694 9693
f 9673 9693 9694
f 9693 9673 9012
f 8978 9012 9673
f 9014 8979 9674
f 9014 9674 9694
f 9695 9675 8983
f 9695 8983 9016
f 9677 9019 8985
f 9019 9677 9696
f 9695 9696 9677
f 9696 9695 9017
f 9016 9017 9695
f 9696 8986 9019
f 9696 9678 8986
f 9696 9020 9021
f 9678 9696 9021
f 9697 9679 9678
f 9021 9697 9678
f 9022 9697 9021
f 9023 9681 9682
f 9697 9023 9682
f 9022 9023 9697
f 9681 9023 9024
f 9681 9024 9683
f 9698 9684 9683
f 9024 9698 9683
f 9025 9698 9024
f 9026 9686 9685
f 9698 9026 9685
f 9025 9026 9698
f 9686 9026 8998
f 9699 9689 9687
f 9699 9687 9690
f 9027 9692 9007
f 9692 9027 9009
f 9028 9693 9013
f 9693 9028 9015
f 9029 9696 9017
f 9696 9029 9020
f 9034 9700 9033
f 9700 9035 9033
f 9038 9701 9037
f 9701 9039 9037
f 9704 9703 9702
f 9706 9705 9702
f 9706 9702 9703
f 9707 9041 9042
f 9708 9705 9706
f 9707 9043 9041
f 9711 9710 9709
f 9713 9712 9709
f 9713 9709 9710
f 9714 9712 9713
f 9047 9715 9046
f 9715 9049 9046
f 9717 9716 9051
f 9717 9051 9052
f 9051 9718 9053
f 9716 9718 9051
f 9718 9720 9719
f 9055 9718 9719
f 9053 9718 9055
f 9719 9056 9055
f 9059 9721 9058
f 9721 9061 9058
f 9064 9722 9063
f 9063 9722 9723
f 9724 9063 9723
f 9065 9063 9724
f 9726 9725 9067
f 9065 9726 9067
f 9724 9726 9065
f 9727 9725 9726
f 9729 9728 9070
f 9729 9070 9068
f 9070 9728 9034
f 9728 9730 9034
f 9730 9700 9034
f 9730 9728 9731
f 9730 9071 9035
f 9730 9035 9700
f 9074 9732 9073
f 9732 9075 9073
f 9735 9734 9733
f 9736 9077 9078
f 9737 9733 9734
f 9738 9080 9077
f 9738 9077 9736
f 9738 9082 9080
f 9740 9739 9701
f 9038 9740 9701
f 9084 9740 9038
f 9085 9039 9701
f 9741 9085 9701
f 9739 9741 9701
f 9085 9741 9742
f 9743 9742 9741
f 9744 9704 9702
f 9744 9702 9705
f 9744 9705 9745
f 9042 9086 9707
f 9705 9708 9745
f 9707 9086 9043
f 9748 9747 9746
f 9749 9746 9747
f 9088 9750 9089
f 9089 9750 9751
f 9752 9089 9751
f 9092 9089 9752
f 9092 9753 9093
f 9752 9753 9092
f 9753 9711 9093
f 9709 9093 9711
f 9093 9709 9094
f 9754 9094 9709
f 9094 9754 9755
f 9754 9709 9712
f 9754 9712 9756
f 9757 9756 9096
f 9756 9757 9714
f 9097 9714 9757
f 9714 9097 9712
f 9096 9712 9097
f 9712 9096 9756
f 9757 9047 9097
f 9757 9715 9047
f 9757 9099 9100
f 9715 9757 9100
f 9100 9049 9715
f 9759 9102 9758
f 9102 9759 9101
f 9101 9760 9103
f 9759 9760 9101
f 9052 9103 9717
f 9717 9103 9760
f 9761 9107 9105
f 9105 9720 9761
f 9762 9761 9720
f 9761 9762 9108
f 9719 9108 9762
f 9108 9719 9105
f 9720 9105 9719
f 9719 9762 9056
f 9762 9109 9056
f 9762 9763 9109
f 9059 9109 9721
f 9109 9764 9721
f 9109 9763 9764
f 9721 9764 9061
f 9764 9110 9061
f 9764 9765 9110
f 9765 9767 9766
f 9111 9765 9766
f 9110 9765 9111
f 9768 9113 9111
f 9768 9111 9766
f 9768 9114 9113
f 9115 9769 9722
f 9115 9722 9064
f 9723 9722 9770
f 9770 9722 9769
f 9771 9117 9725
f 9725 9117 9067
f 9118 9119 9772
f 9727 9773 9725
f 9771 9725 9773
f 9774 9122 9123
f 9122 9774 9772
f 9729 9772 9774
f 9772 9729 9118
f 9068 9118 9729
f 9775 9730 9124
f 9730 9774 9124
f 9774 9123 9124
f 9730 9731 9774
f 9776 9125 9071
f 9730 9776 9071
f 9775 9776 9730
f 9125 9776 9777
f 9778 9125 9777
f 9127 9125 9778
f 9779 9129 9128
f 9127 9732 9074
f 9732 9127 9780
f 9778 9780 9127
f 9781 9732 9780
f 9732 9781 9075
f 9782 9075 9781
f 9075 9782 9128
f 9779 9128 9782
f 9784 9783 9782
f 9784 9782 9781
f 9783 9784 9735
f 9733 9783 9735
f 9785 9783 9733
f 9736 9078 9133
f 9785 9737 9786
f 9737 9785 9733
f 9736 9133 9136
f 9736 9136 9738
f 9082 9738 9136
f 9138 9139 9787
f 9788 9140 9138
f 9788 9138 9787
f 9789 9143 9144
f 9143 9789 9788
f 9740 9788 9789
f 9788 9740 9140
f 9084 9140 9740
f 9144 9085 9789
f 9742 9789 9085
f 9789 9742 9790
f 9146 9790 9742
f 9790 9146 9147
f 9149 9146 9742
f 9743 9149 9742
f 9791 9149 9743
f 9150 9792 9151
f 9793 9152 9151
f 9793 9151 9792
f 9152 9793 9794
f 9795 9152 9794
f 9153 9152 9795
f 9797 9796 9154
f 9153 9797 9154
f 9795 9797 9153
f 9796 9797 9748
f 9746 9796 9748
f 9798 9796 9746
f 9800 9799 9749
f 9157 9749 9799
f 9749 9157 9746
f 9156 9746 9157
f 9746 9156 9798
f 9157 9799 9801
f 9802 9157 9801
f 9159 9157 9802
f 9803 9160 9161
f 9159 9750 9088
f 9750 9159 9804
f 9802 9804 9159
f 9803 9161 9163
f 9805 9750 9804
f 9750 9805 9806
f 9750 9806 9751
f 9807 9751 9806
f 9809 9808 9806
f 9806 9808 9807
f 9810 9808 9809
f 9094 9811 9164
f 9811 9094 9755
f 9811 9813 9812
f 9165 9811 9812
f 9164 9811 9165
f 9812 9814 9165
f 9165 9814 9096
f 9814 9815 9096
f 9815 9757 9096
f 9757 9815 9099
f 9815 9166 9099
f 9815 9816 9166
f 9102 9166 9758
f 9758 9166 9816
f 9761 9167 9107
f 9167 9761 9108
f 9766 9767 9817
f 9817 9767 9818
f 9817 9168 9169
f 9768 9817 9169
f 9766 9817 9768
f 9768 9169 9114
f 9820 9819 9769
f 9115 9820 9769
f 9170 9820 9115
f 9769 9819 9770
f 9771 9171 9117
f 9771 9773 9171
f 9773 9821 9171
f 9772 9119 9171
f 9772 9171 9821
f 9772 9821 9122
f 9821 9172 9122
f 9821 9822 9172
f 9124 9172 9775
f 9172 9823 9775
f 9172 9822 9823
f 9775 9823 9776
f 9776 9823 9824
f 9776 9824 9777
f 9779 9173 9129
f 9173 9779 9174
f 9174 9779 9782
f 9174 9782 9175
f 9175 9782 9783
f 9175 9783 9176
f 9176 9783 9785
f 9786 9825 9785
f 9825 9176 9785
f 9825 9178 9176
f 9178 9826 9180
f 9825 9826 9178
f 9139 9180 9787
f 9180 9827 9787
f 9180 9826 9827
f 9787 9827 9788
f 9788 9827 9828
f 9828 9830 9829
f 9828 9829 9181
f 9788 9828 9181
f 9143 9788 9181
f 9829 9831 9181
f 9831 9147 9181
f 9831 9790 9147
f 9791 9832 9149
f 9149 9832 9182
f 9150 9182 9792
f 9182 9833 9792
f 9182 9832 9833
f 9792 9833 9793
f 9793 9833 9834
f 9793 9834 9794
f 9796 9183 9154
f 9183 9796 9184
f 9184 9796 9798
f 9800 9835 9799
f 9184 9798 9156
f 9799 9835 9801
f 9803 9185 9160
f 9805 9836 9806
f 9185 9803 9163
f 9806 9836 9809
f 9809 9836 9837
f 9809 9837 9810
f 9813 9838 9812
f 9812 9838 9814
f 9817 9818 9839
f 9839 9818 9840
f 9839 9187 9168
f 9839 9168 9817
f 9842 9841 9188
f 9842 9188 9189
f 9170 9188 9820
f 9820 9188 9841
f 9830 9843 9829
f 9829 9843 9831
f 9840 9844 9839
f 9844 9846 9845
f 9844 9845 9190
f 9839 9844 9190
f 9187 9839 9190
f 9845 9191 9190
f 9194 9847 9193
f 9847 9848 9193
f 9848 9189 9193
f 9848 9842 9189
f 9846 9849 9845
f 9191 9845 9849
f 9850 9191 9849
f 9196 9191 9850
f 9197 9847 9194
f 9197 9198 9847
f 9198 9848 9847
f 9198 9851 9848
f 9850 9199 9196
f 9852 9199 9850
f 9201 9851 9198
f 9201 9853 9851
f 9852 9202 9199
f 9854 9202 9852
f 9857 9856 9855
f 9856 9853 9855
f 9853 9204 9855
f 9853 9201 9204
f 9854 9205 9202
f 9858 9205 9854
f 9207 9208 9859
f 9855 9860 9857
f 9860 9855 9861
f 9855 9204 9861
f 9207 9859 9861
f 9207 9861 9204
f 9862 9211 9210
f 9212 9863 9210
f 9210 9863 9862
f 9214 9863 9212
f 9858 9249 9205
f 9864 9249 9858
f 9859 9208 9250
f 9867 9866 9865
f 9866 9867 9251
f 9867 9861 9251
f 9859 9250 9251
f 9859 9251 9861
f 9868 9253 9862
f 9862 9253 9211
f 9869 9862 9863
f 9868 9862 9869
f 9255 9869 9214
f 9214 9869 9863
f 9864 9282 9249
f 9870 9282 9864
f 9865 9866 9871
f 9865 9871 9872
f 9284 9871 9251
f 9251 9871 9866
f 9873 9285 9868
f 9868 9285 9253
f 9874 9868 9869
f 9873 9868 9874
f 9287 9874 9255
f 9255 9874 9869
f 9870 9314 9282
f 9875 9314 9870
f 9872 9871 9316
f 9317 9872 9316
f 9876 9872 9317
f 9316 9871 9284
f 9873 9319 9285
f 9319 9873 9322
f 9322 9873 9874
f 9322 9874 9287
f 9875 9336 9314
f 9877 9336 9875
f 9338 9876 9317
f 9338 9878 9876
f 9877 9354 9336
f 9879 9354 9877
f 9357 9878 9338
f 9357 9880 9878
f 9365 9354 9881
f 9354 9882 9881
f 9354 9879 9882
f 9881 9366 9365
f 9368 9880 9357
f 9368 9883 9880
f 9881 9882 9375
f 9882 9377 9375
f 9882 9884 9377
f 9881 9375 9366
f 9378 9886 9885
f 9883 9378 9885
f 9368 9378 9883
f 9886 9887 9885
f 9890 9889 9888
f 9888 9891 9890
f 9894 9893 9892
f 9884 9894 9892
f 9384 9884 9892
f 9377 9884 9384
f 9386 9895 9886
f 9386 9886 9378
f 9887 9886 9896
f 9896 9886 9895
f 9889 9897 9888
f 9888 9897 9891
f 9900 9899 9898
f 9902 9901 9898
f 9898 9901 9900
f 9902 9903 9901
f 9906 9905 9904
f 9904 9907 9906
f 9893 9908 9892
f 9384 9892 9908
f 9909 9384 9908
f 9389 9384 9909
f 9390 9895 9386
f 9390 9391 9895
f 9391 9896 9895
f 9391 9910 9896
f 9899 9911 9898
f 9898 9911 9902
f 9902 9911 9912
f 9915 9914 9913
f 9902 9912 9903
f 9917 9916 9914
f 9914 9916 9913
f 9919 9918 9917
f 9917 9918 9916
f 9919 9920 9918
f 9923 9922 9921
f 9921 9924 9923
f 9905 9925 9904
f 9904 9925 9907
f 9928 9927 9926
f 9926 9929 9928
f 9909 9930 9389
f 9389 9930 9394
f 9396 9394 9930
f 9396 9930 9931
f 9399 9932 9398
f 9932 9933 9398
f 9933 9391 9398
f 9933 9910 9391
f 9915 9934 9914
f 9914 9934 9917
f 9917 9934 9935
f 9917 9935 9919
f 9919 9935 9936
f 9919 9936 9920
f 9922 9937 9921
f 9921 9937 9924
f 9940 9939 9938
f 9938 9941 9940
f 9927 9942 9926
f 9926 9942 9929
f 9945 9944 9943
f 9943 9946 9945
f 9949 9948 9947
f 9403 9404 9947
f 9404 9949 9947
f 9404 9950 9949
f 9404 9396 9931
f 9404 9931 9950
f 9405 9932 9399
f 9405 9406 9932
f 9406 9933 9932
f 9406 9951 9933
f 9954 9953 9952
f 9952 9955 9954
f 9958 9957 9956
f 9956 9959 9958
f 9939 9960 9938
f 9963 9962 9961
f 9938 9960 9941
f 9962 9964 9961
f 9944 9965 9943
f 9943 9965 9946
f 9947 9948 9966
f 9966 9948 9967
f 9966 9410 9403
f 9966 9403 9947
f 9411 9951 9406
f 9411 9968 9951
f 9953 9969 9952
f 9952 9969 9955
f 9972 9971 9970
f 9970 9973 9972
f 9956 9957 9974
f 9974 9957 9975
f 9959 9956 9976
f 9956 9977 9976
f 9956 9974 9977
f 9977 9978 9976
f 9962 9963 9979
f 9979 9963 9980
f 9964 9962 9981
f 9981 9962 9979
f 9984 9983 9982
f 9982 9985 9984
f 9988 9987 9986
f 9990 9989 9986
f 9986 9989 9988
f 9990 9991 9989
f 9966 9967 9992
f 9992 9967 9993
f 9992 9417 9410
f 9992 9410 9966
f 9418 9968 9411
f 9418 9994 9968
f 9997 9996 9995
f 9999 9998 9995
f 9995 9998 9997
f 9999 10000 9998
f 9971 10001 9970
f 10001 10002 9970
f 10002 10003 9970
f 10004 9973 9970
f 10004 9970 10003
f 10004 10003 9975
f 10003 9974 9975
f 10003 10005 9974
f 10007 9977 10006
f 9977 10005 10006
f 9977 9974 10005
f 10007 10008 9977
f 10008 10009 9977
f 10010 9978 9977
f 10010 9977 10009
f 10009 10011 10010
f 9979 9980 10012
f 10012 9980 10013
f 9981 9979 10014
f 9979 10015 10014
f 9979 10012 10015
f 10015 10016 10014
f 9982 9983 10017
f 10017 9983 10018
f 9985 9982 10019
f 10019 9982 10017
f 9987 10020 9986
f 10022 10021 10020
f 10021 9986 10020
f 10021 9990 9986
f 9991 9990 10023
f 9990 10024 10023
f 9990 10021 10024
f 10026 10025 10024
f 10024 10025 10023
f 10028 10027 10026
f 10026 10027 10025
f 10028 10029 10027
f 9993 10030 9992
f 9417 9992 10030
f 10031 9417 10030
f 9421 9417 10031
f 9422 9994 9418
f 9422 10032 9994
f 10035 10034 10033
f 10037 10036 10033
f 10033 10036 10035
f 10037 10038 10036
f 9996 10039 9995
f 9995 10039 9999
f 9999 10039 10040
f 10043 10042 10041
f 9999 10040 10000
f 10045 10044 10042
f 10042 10044 10041
f 10045 10046 10044
f 10049 10048 10047
f 10049 10047 10002
f 10047 10003 10002
f 10047 10050 10003
f 10003 10051 10005
f 10003 10050 10051
f 10006 10005 10052
f 10005 10053 10052
f 10005 10051 10053
f 10052 10053 10008
f 10053 10009 10008
f 10053 10054 10009
f 10011 10009 10055
f 10055 10009 10054
f 10012 10013 10056
f 10056 10013 10057
f 10012 10058 10015
f 10012 10056 10058
f 10016 10015 10059
f 10015 10060 10059
f 10015 10058 10060
f 10059 10060 10018
f 10060 10017 10018
f 10060 10061 10017
f 10019 10017 10062
f 10062 10017 10061
f 10021 10022 10063
f 10063 10022 10064
f 10063 9426 9427
f 10024 10063 9427
f 10021 10063 10024
f 10026 10024 10065
f 10024 9428 10065
f 9428 10066 10065
f 9428 10024 9427
f 10026 10065 10028
f 10028 10065 10067
f 10028 10067 10029
f 9429 9421 10068
f 9421 10069 10068
f 9421 10031 10069
f 10068 9431 9429
f 9432 10032 9422
f 9432 10070 10032
f 10073 10072 10071
f 10073 10071 10034
f 10071 10033 10034
f 10071 10074 10033
f 10076 10037 10075
f 10037 10074 10075
f 10037 10033 10074
f 10037 10076 10038
f 10079 10078 10077
f 10077 10080 10079
f 10042 10043 10081
f 10081 10043 10082
f 10084 10045 10083
f 10045 10081 10083
f 10045 10042 10081
f 10084 10085 10045
f 10085 10086 10045
f 10087 10046 10045
f 10087 10045 10086
f 10089 10088 10086
f 10086 10088 10087
f 10088 10089 10048
f 10089 10047 10048
f 10089 10090 10047
f 10092 10050 10091
f 10050 10090 10091
f 10050 10047 10090
f 10094 10093 10092
f 10093 10050 10092
f 10093 10051 10050
f 10096 10053 10095
f 10053 10093 10095
f 10053 10051 10093
f 10053 10096 10054
f 10054 10096 10097
f 10054 10097 10055
f 10057 10098 10056
f 10100 10099 10098
f 10099 10056 10098
f 10099 10058 10056
f 10058 10101 10060
f 10058 10099 10101
f 10103 10061 10102
f 10061 10101 10102
f 10061 10060 10101
f 10103 10104 10061
f 10104 10105 10061
f 10106 10062 10061
f 10106 10061 10105
f 10105 10107 10106
f 10110 10109 10108
f 10110 10108 10064
f 10108 10063 10064
f 10108 10111 10063
f 10112 9433 9426
f 10063 10112 9426
f 10111 10112 10063
f 10066 9428 10113
f 9428 10112 10113
f 10112 10114 10113
f 9428 9433 10112
f 10114 10115 10113
f 10118 10117 10116
f 10118 10116 10069
f 10069 10116 10068
f 10116 9434 10068
f 9434 9435 10068
f 10068 9435 9431
f 9437 10070 9432
f 9437 10119 10070
f 10122 10121 10120
f 10122 10120 10072
f 10120 10071 10072
f 10120 10123 10071
f 10125 10074 10124
f 10074 10123 10124
f 10074 10071 10123
f 10074 10125 10075
f 10128 10127 10126
f 10128 10126 10078
f 10126 10077 10078
f 10126 10129 10077
f 10080 10077 10130
f 10077 10131 10130
f 10077 10129 10131
f 10133 10132 10131
f 10132 10081 10131
f 10082 10130 10131
f 10082 10131 10081
f 10081 10132 10083
f 10086 10085 10134
f 10134 10085 10135
f 10086 10136 10089
f 10086 10134 10136
f 10089 10137 10090
f 10089 10136 10137
f 10091 10090 10138
f 10090 10139 10138
f 10090 10137 10139
f 10138 10139 10094
f 10139 10093 10094
f 10139 10140 10093
f 10095 10093 10141
f 10141 10093 10140
f 10144 10143 10142
f 10146 10145 10142
f 10142 10145 10144
f 10146 10147 10145
f 10099 10100 10148
f 10148 10100 10149
f 10151 10101 10150
f 10101 10148 10150
f 10101 10099 10148
f 10101 10151 10102
f 10104 10152 10105
f 10105 10152 10107
f 10108 10109 10153
f 10153 10109 10154
f 10156 10111 10155
f 10111 10153 10155
f 10111 10108 10153
f 10158 10157 10156
f 10157 10111 10156
f 10157 10112 10111
f 10112 10159 10114
f 10112 10157 10159
f 10115 10114 10160
f 10114 10161 10160
f 10114 10159 10161
f 10161 10162 10160
f 10117 10163 10116
f 9434 10116 10163
f 10164 9434 10163
f 9438 9434 10164
f 9440 10119 9437
f 9440 10165 10119
f 10120 10121 10166
f 10166 10121 10167
f 10169 10123 10168
f 10123 10166 10168
f 10123 10120 10166
f 9442 10169 10170
f 10169 9442 10123
f 9443 10123 9442
f 10123 9443 10124
f 10171 10124 9443
f 9443 9444 10171
f 10171 9444 10172
f 10127 10173 10126
f 10126 10173 10129
f 10129 10173 10174
f 10176 10175 10174
f 10175 10129 10174
f 10175 10131 10129
f 10133 10131 10177
f 10131 10178 10177
f 10131 10175 10178
f 10178 10179 10177
f 10134 10135 9447
f 10135 9446 9447
f 10135 10180 9446
f 10134 9447 9448
f 10181 10134 9448
f 10136 10134 10181
f 10136 10182 10137
f 10136 10181 10182
f 10137 10183 10139
f 10137 10182 10183
f 10183 9450 9451
f 10140 10183 9451
f 10139 10183 10140
f 10185 10184 9452
f 9452 10184 9451
f 10184 10141 9451
f 10141 10140 9451
f 10184 10185 10143
f 10185 10142 10143
f 10185 10186 10142
f 10142 10187 10146
f 10142 10186 10187
f 10147 10146 10188
f 10146 10189 10188
f 10146 10187 10189
f 10191 10190 10189
f 10190 10148 10189
f 10149 10188 10189
f 10149 10189 10148
f 10190 10192 10148
f 10192 10193 10148
f 10194 10150 10148
f 10194 10148 10193
f 10196 10195 10193
f 10193 10195 10194
f 10198 10197 10196
f 10196 10197 10195
f 9454 9455 10199
f 10197 10198 10200
f 9455 9456 10199
f 10154 10201 10153
f 10202 10153 10201
f 10155 10153 10203
f 10153 10204 10203
f 10153 10202 10204
f 10203 10204 10158
f 10204 10157 10158
f 10204 10205 10157
f 10157 10206 10159
f 10157 10205 10206
f 10208 10161 10207
f 10161 10206 10207
f 10161 10159 10206
f 10161 10208 10162
f 9457 9438 10209
f 9438 10210 10209
f 9438 10164 10210
f 10209 9459 9457
f 9460 10165 9440
f 9460 10211 10165
f 10167 10212 10166
f 10166 10212 10168
f 10170 10213 9442
f 9442 10213 9461
f 9444 9461 10172
f 10172 9461 10213
f 10216 10215 10214
f 10214 10217 10216
f 10175 10176 10218
f 10218 10176 10219
f 10221 10178 10220
f 10178 10218 10220
f 10178 10175 10218
f 10224 10223 10222
f 10178 10221 10179
f 10223 10225 9462
f 10180 10223 9462
f 9446 10180 9462
f 10223 10180 10222
f 10181 9448 9462
f 10225 10181 9462
f 10226 10181 10225
f 10181 10227 10182
f 10181 10226 10227
f 10227 9464 9465
f 10183 10227 9465
f 10182 10227 10183
f 10228 9465 9467
f 10228 10183 9465
f 10228 9466 9450
f 10183 10228 9450
f 10185 9452 9466
f 10228 10185 9466
f 10229 10185 10228
f 10185 10230 10186
f 10185 10229 10230
f 10186 10231 10187
f 10186 10230 10231
f 10187 10232 10189
f 10187 10231 10232
f 10191 10189 10233
f 10189 10234 10233
f 10189 10232 10234
f 10233 10234 10192
f 10234 10193 10192
f 10234 10235 10193
f 10235 9469 9470
f 10196 10235 9470
f 10193 10235 10196
f 10196 9470 9471
f 10196 9471 10198
f 10199 9473 9454
f 9474 10198 9471
f 10198 9474 10200
f 10236 10200 9474
f 10201 10237 10202
f 9473 10199 9456
f 10238 9476 9477
f 10202 10238 9477
f 10204 10202 9477
f 10237 10238 10202
f 10204 9477 9478
f 10239 10204 9478
f 10205 10204 10239
f 10241 10206 10240
f 10206 10239 10240
f 10206 10205 10239
f 10244 10243 10242
f 10206 10241 10207
f 10243 10245 10242
f 10209 10210 9481
f 10210 9479 9481
f 10210 10246 9479
f 10209 9481 9459
f 9482 10211 9460
f 9482 10247 10211
f 10215 10248 10214
f 10214 10248 10217
f 10219 10249 10218
f 10218 10249 10220
f 10224 10250 10223
f 10223 10250 10225
f 10225 10250 10251
f 10253 10252 10251
f 10252 10225 10251
f 10252 10226 10225
f 10255 10227 10254
f 10227 10252 10254
f 10227 10226 10252
f 10227 10255 9464
f 10255 9483 9464
f 10255 10256 9483
f 9467 9483 10228
f 9483 10257 10228
f 9483 10256 10257
f 10228 10257 10229
f 10229 10257 10258
f 10229 10258 10230
f 10230 10258 10259
f 10261 10260 10259
f 10260 10230 10259
f 10260 10231 10230
f 10263 10232 10262
f 10232 10260 10262
f 10232 10231 10260
f 10265 10264 10263
f 10264 10232 10263
f 10264 10234 10232
f 10267 10235 10266
f 10235 10264 10266
f 10235 10234 10264
f 10235 10267 9469
f 10267 9484 9469
f 10267 10268 9484
f 9484 10269 9485
f 10268 10269 9484
f 9474 9485 10236
f 10236 9485 10269
f 9486 9476 10270
f 9476 10271 10270
f 9476 10238 10271
f 10270 10272 9486
f 9486 10272 9478
f 10272 10273 9478
f 10273 10239 9478
f 10276 10275 10274
f 10239 10273 10240
f 10274 10275 10244
f 10275 10243 10244
f 10275 10277 10243
f 10245 10243 10278
f 10278 10243 10277
f 10281 10280 10279
f 10279 10282 10281
f 10285 10284 10283
f 10246 10285 10283
f 9487 10246 10283
f 9479 10246 9487
f 10287 10286 9488
f 10287 9488 9489
f 9482 9488 10247
f 10247 9488 10286
f 10253 10288 10252
f 10252 10288 10254
f 10291 10290 10289
f 10289 10292 10291
f 10261 10293 10260
f 10260 10293 10262
f 10264 10265 10294
f 10294 10265 10295
f 10266 10264 10296
f 10296 10264 10294
f 10271 10297 10270
f 10270 10297 10272
f 10275 10276 10298
f 10298 10276 10299
f 10301 10277 10300
f 10277 10298 10300
f 10277 10275 10298
f 10277 10301 10278
f 10280 10302 10279
f 10302 10303 10279
f 10303 10304 10279
f 10305 10282 10279
f 10305 10279 10304
f 10305 10304 10284
f 10304 10283 10284
f 10304 10306 10283
f 10306 9490 9487
f 10306 9487 10283
f 10308 10307 9491
f 10308 9491 9492
f 9489 9491 10287
f 10287 9491 10307
f 10290 10309 10289
f 10289 10309 10292
f 10295 10310 10294
f 10294 10310 10296
f 10299 10311 10298
f 10298 10311 10300
f 10303 10312 10304
f 10314 10313 10312
f 10313 10304 10312
f 10313 10306 10304
f 10313 9495 9490
f 10313 9490 10306
f 9496 10316 10315
f 10308 9496 10315
f 9492 9496 10308
f 10316 10317 10315
f 10320 10319 10318
f 10318 10321 10320
f 10324 10323 10322
f 10322 10325 10324
f 10328 10327 10326
f 10330 10329 10326
f 10326 10329 10328
f 10330 10331 10329
f 10334 10333 10332
f 10332 10335 10334
f 10338 10337 10336
f 10340 10339 10336
f 10336 10339 10338
f 10342 10341 10340
f 10340 10341 10339
f 10344 10343 10342
f 10342 10343 10341
f 10346 10345 10344
f 10344 10345 10343
f 10346 10347 10345
f 10313 10314 10348
f 10348 10314 10349
f 10348 9498 9495
f 10348 9495 10313
f 9499 10316 9496
f 10350 10317 10316
f 9499 10350 10316
f 9500 10350 9499
f 9500 10319 10350
f 10319 9500 10318
f 9501 10318 9500
f 10318 9501 10351
f 10352 10351 9501
f 10318 10351 10321
f 10353 9503 9504
f 9505 10353 9504
f 10354 9507 9508
f 9509 10354 9508
f 10357 10356 10355
f 10358 10322 10323
f 10355 10359 10357
f 10322 10358 10325
f 10327 10360 10326
f 10326 10360 10330
f 10330 10360 10361
f 10330 10361 10331
f 10333 10362 10332
f 10332 10362 10335
f 10336 10337 10363
f 10363 10337 10364
f 10336 10365 10340
f 10336 10363 10365
f 10340 10366 10342
f 10340 10365 10366
f 10342 10367 10344
f 10342 10366 10367
f 10344 10368 10346
f 10344 10367 10368
f 10347 10346 10369
f 10369 10346 10368
f 10348 10349 10370
f 10370 10349 10371
f 10370 9510 9498
f 10370 9498 10348
f 9513 10372 9512
f 10352 9501 10373
f 9501 10372 10373
f 10372 10374 10373
f 9501 9512 10372
f 10374 10375 10373
f 10376 9516 10353
f 10353 9516 9503
f 9517 10377 9505
f 10377 10353 9505
f 10377 10376 10353
f 10377 9517 9519
f 10380 10379 10378
f 10378 10381 10380
f 10383 10382 9523
f 9523 10382 9522
f 9523 9507 10383
f 10354 10383 9507
f 10383 10354 10384
f 9524 10384 10354
f 10384 9524 9525
f 9524 10354 9509
f 10387 10386 10385
f 9527 9528 10388
f 10385 10386 10389
f 9529 10390 9528
f 9528 10390 10388
f 10390 9529 9531
f 10393 10392 10391
f 10393 10391 10356
f 10391 10355 10356
f 10391 10394 10355
f 10395 9534 9535
f 10355 10396 10359
f 10396 10355 10394
f 10395 9535 10397
f 9535 10398 10397
f 9535 9536 10398
f 10400 10399 9538
f 10399 9536 9538
f 10399 10398 9536
f 9540 9541 10400
f 9541 10399 10400
f 9541 10401 10399
f 10402 9541 9542
f 10402 10401 9541
f 10404 10402 10403
f 10402 9543 10403
f 10402 9542 9543
f 9544 10405 9543
f 9543 10405 10403
f 10405 9544 10406
f 9544 10407 10406
f 9544 9546 10407
f 10409 10408 9548
f 10408 9546 9548
f 10408 10407 9546
f 10409 10410 10408
f 10411 9551 9552
f 10411 9552 10412
f 9552 10413 10412
f 9552 9553 10413
f 9553 9555 10413
f 10413 9555 10414
f 10416 10415 9558
f 9558 10415 9557
f 9558 9559 10416
f 10416 9559 10417
f 10420 10419 10418
f 10422 10421 10418
f 10418 10421 10420
f 10424 10423 10422
f 10422 10423 10421
f 10426 10425 10424
f 10424 10425 10423
f 10428 10427 10426
f 10427 10363 10426
f 10364 10425 10426
f 10364 10426 10363
f 10363 10427 10365
f 10365 10427 10429
f 10431 10430 10429
f 10430 10365 10429
f 10430 10366 10365
f 10430 9561 9562
f 10367 10430 9562
f 10366 10430 10367
f 10367 9562 9563
f 10432 10367 9563
f 10368 10367 10432
f 10369 10368 10433
f 10368 10434 10433
f 10368 10432 10434
f 10436 10435 10434
f 10434 10435 10433
f 10438 10437 10436
f 10436 10437 10435
f 10437 10438 10371
f 10438 10370 10371
f 10438 10439 10370
f 10439 9564 9510
f 10439 9510 10370
f 9565 10372 9513
f 10372 9565 9566
f 10372 9566 10374
f 9566 9568 10374
f 9568 10375 10374
f 9568 10440 10375
f 10441 9569 9570
f 9571 10442 9570
f 9570 10442 10441
f 10443 10442 9571
f 10443 9571 9516
f 10444 10443 9516
f 10376 10444 9516
f 10444 10376 10377
f 10444 10377 10445
f 10445 10378 10379
f 10445 9575 10378
f 10445 10377 9519
f 9575 10445 9519
f 10446 10381 10378
f 9575 10446 10378
f 9577 10446 9575
f 9577 9522 10382
f 9577 10382 10446
f 10447 10384 9525
f 10447 9525 9581
f 9582 10386 10387
f 10447 9582 10387
f 9581 9582 10447
f 9582 10389 10386
f 9582 10448 10389
f 9582 9527 10388
f 10448 9582 10388
f 10448 10388 10390
f 10448 10390 10449
f 10449 10391 10392
f 10449 9586 10391
f 10449 10390 9531
f 9586 10449 9531
f 10391 9586 9587
f 10450 10391 9587
f 10394 10391 10450
f 10453 10452 10451
f 10453 10451 10396
f 10453 10396 10394
f 10453 10394 10450
f 10453 10450 9588
f 10453 9588 9534
f 10453 9534 10395
f 10453 10395 10452
f 9589 9590 10454
f 10397 10455 10395
f 10452 10395 10455
f 9594 10400 9538
f 9593 9589 10454
f 10456 9594 9596
f 10456 10400 9594
f 10456 9595 9540
f 10400 10456 9540
f 10456 9597 9595
f 10457 10404 10403
f 10458 9600 9599
f 10403 10459 10457
f 10459 10403 10405
f 10405 10406 10459
f 9600 10458 9601
f 9602 10409 9548
f 10460 10410 10409
f 9602 10460 10409
f 9603 10460 9602
f 10462 10461 9605
f 10461 9603 9605
f 10461 10460 9603
f 10463 10461 10411
f 10461 9607 10411
f 9607 9551 10411
f 10461 10462 9607
f 10463 10411 10412
f 9611 10465 10464
f 10414 9611 10464
f 9555 9611 10414
f 10465 10466 9612
f 10415 10465 9612
f 9557 10415 9612
f 10465 10415 10464
f 10467 9616 9615
f 9616 10467 10466
f 10417 10466 10467
f 10466 10417 9612
f 9559 9612 10417
f 9617 10418 10419
f 10467 9617 10419
f 9615 9617 10467
f 10418 9617 9618
f 10418 9618 10422
f 10422 9618 9620
f 10468 10422 9620
f 10424 10422 10468
f 10468 9622 9621
f 10426 10468 9621
f 10424 10468 10426
f 10469 10428 10426
f 9621 10469 10426
f 9624 10469 9621
f 10470 9624 9626
f 10470 10469 9624
f 9628 10430 10431
f 10470 9628 10431
f 9626 9628 10470
f 10430 9628 9561
f 9631 10471 10432
f 9631 10432 9563
f 10471 9633 9634
f 10434 10471 9634
f 10432 10471 10434
f 10434 9634 9635
f 10434 9635 10436
f 10436 9635 9636
f 10436 9636 10438
f 10438 9636 9637
f 10438 9637 10439
f 10439 9637 9564
f 9639 10440 9568
f 9639 10472 10440
f 10473 9642 10441
f 10441 9642 9569
f 10442 10475 10474
f 10473 10442 10474
f 10441 10442 10473
f 10475 10442 10443
f 9648 10476 9649
f 10476 9650 9649
f 9651 10450 9587
f 10452 10477 10451
f 9588 10450 9651
f 10452 10455 10477
f 10478 9590 9653
f 9590 10478 10454
f 10478 9654 9593
f 10478 9593 10454
f 9655 10456 9596
f 10456 9655 9597
f 9658 10458 9599
f 10458 9658 9601
f 9662 10462 9605
f 10462 9662 9607
f 9663 10465 9611
f 10465 9663 9664
f 10465 9664 10466
f 10466 9664 9616
f 9666 10468 9620
f 10468 9666 9622
f 9669 10471 9631
f 10471 9669 9633
f 10479 10472 9639
f 10479 9639 9671
f 9672 9642 10473
f 9673 10480 9671
f 10481 9671 10480
f 9671 10481 10479
f 9674 10481 10480
f 9674 10474 10481
f 9674 9672 10473
f 10474 9674 10473
f 9675 10482 9676
f 10482 9677 9676
f 9679 10483 9680
f 10483 9682 9680
f 9684 10484 10476
f 9684 10476 9648
f 10484 9685 9650
f 10484 9650 10476
f 9689 10485 9688
f 10485 9690 9688
f 9691 10478 9653
f 10478 9691 9654
f 9694 10480 9673
f 10480 9694 9674
f 9695 10482 9675
f 10482 9695 9677
f 9697 10483 9679
f 10483 9697 9682
f 9698 10484 9684
f 10484 9698 9685
f 9699 10485 9689
f 10485 9699 9690
f 9704 10486 9703
f 10487 9706 9703
f 10487 9703 10486
f 10487 9708 9706
f 9711 10488 9710
f 10489 9713 9710
f 10489 9710 10488
f 10489 9714 9713
f 10492 10491 10490
f 10493 10490 10491
f 9717 10494 9716
f 10495 9718 9716
f 10495 9716 10494
f 10495 9720 9718
f 10498 10497 10496
f 10500 10499 10496
f 10500 10496 10497
f 10502 10501 10499
f 10502 10499 10500
f 10503 10501 10502
f 10505 10504 9724
f 10505 9724 9723
f 10504 10507 10506
f 9726 10504 10506
f 9724 10504 9726
f 10506 9727 9726
f 10509 10508 9728
f 10509 9728 9729
f 10511 10510 9731
f 9728 10511 9731
f 10508 10511 9728
f 10512 10510 10511
f 10514 10513 9734
f 10514 9734 9735
f 9737 9734 10513
f 9737 10513 10515
f 10518 10517 10516
f 10519 10516 10517
f 9740 10520 9739
f 10521 9741 9739
f 10521 9739 10520
f 10521 9743 9741
f 9744 10486 9704
f 10486 9744 9745
f 10486 9745 10487
f 10487 10522 9708
f 10522 10487 10523
f 9745 10523 10487
f 10523 9745 10524
f 9708 10524 9745
f 10524 9708 10522
f 10526 10525 10524
f 10526 10524 10522
f 9747 9748 10525
f 10526 9747 10525
f 10527 9747 10526
f 9749 9747 10527
f 9749 10527 10528
f 9751 10529 9752
f 9752 10529 10530
f 10531 9752 10530
f 9753 9752 10531
f 10532 9755 9754
f 9753 10488 9711
f 10488 9753 10533
f 10531 10533 9753
f 9756 10532 9754
f 10532 9756 10534
f 10489 10534 9756
f 10534 10489 10533
f 10488 10533 10489
f 10489 9756 9714
f 10492 10536 10535
f 10492 9758 10536
f 10492 10490 9759
f 9758 10492 9759
f 9760 9759 10537
f 10538 9760 10537
f 10539 10538 10537
f 10536 10539 10537
f 10535 10536 10537
f 10493 10535 10537
f 10490 10493 10537
f 9759 10490 10537
f 9717 9760 10494
f 9760 10540 10494
f 9760 10538 10540
f 10494 10540 10495
f 10495 10540 10541
f 10541 10543 10542
f 10541 10542 9762
f 10495 10541 9762
f 9720 10495 9762
f 10544 10498 10496
f 9762 10544 10496
f 9763 9762 10496
f 10544 9762 10542
f 9763 10496 9764
f 9764 10496 10499
f 9764 10499 9765
f 9765 10499 10501
f 9767 9765 10501
f 10503 9767 10501
f 10545 9767 10503
f 10548 10547 10546
f 10547 10505 10546
f 10505 9770 10546
f 10505 9723 9770
f 10507 10549 10506
f 9773 9727 10506
f 10550 9773 10506
f 10549 10550 10506
f 9773 10550 10551
f 10553 10552 9774
f 10551 9774 10552
f 9774 10551 9729
f 10550 9729 10551
f 9729 10550 10509
f 9774 9731 10510
f 10554 9774 10510
f 10553 9774 10554
f 10557 10556 10555
f 10512 10554 10510
f 9778 9777 10556
f 10557 9778 10556
f 10558 9778 10557
f 9778 10559 9780
f 10558 10559 9778
f 10559 10561 10560
f 9781 10559 10560
f 9780 10559 9781
f 9781 10560 10562
f 10563 9781 10562
f 9784 9781 10563
f 9735 9784 10514
f 10514 9784 10563
f 10515 9786 9737
f 10564 9786 10515
f 10565 10518 10516
f 10565 10516 10519
f 9789 10520 9740
f 10520 9789 9790
f 10566 10520 9790
f 10521 10520 10566
f 10566 9791 9743
f 10566 9743 10521
f 10569 10568 10567
f 10570 10567 10568
f 9795 9794 10571
f 10524 10572 10523
f 9795 10571 9797
f 10573 9797 10571
f 9797 10573 10525
f 10572 10525 10573
f 10525 10572 10524
f 9797 10525 9748
f 10576 10575 10574
f 10579 10578 10577
f 10575 10579 10577
f 10574 10575 10577
f 10528 10574 10577
f 9749 10528 10577
f 9800 9749 10577
f 10580 9800 10577
f 10578 10580 10577
f 9802 9801 10580
f 10578 9802 10580
f 10581 9802 10578
f 10581 10583 10582
f 9804 10581 10582
f 9802 10581 9804
f 9751 9807 10529
f 10585 9805 10584
f 9804 10584 9805
f 10584 9804 10586
f 10582 10586 9804
f 9808 10529 9807
f 10529 9808 10530
f 10587 10530 9808
f 10530 10587 10584
f 10585 10584 10587
f 10532 9811 9755
f 10589 9810 10588
f 9810 10589 9808
f 10590 9808 10589
f 9808 10590 10587
f 9813 10589 10588
f 9813 10534 10589
f 9813 9811 10532
f 10534 9813 10532
f 9814 10591 9815
f 9815 10591 10592
f 10593 9815 10592
f 9816 9815 10593
f 9758 9816 10536
f 9816 10594 10536
f 9816 10593 10594
f 10536 10594 10539
f 10543 10595 10542
f 10542 10595 10544
f 10545 9818 9767
f 10596 9818 10545
f 10548 10546 9819
f 9820 10548 9819
f 10597 10548 9820
f 9819 10546 9770
f 10551 9821 9773
f 10552 10598 10551
f 10598 9821 10551
f 10598 9822 9821
f 9822 10599 9823
f 10598 10599 9822
f 10556 9824 10555
f 9824 10599 10555
f 9824 9823 10599
f 9824 10556 9777
f 10560 10561 10600
f 10600 10561 10601
f 10562 10560 10602
f 10560 10603 10602
f 10560 10600 10603
f 10603 10604 10602
f 10564 10605 9786
f 9786 10605 9825
f 9825 10606 9826
f 10605 10606 9825
f 9826 10607 9827
f 10606 10607 9826
f 9827 10608 9828
f 10607 10608 9827
f 10610 10609 9830
f 9828 10610 9830
f 10608 10610 9828
f 10610 10611 10566
f 9831 10610 10566
f 9790 9831 10566
f 10609 10610 9831
f 10611 10613 10612
f 10611 10612 9832
f 10566 10611 9832
f 9791 10566 9832
f 10614 10569 10567
f 9832 10614 10567
f 9833 9832 10567
f 10614 9832 10612
f 9834 9833 10567
f 10615 9834 10567
f 10570 10615 10567
f 10616 9834 10615
f 10571 9794 9834
f 10616 10571 9834
f 10617 10571 10616
f 10573 10571 10618
f 10618 10571 10617
f 10576 10619 10575
f 10580 9835 9800
f 10619 10579 10575
f 9835 10580 9801
f 10583 10620 10582
f 10585 9836 9805
f 10620 10586 10582
f 9836 10585 9837
f 9837 10585 10587
f 10587 10590 9837
f 10590 10621 9837
f 10588 9810 9837
f 10588 9837 10621
f 10588 10621 9813
f 10621 9838 9813
f 10621 10622 9838
f 9814 9838 10591
f 9838 10623 10591
f 9838 10622 10623
f 10591 10623 10592
f 10596 9840 9818
f 10624 9840 10596
f 10626 10625 9841
f 10626 9841 9842
f 9820 9841 10597
f 10597 9841 10625
f 10601 10627 10600
f 10600 10627 10603
f 10603 10627 10628
f 10603 10628 10604
f 10609 9843 9830
f 9843 10609 9831
f 10613 10629 10612
f 10612 10629 10614
f 10615 10630 10616
f 10616 10630 10617
f 10617 10630 10631
f 10617 10631 10618
f 10624 10632 9840
f 9840 10632 9844
f 9846 9844 10632
f 9846 10632 10633
f 9848 10626 9842
f 9848 10634 10626
f 10633 10635 9846
f 9846 10635 9849
f 9850 9849 10635
f 9850 10635 10636
f 10639 10638 10637
f 10638 10634 10637
f 10634 9851 10637
f 10634 9848 9851
f 10636 9852 9850
f 10640 9852 10636
f 10639 10637 10641
f 10639 10641 10642
f 9853 10641 9851
f 9851 10641 10637
f 10640 9854 9852
f 10643 9854 10640
f 10642 10645 10644
f 10642 9857 10645
f 10642 10641 9856
f 9857 10642 9856
f 10641 9853 9856
f 10646 10644 10645
f 10643 9858 9854
f 10647 9858 10643
f 10645 9857 9860
f 10650 10649 10648
f 10649 10650 9861
f 10650 10646 9861
f 10645 9860 9861
f 10645 9861 10646
f 10647 9864 9858
f 10651 9864 10647
f 9867 9865 10652
f 10649 10653 10648
f 10653 10649 10654
f 10649 9861 10654
f 9867 10652 10654
f 9867 10654 9861
f 10651 9870 9864
f 10655 9870 10651
f 9872 10656 10652
f 9872 10652 9865
f 10654 10652 10657
f 10657 10652 10656
f 10655 9875 9870
f 10658 9875 10655
f 9876 10659 10656
f 9876 10656 9872
f 10657 10656 10660
f 10660 10656 10659
f 10663 10662 10661
f 10661 10664 10663
f 10667 10666 10665
f 10665 10668 10667
f 10671 10670 10669
f 10673 10672 10669
f 10669 10672 10671
f 10673 10674 10672
f 10658 9877 9875
f 10675 9877 10658
f 9878 10676 10659
f 9878 10659 9876
f 10660 10659 10677
f 10677 10659 10676
f 10680 10679 10678
f 10680 10678 10662
f 10678 10661 10662
f 10678 10681 10661
f 10664 10661 10682
f 10661 10683 10682
f 10661 10681 10683
f 10683 10684 10682
f 10687 10686 10685
f 10685 10688 10687
f 10691 10690 10689
f 10689 10692 10691
f 10666 10693 10665
f 10696 10695 10694
f 10665 10693 10668
f 10695 10697 10694
f 10669 10670 10698
f 10698 10670 10699
f 10701 10673 10700
f 10673 10698 10700
f 10673 10669 10698
f 10673 10701 10674
f 10675 9879 9877
f 10702 9879 10675
f 9880 10703 10676
f 9880 10676 9878
f 10677 10676 10704
f 10704 10676 10703
f 10679 10705 10678
f 10678 10705 10681
f 10681 10705 10706
f 10681 10706 10683
f 10683 10706 10707
f 10707 10708 10683
f 10708 10709 10683
f 10710 10684 10683
f 10710 10683 10709
f 10712 10711 10709
f 10711 10685 10709
f 10686 10710 10709
f 10686 10709 10685
f 10711 10713 10685
f 10713 10714 10685
f 10715 10688 10685
f 10715 10685 10714
f 10714 10716 10715
f 10719 10718 10717
f 10721 10720 10717
f 10717 10720 10719
f 10721 10722 10720
f 10725 10724 10723
f 10723 10726 10725
f 10729 10728 10727
f 10731 10730 10727
f 10727 10730 10729
f 10730 10731 10690
f 10731 10689 10690
f 10731 10732 10689
f 10692 10689 10733
f 10689 10734 10733
f 10689 10732 10734
f 10734 10735 10733
f 10738 10737 10736
f 10740 10739 10736
f 10736 10739 10738
f 10742 10741 10740
f 10740 10741 10739
f 10741 10742 10696
f 10742 10695 10696
f 10742 10743 10695
f 10697 10695 10744
f 10744 10695 10743
f 10699 10745 10698
f 10698 10745 10700
f 10702 9882 9879
f 10746 9882 10702
f 9883 10747 10703
f 9883 10703 9880
f 10704 10703 10748
f 10748 10703 10747
f 10751 10750 10749
f 10753 10752 10749
f 10749 10752 10751
f 10755 10754 10753
f 10753 10754 10752
f 10757 10756 10755
f 10756 10709 10755
f 10708 10754 10755
f 10708 10755 10709
f 10709 10756 10712
f 10713 10758 10714
f 10758 10759 10714
f 10759 10760 10714
f 10761 10716 10714
f 10761 10714 10760
f 10763 10762 10760
f 10762 10717 10760
f 10718 10761 10760
f 10718 10760 10717
f 10765 10764 10762
f 10764 10717 10762
f 10764 10721 10717
f 10722 10721 10766
f 10721 10767 10766
f 10721 10764 10767
f 10769 10768 10767
f 10768 10723 10767
f 10724 10766 10767
f 10724 10767 10723
f 10768 10770 10723
f 10770 10771 10723
f 10772 10726 10723
f 10772 10723 10771
f 10772 10771 10728
f 10771 10727 10728
f 10771 10773 10727
f 10727 10774 10731
f 10727 10773 10774
f 10731 10775 10732
f 10731 10774 10775
f 10777 10734 10776
f 10734 10775 10776
f 10734 10732 10775
f 10777 10778 10734
f 10778 10779 10734
f 10780 10735 10734
f 10780 10734 10779
f 10780 10779 10737
f 10779 10736 10737
f 10779 10781 10736
f 10736 10782 10740
f 10736 10781 10782
f 10784 10742 10783
f 10742 10782 10783
f 10742 10740 10782
f 10786 10785 10784
f 10785 10742 10784
f 10785 10743 10742
f 10744 10743 10787
f 10787 10743 10785
f 10790 10789 10788
f 10788 10791 10790
f 10794 10793 10792
f 10792 10795 10794
f 10746 9884 9882
f 10796 9884 10746
f 9885 10747 9883
f 9885 9887 10747
f 9887 10748 10747
f 9887 10797 10748
f 10800 10799 10798
f 10798 10801 10800
f 10804 10803 10802
f 10805 10749 10750
f 10802 10806 10804
f 10749 10805 10753
f 10753 10805 10807
f 10808 9889 9890
f 10753 10808 9890
f 10755 10753 9890
f 10807 10808 10753
f 9890 9891 10755
f 9891 10757 10755
f 9891 10809 10757
f 10812 10811 10810
f 10812 10810 10759
f 10810 10760 10759
f 10810 10813 10760
f 10763 10760 10814
f 10760 10815 10814
f 10760 10813 10815
f 10816 10764 10765
f 10815 10817 10814
f 10819 10818 10816
f 10818 10764 10816
f 10818 10767 10764
f 10769 10767 10820
f 10767 10821 10820
f 10767 10818 10821
f 10822 10771 10770
f 10821 10823 10820
f 10825 10824 10822
f 10824 10771 10822
f 10824 10773 10771
f 10827 10774 10826
f 10774 10824 10826
f 10774 10773 10824
f 10774 10827 10775
f 10775 10827 10828
f 10828 10829 10775
f 10829 10830 10775
f 10831 10776 10775
f 10831 10775 10830
f 10833 10832 10830
f 10832 10779 10830
f 10778 10831 10830
f 10778 10830 10779
f 10835 10834 10832
f 10834 10779 10832
f 10834 10781 10779
f 10781 10836 10782
f 10781 10834 10836
f 10783 10782 10837
f 10782 10838 10837
f 10782 10836 10838
f 10837 10838 10786
f 10838 10785 10786
f 10838 10839 10785
f 10787 10785 10840
f 10785 10841 10840
f 10785 10839 10841
f 10843 10842 10841
f 10842 10788 10841
f 10789 10840 10841
f 10789 10841 10788
f 10842 10844 10788
f 10844 10845 10788
f 10846 10791 10788
f 10846 10788 10845
f 10846 10845 10793
f 10845 10792 10793
f 10845 10847 10792
f 10795 10792 10848
f 10792 10849 10848
f 10792 10847 10849
f 10851 10850 10849
f 10849 10850 10848
f 10851 10852 10850
f 10854 10853 9894
f 9894 10853 9893
f 9894 9884 10796
f 9894 10796 10854
f 9896 10797 9887
f 9896 10855 10797
f 10799 10856 10798
f 10798 10856 10801
f 10803 10857 10802
f 10802 10857 10806
f 9897 9889 10858
f 9889 10859 10858
f 9889 10808 10859
f 10858 10860 9897
f 10860 9891 9897
f 10860 10809 9891
f 10863 10862 10861
f 10863 10861 10811
f 10811 10861 10810
f 10861 9899 10810
f 9899 9900 10810
f 10810 9900 9901
f 10810 9901 10813
f 10813 9901 9903
f 10864 10813 9903
f 10815 10813 10864
f 10817 10815 10865
f 10815 10866 10865
f 10815 10864 10866
f 10865 10866 10819
f 10866 10818 10819
f 10866 10867 10818
f 10869 10821 10868
f 10821 10867 10868
f 10821 10818 10867
f 10872 10871 10870
f 10821 10869 10823
f 10870 10871 10825
f 10871 10824 10825
f 10871 10873 10824
f 9906 10874 9905
f 10874 10824 9905
f 10824 10873 9905
f 10824 10874 10826
f 10876 10875 9907
f 10875 9906 9907
f 10875 10874 9906
f 10875 10876 10829
f 10876 10830 10829
f 10876 10877 10830
f 10833 10830 10878
f 10878 10830 10877
f 10834 10835 10879
f 10879 10835 10880
f 10882 10836 10881
f 10836 10879 10881
f 10836 10834 10879
f 10836 10882 10838
f 10838 10882 10883
f 10838 10883 10839
f 10839 10883 10884
f 10839 10884 10841
f 10841 10884 10885
f 10841 10885 10843
f 10845 10844 10886
f 10886 10844 10887
f 10889 10847 10888
f 10847 10886 10888
f 10847 10845 10886
f 10891 10890 10889
f 10890 10847 10889
f 10890 10849 10847
f 10849 10892 10851
f 10849 10890 10892
f 10852 10851 10893
f 10893 10851 10892
f 10853 10894 9893
f 9893 10894 9908
f 9909 9908 10894
f 9909 10894 10895
f 9910 10855 9896
f 9910 10896 10855
f 10899 10898 10897
f 10897 10900 10899
f 10903 10902 10901
f 10903 10901 10859
f 10901 10858 10859
f 10901 10904 10858
f 10860 10858 10905
f 10858 10906 10905
f 10858 10904 10906
f 10908 10907 10906
f 10907 10861 10906
f 10862 10905 10906
f 10862 10906 10861
f 10907 10910 10909
f 10907 10909 9911
f 10861 10907 9911
f 9899 10861 9911
f 9911 10909 10911
f 10912 9911 10911
f 9912 9911 10912
f 10912 9903 9912
f 9903 10912 10864
f 10913 10864 10912
f 10864 10913 9913
f 9915 9913 10913
f 10864 9913 9916
f 10864 9916 10866
f 10866 9916 9918
f 10866 9918 10867
f 10915 10914 9920
f 9920 10914 9918
f 10914 10868 9918
f 10868 10867 9918
f 10914 10915 10872
f 10872 10915 10871
f 10915 9922 10871
f 9922 9923 10871
f 10871 9923 9924
f 10916 10871 9924
f 10873 10871 10916
f 10917 9925 9905
f 10873 10917 9905
f 10916 10917 10873
f 10876 9907 9925
f 10917 10876 9925
f 10918 10876 10917
f 10920 10877 10919
f 10877 10918 10919
f 10877 10876 10918
f 10920 10921 10877
f 10921 10922 10877
f 10923 10878 10877
f 10923 10877 10922
f 10925 10924 10922
f 10924 10879 10922
f 10880 10923 10922
f 10880 10922 10879
f 10926 9927 9928
f 10924 10881 10879
f 10928 10926 10927
f 10926 9928 10927
f 9929 10929 10927
f 9929 10927 9928
f 10931 10930 10929
f 10929 10930 10927
f 10933 10932 10931
f 10931 10932 10930
f 10935 10934 10933
f 10933 10934 10932
f 10934 10935 10887
f 10935 10886 10887
f 10935 10936 10886
f 10888 10886 10937
f 10886 10938 10937
f 10886 10936 10938
f 10937 10938 10891
f 10938 10890 10891
f 10938 10939 10890
f 10941 10892 10940
f 10892 10939 10940
f 10892 10890 10939
f 10892 10941 10893
f 10944 10943 10942
f 10942 10945 9930
f 10895 10942 9930
f 9909 10895 9930
f 10942 10895 10944
f 10945 9931 9930
f 9933 10896 9910
f 9933 10946 10896
f 10949 10948 10947
f 10950 10897 10898
f 10947 10951 10949
f 10954 10953 10952
f 10897 10950 10900
f 10952 10953 10902
f 10953 10901 10902
f 10953 10955 10901
f 10901 10956 10904
f 10901 10955 10956
f 10904 10957 10906
f 10904 10956 10957
f 10908 10906 10958
f 10906 10959 10958
f 10906 10957 10959
f 10958 10959 10910
f 10959 10909 10910
f 10959 10960 10909
f 10911 10909 10961
f 10909 10962 10961
f 10909 10960 10962
f 10962 10963 9934
f 10913 10962 9934
f 9915 10913 9934
f 10962 10913 10961
f 10964 9935 9934
f 10964 9934 10963
f 10965 9936 9935
f 10965 9935 10964
f 10915 9920 9936
f 10965 10915 9936
f 10966 10915 10965
f 10967 9937 9922
f 10915 10967 9922
f 10966 10967 10915
f 10916 9924 9937
f 10967 10916 9937
f 10968 10916 10967
f 10968 9939 9940
f 10917 10968 9940
f 10916 10968 10917
f 10917 9940 9941
f 10969 10917 9941
f 10918 10917 10969
f 10919 10918 10970
f 10918 10971 10970
f 10918 10969 10971
f 10970 10971 10921
f 10971 10922 10921
f 10971 10972 10922
f 10925 10922 10973
f 10922 10974 10973
f 10922 10972 10974
f 10926 9942 9927
f 10974 10975 10973
f 10975 10974 10976
f 10978 10929 10977
f 10976 10978 10977
f 10975 10976 10977
f 10928 10975 10977
f 10926 10928 10977
f 9942 10926 10977
f 9929 9942 10977
f 10929 9929 10977
f 10929 10979 10931
f 10929 10978 10979
f 10931 10980 10933
f 10931 10979 10980
f 10933 10981 10935
f 10933 10980 10981
f 10981 9944 9945
f 10936 10981 9945
f 10935 10981 10936
f 10938 10936 10982
f 10936 9946 10982
f 9946 10983 10982
f 9946 10936 9945
f 10985 10984 10982
f 10984 10938 10982
f 10984 10939 10938
f 10940 10939 10986
f 10939 10987 10986
f 10939 10984 10987
f 10987 10988 10986
f 10942 10943 9949
f 10943 9948 9949
f 10943 10989 9948
f 10942 9949 9950
f 10942 9950 10945
f 10945 9950 9931
f 9951 10991 10990
f 10946 9951 10990
f 9933 9951 10946
f 10991 10992 10990
f 10948 10993 10947
f 10996 10995 10994
f 10947 10993 10951
f 10994 10995 10954
f 10995 10953 10954
f 10995 10997 10953
f 10953 10998 10955
f 10953 10997 10998
f 11000 10956 10999
f 10956 10998 10999
f 10956 10955 10998
f 11002 11001 11000
f 11001 10956 11000
f 11001 10957 10956
f 10957 11003 10959
f 10957 11001 11003
f 11003 9953 9954
f 10960 11003 9954
f 10959 11003 10960
f 10960 9954 9955
f 11004 10960 9955
f 10962 10960 11004
f 10962 11005 10963
f 10962 11004 11005
f 10963 11006 10964
f 10963 11005 11006
f 10964 11007 10965
f 10964 11006 11007
f 11007 9957 9958
f 10966 11007 9958
f 10965 11007 10966
f 10966 9958 9959
f 11008 10966 9959
f 10967 10966 11008
f 10967 11009 10968
f 10967 11008 11009
f 11010 9960 9939
f 10968 11010 9939
f 11009 11010 10968
f 11010 9941 9960
f 11010 10969 9941
f 11010 9963 9961
f 10969 11010 9961
f 10969 9961 9964
f 11011 10969 9964
f 10971 10969 11011
f 10971 11012 10972
f 10971 11011 11012
f 10972 11013 10974
f 10972 11012 11013
f 10974 11014 10976
f 10974 11013 11014
f 10976 11015 10978
f 10976 11014 11015
f 10978 11016 10979
f 10978 11015 11016
f 10979 11017 10980
f 10979 11016 11017
f 10980 11018 10981
f 10980 11017 11018
f 10981 11018 9944
f 11018 11019 9944
f 11019 9965 9944
f 11018 11020 11019
f 9946 11021 10983
f 11021 9946 11022
f 9965 11022 9946
f 11022 9965 11023
f 11019 11023 9965
f 11021 11022 10985
f 11022 10984 10985
f 11022 11024 10984
f 10984 11025 10987
f 10984 11024 11025
f 10988 10987 11026
f 11026 10987 11025
f 11028 9967 11027
f 9967 10989 11027
f 9967 9948 10989
f 11029 11028 11027
f 9968 11030 10991
f 9968 10991 9951
f 10992 10991 11031
f 11031 10991 11030
f 11034 11033 11032
f 11036 11035 11032
f 11032 11035 11034
f 11035 11036 10996
f 11036 10995 10996
f 11036 11037 10995
f 11039 10997 11038
f 10997 11037 11038
f 10997 10995 11037
f 11041 11040 11039
f 11040 10997 11039
f 11040 10998 10997
f 10999 10998 11042
f 10998 11043 11042
f 10998 11040 11043
f 11042 11043 11002
f 11043 11001 11002
f 11043 11044 11001
f 11046 11003 11045
f 11003 11044 11045
f 11003 11001 11044
f 11046 11048 11047
f 11046 11047 9969
f 11003 11046 9969
f 9953 11003 9969
f 11004 9955 9969
f 11047 11004 9969
f 11049 11004 11047
f 11004 11050 11005
f 11004 11049 11050
f 11050 9971 9972
f 11006 11050 9972
f 11005 11050 11006
f 11006 9972 9973
f 11051 11006 9973
f 11007 11006 11051
f 11051 9975 9957
f 11051 9957 11007
f 9976 11008 9959
f 11008 9976 9978
f 11052 11008 9978
f 11009 11008 11052
f 11009 11053 11010
f 11009 11052 11053
f 11053 9980 9963
f 11053 9963 11010
f 9981 11054 11011
f 9981 11011 9964
f 11011 11055 11012
f 11011 11054 11055
f 11058 11057 11056
f 11013 9983 9984
f 9983 11013 11055
f 11012 11055 11013
f 11057 11059 11056
f 11060 9984 9985
f 9984 11060 11013
f 11014 11013 11060
f 11014 11061 11015
f 11014 11060 11061
f 11061 9987 9988
f 11016 11061 9988
f 11015 11061 11016
f 11016 9988 9989
f 11016 9989 11017
f 11017 9989 9991
f 11062 11017 9991
f 11018 11017 11062
f 11020 11018 11063
f 11018 11064 11063
f 11018 11062 11064
f 11063 11064 11023
f 11064 11022 11023
f 11064 11065 11022
f 11022 11066 11024
f 11022 11065 11066
f 11068 11025 11067
f 11025 11066 11067
f 11025 11024 11066
f 11025 11068 11026
f 11070 11069 11028
f 11069 9967 11028
f 11069 9993 9967
f 11070 11028 11029
f 9994 11071 11030
f 9994 11030 9968
f 11031 11030 11072
f 11072 11030 11071
f 11075 11074 11073
f 11077 11076 11073
f 11073 11076 11075
f 11077 11078 11076
f 11081 11080 11079
f 11079 11082 11081
f 11032 11033 11083
f 11083 11033 11084
f 11032 11085 11036
f 11032 11083 11085
f 11036 11086 11037
f 11036 11085 11086
f 11038 11037 11087
f 11037 11088 11087
f 11037 11086 11088
f 11087 11088 11041
f 11088 11040 11041
f 11088 11089 11040
f 11089 9996 9997
f 11043 11089 9997
f 11040 11089 11043
f 11043 9997 9998
f 11043 9998 11044
f 11091 11090 10000
f 10000 11090 9998
f 11090 11045 9998
f 11045 11044 9998
f 11090 11091 11048
f 11091 11047 11048
f 11091 11092 11047
f 11047 11093 11049
f 11047 11092 11093
f 11049 11094 11050
f 11049 11093 11094
f 11095 10001 9971
f 11050 11095 9971
f 11094 11095 11050
f 10004 11051 9973
f 10002 10001 11095
f 11051 10004 9975
f 10006 11096 10007
f 10010 11052 9978
f 10008 10007 11096
f 11052 10010 10011
f 11097 11052 10011
f 11053 11052 11097
f 11097 10013 9980
f 11097 9980 11053
f 10014 11054 9981
f 11054 10014 10016
f 11098 11054 10016
f 11055 11054 11098
f 11099 11058 11056
f 10018 9983 11098
f 11055 11098 9983
f 11056 11059 11099
f 11100 9985 10019
f 9985 11100 11060
f 11060 11101 11061
f 11060 11100 11101
f 11102 10020 9987
f 11061 11102 9987
f 11101 11102 11061
f 10022 10020 11102
f 11105 11104 11103
f 9991 10023 11062
f 11105 11103 11106
f 11109 11108 11107
f 10023 10025 11062
f 11064 11062 10025
f 11107 11108 11110
f 11111 11107 11110
f 10027 11111 11110
f 10025 10027 11110
f 11064 10025 11110
f 11065 11064 11110
f 11112 11065 11110
f 11108 11112 11110
f 10027 10029 11111
f 11114 11112 11113
f 11112 11114 11065
f 11066 11065 11114
f 11067 11066 11115
f 11115 11066 11114
f 11118 11117 11116
f 10030 11120 11119
f 11120 10030 11116
f 9993 11116 10030
f 11116 9993 11118
f 11069 11118 9993
f 10031 10030 11119
f 10031 11119 11121
f 10032 11122 11071
f 10032 11071 9994
f 11072 11071 11123
f 11123 11071 11122
f 11126 11125 11124
f 11128 11127 11124
f 11127 11073 11124
f 11074 11126 11124
f 11074 11124 11073
f 11073 11127 11077
f 11077 11127 11129
f 11077 11129 11078
f 11079 11080 11130
f 11130 11080 11131
f 11082 11079 11132
f 11079 11133 11132
f 11079 11130 11133
f 11134 11083 11084
f 11133 11135 11132
f 11136 10034 10035
f 11083 11136 10035
f 11085 11083 10035
f 11134 11136 11083
f 11085 10035 10036
f 11085 10036 11086
f 11086 10036 10038
f 11137 11086 10038
f 11088 11086 11137
f 11088 11138 11089
f 11088 11137 11138
f 11139 10039 9996
f 11089 11139 9996
f 11138 11139 11089
f 11140 10040 10039
f 11140 10039 11139
f 11140 10000 10040
f 11140 11091 10000
f 11140 10043 10041
f 11091 11140 10041
f 11091 10041 10044
f 11091 10044 11092
f 11092 10044 10046
f 11141 11092 10046
f 11093 11092 11141
f 11093 11142 11094
f 11093 11141 11142
f 11142 10048 10049
f 11095 11142 10049
f 11094 11142 11095
f 11095 10049 10002
f 11145 11144 11143
f 10006 10052 11096
f 11143 11144 11146
f 11096 10052 10008
f 11148 11147 11097
f 10011 11148 11097
f 10055 11148 10011
f 10013 11097 11147
f 11149 10013 11147
f 10057 10013 11149
f 10059 11098 10016
f 10018 11098 10059
f 11152 11151 11150
f 11152 11153 11151
f 10019 10062 11100
f 11154 11100 10062
f 11100 11155 11101
f 11100 11154 11155
f 11157 11102 11156
f 11102 11155 11156
f 11102 11101 11155
f 11105 11158 11104
f 11159 11102 11157
f 11102 11159 10022
f 10064 10022 11159
f 11158 11105 11106
f 11109 11161 11160
f 11109 10066 11161
f 11109 11107 10065
f 10066 11109 10065
f 11111 11163 11162
f 11107 11111 11162
f 10065 11107 11162
f 10067 10065 11162
f 11164 10067 11162
f 11161 11164 11162
f 11160 11161 11162
f 11163 11160 11162
f 11165 11163 11111
f 11165 11111 10029
f 11165 10029 10067
f 11165 10067 11164
f 11165 11164 11166
f 11165 11166 11114
f 11165 11114 11113
f 11165 11113 11163
f 11115 11114 11167
f 11114 11168 11167
f 11114 11166 11168
f 11169 11116 11117
f 11168 11170 11167
f 11116 11169 11120
f 11121 10069 10031
f 11171 10069 11121
f 10070 11172 11122
f 10070 11122 10032
f 11123 11122 11173
f 11173 11122 11172
f 11124 11125 11174
f 11174 11125 11175
f 11128 11124 11176
f 11176 11124 11174
f 11179 11178 11177
f 11177 11180 11179
f 11130 11131 11181
f 11181 11131 11182
f 11130 11183 11133
f 11130 11181 11183
f 10073 11184 10072
f 11184 11133 10072
f 11133 11183 10072
f 11133 11184 11135
f 10073 10034 11136
f 10073 11136 11184
f 10075 11185 10076
f 11137 10038 10076
f 11185 11137 10076
f 11186 11137 11185
f 11137 11187 11138
f 11137 11186 11187
f 11187 10078 10079
f 11139 11187 10079
f 11138 11187 11139
f 11139 10079 10080
f 11188 11139 10080
f 11140 11139 11188
f 11188 10082 10043
f 11188 10043 11140
f 11190 11189 10084
f 11190 10084 10083
f 10046 10087 11141
f 11191 10084 11189
f 10084 11191 10085
f 11141 10087 10088
f 11141 10088 11142
f 11142 10088 10048
f 11193 11192 10092
f 11193 10092 10091
f 11143 11194 11145
f 10092 11192 10094
f 11195 10094 11192
f 10096 10095 11196
f 11143 11146 11194
f 11197 10097 10096
f 11197 10096 11196
f 11148 10055 11198
f 10055 11197 11198
f 11197 11199 11198
f 10055 10097 11197
f 11199 11200 10098
f 11149 11199 10098
f 10057 11149 10098
f 11199 11149 11198
f 11200 10100 10098
f 10103 10102 11201
f 11151 11202 11150
f 11151 11153 11202
f 10104 10103 11201
f 11154 10062 10106
f 11205 11204 11203
f 11203 11206 11205
f 11207 10106 10107
f 10106 11207 11154
f 11155 11154 11207
f 10110 11208 10109
f 11208 11155 10109
f 11155 11207 10109
f 11155 11208 11156
f 10110 10064 11159
f 10110 11159 11208
f 10113 11161 10066
f 11161 10113 10115
f 11209 11161 10115
f 11164 11161 11209
f 11164 11210 11166
f 11164 11209 11210
f 11166 11211 11168
f 11166 11210 11211
f 11170 11168 11212
f 11212 11168 11211
f 11214 11213 10118
f 10118 11213 10117
f 10118 10069 11171
f 10118 11171 11214
f 10119 11215 11172
f 10119 11172 10070
f 11173 11172 11216
f 11216 11172 11215
f 11175 11217 11174
f 11220 11219 11218
f 11174 11217 11176
f 11221 11177 11178
f 11219 11222 11218
f 11177 11221 11180
f 11181 11182 11223
f 11223 11182 11224
f 11227 11226 11225
f 11183 10121 10122
f 10121 11183 11223
f 11181 11223 11183
f 10122 10072 11183
f 11225 11226 11228
f 10124 11229 10125
f 11185 10075 10125
f 11229 11185 10125
f 11230 11185 11229
f 11185 11231 11186
f 11185 11230 11231
f 11231 10127 10128
f 11187 11231 10128
f 11186 11231 11187
f 11187 10128 10078
f 10130 11188 10080
f 10082 11188 10130
f 10132 10133 11232
f 11190 10083 11233
f 10083 11232 11233
f 11232 11234 11233
f 10083 10132 11232
f 11191 11233 11234
f 10135 11191 11234
f 10085 11191 10135
f 11235 11193 10091
f 11235 10091 10138
f 10138 10094 11195
f 10138 11195 11235
f 10141 11236 11196
f 10141 11196 10095
f 11236 10143 10144
f 11197 11236 10144
f 11196 11236 11197
f 11197 10144 10145
f 11197 10145 11199
f 11199 10145 10147
f 11237 11199 10147
f 11200 11199 11237
f 11237 10149 10100
f 11237 10100 11200
f 10150 11238 10151
f 11201 10102 10151
f 11238 11201 10151
f 11239 11201 11238
f 11240 11204 11205
f 11201 10152 10104
f 10152 11201 11241
f 11239 11241 11201
f 11206 11240 11205
f 11241 10107 10152
f 10107 11241 11207
f 11242 11207 11241
f 11242 10154 10109
f 11242 10109 11207
f 10155 11243 10156
f 11243 10158 10156
f 11246 11245 11244
f 11209 11247 10160
f 11247 11209 11245
f 10115 11245 11209
f 11245 10115 11244
f 10160 11244 10115
f 11244 10160 11247
f 11209 10160 10162
f 11248 11209 10162
f 11210 11209 11248
f 11250 11211 11249
f 11211 11248 11249
f 11211 11210 11248
f 11250 11251 11211
f 11251 11252 11211
f 11253 11212 11211
f 11253 11211 11252
f 11252 11254 10163
f 11213 11252 10163
f 10117 11213 10163
f 11252 11213 11253
f 11254 10164 10163
f 10165 11255 11215
f 10165 11215 10119
f 11216 11215 11256
f 11256 11215 11255
f 11259 11258 11257
f 11259 11257 11220
f 11257 11219 11220
f 11257 11260 11219
f 11222 11219 11261
f 11261 11219 11260
f 11264 11263 11262
f 11264 11262 11224
f 11262 11223 11224
f 11262 11265 11223
f 11266 11227 11225
f 10167 10121 11265
f 11223 11265 10121
f 10169 10168 11267
f 11225 11228 11266
f 10171 11229 10124
f 10170 10169 11267
f 11229 10171 10172
f 11268 11229 10172
f 11230 11229 11268
f 11230 11269 11231
f 11230 11268 11269
f 11270 10173 10127
f 11231 11270 10127
f 11269 11270 11231
f 11271 10174 10173
f 11271 10173 11270
f 11271 10176 10174
f 10177 11232 10133
f 11232 10177 10179
f 11272 11232 10179
f 11234 11232 11272
f 11272 10180 10135
f 11272 10135 11234
f 10184 11236 10141
f 11236 10184 10143
f 10188 11237 10147
f 10149 11237 10188
f 10190 10191 11273
f 10194 11238 10150
f 10192 10190 11273
f 11238 10194 10195
f 11238 10195 11239
f 11239 10195 10197
f 11239 10197 11241
f 11241 10197 10200
f 11274 11241 10200
f 11242 11241 11274
f 11274 10201 10154
f 11274 10154 11242
f 10203 11243 10155
f 11243 10203 10158
f 11275 11246 11244
f 11276 11275 10207
f 11275 11276 11247
f 10208 11247 11276
f 11247 10208 11244
f 10207 11244 10208
f 11244 10207 11275
f 11248 10162 10208
f 11276 11248 10208
f 11277 11248 11276
f 11249 11248 11278
f 11248 11279 11278
f 11248 11277 11279
f 11278 11279 11251
f 11279 11252 11251
f 11279 11280 11252
f 11252 11281 11254
f 11252 11280 11281
f 11281 10210 10164
f 11281 10164 11254
f 10211 11282 11255
f 10211 11255 10165
f 11256 11255 11283
f 11283 11255 11282
f 11258 11284 11257
f 11286 11285 11284
f 11285 11257 11284
f 11285 11260 11257
f 11261 11260 11287
f 11287 11260 11285
f 11262 11263 11288
f 11288 11263 11289
f 11262 11290 11265
f 11262 11288 11290
f 11291 10212 10167
f 11265 11291 10167
f 11290 11291 11265
f 11291 11292 10212
f 10212 11292 10168
f 11292 11293 10168
f 11293 11267 10168
f 11293 11295 11294
f 11293 11294 10213
f 11267 11293 10213
f 10170 11267 10213
f 11268 10172 10213
f 11294 11268 10213
f 11296 11268 11294
f 11268 11297 11269
f 11268 11296 11297
f 11297 10215 10216
f 11270 11297 10216
f 11269 11297 11270
f 11270 10216 10217
f 11298 11270 10217
f 11271 11270 11298
f 11298 10219 10176
f 11298 10176 11271
f 10220 11299 10221
f 11299 10179 10221
f 11299 11272 10179
f 11299 10224 10222
f 11272 11299 10222
f 11272 10222 10180
f 10233 11273 10191
f 11273 10233 10192
f 10236 11300 11274
f 10236 11274 10200
f 11301 10237 10201
f 11274 11301 10201
f 11300 11301 11274
f 11301 10238 10237
f 10240 11302 10241
f 11302 10207 10241
f 11302 11276 10207
f 11302 10244 10242
f 11276 11302 10242
f 11276 10242 10245
f 11303 11276 10245
f 11277 11276 11303
f 11277 11304 11279
f 11277 11303 11304
f 11306 11280 11305
f 11280 11304 11305
f 11280 11279 11304
f 11308 11307 11306
f 11307 11280 11306
f 11307 11281 11280
f 11307 10246 10210
f 11307 10210 11281
f 11310 11309 11282
f 10211 11310 11282
f 10247 11310 10211
f 11282 11309 11283
f 11313 11312 11311
f 11311 11314 11313
f 11286 11315 11285
f 11285 11315 11287
f 11289 11316 11288
f 11288 11316 11290
f 11290 11316 11317
f 11319 11318 11317
f 11318 11290 11317
f 11318 11291 11290
f 11292 11291 11320
f 11320 11291 11318
f 11295 11321 11294
f 11294 11321 11296
f 11296 11321 11322
f 11296 11322 11297
f 11297 11322 11323
f 11297 11323 10215
f 11323 10248 10215
f 11323 11324 10248
f 10248 11324 10217
f 11324 11325 10217
f 11325 11298 10217
f 11325 11324 11326
f 11298 11325 10219
f 11325 11327 10219
f 11327 10249 10219
f 11325 11328 11327
f 10249 11327 10220
f 11327 11329 10220
f 11329 11299 10220
f 11329 11327 11330
f 11299 11329 10224
f 11329 11331 10224
f 11331 10250 10224
f 11329 11332 11331
f 10250 11333 10251
f 11331 11333 10250
f 11335 11334 10253
f 10251 11335 10253
f 11333 11335 10251
f 10255 10254 11334
f 11335 10255 11334
f 11336 10255 11335
f 10255 11337 10256
f 11336 11337 10255
f 10256 11338 10257
f 11337 11338 10256
f 10257 11339 10258
f 11338 11339 10257
f 11339 11341 11340
f 10259 11339 11340
f 10258 11339 10259
f 11340 10261 10259
f 10262 11342 10263
f 11344 11342 11343
f 11344 10263 11342
f 11344 11345 10265
f 10263 11344 10265
f 10267 10266 11345
f 11344 10267 11345
f 11346 10267 11344
f 10267 11347 10268
f 11346 11347 10267
f 10268 11348 10269
f 11347 11348 10268
f 10269 11348 10236
f 11348 11349 10236
f 11349 11300 10236
f 11349 11348 11350
f 11352 11301 11351
f 11301 11349 11351
f 11301 11300 11349
f 10238 11301 11352
f 11353 10238 11352
f 10271 10238 11353
f 11355 11354 10273
f 11355 10273 10272
f 11354 10240 10273
f 10240 11354 11302
f 11356 11302 11354
f 11302 11356 10274
f 10276 10274 11356
f 10244 11302 10274
f 11359 11358 11357
f 10278 11358 10245
f 11359 10245 11358
f 10245 11359 11303
f 11360 11303 11359
f 11303 11360 11361
f 11361 10280 10281
f 11304 11361 10281
f 11303 11361 11304
f 10281 10282 11304
f 10282 11305 11304
f 10282 11362 11305
f 11307 11308 10285
f 11308 10284 10285
f 11308 11363 10284
f 11307 10285 10246
f 10287 11364 10286
f 11364 11365 10286
f 11365 10247 10286
f 11365 11310 10247
f 11311 11312 11366
f 11366 11312 11367
f 11314 11311 11368
f 11368 11311 11366
f 11319 11369 11318
f 11318 11369 11320
f 11326 11370 11325
f 11325 11370 11328
f 11330 11371 11329
f 11374 11373 11372
f 11329 11371 11332
f 11373 11375 11372
f 11334 10288 10253
f 10288 11334 10254
f 11377 11376 10291
f 10291 11376 10290
f 11379 11378 10292
f 11378 10291 10292
f 11378 11377 10291
f 11380 11340 11341
f 11379 11381 11378
f 11380 11383 11382
f 11380 11382 10293
f 11340 11380 10293
f 10261 11340 10293
f 11382 11384 10293
f 10293 11384 10262
f 11384 11385 10262
f 11385 11342 10262
f 11385 11343 11342
f 10295 10265 11386
f 11345 11386 10265
f 10296 11386 10266
f 10266 11386 11345
f 11349 11350 11387
f 11387 11350 11388
f 11351 11349 11389
f 11389 11349 11387
f 11353 11390 10271
f 10271 11390 10297
f 10272 10297 11355
f 11355 10297 11390
f 11392 10299 11391
f 10299 11356 11391
f 10299 10276 11356
f 11392 11391 11357
f 11392 11357 11358
f 10300 11392 11358
f 10301 10300 11358
f 11360 11393 11361
f 10301 11358 10278
f 11361 11393 10280
f 11393 10302 10280
f 11393 11394 10302
f 10282 10305 11362
f 11395 11362 10305
f 11362 11395 11394
f 10303 11394 11395
f 11394 10303 10302
f 11396 11395 10305
f 10284 11396 10305
f 11363 11396 10284
f 10308 11397 10307
f 11397 11398 10307
f 10307 11398 10287
f 11398 11399 10287
f 11399 11364 10287
f 11364 11399 11365
f 11367 11400 11366
f 11366 11400 11368
f 11403 11402 11401
f 11405 11404 11401
f 11401 11404 11403
f 11405 11406 11404
f 11409 11408 11407
f 11407 11410 11409
f 11374 11411 11373
f 11373 11411 11375
f 10309 10290 11412
f 10290 11413 11412
f 10290 11376 11413
f 11412 11414 10309
f 10309 11414 10292
f 11414 11415 10292
f 11415 11379 10292
f 11379 11415 11381
f 11383 11416 11382
f 11382 11416 11384
f 11386 10310 10295
f 10310 11386 10296
f 11388 11417 11387
f 11387 11417 11389
f 11420 11419 11418
f 11422 11421 11418
f 11418 11421 11420
f 11392 10311 10299
f 11422 11423 11421
f 11423 11422 11424
f 11392 10300 10311
f 11425 11423 11424
f 10312 10303 11395
f 11428 11427 11426
f 10314 11426 11427
f 10314 11396 11426
f 10314 10312 11395
f 11396 10314 11395
f 10315 11397 10308
f 11430 11429 10317
f 10317 11429 10315
f 11429 11398 10315
f 11398 11397 10315
f 10319 10320 11431
f 11429 11430 11432
f 10321 11431 10320
f 11435 11434 11433
f 11433 11436 11435
f 11401 11402 11437
f 11437 11402 11438
f 11440 11405 11439
f 11405 11437 11439
f 11405 11401 11437
f 11405 11440 11406
f 11407 11408 11441
f 11441 11408 11442
f 11410 11407 11443
f 11443 11407 11441
f 11446 11445 11444
f 11448 11447 11444
f 11444 11447 11446
f 11448 11449 11447
f 11450 10323 10324
f 10325 11450 10324
f 11451 10327 10328
f 11451 10328 11452
f 10328 11453 11452
f 10328 10329 11453
f 10329 10331 11453
f 11453 10331 11454
f 11413 11455 11412
f 11412 11455 11414
f 11458 11457 11456
f 11456 11459 11458
f 11461 11460 10334
f 10334 11460 10333
f 11463 11462 10335
f 11462 10334 10335
f 11462 11461 10334
f 11463 11464 11462
f 11466 11465 10338
f 10338 11465 10337
f 10339 11418 11419
f 11466 10339 11419
f 10338 10339 11466
f 11418 10339 10341
f 11418 10341 11422
f 11422 10341 10343
f 11422 10343 11424
f 11467 11425 11424
f 10343 11467 11424
f 10345 11467 10343
f 10345 10347 11467
f 11467 10347 11468
f 11471 11470 11469
f 11472 11427 11428
f 11469 11473 11471
f 10314 11427 11472
f 11474 10314 11472
f 10349 10314 11474
f 11476 10350 11475
f 11476 10317 10350
f 11430 10317 11476
f 11430 11476 11477
f 11477 11432 11430
f 10319 11431 10350
f 11475 10350 11431
f 10351 11475 11431
f 11475 10351 10352
f 10351 11431 10321
f 11434 11478 11433
f 11481 11480 11479
f 11433 11478 11436
f 11480 11482 11479
f 11438 11483 11437
f 11437 11483 11439
f 11441 11442 11484
f 11484 11442 11485
f 11443 11441 11486
f 11486 11441 11484
f 11444 11445 11487
f 11487 11445 11488
f 11490 11448 11489
f 11448 11487 11489
f 11448 11444 11487
f 11490 11449 11448
f 10357 11491 10356
f 11491 10357 11492
f 10358 10323 11450
f 10359 11493 10357
f 11494 10357 11493
f 10357 11494 11492
f 11450 10325 10358
f 11495 11494 11493
f 11498 11497 11496
f 11496 11499 11498
f 10360 10327 11451
f 11502 11501 11500
f 11501 11503 11500
f 11504 11451 11452
f 11451 11504 10360
f 10361 10360 11504
f 10331 10361 11454
f 11454 10361 11504
f 11507 11506 11505
f 11505 11508 11507
f 11511 11510 11509
f 11509 11512 11511
f 11515 11514 11513
f 11517 11516 11513
f 11513 11516 11515
f 11516 11517 11457
f 11517 11456 11457
f 11517 11518 11456
f 11459 11456 11519
f 11456 11520 11519
f 11456 11518 11520
f 11520 11521 10362
f 11460 11520 10362
f 10333 11460 10362
f 11520 11460 11519
f 11521 11522 10362
f 10362 11522 10335
f 11522 11523 10335
f 11523 11463 10335
f 11523 11524 11463
f 11524 11525 11463
f 11526 11464 11463
f 11526 11463 11525
f 11465 11526 11525
f 10364 11465 11525
f 10337 11465 10364
f 10369 11528 11527
f 11468 10369 11527
f 10347 10369 11468
f 11527 11528 11470
f 11528 11469 11470
f 11528 11529 11469
f 11473 11469 11530
f 11469 11531 11530
f 11469 11529 11531
f 11474 11530 11531
f 10371 11474 11531
f 10349 11474 10371
f 11476 11475 11532
f 11476 11532 11533
f 10373 11534 10352
f 11534 11475 10352
f 11534 11532 11475
f 10375 11534 10373
f 11537 11536 11535
f 11539 11538 11535
f 11535 11538 11537
f 11538 11539 11481
f 11539 11480 11481
f 11539 11540 11480
f 10380 11541 10379
f 11541 11480 10379
f 11480 11540 10379
f 11480 11541 11482
f 11543 11542 10381
f 11542 10380 10381
f 11542 11541 10380
f 10382 10383 11543
f 10383 11542 11543
f 10383 11544 11542
f 11546 11545 10384
f 11545 10383 10384
f 11545 11544 10383
f 11547 11545 11546
f 11485 10385 11484
f 10385 11485 10387
f 11548 10387 11485
f 10387 11548 11549
f 11549 11548 10389
f 11548 11486 10389
f 11484 10385 10389
f 11484 10389 11486
f 11487 11488 11550
f 11550 11488 11551
f 10393 11552 10392
f 11552 11487 10392
f 11487 11550 10392
f 11487 11552 11489
f 10393 10356 11491
f 10393 11491 11552
f 10396 11553 11493
f 10396 11493 10359
f 10398 11554 10397
f 11554 11493 10397
f 11493 11553 10397
f 11493 11554 11495
f 11555 10398 10399
f 11555 11554 10398
f 10401 11496 11497
f 11555 10401 11497
f 10399 10401 11555
f 11556 11499 11496
f 10401 11556 11496
f 10402 11556 10401
f 11557 11501 10404
f 11501 11556 10404
f 11556 10402 10404
f 11501 11502 11556
f 11503 11501 11558
f 11501 11559 11558
f 11501 11557 11559
f 10406 10407 11559
f 10407 11558 11559
f 10407 11560 11558
f 11561 10407 10408
f 11561 11560 10407
f 11562 11505 10410
f 11505 11561 10410
f 11561 10408 10410
f 11505 11506 11561
f 11508 11505 11563
f 11505 11564 11563
f 11505 11562 11564
f 11563 11564 11510
f 11564 11509 11510
f 11564 11565 11509
f 10413 11566 10412
f 11566 11509 10412
f 11509 11565 10412
f 11509 11566 11512
f 11567 11513 10414
f 11513 11566 10414
f 11566 10413 10414
f 11513 11514 11566
f 11567 10415 10416
f 11517 11567 10416
f 11513 11567 11517
f 11517 10416 10417
f 11568 11517 10417
f 11518 11517 11568
f 11568 10419 10420
f 11520 11568 10420
f 11518 11568 11520
f 11520 10420 10421
f 11520 10421 11521
f 11569 11522 11521
f 10421 11569 11521
f 10423 11569 10421
f 10425 11525 11524
f 11569 10425 11524
f 10423 10425 11569
f 10364 11525 10425
f 10427 10428 11570
f 11571 10429 10427
f 11571 10427 11570
f 11571 10431 10429
f 10433 11528 10369
f 11528 10433 10435
f 11528 10435 11529
f 11529 10435 10437
f 11529 10437 11531
f 11531 10437 10371
f 11572 11533 11532
f 11574 11573 11572
f 11532 11574 11572
f 11534 11574 11532
f 11577 11576 11575
f 10375 10440 11534
f 11574 11534 10440
f 11575 11578 11577
f 11535 11536 11579
f 11579 11536 11580
f 11579 10443 10444
f 11539 11579 10444
f 11535 11579 11539
f 11539 10444 10445
f 11539 10445 11540
f 11540 10445 10379
f 10446 11543 10381
f 11543 10446 10382
f 10447 11546 10384
f 10447 11547 11546
f 10447 11581 11547
f 10447 10387 11549
f 11581 10447 11549
f 11581 11549 10389
f 10448 11581 10389
f 11582 11581 10448
f 10449 11550 11551
f 11582 10449 11551
f 10448 10449 11582
f 11550 10449 10392
f 10451 11583 11553
f 10451 11553 10396
f 11583 10455 10397
f 11583 10397 11553
f 10457 11557 10404
f 11557 10457 10459
f 11557 10459 11559
f 11559 10459 10406
f 10460 11562 10410
f 11562 10460 10461
f 11562 10461 11564
f 11564 10461 10463
f 11564 10463 11565
f 11565 10463 10412
f 10464 11567 10414
f 11567 10464 10415
f 10467 11568 10417
f 11568 10467 10419
f 10469 11570 10428
f 11570 10469 10470
f 11570 10470 11571
f 11571 10470 10431
f 11584 11573 11574
f 10472 11574 10440
f 11574 10472 11584
f 11585 11584 10472
f 11584 11585 11576
f 11575 11576 11585
f 11578 11575 11586
f 11575 11587 11586
f 11575 11585 11587
f 11586 11587 11580
f 11580 11587 11579
f 11587 10474 11579
f 10474 10475 11579
f 11579 10475 10443
f 10477 11583 10451
f 11583 10477 10455
f 10479 11585 10472
f 11585 10479 10481
f 11585 10481 11587
f 11587 10481 10474
f 11590 11589 11588
f 11591 11588 11589
f 11592 11590 11588
f 11592 11588 11591
f 11595 11594 11593
f 11596 10491 10492
f 11597 11593 11594
f 11596 10493 10491
f 10498 11598 10497
f 11599 10500 10497
f 11599 10497 11598
f 11600 10502 10500
f 11600 10500 11599
f 11600 10503 10502
f 11603 11602 11601
f 11604 11601 11602
f 10505 11605 10504
f 11605 10507 10504
f 10509 11606 10508
f 11607 10511 10508
f 11607 10508 11606
f 11609 11607 11608
f 11609 10511 11607
f 11609 11610 10512
f 10511 11609 10512
f 11611 11610 11609
f 11614 11613 11612
f 11615 11612 11613
f 10514 11616 10513
f 11616 10515 10513
f 10518 11617 10517
f 11617 10519 10517
f 11619 11618 10522
f 11619 10522 10523
f 11618 11621 11620
f 10526 11618 11620
f 10522 11618 10526
f 11622 10527 10526
f 11622 10526 11620
f 11622 10528 10527
f 11625 11624 11623
f 11626 10531 10530
f 11627 11623 11624
f 11628 10533 10531
f 11628 10531 11626
f 10534 10533 11628
f 11631 11630 11629
f 11632 11631 11629
f 11595 11593 11633
f 11595 11633 11634
f 11596 10492 10535
f 11633 11597 11635
f 11597 11633 11593
f 10493 11596 10535
f 10538 10539 11636
f 11637 10540 10538
f 11637 10538 11636
f 11638 10541 10540
f 11638 10540 11637
f 11640 11638 11639
f 11640 10541 11638
f 11640 11641 10543
f 10541 11640 10543
f 11640 11642 11641
f 10498 10544 11598
f 11643 11598 10544
f 11598 11644 11599
f 11598 11643 11644
f 11646 11600 11645
f 11600 11644 11645
f 11600 11599 11644
f 10503 11600 11646
f 11647 10503 11646
f 10545 10503 11647
f 11648 11603 11601
f 11648 11601 11604
f 10548 11649 10547
f 11649 11650 10547
f 10547 11650 10505
f 11650 11651 10505
f 11651 11605 10505
f 11605 11651 10507
f 11651 10549 10507
f 11651 11652 10549
f 11652 11654 11653
f 10550 11652 11653
f 10549 11652 10550
f 11653 10509 10550
f 11653 11606 10509
f 11653 10552 10553
f 11606 11653 10553
f 11657 11656 11655
f 10553 10554 11606
f 11607 11606 10554
f 11656 11608 11658
f 11655 11656 11658
f 10555 11655 11658
f 10557 10555 11658
f 11610 10557 11658
f 10512 11610 11658
f 10554 10512 11658
f 11607 10554 11658
f 11608 11607 11658
f 10558 10557 11610
f 11659 10558 11610
f 11611 11659 11610
f 11660 10558 11659
f 11661 11614 11612
f 10558 11661 11612
f 10559 10558 11612
f 11661 10558 11660
f 10561 10559 11612
f 11615 10561 11612
f 11662 10561 11615
f 11664 11663 10563
f 11664 10563 10562
f 10514 10563 11616
f 10563 11665 11616
f 10563 11663 11665
f 10515 11616 11665
f 11666 10515 11665
f 10564 10515 11666
f 11669 11668 11667
f 10518 10565 11617
f 11667 11668 11670
f 11617 10565 10519
f 11673 11672 11671
f 11675 11674 11671
f 11675 11671 11672
f 11677 11676 11674
f 11677 11674 11675
f 10568 10569 11676
f 11677 10568 11676
f 11678 10568 11677
f 11680 11679 10570
f 10568 11680 10570
f 11678 11680 10568
f 11681 11679 10572
f 11679 11619 10572
f 11619 10523 10572
f 11619 11679 11680
f 11682 11681 11621
f 10572 11621 11681
f 11621 10572 11620
f 10573 11620 10572
f 11620 10573 11683
f 11686 11685 11684
f 11622 10576 10574
f 10576 11622 11683
f 11620 11683 11622
f 11684 11685 11687
f 11622 10574 10528
f 11688 10578 10579
f 10578 11688 11689
f 11690 10578 11689
f 10581 10578 11690
f 10583 10581 11690
f 10583 11690 11691
f 11625 11623 10584
f 10586 11625 10584
f 11692 11625 10586
f 11623 11627 10584
f 11627 11693 10584
f 11626 10530 10584
f 11626 10584 11693
f 10590 10589 11694
f 11693 11695 11626
f 11628 11626 11695
f 10589 10534 11696
f 11694 10589 11696
f 11697 11694 11696
f 11698 11697 11696
f 11631 11698 11696
f 11630 11631 11696
f 11695 11630 11696
f 11628 11695 11696
f 10534 11628 11696
f 11701 11700 11699
f 11632 11698 11631
f 10593 10592 11702
f 11701 11703 11700
f 11704 11634 11633
f 11635 11704 11633
f 10594 10593 11705
f 11702 11705 10593
f 11636 10539 10594
f 11705 11636 10594
f 11706 11636 11705
f 11636 11707 11637
f 11636 11706 11707
f 11709 11638 11708
f 11638 11707 11708
f 11638 11637 11707
f 11641 10595 10543
f 11709 11639 11638
f 11641 11642 10595
f 11642 11710 10595
f 11643 10544 10595
f 11643 10595 11710
f 11712 11711 11710
f 11711 11643 11710
f 11711 11644 11643
f 11645 11644 11713
f 11644 11714 11713
f 11644 11711 11714
f 11647 11713 11714
f 10596 11647 11714
f 10545 11647 10596
f 11716 11715 11649
f 10548 11716 11649
f 10597 11716 10548
f 11649 11715 11650
f 11654 11717 11653
f 11653 11717 10552
f 11717 10598 10552
f 11717 11718 10598
f 11655 10599 11657
f 10599 11718 11657
f 10599 10598 11718
f 10599 11655 10555
f 11659 11719 11660
f 11660 11719 11661
f 11721 10601 11720
f 10601 11662 11720
f 10601 10561 11662
f 11723 11722 10602
f 11721 10602 11722
f 10602 11721 10562
f 11720 10562 11721
f 10562 11720 11664
f 11725 11724 10604
f 11724 10602 10604
f 11724 11723 10602
f 10605 11727 11726
f 11727 10605 11725
f 10564 11725 10605
f 11725 10564 11724
f 11666 11724 10564
f 11729 11669 11728
f 11730 11729 11728
f 11731 11730 11728
f 11726 11731 11728
f 10605 11726 11728
f 10606 10605 11728
f 11667 10606 11728
f 11669 11667 11728
f 10607 10606 11732
f 11733 10607 11732
f 11734 11733 11732
f 11730 11734 11732
f 11729 11730 11732
f 11670 11729 11732
f 11667 11670 11732
f 10606 11667 11732
f 10607 11735 10608
f 11733 11735 10607
f 11671 10610 11673
f 10610 11735 11673
f 10610 10608 11735
f 10610 11671 10611
f 10611 11671 11674
f 10611 11674 10613
f 11674 11736 10613
f 11674 11676 11736
f 10614 11736 10569
f 10569 11736 11676
f 11738 11737 11679
f 11737 10570 11679
f 11737 10615 10570
f 11740 11739 11738
f 11679 11740 11738
f 11681 11740 11679
f 11741 11681 11682
f 11741 11682 11742
f 11741 11742 11743
f 11741 11743 11683
f 11741 11683 10573
f 11741 10573 10618
f 11741 10618 11740
f 11741 11740 11681
f 11743 11745 11744
f 11683 11743 11744
f 10576 11683 11744
f 10619 10576 11744
f 11684 10619 11744
f 11686 11684 11744
f 11746 11686 11744
f 11745 11746 11744
f 11748 11688 11747
f 11745 11748 11747
f 11746 11745 11747
f 11687 11746 11747
f 11684 11687 11747
f 10619 11684 11747
f 10579 10619 11747
f 11688 10579 11747
f 11689 11688 11749
f 11749 11688 11748
f 11691 11750 10583
f 10583 11750 10620
f 10586 10620 11692
f 11692 10620 11750
f 11694 10621 10590
f 11697 11751 11694
f 11751 10621 11694
f 11751 10622 10621
f 11700 10623 11699
f 10623 11751 11699
f 10623 10622 11751
f 11752 11700 11703
f 11700 11752 10623
f 11753 10623 11752
f 10623 11753 10592
f 11702 10592 11753
f 11702 11754 11705
f 11702 11753 11754
f 11705 11755 11706
f 11705 11754 11755
f 11706 11756 11707
f 11706 11755 11756
f 11708 11707 11757
f 11757 11707 11756
f 11711 11712 11758
f 11758 11712 11759
f 11711 11760 11714
f 11711 11758 11760
f 11760 10624 10596
f 11760 10596 11714
f 10626 11761 10625
f 11761 11762 10625
f 11762 10597 10625
f 11762 11716 10597
f 11721 10627 10601
f 11722 11763 11721
f 11763 10627 11721
f 11763 10628 10627
f 10604 10628 11725
f 10628 11764 11725
f 10628 11763 11764
f 11725 11764 11727
f 11731 11765 11730
f 11730 11765 11734
f 11736 10629 10613
f 10629 11736 10614
f 11737 11766 10615
f 10615 11766 10630
f 11740 10631 11739
f 10631 11766 11739
f 10631 10630 11766
f 11742 11767 11743
f 10631 11740 10618
f 11743 11767 11745
f 11745 11767 11768
f 11745 11768 11748
f 11748 11768 11769
f 11748 11769 11749
f 11753 11752 11770
f 11770 11752 11771
f 11753 11772 11754
f 11753 11770 11772
f 11754 11773 11755
f 11754 11772 11773
f 11755 11774 11756
f 11755 11773 11774
f 11757 11756 11775
f 11756 11776 11775
f 11756 11774 11776
f 11778 11777 11776
f 11776 11777 11775
f 11780 11779 11778
f 11778 11779 11777
f 11782 11781 11780
f 11781 11758 11780
f 11759 11779 11780
f 11759 11780 11758
f 11758 11781 11760
f 11760 11781 11783
f 11760 11783 10624
f 11783 10632 10624
f 11783 11784 10632
f 10633 10632 11784
f 10633 11784 11785
f 11787 11786 11761
f 10626 11787 11761
f 10634 11787 10626
f 11761 11786 11762
f 11790 11789 11788
f 11792 11791 11788
f 11788 11791 11790
f 11791 11792 11771
f 11792 11770 11771
f 11792 11793 11770
f 11770 11794 11772
f 11770 11793 11794
f 11772 11795 11773
f 11772 11794 11795
f 11773 11796 11774
f 11773 11795 11796
f 11774 11797 11776
f 11774 11796 11797
f 11799 11778 11798
f 11778 11797 11798
f 11778 11776 11797
f 11778 11799 11780
f 11780 11799 11800
f 11780 11800 11782
f 10635 10633 11801
f 10633 11802 11801
f 10633 11785 11802
f 11801 10636 10635
f 10639 11803 10638
f 11803 11804 10638
f 11804 10634 10638
f 11804 11787 10634
f 11788 11789 11805
f 11805 11789 11806
f 11788 11807 11792
f 11788 11805 11807
f 11792 11808 11793
f 11792 11807 11808
f 11793 11809 11794
f 11793 11808 11809
f 11794 11810 11795
f 11794 11809 11810
f 11795 11811 11796
f 11795 11810 11811
f 11796 11812 11797
f 11796 11811 11812
f 11798 11797 11813
f 11813 11797 11812
f 11801 11802 11814
f 11814 11802 11815
f 11814 10640 10636
f 11814 10636 11801
f 10642 11816 11803
f 10642 11803 10639
f 11804 11803 11817
f 11817 11803 11816
f 11820 11819 11818
f 11818 11821 11820
f 11824 11823 11822
f 11824 11822 11806
f 11822 11805 11806
f 11822 11825 11805
f 11805 11826 11807
f 11805 11825 11826
f 11807 11827 11808
f 11807 11826 11827
f 11808 11828 11809
f 11808 11827 11828
f 11809 11829 11810
f 11809 11828 11829
f 11810 11830 11811
f 11810 11829 11830
f 11811 11831 11812
f 11811 11830 11831
f 11813 11812 11832
f 11832 11812 11831
f 11814 11815 11833
f 11833 11815 11834
f 11833 10643 10640
f 11833 10640 11814
f 10644 11816 10642
f 10644 10646 11816
f 10646 11817 11816
f 10646 11835 11817
f 11838 11837 11836
f 11836 11839 11838
f 11818 11819 11840
f 11840 11819 11841
f 11821 11818 11842
f 11842 11818 11840
f 11845 11844 11843
f 11843 11846 11845
f 11822 11823 11847
f 11847 11823 11848
f 11822 11849 11825
f 11822 11847 11849
f 11825 11850 11826
f 11825 11849 11850
f 11826 11851 11827
f 11826 11850 11851
f 11827 11852 11828
f 11827 11851 11852
f 11828 11853 11829
f 11828 11852 11853
f 11829 11854 11830
f 11829 11853 11854
f 11830 11855 11831
f 11830 11854 11855
f 11832 11831 11856
f 11856 11831 11855
f 11859 11858 11857
f 11857 11860 11859
f 11833 11834 11861
f 11861 11834 11862
f 11861 10647 10643
f 11861 10643 11833
f 10648 11863 10650
f 11863 11864 10650
f 11864 10646 10650
f 11864 11835 10646
f 11836 11837 11865
f 11865 11837 11866
f 11839 11836 11867
f 11836 11868 11867
f 11836 11865 11868
f 11870 11869 11868
f 11868 11869 11867
f 11872 11871 11870
f 11870 11871 11869
f 11874 11873 11872
f 11872 11873 11871
f 11876 11875 11874
f 11874 11875 11873
f 11875 11876 11841
f 11876 11840 11841
f 11876 11877 11840
f 11842 11840 11878
f 11878 11840 11877
f 11881 11880 11879
f 11879 11882 11881
f 11885 11884 11883
f 11885 11883 11844
f 11883 11843 11844
f 11883 11886 11843
f 11846 11843 11887
f 11843 11888 11887
f 11843 11886 11888
f 11890 11889 11888
f 11888 11889 11887
f 11889 11890 11848
f 11890 11847 11848
f 11890 11891 11847
f 11847 11892 11849
f 11847 11891 11892
f 11849 11893 11850
f 11849 11892 11893
f 11850 11894 11851
f 11850 11893 11894
f 11851 11895 11852
f 11851 11894 11895
f 11852 11896 11853
f 11852 11895 11896
f 11853 11897 11854
f 11853 11896 11897
f 11854 11898 11855
f 11854 11897 11898
f 11856 11855 11899
f 11855 11900 11899
f 11855 11898 11900
f 11899 11900 11858
f 11900 11857 11858
f 11900 11901 11857
f 11860 11857 11902
f 11902 11857 11901
f 11861 11862 11903
f 11903 11862 11904
f 11903 10651 10647
f 11903 10647 11861
f 10653 11863 10648
f 10653 10654 11863
f 10654 11864 11863
f 10654 11905 11864
f 11908 11907 11906
f 11908 11906 11866
f 11906 11865 11866
f 11906 11909 11865
f 11865 11910 11868
f 11865 11909 11910
f 11868 11911 11870
f 11868 11910 11911
f 11870 11912 11872
f 11870 11911 11912
f 11872 11913 11874
f 11872 11912 11913
f 11874 11914 11876
f 11874 11913 11914
f 11876 11915 11877
f 11876 11914 11915
f 11878 11877 11916
f 11877 11917 11916
f 11877 11915 11917
f 11916 11917 11880
f 11917 11879 11880
f 11917 11918 11879
f 11882 11879 11919
f 11879 11920 11919
f 11879 11918 11920
f 11922 11921 11920
f 11920 11921 11919
f 11924 11923 11922
f 11922 11923 11921
f 11923 11924 11884
f 11924 11883 11884
f 11924 11925 11883
f 11883 11926 11886
f 11883 11925 11926
f 11886 11927 11888
f 11886 11926 11927
f 11888 11928 11890
f 11888 11927 11928
f 11890 11929 11891
f 11890 11928 11929
f 11891 11930 11892
f 11891 11929 11930
f 11892 11931 11893
f 11892 11930 11931
f 11893 11932 11894
f 11893 11931 11932
f 11894 11933 11895
f 11894 11932 11933
f 11895 11934 11896
f 11895 11933 11934
f 11896 11935 11897
f 11896 11934 11935
f 11897 11936 11898
f 11897 11935 11936
f 11898 11937 11900
f 11898 11936 11937
f 11900 11938 11901
f 11900 11937 11938
f 11902 11901 11939
f 11901 11940 11939
f 11901 11938 11940
f 11942 11941 11940
f 11940 11941 11939
f 11944 11943 11942
f 11942 11943 11941
f 11943 11944 11904
f 11944 11903 11904
f 11944 11945 11903
f 11945 10655 10651
f 11945 10651 11903
f 10657 11905 10654
f 10657 11946 11905
f 11949 11948 11947
f 11951 11950 11947
f 11947 11950 11949
f 11951 11952 11950
f 11907 11953 11906
f 11955 11954 11953
f 11954 11906 11953
f 11954 11909 11906
f 11909 11956 11910
f 11909 11954 11956
f 11910 11957 11911
f 11910 11956 11957
f 11911 11958 11912
f 11911 11957 11958
f 11912 11959 11913
f 11912 11958 11959
f 11913 11960 11914
f 11913 11959 11960
f 11914 11961 11915
f 11914 11960 11961
f 11915 11962 11917
f 11915 11961 11962
f 11917 11963 11918
f 11917 11962 11963
f 11918 11964 11920
f 11918 11963 11964
f 11920 11965 11922
f 11920 11964 11965
f 11922 11966 11924
f 11922 11965 11966
f 11924 11967 11925
f 11924 11966 11967
f 11925 11968 11926
f 11925 11967 11968
f 11926 11969 11927
f 11926 11968 11969
f 11927 11970 11928
f 11927 11969 11970
f 11928 11971 11929
f 11928 11970 11971
f 11929 11972 11930
f 11929 11971 11972
f 11930 11973 11931
f 11930 11972 11973
f 11931 11974 11932
f 11931 11973 11974
f 11932 11975 11933
f 11932 11974 11975
f 11933 11976 11934
f 11933 11975 11976
f 11934 11977 11935
f 11934 11976 11977
f 11935 11978 11936
f 11935 11977 11978
f 11936 11979 11937
f 11936 11978 11979
f 11937 11980 11938
f 11937 11979 11980
f 11938 11981 11940
f 11938 11980 11981
f 11940 11982 11942
f 11940 11981 11982
f 11942 11983 11944
f 11942 11982 11983
f 11944 11984 11945
f 11944 11983 11984
f 11984 10658 10655
f 11984 10655 11945
f 10660 11946 10657
f 10660 11985 11946
f 11948 11986 11947
f 11947 11986 11951
f 11951 11986 11987
f 11987 11988 11951
f 11988 11989 11951
f 11990 11952 11951
f 11990 11951 11989
f 11989 11991 11990
f 11994 11993 11992
f 11994 11992 11955
f 11992 11954 11955
f 11992 11995 11954
f 11954 11996 11956
f 11954 11995 11996
f 11996 10662 10663
f 11957 11996 10663
f 11956 11996 11957
f 11957 10663 10664
f 11997 11957 10664
f 11958 11957 11997
f 11958 11998 11959
f 11958 11997 11998
f 11959 11999 11960
f 11959 11998 11999
f 11960 12000 11961
f 11960 11999 12000
f 11961 12001 11962
f 11961 12000 12001
f 11962 12002 11963
f 11962 12001 12002
f 11963 12003 11964
f 11963 12002 12003
f 11964 12004 11965
f 11964 12003 12004
f 11965 12005 11966
f 11965 12004 12005
f 11966 12006 11967
f 11966 12005 12006
f 11967 12007 11968
f 11967 12006 12007
f 11968 12008 11969
f 11968 12007 12008
f 11969 12009 11970
f 11969 12008 12009
f 11970 12010 11971
f 11970 12009 12010
f 11971 12011 11972
f 11971 12010 12011
f 11972 12012 11973
f 11972 12011 12012
f 11973 12013 11974
f 11973 12012 12013
f 12013 10666 10667
f 11975 12013 10667
f 11974 12013 11975
f 11975 10667 10668
f 12014 11975 10668
f 11976 11975 12014
f 11976 12015 11977
f 11976 12014 12015
f 12015 10670 10671
f 11978 12015 10671
f 11977 12015 11978
f 11978 10671 10672
f 11978 10672 11979
f 11979 10672 10674
f 12016 11979 10674
f 11980 11979 12016
f 11980 12017 11981
f 11980 12016 12017
f 11981 12018 11982
f 11981 12017 12018
f 11982 12019 11983
f 11982 12018 12019
f 11983 12020 11984
f 11983 12019 12020
f 12020 10675 10658
f 12020 10658 11984
f 10677 11985 10660
f 10677 12021 11985
f 12024 12023 12022
f 12026 12025 12022
f 12022 12025 12024
f 12026 12027 12025
f 11988 12028 11989
f 11989 12028 11991
f 11993 12029 11992
f 12031 12030 12029
f 12030 11992 12029
f 12030 11995 11992
f 12030 10679 10680
f 11996 12030 10680
f 11995 12030 11996
f 11996 10680 10662
f 10682 11997 10664
f 11997 10682 10684
f 12032 11997 10684
f 11998 11997 12032
f 12032 10686 10687
f 11999 12032 10687
f 11998 12032 11999
f 11999 10687 10688
f 12033 11999 10688
f 12000 11999 12033
f 12000 12034 12001
f 12000 12033 12034
f 12001 12035 12002
f 12001 12034 12035
f 12002 12036 12003
f 12002 12035 12036
f 12003 12037 12004
f 12003 12036 12037
f 12004 12038 12005
f 12004 12037 12038
f 12005 12039 12006
f 12005 12038 12039
f 12006 12040 12007
f 12006 12039 12040
f 12007 12041 12008
f 12007 12040 12041
f 12041 10690 10691
f 12009 12041 10691
f 12008 12041 12009
f 12009 10691 10692
f 12042 12009 10692
f 12010 12009 12042
f 12010 12043 12011
f 12010 12042 12043
f 12011 12044 12012
f 12011 12043 12044
f 12012 12045 12013
f 12012 12044 12045
f 12046 10693 10666
f 12013 12046 10666
f 12045 12046 12013
f 12046 10668 10693
f 12046 12014 10668
f 12046 10696 10694
f 12014 12046 10694
f 12014 10694 10697
f 12047 12014 10697
f 12015 12014 12047
f 12047 10699 10670
f 12047 10670 12015
f 10700 12048 10701
f 12016 10674 10701
f 12048 12016 10701
f 12049 12016 12048
f 12016 12050 12017
f 12016 12049 12050
f 12017 12051 12018
f 12017 12050 12051
f 12018 12052 12019
f 12018 12051 12052
f 12019 12053 12020
f 12019 12052 12053
f 12053 10702 10675
f 12053 10675 12020
f 10704 12021 10677
f 10704 12054 12021
f 12022 12023 12055
f 12055 12023 12056
f 12058 12026 12057
f 12026 12055 12057
f 12026 12022 12055
f 12026 12058 12027
f 12061 12060 12059
f 12063 12062 12059
f 12059 12062 12061
f 12063 12064 12062
f 12030 12031 12065
f 12065 12031 12066
f 12030 12065 10679
f 12065 12067 10679
f 12067 10705 10679
f 12065 12068 12067
f 12067 12070 12069
f 10706 12067 12069
f 10705 12067 10706
f 12071 10707 10706
f 12071 10706 12069
f 10710 12032 10684
f 10708 10707 12071
f 10686 12032 10710
f 10711 10712 12072
f 10715 12033 10688
f 10713 10711 12072
f 12033 10715 10716
f 12073 12033 10716
f 12034 12033 12073
f 12073 10718 10719
f 12035 12073 10719
f 12034 12073 12035
f 12035 10719 10720
f 12035 10720 12036
f 12036 10720 10722
f 12074 12036 10722
f 12037 12036 12074
f 12074 10724 10725
f 12038 12074 10725
f 12037 12074 12038
f 12038 10725 10726
f 12075 12038 10726
f 12039 12038 12075
f 12075 10728 10729
f 12040 12075 10729
f 12039 12075 12040
f 12040 10729 10730
f 12040 10730 12041
f 12041 10730 10690
f 10733 12042 10692
f 12042 10733 10735
f 12076 12042 10735
f 12043 12042 12076
f 12076 10737 10738
f 12044 12076 10738
f 12043 12076 12044
f 12044 10738 10739
f 12044 10739 12045
f 12045 10739 10741
f 12045 10741 12046
f 12046 10741 10696
f 10744 12077 12047
f 10744 12047 10697
f 12078 10745 10699
f 12047 12078 10699
f 12077 12078 12047
f 12048 10700 10745
f 12078 12048 10745
f 12079 12048 12078
f 12048 12080 12049
f 12048 12079 12080
f 12049 12081 12050
f 12049 12080 12081
f 12050 12082 12051
f 12050 12081 12082
f 12051 12083 12052
f 12051 12082 12083
f 12052 12084 12053
f 12052 12083 12084
f 12084 10746 10702
f 12084 10702 12053
f 10748 12054 10704
f 10748 12085 12054
f 12056 12086 12055
f 12055 12086 12057
f 12060 12087 12059
f 12059 12087 12063
f 12063 12087 12088
f 12063 12088 12064
f 12091 12090 12089
f 12091 12089 12066
f 12089 12065 12066
f 12089 12092 12065
f 10751 12093 10750
f 12093 12065 10750
f 12065 12092 10750
f 12065 12093 12068
f 10752 12069 12070
f 12093 10752 12070
f 10751 10752 12093
f 12069 10752 10754
f 12069 10754 12071
f 10708 12071 10754
f 10756 10757 12094
f 12072 10712 10756
f 12094 12072 10756
f 12095 12072 12094
f 12096 10758 10713
f 12072 12096 10713
f 12095 12096 12072
f 10761 12073 10716
f 10759 10758 12096
f 10718 12073 10761
f 10762 10763 12097
f 12097 10765 10762
f 10766 12074 10722
f 10724 12074 10766
f 10768 10769 12098
f 10772 12075 10726
f 10770 10768 12098
f 12075 10772 10728
f 10776 12099 10777
f 10780 12076 10735
f 10778 10777 12099
f 12076 10780 10737
f 10783 12100 10784
f 12100 10786 10784
f 10787 12101 12077
f 10787 12077 10744
f 12101 10789 10790
f 12078 12101 10790
f 12077 12101 12078
f 12078 10790 10791
f 12102 12078 10791
f 12079 12078 12102
f 12102 10793 10794
f 12080 12102 10794
f 12079 12102 12080
f 12080 10794 10795
f 12103 12080 10795
f 12081 12080 12103
f 12081 12104 12082
f 12081 12103 12104
f 12082 12105 12083
f 12082 12104 12105
f 12083 12106 12084
f 12083 12105 12106
f 12106 10796 10746
f 12106 10746 12084
f 10797 12108 12107
f 12085 10797 12107
f 10748 10797 12085
f 12108 12109 12107
f 12112 12111 12110
f 12114 12113 12110
f 12110 12113 12112
f 12114 10799 12113
f 10799 10800 12113
f 12116 12115 12113
f 12116 12113 10800
f 12117 12116 12090
f 10800 12090 12116
f 12090 10800 12089
f 10801 12089 10800
f 12089 10801 12118
f 12118 10803 10804
f 12092 12118 10804
f 12089 12118 12092
f 12119 10804 10806
f 10804 12119 12092
f 12120 12092 12119
f 12092 12120 10750
f 10805 10750 12120
f 12120 12122 12121
f 10807 12120 12121
f 10805 12120 10807
f 12121 10808 10807
f 10809 12123 12094
f 10809 12094 10757
f 12094 12124 12095
f 12094 12123 12124
f 12124 10811 10812
f 12096 12124 10812
f 12095 12124 12096
f 12096 10812 10759
f 10814 12097 10763
f 12125 10814 10817
f 12125 12097 10814
f 12125 10816 10765
f 12097 12125 10765
f 12125 10819 10816
f 10820 12098 10769
f 12126 10820 10823
f 12126 12098 10820
f 12126 10822 10770
f 12098 12126 10770
f 12126 10825 10822
f 10826 12127 10827
f 12128 10828 10827
f 12128 10827 12127
f 10831 12099 10776
f 10829 10828 12128
f 10778 12099 10831
f 10832 10833 12129
f 12129 10835 10832
f 10837 12100 10783
f 12100 10837 10786
f 10840 12101 10787
f 10789 12101 10840
f 10842 10843 12130
f 10846 12102 10791
f 10844 10842 12130
f 12102 10846 10793
f 10848 12103 10795
f 12103 10848 10850
f 12103 10850 12104
f 12104 10850 10852
f 12131 12104 10852
f 12105 12104 12131
f 12131 10853 10854
f 12106 12131 10854
f 12105 12131 12106
f 12106 10854 10796
f 10855 12132 12108
f 10855 12108 10797
f 12109 12108 12133
f 12133 12108 12132
f 12136 12135 12134
f 12136 12134 12111
f 12134 12110 12111
f 12134 12137 12110
f 12139 12114 12138
f 12114 12137 12138
f 12114 12110 12137
f 12139 10799 12114
f 10799 12139 12140
f 12141 12140 12139
f 10799 12140 10856
f 12116 12142 12115
f 12117 12142 12116
f 12140 10801 10856
f 10801 12140 12118
f 12143 12118 12140
f 12144 10857 10803
f 12118 12144 10803
f 12143 12144 12118
f 12119 10806 12145
f 10806 12144 12145
f 12144 12146 12145
f 10806 10857 12144
f 12145 12146 12122
f 12146 12121 12122
f 12146 12147 12121
f 12147 10859 10808
f 12147 10808 12121
f 10860 12148 12123
f 10860 12123 10809
f 12148 10862 10863
f 12124 12148 10863
f 12123 12148 12124
f 12124 10863 10811
f 10865 12125 10817
f 12125 10865 10819
f 10868 12149 10869
f 12149 10823 10869
f 12149 12126 10823
f 12149 10872 10870
f 12126 12149 10870
f 12126 10870 10825
f 10874 12127 10826
f 12127 10874 10875
f 12127 10875 12128
f 12128 10875 10829
f 10878 12150 12129
f 10878 12129 10833
f 12150 10880 10835
f 12150 10835 12129
f 10881 12151 10882
f 12152 10883 10882
f 12152 10882 12151
f 12153 10884 10883
f 12153 10883 12152
f 12154 10885 10884
f 12154 10884 12153
f 12130 10843 10885
f 12154 12130 10885
f 12155 12130 12154
f 12155 10887 10844
f 12155 10844 12130
f 10888 12156 10889
f 12156 10891 10889
f 10893 12157 12131
f 10893 12131 10852
f 12158 10894 10853
f 12131 12158 10853
f 12157 12158 12131
f 12158 10895 10894
f 10896 12159 12132
f 10896 12132 10855
f 12133 12132 12160
f 12160 12132 12159
f 12135 12161 12134
f 12134 12161 12137
f 12137 12161 12162
f 12165 12164 12163
f 12137 12162 12138
f 12163 12164 12141
f 12164 12140 12141
f 12164 12166 12140
f 12140 12167 12143
f 12140 12166 12167
f 12167 10898 10899
f 12144 12167 10899
f 12143 12167 12144
f 12144 10899 10900
f 12168 12144 10900
f 12146 12144 12168
f 12168 10902 10903
f 12147 12168 10903
f 12146 12168 12147
f 12147 10903 10859
f 10905 12148 10860
f 10862 12148 10905
f 10907 10908 12169
f 12169 10910 10907
f 10911 12170 10912
f 12170 10913 10912
f 10914 12149 10868
f 12149 10914 10872
f 10919 12171 10920
f 10923 12150 10878
f 10921 10920 12171
f 10880 12150 10923
f 10924 10925 12172
f 12151 10881 10924
f 12172 12151 10924
f 12173 12151 12172
f 12173 10928 10927
f 12152 12173 10927
f 12151 12173 12152
f 12152 10927 10930
f 12152 10930 12153
f 12153 10930 10932
f 12153 10932 12154
f 12154 10932 10934
f 12154 10934 12155
f 12155 10934 10887
f 10937 12156 10888
f 12156 10937 10891
f 10940 12174 10941
f 12157 10893 10941
f 12174 12157 10941
f 12175 12157 12174
f 12175 10943 10944
f 12158 12175 10944
f 12157 12175 12158
f 12158 10944 10895
f 10946 12176 12159
f 10946 12159 10896
f 12160 12159 12177
f 12177 12159 12176
f 12180 12179 12178
f 12178 12181 12180
f 12184 12183 12182
f 12184 12182 12165
f 12182 12164 12165
f 12182 12185 12164
f 12164 12186 12166
f 12164 12185 12186
f 12189 12188 12187
f 12167 10948 10949
f 10948 12167 12186
f 12166 12186 12167
f 12187 12188 12190
f 10951 12167 10949
f 12167 10951 12191
f 12167 12191 10898
f 10950 10898 12191
f 12191 10900 10950
f 12191 12168 10900
f 12191 10954 10952
f 12168 12191 10952
f 12168 10952 10902
f 10958 12169 10908
f 12169 10958 10910
f 10961 12170 10911
f 12170 10961 10913
f 10970 12171 10919
f 12171 10970 10921
f 10973 12172 10925
f 12172 10973 10975
f 12172 10975 12173
f 12173 10975 10928
f 10983 12192 10982
f 12192 10985 10982
f 10986 12174 10940
f 12174 10986 10988
f 12193 12174 10988
f 12175 12174 12193
f 12193 10989 10943
f 12193 10943 12175
f 10990 12176 10946
f 10990 10992 12176
f 10992 12177 12176
f 10992 12194 12177
f 12197 12196 12195
f 12199 12198 12195
f 12195 12198 12197
f 12201 12200 12199
f 12199 12200 12198
f 12200 12201 12179
f 12201 12178 12179
f 12201 12202 12178
f 12181 12178 12203
f 12178 12204 12203
f 12178 12202 12204
f 12203 12204 12183
f 12204 12182 12183
f 12204 12205 12182
f 12182 12206 12185
f 12182 12205 12206
f 12185 12207 12186
f 12185 12206 12207
f 12189 12187 12208
f 10993 12208 12187
f 12208 10993 12207
f 10948 12207 10993
f 12207 10948 12186
f 10951 10993 12209
f 12191 10951 12209
f 10994 12191 12209
f 10996 10994 12209
f 12210 10996 12209
f 12190 12210 12209
f 12187 12190 12209
f 10993 12187 12209
f 12191 10994 10954
f 10999 12211 11000
f 12211 11002 11000
f 11020 12212 11019
f 11021 12192 10983
f 11023 11019 12212
f 12192 11021 10985
f 11026 12213 12193
f 11026 12193 10988
f 12214 11027 10989
f 12193 12214 10989
f 12213 12214 12193
f 12214 11029 11027
f 11031 12194 10992
f 11031 12215 12194
f 12218 12217 12216
f 12218 12216 12196
f 12216 12195 12196
f 12216 12219 12195
f 12221 12199 12220
f 12199 12219 12220
f 12199 12195 12219
f 12199 12221 12201
f 12201 12221 12222
f 12224 12223 12222
f 12223 12201 12222
f 12223 12202 12201
f 12202 12225 12204
f 12202 12223 12225
f 12204 12226 12205
f 12204 12225 12226
f 12205 12227 12206
f 12205 12226 12227
f 12227 11033 11034
f 12207 12227 11034
f 12206 12227 12207
f 12228 12208 12207
f 11034 12228 12207
f 11035 12228 11034
f 11035 10996 12210
f 11035 12210 12228
f 11038 12229 11039
f 12229 11041 11039
f 11042 12211 10999
f 12211 11042 11002
f 11045 12230 11046
f 12230 11048 11046
f 11058 12231 11057
f 12231 11059 11057
f 11063 12212 11020
f 12212 11063 11023
f 11067 12232 11068
f 12213 11026 11068
f 12232 12213 11068
f 12233 12213 12232
f 12233 11069 11070
f 12214 12233 11070
f 12213 12233 12214
f 12214 11070 11029
f 12236 12235 12234
f 12235 12215 12234
f 12215 11072 12234
f 12215 11031 11072
f 12216 12217 12237
f 12237 12217 12238
f 12216 12239 12219
f 12216 12237 12239
f 12220 12219 12240
f 12219 12241 12240
f 12219 12239 12241
f 11074 11075 12241
f 11075 12240 12241
f 11075 12242 12240
f 11076 12223 12224
f 12242 11076 12224
f 11075 11076 12242
f 12223 11076 11078
f 12243 12223 11078
f 12225 12223 12243
f 12243 11080 11081
f 12226 12243 11081
f 12225 12243 12226
f 12226 11081 11082
f 12244 12226 11082
f 12227 12226 12244
f 12244 11084 11033
f 12244 11033 12227
f 11087 12229 11038
f 12229 11087 11041
f 11090 12230 11045
f 12230 11090 11048
f 11099 12231 11058
f 12231 11099 11059
f 11104 12245 11103
f 12245 11106 11103
f 11109 12246 11108
f 12247 11112 11108
f 12247 11108 12246
f 12247 11113 11112
f 11115 12248 12232
f 11115 12232 11067
f 12248 11117 11118
f 12233 12248 11118
f 12232 12248 12233
f 11069 12233 11118
f 11119 11120 12249
f 12249 11121 11119
f 12250 12236 12234
f 12234 11072 12250
f 11072 12251 12250
f 11072 11123 12251
f 12254 12253 12252
f 12254 12252 12238
f 12252 12237 12238
f 12252 12255 12237
f 12237 12256 12239
f 12237 12255 12256
f 12256 11125 11126
f 12241 12256 11126
f 12239 12256 12241
f 11074 12241 11126
f 11127 11128 12257
f 12258 11129 11127
f 12258 11127 12257
f 12243 11078 11129
f 12258 12243 11129
f 12259 12243 12258
f 12259 11131 11080
f 12259 11080 12243
f 11132 12244 11082
f 12260 11132 11135
f 12260 12244 11132
f 12260 11134 11084
f 12244 12260 11084
f 12260 11136 11134
f 11145 12261 11144
f 12261 11146 11144
f 11148 12262 11147
f 12262 11149 11147
f 11150 12263 11152
f 12263 11153 11152
f 11156 12264 11157
f 11158 12245 11104
f 11159 11157 12264
f 12245 11158 11106
f 11160 12246 11109
f 12246 11160 11163
f 12246 11163 12247
f 12247 11163 11113
f 11167 12248 11115
f 12265 11167 11170
f 12265 12248 11167
f 12265 11169 11117
f 12248 12265 11117
f 12249 11120 11169
f 12265 12249 11169
f 12266 12249 12265
f 12266 11171 11121
f 12266 11121 12249
f 11173 12251 11123
f 11173 12267 12251
f 12253 12268 12252
f 12270 12269 12268
f 12269 12252 12268
f 12269 12255 12252
f 12255 12271 12256
f 12255 12269 12271
f 12271 11175 11125
f 12271 11125 12256
f 11176 12272 12257
f 11176 12257 11128
f 12272 11178 11179
f 12258 12272 11179
f 12257 12272 12258
f 12258 11179 11180
f 12273 12258 11180
f 12259 12258 12273
f 12273 11182 11131
f 12273 11131 12259
f 11184 12260 11135
f 12260 11184 11136
f 11190 12274 11189
f 12274 11191 11189
f 11193 12275 11192
f 11194 12261 11145
f 11195 11192 12275
f 12261 11194 11146
f 11198 12262 11148
f 12262 11198 11149
f 11202 12263 11150
f 11153 12263 11202
f 11203 11204 12276
f 12276 11206 11203
f 11208 12264 11156
f 12264 11208 11159
f 11212 12277 12265
f 11212 12265 11170
f 12277 11213 11214
f 12266 12277 11214
f 12265 12277 12266
f 12266 11214 11171
f 12280 12279 12278
f 12283 12282 12281
f 12267 12278 12279
f 12278 12267 11216
f 11173 11216 12267
f 12283 12284 12282
f 12287 12286 12285
f 12287 12285 12270
f 12285 12269 12270
f 12285 12288 12269
f 12269 12289 12271
f 12269 12288 12289
f 12290 11217 11175
f 12271 12290 11175
f 12289 12290 12271
f 12290 11176 11217
f 12290 12272 11176
f 12290 11220 11218
f 12272 12290 11218
f 12291 11218 11222
f 12291 12272 11218
f 12291 11221 11178
f 12272 12291 11178
f 12273 11180 11221
f 12291 12273 11221
f 12292 12273 12291
f 12292 11224 11182
f 12292 11182 12273
f 11227 12293 11226
f 12293 11228 11226
f 11233 12274 11190
f 12274 11233 11191
f 11235 12275 11193
f 12275 11235 11195
f 11240 12276 11204
f 12276 11240 11206
f 11246 12294 11245
f 12294 11247 11245
f 11249 12295 11250
f 11253 12277 11212
f 11251 11250 12295
f 12277 11253 11213
f 12296 12280 12278
f 11256 12278 11216
f 12278 11256 12296
f 12297 12296 11256
f 12296 12297 12281
f 12283 12281 12297
f 12284 12283 12298
f 12298 12283 12297
f 12286 12299 12285
f 12301 12300 12299
f 12300 12285 12299
f 12300 12288 12285
f 12288 12302 12289
f 12288 12300 12302
f 12302 11258 11259
f 12290 12302 11259
f 12289 12302 12290
f 12290 11259 11220
f 11261 12303 12291
f 11261 12291 11222
f 12303 11263 11264
f 12292 12303 11264
f 12291 12303 12292
f 12292 11264 11224
f 11266 12293 11227
f 12293 11266 11228
f 11275 12294 11246
f 12294 11275 11247
f 11278 12295 11249
f 12295 11278 11251
f 12305 12304 12297
f 11256 12305 12297
f 11283 12305 11256
f 12308 12307 12306
f 12297 12304 12298
f 12310 12309 12307
f 12307 12309 12306
f 12309 12310 12301
f 12310 12300 12301
f 12310 12311 12300
f 12300 12312 12302
f 12300 12311 12312
f 12313 11284 11258
f 12302 12313 11258
f 12312 12313 12302
f 12313 11286 11284
f 11287 12314 12303
f 11287 12303 11261
f 12314 11289 11263
f 12314 11263 12303
f 11292 12315 11293
f 12315 11295 11293
f 11305 12316 11306
f 12316 11308 11306
f 12318 12317 11309
f 12318 11309 11310
f 11283 12319 12305
f 12319 11283 12320
f 11309 12320 11283
f 12320 11309 12321
f 12317 12321 11309
f 12323 12322 12320
f 12322 12307 12320
f 12308 12319 12320
f 12308 12320 12307
f 12325 12324 12322
f 12324 12307 12322
f 12324 12310 12307
f 12327 12311 12326
f 12311 12324 12326
f 12311 12310 12324
f 11312 11313 12328
f 12327 12329 12311
f 12312 12311 12329
f 11313 11314 12328
f 12331 12329 12330
f 12329 12331 12312
f 12313 12312 12331
f 12313 12331 11286
f 12331 12332 11286
f 12332 11315 11286
f 12331 12333 12332
f 11315 12332 11287
f 12332 12334 11287
f 12334 12314 11287
f 12334 12332 12335
f 12314 12334 11289
f 12334 12336 11289
f 12336 11316 11289
f 12334 12337 12336
f 11316 12338 11317
f 12336 12338 11316
f 12340 12339 11319
f 11317 12340 11319
f 12338 12340 11317
f 12340 12341 12339
f 11292 11320 12315
f 12342 12315 11320
f 12343 11321 11295
f 12315 12343 11295
f 12342 12343 12315
f 12344 11322 11321
f 12344 11321 12343
f 12345 11323 11322
f 12345 11322 12344
f 12346 11324 11323
f 12346 11323 12345
f 12346 11326 11324
f 11328 12347 11327
f 12347 11330 11327
f 11332 12348 11331
f 12349 11333 11331
f 12349 11331 12348
f 12350 11335 11333
f 12350 11333 12349
f 12351 11336 11335
f 12351 11335 12350
f 12352 11337 11336
f 12352 11336 12351
f 12353 11338 11337
f 12353 11337 12352
f 12354 11339 11338
f 12354 11338 12353
f 12354 11341 11339
f 11343 12355 11344
f 12356 11346 11344
f 12356 11344 12355
f 12357 11347 11346
f 12357 11346 12356
f 12358 11348 11347
f 12358 11347 12357
f 12358 11350 11348
f 11351 12359 11352
f 12359 11353 11352
f 11355 12360 11354
f 12360 11356 11354
f 11357 12361 11359
f 12361 11360 11359
f 11362 12362 12316
f 11362 12316 11305
f 12362 11363 11308
f 12362 11308 12316
f 12365 12364 12363
f 12364 12318 12363
f 12318 11365 12363
f 12318 11310 11365
f 12321 12366 12320
f 12320 12366 12323
f 12325 12367 12324
f 12370 12369 12368
f 12324 12367 12326
f 12369 12371 12368
f 12328 11367 11312
f 11367 12328 12372
f 12331 12330 12373
f 12372 11314 11368
f 11314 12372 12328
f 12331 12373 12333
f 12335 12374 12334
f 12334 12374 12337
f 12339 11369 11319
f 12375 12339 12341
f 12339 12375 11369
f 12376 11369 12375
f 11369 12376 11320
f 12342 11320 12376
f 12378 12343 12377
f 12343 12376 12377
f 12343 12342 12376
f 12343 12378 12344
f 12344 12378 12379
f 12344 12379 12345
f 12345 12379 12380
f 12382 12381 12380
f 12381 12345 12380
f 12381 12346 12345
f 12346 12381 11326
f 12381 12383 11326
f 12383 11370 11326
f 12381 12384 12383
f 11370 12383 11328
f 12383 12385 11328
f 12385 12347 11328
f 12385 12383 12386
f 12347 12385 11330
f 12385 12387 11330
f 12387 11371 11330
f 12385 12388 12387
f 12387 11332 11371
f 11332 12387 12348
f 12389 12348 12387
f 12348 12389 11372
f 11374 11372 12389
f 12348 11372 11375
f 12390 12348 11375
f 12349 12348 12390
f 12349 12391 12350
f 12349 12390 12391
f 12350 12392 12351
f 12350 12391 12392
f 12351 12393 12352
f 12351 12392 12393
f 12393 11376 11377
f 12353 12393 11377
f 12352 12393 12353
f 12353 11377 11378
f 12353 11378 12354
f 12394 11378 11381
f 12394 12354 11378
f 12394 11380 11341
f 12354 12394 11341
f 12394 11383 11380
f 11384 12395 11385
f 12355 11343 11385
f 12395 12355 11385
f 12396 12355 12395
f 12355 12397 12356
f 12355 12396 12397
f 12356 12398 12357
f 12356 12397 12398
f 12357 12399 12358
f 12357 12398 12399
f 12399 11388 11350
f 12399 11350 12358
f 11389 12400 12359
f 11389 12359 11351
f 12401 11390 11353
f 12359 12401 11353
f 12400 12401 12359
f 12360 11355 11390
f 12401 12360 11390
f 12402 12360 12401
f 12403 11391 11356
f 12360 12403 11356
f 12402 12403 12360
f 12361 11357 11391
f 12403 12361 11391
f 12404 12361 12403
f 12405 11393 11360
f 12361 12405 11360
f 12404 12405 12361
f 12406 11394 11393
f 12406 11393 12405
f 12362 11362 11394
f 12406 12362 11394
f 12407 12362 12406
f 12407 11396 11363
f 12407 11363 12362
f 12365 12363 11399
f 11398 12365 11399
f 12408 12365 11398
f 11399 12363 11365
f 12411 12410 12409
f 12409 12412 12411
f 12415 12414 12413
f 12415 12413 12370
f 12413 12369 12370
f 12413 12416 12369
f 11400 11367 12372
f 12417 12371 12416
f 12369 12416 12371
f 11400 12372 11368
f 12419 12418 11403
f 11403 12418 11402
f 12421 12419 12420
f 12419 11404 12420
f 12419 11403 11404
f 11406 12420 11404
f 12422 11408 11409
f 12424 12422 12423
f 12422 11409 12423
f 11410 12425 12423
f 11410 12423 11409
f 12426 12376 12375
f 12425 12427 12423
f 12376 12426 12377
f 12430 12429 12428
f 12432 12431 12428
f 12428 12431 12430
f 12433 12381 12382
f 12432 12434 12431
f 12381 12433 12384
f 12385 12386 12435
f 12435 12386 12436
f 12388 12385 12437
f 12385 12438 12437
f 12385 12435 12438
f 12438 12439 11411
f 12389 12438 11411
f 11374 12389 11411
f 12438 12389 12437
f 12390 11375 11411
f 12439 12390 11411
f 12440 12390 12439
f 12390 12441 12391
f 12390 12440 12441
f 12391 12442 12392
f 12391 12441 12442
f 12392 12443 12393
f 12392 12442 12443
f 12443 11413 11376
f 12443 11376 12393
f 11414 12444 11415
f 12394 11381 11415
f 12444 12394 11415
f 12445 12394 12444
f 12446 11416 11383
f 12394 12446 11383
f 12445 12446 12394
f 12395 11384 11416
f 12446 12395 11416
f 12447 12395 12446
f 12395 12448 12396
f 12395 12447 12448
f 12396 12449 12397
f 12396 12448 12449
f 12397 12450 12398
f 12397 12449 12450
f 12398 12451 12399
f 12398 12450 12451
f 12452 11417 11388
f 12399 12452 11388
f 12451 12452 12399
f 12400 11389 11417
f 12452 12400 11417
f 12453 12400 12452
f 12453 11419 11420
f 12401 12453 11420
f 12400 12453 12401
f 12401 11420 11421
f 12401 11421 12402
f 12402 11421 11423
f 12402 11423 12403
f 12403 11423 11425
f 12454 12403 11425
f 12404 12403 12454
f 12404 12455 12405
f 12404 12454 12455
f 12405 12456 12406
f 12405 12455 12456
f 12456 11428 11426
f 12407 12456 11426
f 12406 12456 12407
f 12407 11426 11396
f 12457 12408 11398
f 12457 11398 11429
f 12459 12458 11432
f 12458 11429 11432
f 12458 12457 11429
f 12460 12409 12410
f 12459 12461 12458
f 12409 12460 12412
f 12414 12462 12413
f 12463 11434 11435
f 12413 12463 11435
f 12416 12413 11435
f 12462 12463 12413
f 12465 12464 11436
f 11436 12464 11435
f 12464 12417 11435
f 12417 12416 11435
f 12467 12466 12465
f 12465 12466 12464
f 12418 12466 12467
f 11438 12418 12467
f 11402 12418 11438
f 12421 12469 12468
f 12421 11439 12469
f 12421 12420 11440
f 11439 12421 11440
f 12420 11406 11440
f 12470 12468 12469
f 12472 12471 12422
f 12471 11408 12422
f 12471 11442 11408
f 12422 12424 12472
f 12473 11410 11443
f 11410 12473 12425
f 12427 12475 12474
f 12475 12427 11446
f 12425 11446 12427
f 11446 12425 11445
f 12473 11445 12425
f 12475 11446 12476
f 11446 12477 12476
f 11446 11447 12477
f 12478 12428 11449
f 12428 12477 11449
f 12477 11447 11449
f 12428 12429 12477
f 12480 12432 12479
f 12432 12478 12479
f 12432 12428 12478
f 12432 12480 12434
f 12483 12482 12481
f 12484 12435 12436
f 12481 12485 12483
f 12435 12484 12438
f 12438 12484 12486
f 12488 12487 12486
f 12487 12438 12486
f 12487 12439 12438
f 12487 11452 11453
f 12440 12487 11453
f 12439 12487 12440
f 12440 11453 11454
f 12489 12440 11454
f 12441 12440 12489
f 12441 12490 12442
f 12441 12489 12490
f 12442 12491 12443
f 12442 12490 12491
f 12492 11455 11413
f 12443 12492 11413
f 12491 12492 12443
f 12444 11414 11455
f 12492 12444 11455
f 12493 12444 12492
f 12444 12494 12445
f 12444 12493 12494
f 12445 12495 12446
f 12445 12494 12495
f 12446 12496 12447
f 12446 12495 12496
f 12496 11457 11458
f 12448 12496 11458
f 12447 12496 12448
f 12448 11458 11459
f 12497 12448 11459
f 12449 12448 12497
f 12497 11460 11461
f 12450 12497 11461
f 12449 12497 12450
f 12450 11461 11462
f 12450 11462 12451
f 12451 11462 11464
f 12498 12451 11464
f 12452 12451 12498
f 12498 11465 11466
f 12453 12498 11466
f 12452 12498 12453
f 12453 11466 11419
f 11467 12454 11425
f 12454 11467 11468
f 12499 12454 11468
f 12455 12454 12499
f 12499 11470 11471
f 12456 12499 11471
f 12455 12499 12456
f 12500 11471 11473
f 12500 12456 11471
f 12500 11472 11428
f 12456 12500 11428
f 12500 11474 11472
f 11476 12501 11477
f 12459 11432 11477
f 12501 12459 11477
f 12502 12459 12501
f 12461 12459 12503
f 12503 12459 12502
f 12506 12505 12504
f 12508 12507 12504
f 12504 12507 12506
f 12508 12509 11478
f 12463 12508 11478
f 11434 12463 11478
f 12508 12463 12507
f 12509 11436 11478
f 12509 12465 11436
f 12509 11481 11479
f 12465 12509 11479
f 12465 11479 11482
f 12510 12465 11482
f 12467 12465 12510
f 12467 12510 11438
f 12510 12511 11438
f 12511 11483 11438
f 12510 12512 12511
f 11483 12511 11439
f 12511 12513 11439
f 12513 12469 11439
f 12513 12511 12514
f 12470 12469 12515
f 12515 12469 12513
f 12471 11485 11442
f 12516 11485 12471
f 11486 12517 12473
f 11486 12473 11443
f 12518 12474 12475
f 11488 11445 12517
f 12473 12517 11445
f 11490 11489 12519
f 12475 12476 12518
f 12519 11449 11490
f 12519 12478 11449
f 12519 11491 11492
f 12478 12519 11492
f 12520 12479 12478
f 11492 12520 12478
f 11494 12520 11492
f 12522 12521 11495
f 12521 11494 11495
f 12521 12520 11494
f 12521 12522 12482
f 12522 12481 12482
f 12522 12523 12481
f 11498 12524 11497
f 12524 12481 11497
f 12481 12523 11497
f 12481 12524 12485
f 12526 12525 11499
f 12525 11498 11499
f 12525 12524 11498
f 11502 11500 12527
f 12526 11502 12527
f 12525 12526 12527
f 12488 12525 12527
f 12487 12488 12527
f 12528 12487 12527
f 12529 12528 12527
f 12530 12529 12527
f 11500 12530 12527
f 12528 12532 12531
f 12487 12528 12531
f 11452 12487 12531
f 11504 11452 12531
f 12533 11504 12531
f 11503 12533 12531
f 11500 11503 12531
f 12530 11500 12531
f 12532 12530 12531
f 12489 11454 11504
f 12533 12489 11504
f 12534 12489 12533
f 12489 12535 12490
f 12489 12534 12535
f 12535 11506 11507
f 12491 12535 11507
f 12490 12535 12491
f 12491 11507 11508
f 12536 12491 11508
f 12492 12491 12536
f 12536 11510 11511
f 12493 12536 11511
f 12492 12536 12493
f 12493 11511 11512
f 12537 12493 11512
f 12494 12493 12537
f 12537 11514 11515
f 12495 12537 11515
f 12494 12537 12495
f 12495 11515 11516
f 12495 11516 12496
f 12496 11516 11457
f 11519 12497 11459
f 12497 11519 11460
f 11522 12538 11523
f 11526 12498 11464
f 11524 11523 12538
f 12498 11526 11465
f 11527 12499 11468
f 12499 11527 11470
f 11530 12500 11473
f 12500 11530 11474
f 11533 12539 12501
f 11533 12501 11476
f 12501 12540 12502
f 12501 12539 12540
f 12503 12502 12541
f 12502 12542 12541
f 12502 12540 12542
f 12543 12504 12505
f 12542 12544 12541
f 12545 11536 11537
f 12504 12545 11537
f 12508 12504 11537
f 12543 12545 12504
f 12508 11537 11538
f 12508 11538 12509
f 12509 11538 11481
f 11541 12510 11482
f 12546 12512 12510
f 11541 12546 12510
f 11542 12546 11541
f 11544 12513 12514
f 12546 11544 12514
f 11542 11544 12546
f 12547 12515 12513
f 11544 12547 12513
f 11545 12547 11544
f 12516 11548 11485
f 11548 12516 12548
f 12547 12548 12516
f 12548 12547 11547
f 11545 11547 12547
f 12517 11486 11548
f 12548 12517 11548
f 12549 12517 12548
f 12549 11551 11488
f 12549 11488 12517
f 11552 12519 11489
f 12519 11552 11491
f 11554 12522 11495
f 12522 11554 11555
f 12522 11555 12523
f 12523 11555 11497
f 11556 12526 11499
f 12530 12550 12529
f 11502 12526 11556
f 11503 11558 12533
f 12530 12532 12550
f 12533 11558 11560
f 12533 11560 12534
f 12534 11560 11561
f 12534 11561 12535
f 12535 11561 11506
f 11563 12536 11508
f 12536 11563 11510
f 11566 12537 11512
f 12537 11566 11514
f 11569 12538 11522
f 12538 11569 11524
f 11572 12539 11533
f 12539 11572 11573
f 12551 12539 11573
f 12540 12539 12551
f 11576 11577 12552
f 12542 12554 12553
f 12554 12542 12551
f 12540 12551 12542
f 12552 11577 11578
f 12555 12542 12553
f 12542 12555 12556
f 12542 12556 12544
f 12557 12544 12556
f 12545 12557 12556
f 11580 12545 12556
f 11536 12545 11580
f 11581 12548 11547
f 12548 11581 11582
f 12548 11582 12549
f 12549 11582 11551
f 11584 12551 11573
f 11584 12554 12551
f 11584 12558 12554
f 11584 11576 12552
f 12558 11584 12552
f 12558 12556 12555
f 12558 11586 12556
f 12558 12552 11578
f 11586 12558 11578
f 12556 11586 11580
f 12561 12560 12559
f 12562 12559 12560
f 12563 12561 12559
f 12563 12559 12562
f 11590 12564 11589
f 12564 11591 11589
f 11592 12564 11590
f 12564 11592 11591
f 12567 12566 12565
f 12568 12565 12566
f 11595 12569 11594
f 12569 11597 11594
f 11603 12570 11602
f 12570 11604 11602
f 11608 12571 11609
f 12571 11611 11609
f 11614 12572 11613
f 12572 11615 11613
f 12575 12574 12573
f 12577 12576 12573
f 12577 12573 12574
f 12578 12576 12577
f 11619 12579 11618
f 12579 11621 11618
f 12580 12567 12565
f 12580 12565 12568
f 11625 12581 11624
f 12581 11627 11624
f 11630 12582 11629
f 12582 11632 11629
f 11634 12583 12569
f 11634 12569 11595
f 12583 11635 11597
f 12583 11597 12569
f 11639 12584 11640
f 12584 11642 11640
f 11645 12585 11646
f 12585 11647 11646
f 11648 12570 11603
f 12570 11648 11604
f 12588 12587 12586
f 12589 11651 11650
f 12590 12586 12587
f 11651 12589 12591
f 12592 11651 12591
f 11652 11651 12592
f 12594 12593 11654
f 11652 12594 11654
f 12592 12594 11652
f 12595 12593 12594
f 11657 12596 11656
f 12596 12597 11656
f 11656 12597 11608
f 12597 12598 11608
f 12598 12571 11608
f 11611 12571 12598
f 12599 11611 12598
f 11659 11611 12599
f 11661 12600 12572
f 11661 12572 11614
f 12600 11662 11615
f 12600 11615 12572
f 12575 12573 11663
f 11664 12575 11663
f 12601 12575 11664
f 11663 12602 11665
f 12602 11663 12603
f 12573 12603 11663
f 12603 12573 12604
f 12576 12604 12573
f 12576 12578 12604
f 11665 12602 11666
f 12606 12605 11668
f 12606 11668 11669
f 12608 12607 11670
f 11668 12608 11670
f 12605 12608 11668
f 12609 12607 12608
f 11673 12610 11672
f 12611 11675 11672
f 12611 11672 12610
f 12612 11677 11675
f 12612 11675 12611
f 12613 11678 11677
f 12613 11677 12612
f 12614 11680 11678
f 12614 11678 12613
f 12579 11619 11680
f 12614 12579 11680
f 12615 12579 12614
f 12615 11682 11621
f 12615 11621 12579
f 12617 12616 11685
f 12617 11685 11686
f 11687 11685 12616
f 11687 12616 12618
f 11689 12619 11690
f 12619 11691 11690
f 11692 12620 12581
f 11692 12581 11625
f 12621 11693 11627
f 12581 12621 11627
f 12620 12621 12581
f 11693 12621 12622
f 12623 11693 12622
f 11695 11693 12623
f 12624 11697 11698
f 11695 12582 11630
f 12582 11695 12625
f 12623 12625 11695
f 11698 11632 12626
f 12624 11698 12626
f 11699 12624 12626
f 11701 11699 12626
f 12627 11701 12626
f 12625 12627 12626
f 12582 12625 12626
f 11632 12582 12626
f 11634 11704 12583
f 12628 11701 12627
f 11701 12628 11703
f 12583 11704 11635
f 11708 12629 11709
f 12584 11639 11709
f 12629 12584 11709
f 12630 12584 12629
f 12631 11710 11642
f 12584 12631 11642
f 12630 12631 12584
f 12631 11712 11710
f 11713 12585 11645
f 12585 11713 11647
f 12588 12586 11715
f 11716 12588 11715
f 12632 12588 11716
f 12586 12590 11715
f 12590 12633 11715
f 12589 11650 11715
f 12589 11715 12633
f 12589 12633 12591
f 12593 11717 11654
f 11718 11717 12593
f 12634 11718 12593
f 12595 12634 12593
f 12635 11718 12634
f 12635 12636 11718
f 11718 12636 11657
f 12636 12637 11657
f 12637 12596 11657
f 12596 12637 12597
f 12599 12638 11659
f 11659 12638 11719
f 11661 11719 12600
f 11719 12639 12600
f 11719 12638 12639
f 12600 12639 11662
f 12639 11720 11662
f 12639 12640 11720
f 12641 11722 11723
f 12601 11664 12640
f 11720 12640 11664
f 11724 12602 11723
f 12603 11723 12602
f 11723 12603 12641
f 12642 12641 12603
f 12641 12642 12643
f 11724 11666 12602
f 11727 12643 11726
f 12642 11726 12643
f 11726 12642 12644
f 11669 11729 12606
f 12645 12606 11729
f 12606 12645 12644
f 11731 12644 12645
f 12644 11731 11726
f 11729 11670 12645
f 11670 12607 12645
f 11733 11734 12645
f 11733 12645 12607
f 12609 12646 12607
f 12646 11733 12607
f 12646 11735 11733
f 11673 11735 12610
f 11735 12647 12610
f 11735 12646 12647
f 12610 12647 12611
f 12611 12647 12648
f 12611 12648 12612
f 12612 12648 12649
f 12612 12649 12613
f 12613 12649 12650
f 11737 11738 12651
f 12650 12652 12613
f 12614 12613 12652
f 12651 11738 11739
f 12615 12652 12653
f 12652 12615 12614
f 11742 11682 12615
f 12654 11742 12615
f 12653 12654 12615
f 11742 12654 12655
f 12656 12655 11746
f 12655 12617 11746
f 12617 11686 11746
f 12617 12655 12654
f 11687 12618 12657
f 12656 11687 12657
f 12658 12656 12657
f 11746 11687 12656
f 12657 12659 12619
f 11749 12657 12619
f 11689 11749 12619
f 12658 12657 11749
f 12619 12659 11691
f 12659 11750 11691
f 12659 12660 11750
f 11692 11750 12620
f 11750 12661 12620
f 11750 12660 12661
f 12620 12661 12621
f 12621 12661 12662
f 12621 12662 12622
f 12624 11751 11697
f 11751 12624 11699
f 12628 11752 11703
f 12663 11752 12628
f 11757 12664 12629
f 11757 12629 11708
f 12629 12665 12630
f 12629 12664 12665
f 12630 12666 12631
f 12630 12665 12666
f 12666 11759 11712
f 12666 11712 12631
f 11762 12632 11716
f 11762 12667 12632
f 12634 12668 12635
f 12635 12668 12636
f 12641 11763 11722
f 11763 12641 11764
f 11764 12641 12643
f 11764 12643 11727
f 12645 11765 11731
f 11765 12645 11734
f 12651 11766 11737
f 11766 12651 11739
f 12655 11767 11742
f 11767 12655 11768
f 11768 12655 12656
f 11768 12656 11769
f 11769 12656 12658
f 11769 12658 11749
f 12671 12670 12669
f 12673 12672 12669
f 12669 12672 12671
f 12673 12674 12672
f 12677 12676 12675
f 12675 12678 12677
f 12663 11771 11752
f 12679 11771 12663
f 11775 12664 11757
f 12664 11775 11777
f 12664 11777 12665
f 12665 11777 11779
f 12665 11779 12666
f 11779 11759 12666
f 12681 11782 12680
f 11782 12681 11781
f 12681 12683 12682
f 11783 12681 12682
f 11781 12681 11783
f 12684 11784 11783
f 12684 11783 12682
f 12684 11785 11784
f 12686 12685 11786
f 12686 11786 11787
f 11762 11786 12667
f 12667 11786 12685
f 12689 12688 12687
f 12687 12690 12689
f 12693 12692 12691
f 12691 12694 12693
f 12697 12696 12695
f 12695 12698 12697
f 12669 12670 12699
f 12699 12670 12700
f 12702 12673 12701
f 12673 12699 12701
f 12673 12669 12699
f 12705 12704 12703
f 12673 12702 12674
f 12706 12675 12676
f 12704 12707 12703
f 12706 12678 12675
f 11790 12708 11789
f 12708 11790 12709
f 12710 11790 11791
f 12710 12709 11790
f 11791 11771 12679
f 11791 12679 12710
f 11798 12711 11799
f 11799 12711 12712
f 12713 11799 12712
f 11800 11799 12713
f 11782 12714 12680
f 12714 11782 12715
f 11800 12715 11782
f 12715 11800 12716
f 12713 12716 11800
f 12717 12682 12683
f 12715 12718 12714
f 12720 12719 12717
f 12719 12682 12717
f 12719 12684 12682
f 12719 11802 11785
f 12719 11785 12684
f 11804 12686 11787
f 11804 12721 12686
f 12724 12723 12722
f 12726 12725 12722
f 12722 12725 12724
f 12725 12726 12688
f 12726 12687 12688
f 12726 12727 12687
f 12690 12687 12728
f 12687 12729 12728
f 12687 12727 12729
f 12730 12691 12692
f 12729 12731 12728
f 12734 12733 12732
f 12691 12730 12694
f 12733 12735 12732
f 12696 12736 12695
f 12695 12736 12698
f 12700 12737 12699
f 12699 12737 12701
f 12705 12738 12704
f 12704 12738 12707
f 12708 11806 11789
f 12739 11806 12708
f 11813 12740 12711
f 11813 12711 11798
f 12712 12711 12741
f 12711 12742 12741
f 12711 12740 12742
f 12744 12743 12742
f 12743 12715 12742
f 12716 12741 12742
f 12716 12742 12715
f 12743 12745 12715
f 12745 12746 12715
f 12747 12718 12715
f 12747 12715 12746
f 12747 12746 12720
f 12746 12719 12720
f 12746 12748 12719
f 12748 11815 11802
f 12748 11802 12719
f 11817 12721 11804
f 11817 12749 12721
f 12752 12751 12750
f 12754 12753 12750
f 12750 12753 12752
f 12755 12722 12723
f 12754 12756 12753
f 12758 12757 12755
f 12757 12722 12755
f 12757 12726 12722
f 12760 12727 12759
f 12727 12757 12759
f 12727 12726 12757
f 12727 12760 12729
f 12729 12760 12761
f 12729 12761 12731
f 12733 12734 12762
f 12762 12734 12763
f 12735 12733 12764
f 12764 12733 12762
f 12766 12765 11820
f 11820 12765 11819
f 11820 11821 12766
f 12766 11821 12767
f 12770 12769 12768
f 12768 12771 12770
f 12774 12773 12772
f 12776 12775 12772
f 12772 12775 12774
f 12776 12777 12775
f 12780 12779 12778
f 12782 12781 12778
f 12778 12781 12780
f 12784 12783 12782
f 12782 12783 12781
f 11823 11824 12784
f 11824 12783 12784
f 11824 12785 12783
f 11824 11806 12739
f 11824 12739 12785
f 12787 12786 12740
f 11813 12787 12740
f 11832 12787 11813
f 12740 12786 12742
f 12742 12786 12788
f 12788 12789 12742
f 12789 12790 12742
f 12791 12744 12742
f 12791 12742 12790
f 12791 12790 12745
f 12790 12746 12745
f 12790 12792 12746
f 12794 12748 12793
f 12748 12792 12793
f 12748 12746 12792
f 11815 12748 12794
f 12795 11815 12794
f 11834 11815 12795
f 11835 12749 11817
f 11835 12796 12749
f 12799 12798 12797
f 12797 12800 12799
f 12803 12802 12801
f 12805 12804 12801
f 12801 12804 12803
f 12805 12806 12804
f 12751 12807 12750
f 12809 12808 12807
f 12808 12750 12807
f 12808 12754 12750
f 12756 12754 12810
f 12810 12754 12808
f 12757 12758 12811
f 12811 12758 12812
f 12759 12757 12813
f 12813 12757 12811
f 12815 12814 11838
f 11838 12814 11837
f 12817 12816 11839
f 12816 11838 11839
f 12816 12815 11838
f 12816 12817 12763
f 12817 12762 12763
f 12817 12818 12762
f 12764 12762 12819
f 12762 12820 12819
f 12762 12818 12820
f 12820 12821 12819
f 12824 12823 12822
f 12765 12824 12822
f 11841 12765 12822
f 11819 12765 11841
f 11842 12767 11821
f 11842 12825 12767
f 12769 12826 12768
f 12768 12826 12771
f 12772 12773 12827
f 12827 12773 12828
f 12772 12829 12776
f 12772 12827 12829
f 12777 12776 12830
f 12830 12776 12829
f 12831 11844 11845
f 12779 12832 12778
f 11845 11846 12831
f 12834 12832 12833
f 12832 12834 12778
f 12782 12778 12834
f 12836 12784 12835
f 12784 12834 12835
f 12784 12782 12834
f 11823 12784 12836
f 12837 11823 12836
f 11848 11823 12837
f 11856 12839 12838
f 12787 11856 12838
f 11832 11856 12787
f 11858 11859 12839
f 11859 12838 12839
f 11859 12840 12838
f 12841 12790 11860
f 12790 12840 11860
f 12840 11859 11860
f 12790 12789 12840
f 12790 12842 12792
f 12790 12841 12842
f 12793 12792 12843
f 12792 12844 12843
f 12792 12842 12844
f 12795 12843 12844
f 11862 12795 12844
f 11834 12795 11862
f 11864 12796 11835
f 11864 12845 12796
f 12797 12798 12846
f 12846 12798 12847
f 12800 12797 12848
f 12848 12797 12846
f 12802 12849 12801
f 12851 12850 12849
f 12850 12801 12849
f 12850 12805 12801
f 12806 12805 12852
f 12805 12853 12852
f 12805 12850 12853
f 12855 12854 12853
f 12853 12854 12852
f 12854 12855 12809
f 12855 12808 12809
f 12855 12856 12808
f 12810 12808 12857
f 12808 12858 12857
f 12808 12856 12858
f 12857 12858 12812
f 12858 12811 12812
f 12858 12859 12811
f 12813 12811 12860
f 12811 12861 12860
f 12811 12859 12861
f 12814 12860 12861
f 11866 12814 12861
f 11837 12814 11866
f 11867 12817 11839
f 12817 11867 11869
f 12817 11869 12818
f 12818 11869 11871
f 12818 11871 12820
f 12862 12821 12820
f 11871 12862 12820
f 11873 12862 11871
f 11875 12822 12823
f 12862 11875 12823
f 11873 11875 12862
f 12822 11875 11841
f 11878 12825 11842
f 11878 12863 12825
f 12865 12864 11881
f 11881 12864 11880
f 11881 11882 12865
f 12865 11882 12866
f 12828 12867 12827
f 12869 12868 12867
f 12868 12827 12867
f 12868 12829 12827
f 11885 12870 11884
f 12870 12829 11884
f 12829 12868 11884
f 12829 12870 12830
f 11885 11844 12831
f 12871 11885 12831
f 12870 11885 12871
f 12871 12834 12833
f 12871 11887 12834
f 12871 12831 11846
f 11887 12871 11846
f 12872 12835 12834
f 11887 12872 12834
f 11889 12872 11887
f 11889 11848 12837
f 11889 12837 12872
f 11899 12839 11856
f 12839 11899 11858
f 11902 12873 12841
f 11902 12841 11860
f 12841 12874 12842
f 12841 12873 12874
f 12842 12875 12844
f 12842 12874 12875
f 12875 11904 11862
f 12875 11862 12844
f 11905 12877 12876
f 12845 11905 12876
f 11864 11905 12845
f 12877 12878 12876
f 12847 12879 12846
f 12846 12879 12848
f 12850 12851 12880
f 12880 12851 12881
f 12850 12882 12853
f 12850 12880 12882
f 12853 12883 12855
f 12853 12882 12883
f 12885 12856 12884
f 12856 12883 12884
f 12856 12855 12883
f 12887 12886 12885
f 12886 12856 12885
f 12886 12858 12856
f 12889 12859 12888
f 12859 12886 12888
f 12859 12858 12886
f 12890 11907 11908
f 12859 12890 11908
f 12861 12859 11908
f 12889 12890 12859
f 12861 11908 11866
f 12891 12863 11878
f 12891 11878 11916
f 11916 11880 12864
f 11916 12864 12891
f 12892 12866 11882
f 12892 11882 11919
f 12893 11919 11921
f 12893 12892 11919
f 11923 12868 12869
f 12893 11923 12869
f 11921 11923 12893
f 12868 11923 11884
f 11939 12873 11902
f 12873 11939 11941
f 12873 11941 12874
f 12874 11941 11943
f 12874 11943 12875
f 12875 11943 11904
f 11946 12894 12877
f 11946 12877 11905
f 12878 12877 12895
f 12895 12877 12894
f 12898 12897 12896
f 12896 12899 12898
f 12881 12900 12880
f 12880 12900 12882
f 12882 12900 12901
f 12902 11948 11949
f 12882 12902 11949
f 12883 12882 11949
f 12901 12902 12882
f 12903 12884 12883
f 11949 12903 12883
f 11950 12903 11949
f 12904 12886 11952
f 12886 12903 11952
f 12903 11950 11952
f 12886 12887 12903
f 12888 12886 12905
f 12886 12906 12905
f 12886 12904 12906
f 12906 12907 11953
f 12890 12906 11953
f 11907 12890 11953
f 12906 12890 12905
f 12907 11955 11953
f 12909 12908 12894
f 11946 12909 12894
f 11985 12909 11946
f 12894 12908 12895
f 12896 12897 12910
f 12910 12897 12911
f 12899 12896 12912
f 12896 12913 12912
f 12896 12910 12913
f 12915 12914 12913
f 12913 12914 12912
f 12917 12916 12915
f 12915 12916 12914
f 12919 12918 12917
f 12917 12918 12916
f 12919 12920 11986
f 12902 12919 11986
f 11948 12902 11986
f 12919 12902 12918
f 12921 11987 11986
f 12921 11986 12920
f 11990 12904 11952
f 11988 11987 12921
f 12904 11990 11991
f 12922 12904 11991
f 12906 12904 12922
f 12922 11993 11994
f 12907 12922 11994
f 12906 12922 12907
f 12907 11994 11955
f 12021 12909 11985
f 12021 12923 12909
f 12910 12911 12924
f 12924 12911 12925
f 12910 12926 12913
f 12910 12924 12926
f 12929 12928 12927
f 12915 12023 12024
f 12023 12915 12926
f 12913 12926 12915
f 12927 12928 12930
f 12917 12024 12025
f 12024 12917 12915
f 12917 12025 12027
f 12931 12917 12027
f 12919 12917 12931
f 12919 12932 12920
f 12919 12931 12932
f 12920 12933 12921
f 12920 12932 12933
f 12934 12028 11988
f 12921 12934 11988
f 12933 12934 12921
f 12922 11991 12028
f 12934 12922 12028
f 12935 12922 12934
f 12936 12029 11993
f 12922 12936 11993
f 12935 12936 12922
f 12936 12031 12029
f 12054 12923 12021
f 12054 12937 12923
f 12940 12939 12938
f 12940 12938 12925
f 12938 12924 12925
f 12938 12941 12924
f 12924 12942 12926
f 12924 12941 12942
f 12942 12023 12926
f 12023 12942 12056
f 12929 12927 12943
f 12944 12943 12927
f 12058 12057 12945
f 12930 12946 12927
f 12944 12927 12946
f 12931 12027 12058
f 12945 12931 12058
f 12947 12931 12945
f 12931 12948 12932
f 12931 12947 12948
f 12948 12060 12061
f 12933 12948 12061
f 12932 12948 12933
f 12933 12061 12062
f 12933 12062 12934
f 12934 12062 12064
f 12949 12934 12064
f 12935 12934 12949
f 12935 12950 12936
f 12935 12949 12950
f 12950 12066 12031
f 12950 12031 12936
f 12068 12951 12067
f 12951 12070 12067
f 12085 12937 12054
f 12085 12952 12937
f 12938 12939 12953
f 12953 12939 12954
f 12938 12955 12941
f 12938 12953 12955
f 12941 12956 12942
f 12941 12955 12956
f 12943 12944 12957
f 12086 12957 12944
f 12957 12086 12956
f 12056 12956 12086
f 12956 12056 12942
f 12958 12944 12946
f 12944 12958 12086
f 12959 12086 12958
f 12086 12959 12057
f 12945 12057 12959
f 12945 12960 12947
f 12945 12959 12960
f 12947 12961 12948
f 12947 12960 12961
f 12962 12087 12060
f 12948 12962 12060
f 12961 12962 12948
f 12963 12088 12087
f 12963 12087 12962
f 12949 12064 12088
f 12963 12949 12088
f 12964 12949 12963
f 12964 12090 12091
f 12950 12964 12091
f 12949 12964 12950
f 12950 12091 12066
f 12093 12951 12068
f 12951 12093 12070
f 12965 12952 12085
f 12965 12085 12107
f 12107 12109 12965
f 12965 12109 12966
f 12954 12967 12953
f 12953 12967 12955
f 12955 12967 12968
f 12970 12969 12968
f 12969 12955 12968
f 12969 12956 12955
f 12957 12956 12971
f 12956 12972 12971
f 12956 12969 12972
f 12974 12973 12972
f 12973 12959 12972
f 12958 12971 12972
f 12958 12972 12959
f 12976 12975 12973
f 12975 12959 12973
f 12975 12960 12959
f 12960 12977 12961
f 12960 12975 12977
f 12977 12111 12112
f 12962 12977 12112
f 12961 12977 12962
f 12962 12112 12113
f 12962 12113 12963
f 12963 12113 12115
f 12978 12963 12115
f 12964 12963 12978
f 12978 12117 12090
f 12978 12090 12964
f 12119 12979 12120
f 12979 12122 12120
f 12133 12966 12109
f 12133 12980 12966
f 12983 12982 12981
f 12983 12981 12970
f 12981 12969 12970
f 12981 12984 12969
f 12969 12985 12972
f 12969 12984 12985
f 12974 12972 12986
f 12972 12987 12986
f 12972 12985 12987
f 12986 12987 12976
f 12987 12975 12976
f 12987 12988 12975
f 12988 12135 12136
f 12977 12988 12136
f 12975 12988 12977
f 12977 12136 12111
f 12138 12989 12139
f 12142 12978 12115
f 12141 12139 12989
f 12978 12142 12117
f 12145 12979 12119
f 12979 12145 12122
f 12160 12991 12990
f 12980 12160 12990
f 12133 12160 12980
f 12991 12992 12990
f 12981 12982 12993
f 12993 12982 12994
f 12981 12995 12984
f 12981 12993 12995
f 12984 12996 12985
f 12984 12995 12996
f 12985 12997 12987
f 12985 12996 12997
f 12987 12998 12988
f 12987 12997 12998
f 12999 12161 12135
f 12988 12999 12135
f 12998 12999 12988
f 13000 12162 12161
f 13000 12161 12999
f 13000 12138 12162
f 13000 12989 12138
f 13000 12165 12163
f 12989 13000 12163
f 12141 12989 12163
f 13003 13002 13001
f 13004 13002 13003
f 12177 13005 12991
f 12177 12991 12160
f 12992 12991 13006
f 13006 12991 13005
f 13009 13008 13007
f 13009 13007 12994
f 13007 12993 12994
f 13007 13010 12993
f 12993 13011 12995
f 12993 13010 13011
f 12995 13012 12996
f 12995 13011 13012
f 12996 13013 12997
f 12996 13012 13013
f 13013 12179 12180
f 12998 13013 12180
f 12997 13013 12998
f 12998 12180 12181
f 13014 12998 12181
f 12999 12998 13014
f 13014 12183 12184
f 13000 13014 12184
f 12999 13014 13000
f 12165 13000 12184
f 13017 13016 13015
f 13001 13002 13018
f 13017 13019 13016
f 13020 13018 12189
f 13018 13020 13004
f 12188 13004 13020
f 13004 12188 13002
f 12189 13002 12188
f 13002 12189 13018
f 13020 12190 12188
f 12194 13021 13005
f 12194 13005 12177
f 13006 13005 13022
f 13022 13005 13021
f 13007 13008 13023
f 13023 13008 13024
f 13007 13025 13010
f 13007 13023 13025
f 13025 12196 12197
f 13011 13025 12197
f 13010 13025 13011
f 13011 12197 12198
f 13011 12198 13012
f 13012 12198 12200
f 13012 12200 13013
f 13013 12200 12179
f 12203 13014 12181
f 13014 12203 12183
f 13026 13015 13016
f 13029 13028 13027
f 13019 13026 13016
f 13029 13030 13028
f 12189 12208 13020
f 13031 13020 12208
f 13031 12210 12190
f 13031 12190 13020
f 13033 13032 13021
f 12194 13033 13021
f 12215 13033 12194
f 13036 13035 13034
f 13021 13032 13022
f 13034 13035 13024
f 13035 13023 13024
f 13035 13037 13023
f 13037 12217 12218
f 13025 13037 12218
f 13023 13037 13025
f 13025 12218 12196
f 12220 13038 12221
f 13039 12222 12221
f 13039 12221 13038
f 13039 12224 12222
f 13040 13027 13028
f 12208 12228 13031
f 13028 13030 13040
f 13031 12228 12210
f 12236 13041 12235
f 13033 12215 13042
f 12215 13041 13042
f 13041 13043 13042
f 12215 12235 13041
f 13042 13043 13036
f 13043 13035 13036
f 13043 13044 13035
f 13035 13045 13037
f 13035 13044 13045
f 13045 12238 12217
f 13045 12217 13037
f 12240 13038 12220
f 13038 12240 12242
f 13038 12242 13039
f 13039 12242 12224
f 12250 13041 12236
f 13041 12250 12251
f 13046 13041 12251
f 13043 13041 13046
f 13043 13047 13044
f 13043 13046 13047
f 13047 12253 12254
f 13045 13047 12254
f 13044 13047 13045
f 13045 12254 12238
f 13050 13049 13048
f 13051 13048 13049
f 13053 13052 13046
f 12251 13053 13046
f 12267 13053 12251
f 13046 13052 13047
f 13047 13052 13054
f 13054 13056 13055
f 13054 13055 12268
f 13047 13054 12268
f 12253 13047 12268
f 13055 12270 12268
f 13050 13048 13057
f 13050 13057 13058
f 13060 13059 13051
f 12279 13051 13059
f 13051 12279 13048
f 12280 13048 12279
f 13048 12280 13057
f 13061 12281 12282
f 12281 13061 13059
f 13053 13059 13061
f 13059 13053 12279
f 12267 12279 13053
f 12282 12284 13061
f 13061 12284 13062
f 13055 13056 12287
f 13056 12286 12287
f 13056 13063 12286
f 13055 12287 12270
f 13058 13057 13064
f 13058 13064 13065
f 13066 13059 13060
f 13059 13066 12296
f 13064 12296 13066
f 12296 13064 12280
f 13057 12280 13064
f 13059 12296 12281
f 12298 13068 13067
f 13062 12298 13067
f 12284 12298 13062
f 13068 13069 12299
f 13063 13068 12299
f 12286 13063 12299
f 13068 13063 13067
f 13069 12301 12299
f 13070 13065 13064
f 13070 13064 13066
f 12305 13071 12304
f 13074 13073 13072
f 12306 13071 12308
f 13071 12306 13068
f 13071 13068 12304
f 12298 12304 13068
f 13072 13073 13075
f 13069 12306 12309
f 12306 13069 13068
f 13069 12309 12301
f 12318 13076 12317
f 12319 13071 12305
f 12321 12317 13076
f 13071 12319 12308
f 12323 13072 12322
f 13072 12323 13074
f 13077 13074 12323
f 12325 12322 13072
f 13075 12325 13072
f 13078 12325 13075
f 12326 13079 12327
f 12327 13079 13080
f 13081 12327 13080
f 12329 12327 13081
f 12330 12329 13081
f 12330 13081 13082
f 13084 13083 12332
f 13084 12332 12333
f 13086 13085 12335
f 12332 13086 12335
f 13083 13086 12332
f 13086 12337 13085
f 13086 12336 12337
f 13086 13088 13087
f 12336 13086 13087
f 13089 12338 12336
f 13089 12336 13087
f 13090 12340 12338
f 13090 12338 13089
f 13090 12341 12340
f 12365 13091 12364
f 13091 13092 12364
f 12364 13092 12318
f 13092 13093 12318
f 13093 13076 12318
f 13093 13095 13094
f 13093 13094 12366
f 13076 13093 12366
f 12321 13076 12366
f 13094 13096 12366
f 13096 12323 12366
f 13096 13077 12323
f 13078 13097 12325
f 12325 13097 12367
f 13097 12326 12367
f 12326 13097 13079
f 13098 13079 13097
f 13079 13098 12368
f 12370 12368 13098
f 13100 13099 12371
f 12371 13099 12368
f 13099 13080 12368
f 13080 13079 12368
f 13100 13101 12373
f 13082 13100 12373
f 12330 13082 12373
f 13100 13082 13099
f 13101 13102 12373
f 13102 12333 12373
f 13102 13084 12333
f 13085 12374 12335
f 13088 13103 13087
f 12374 13085 12337
f 13105 13104 13103
f 13104 13087 13103
f 13104 13089 13087
f 13089 13106 13090
f 13089 13104 13106
f 12341 13107 12375
f 13107 12341 13108
f 13090 13108 12341
f 13108 13090 13109
f 13106 13109 13090
f 12378 12377 13107
f 13108 12378 13107
f 13110 12378 13108
f 13110 13112 13111
f 12379 13110 13111
f 12378 13110 12379
f 12379 13111 13113
f 13114 12379 13113
f 12380 12379 13114
f 13116 13115 12382
f 12380 13116 12382
f 13114 13116 12380
f 13117 12383 12384
f 13118 13115 13116
f 12386 12383 13117
f 13121 13120 13119
f 13119 12388 13121
f 13119 12387 12388
f 13119 13123 13122
f 12387 13119 13122
f 13122 12389 12387
f 12408 13124 13091
f 12408 13091 12365
f 13092 13091 13125
f 13125 13091 13124
f 13126 12410 12411
f 13095 13127 13094
f 13126 12411 12412
f 13094 13127 13096
f 13130 13129 13128
f 12414 12415 13130
f 12415 13129 13130
f 12415 13131 13129
f 12415 12370 13098
f 12415 13098 13131
f 12417 13132 13100
f 12417 13100 12371
f 13100 13133 13101
f 13100 13132 13133
f 12419 13134 12418
f 13134 13101 12418
f 13101 13133 12418
f 13101 13134 13102
f 13136 13135 12421
f 13135 12419 12421
f 13135 13134 12419
f 13138 13137 13136
f 13136 13137 13135
f 13137 13138 13105
f 13138 13104 13105
f 13138 13139 13104
f 13139 12424 12423
f 13106 13139 12423
f 13104 13139 13106
f 13141 13140 13109
f 13141 13109 13106
f 13141 13106 12423
f 13141 12423 12427
f 13141 12427 13142
f 13141 13142 12426
f 13141 12426 12375
f 13141 12375 13107
f 13141 13107 13140
f 13140 13107 13143
f 12377 13143 13107
f 13143 12377 13144
f 12426 13144 12377
f 13144 12426 13142
f 13143 13144 13112
f 13112 13144 13111
f 13144 12429 13111
f 12429 12430 13111
f 13145 13113 13111
f 12430 13145 13111
f 12431 13145 12430
f 13147 13146 13145
f 13147 13145 12431
f 13147 12431 12434
f 13147 12434 13148
f 13147 13148 12433
f 13147 12433 12382
f 13147 12382 13115
f 13147 13115 13146
f 13149 12433 13148
f 12433 13149 13117
f 13150 13117 13149
f 12433 13117 12384
f 13115 13118 13146
f 13121 13151 13120
f 13152 13117 13150
f 13117 13152 12386
f 12436 12386 13152
f 13151 13122 13123
f 13151 12437 13122
f 13151 13121 12388
f 12437 13151 12388
f 13122 12437 12389
f 12457 13124 12408
f 13153 13125 13124
f 12457 13153 13124
f 12458 13153 12457
f 13126 12460 12410
f 13153 12458 13154
f 12461 13154 12458
f 13126 12412 12460
f 13156 13128 13155
f 13128 13156 13130
f 13157 12462 12414
f 13130 13157 12414
f 13156 13157 13130
f 12463 12462 13157
f 13160 13159 13158
f 13132 13161 12464
f 13161 13132 13158
f 12417 13158 13132
f 13158 12417 13160
f 12464 13160 12417
f 13160 12464 13161
f 13164 13163 13162
f 12464 12466 13132
f 13133 13132 12466
f 12466 12418 13133
f 13162 13163 13165
f 13136 12421 12468
f 13168 13167 13166
f 13168 13169 13167
f 13170 12468 12470
f 12468 13170 13136
f 13138 13136 13170
f 13173 13172 13171
f 13139 12471 12472
f 12471 13139 13170
f 13138 13170 13139
f 12472 12424 13139
f 13171 13172 13174
f 12474 13175 13142
f 12474 13142 12427
f 13175 12476 12477
f 13144 13175 12477
f 13142 13175 13144
f 13144 12477 12429
f 12479 13176 12480
f 13148 12434 12480
f 13176 13148 12480
f 13177 13148 13176
f 12483 13178 12482
f 13178 13148 12482
f 13148 13177 12482
f 13148 13178 13149
f 13152 12484 12436
f 12484 13152 13179
f 13178 13179 13152
f 13179 13178 12485
f 12483 12485 13178
f 13180 12486 12484
f 13180 12484 13179
f 13180 12488 12486
f 12503 13182 13181
f 13154 12503 13181
f 12461 12503 13154
f 13181 13182 13155
f 13155 13182 13156
f 13182 12505 13156
f 12505 12506 13156
f 13156 12506 12507
f 13156 12507 13157
f 13160 13183 13159
f 12463 13157 12507
f 13183 13160 13161
f 13184 13164 13162
f 12511 12512 13185
f 13162 13165 13184
f 13185 13166 12511
f 13166 13185 13186
f 12514 13186 13185
f 13186 12514 13167
f 12511 13167 12514
f 13167 12511 13166
f 13167 13169 13186
f 13187 12470 12515
f 12470 13187 13170
f 13188 13173 13171
f 12516 12471 13187
f 13170 13187 12471
f 13188 13171 13174
f 12518 13175 12474
f 13175 12518 12476
f 12520 13176 12479
f 13176 12520 12521
f 13176 12521 13177
f 13177 12521 12482
f 12524 13179 12485
f 13179 12524 12525
f 13179 12525 13180
f 12488 13180 12525
f 12528 12529 13189
f 13189 12532 12528
f 13182 12503 12541
f 13192 13191 13190
f 13194 13192 13193
f 13194 13193 13195
f 13194 13195 12543
f 13194 12543 12505
f 13194 12505 13182
f 13194 13182 12541
f 13194 12541 12544
f 13194 12544 13191
f 13194 13191 13192
f 13195 12545 12543
f 12546 13185 12512
f 13185 12546 12514
f 12547 13187 12515
f 13187 12547 12516
f 12550 13189 12529
f 13189 12550 12532
f 13190 13197 13196
f 13190 12554 13197
f 13190 13191 12553
f 12554 13190 12553
f 13198 12557 13195
f 13198 13195 13193
f 13198 13193 13196
f 13198 13196 13197
f 13198 13197 12555
f 13198 12555 12553
f 13198 12553 13191
f 13198 13191 12544
f 13198 12544 12557
f 13195 12557 12545
f 12558 13197 12554
f 13197 12558 12555
f 12561 13199 12560
f 13199 12562 12560
f 12563 13199 12561
f 13199 12563 12562
f 13202 13201 13200
f 13204 13203 13200
f 13204 13200 13201
f 13205 13203 13204
f 13208 13207 13206
f 13209 13206 13207
f 12567 13210 12566
f 13210 12568 12566
f 13211 13202 13200
f 13211 13200 13203
f 13211 13203 13212
f 13212 13203 13205
f 13213 13208 13206
f 13213 13206 13209
f 13215 13214 12574
f 13215 12574 12575
f 13214 13217 13216
f 12577 13214 13216
f 12574 13214 12577
f 13216 12578 12577
f 12580 13210 12567
f 13210 12580 12568
f 13219 13218 12587
f 13219 12587 12588
f 12590 12587 13218
f 12590 13218 13220
f 12591 13221 12592
f 13222 12594 12592
f 13222 12592 13221
f 13224 13222 13223
f 13224 12594 13222
f 13224 13225 12595
f 12594 13224 12595
f 13227 13226 13225
f 13227 13225 13224
f 12598 12597 13226
f 13227 12598 13226
f 13228 12598 13227
f 12599 12598 13228
f 12599 13228 13229
f 12601 13231 13230
f 13215 12601 13230
f 12575 12601 13215
f 13230 13231 13217
f 13217 13231 13216
f 13231 12603 13216
f 12603 12604 13216
f 13216 12604 12578
f 12606 13232 12605
f 13233 12608 12605
f 13233 12605 13232
f 13233 12609 12608
f 12617 13234 12616
f 13234 12618 12616
f 12622 13235 12623
f 13236 12625 12623
f 13236 12623 13235
f 13237 12627 12625
f 13237 12625 13236
f 13237 12628 12627
f 12632 13219 12588
f 12632 13238 13219
f 13220 13239 12590
f 12590 13239 12633
f 12633 13239 12591
f 13239 13240 12591
f 13240 13221 12591
f 13240 13239 13241
f 13243 13222 13242
f 13222 13240 13242
f 13222 13221 13240
f 13243 13223 13222
f 12634 12595 13244
f 13225 13244 12595
f 12636 13244 12637
f 13244 13226 12637
f 13244 13225 13226
f 12637 13226 12597
f 12638 12599 13245
f 12599 13246 13245
f 12599 13229 13246
f 13247 12639 12638
f 13247 12638 13245
f 13248 12640 12639
f 13248 12639 13247
f 13231 12601 12640
f 13248 13231 12640
f 13249 13231 13248
f 13250 12642 12603
f 13231 13250 12603
f 13249 13250 13231
f 13251 12644 12642
f 13251 12642 13250
f 13232 12606 12644
f 13251 13232 12644
f 13252 13232 13251
f 13232 13253 13233
f 13232 13252 13253
f 13254 12646 12609
f 13233 13254 12609
f 13253 13254 13233
f 13255 12647 12646
f 13255 12646 13254
f 13256 12648 12647
f 13256 12647 13255
f 13257 12649 12648
f 13257 12648 13256
f 13258 12650 12649
f 13258 12649 13257
f 13259 12652 12650
f 13259 12650 13258
f 13260 12653 12652
f 13260 12652 13259
f 13261 12654 12653
f 13261 12653 13260
f 13234 12617 12654
f 13261 13234 12654
f 13262 13234 13261
f 13263 12657 12618
f 13234 13263 12618
f 13262 13263 13234
f 13264 12659 12657
f 13264 12657 13263
f 13265 12660 12659
f 13265 12659 13264
f 13266 12661 12660
f 13266 12660 13265
f 13267 12662 12661
f 13267 12661 13266
f 13235 12622 12662
f 13267 13235 12662
f 13268 13235 13267
f 13235 13269 13236
f 13235 13268 13269
f 13236 13270 13237
f 13236 13269 13270
f 13270 12663 12628
f 13270 12628 13237
f 12667 13238 12632
f 12667 13271 13238
f 13240 13241 13272
f 13272 13241 13273
f 13242 13240 13274
f 13274 13240 13272
f 13276 12668 13275
f 12668 12634 13275
f 13275 12634 13244
f 13277 13275 13244
f 13277 13244 13278
f 13244 12636 13278
f 12668 13276 13278
f 12668 13278 12636
f 13281 13280 13279
f 13281 13279 13246
f 13279 13245 13246
f 13279 13282 13245
f 13245 13283 13247
f 13245 13282 13283
f 13247 13284 13248
f 13247 13283 13284
f 13248 13285 13249
f 13248 13284 13285
f 13249 13286 13250
f 13249 13285 13286
f 13250 13287 13251
f 13250 13286 13287
f 13251 13288 13252
f 13251 13287 13288
f 13252 13289 13253
f 13252 13288 13289
f 13253 13290 13254
f 13253 13289 13290
f 13254 13291 13255
f 13254 13290 13291
f 13255 13292 13256
f 13255 13291 13292
f 13256 13293 13257
f 13256 13292 13293
f 13257 13294 13258
f 13257 13293 13294
f 13258 13295 13259
f 13258 13294 13295
f 13259 13296 13260
f 13259 13295 13296
f 13260 13297 13261
f 13260 13296 13297
f 13261 13298 13262
f 13261 13297 13298
f 13262 13299 13263
f 13262 13298 13299
f 13263 13300 13264
f 13263 13299 13300
f 13300 12670 12671
f 13265 13300 12671
f 13264 13300 13265
f 13265 12671 12672
f 13265 12672 13266
f 13266 12672 12674
f 13301 13266 12674
f 13267 13266 13301
f 13301 12676 12677
f 13268 13301 12677
f 13267 13301 13268
f 13268 12677 12678
f 13302 13268 12678
f 13269 13268 13302
f 13269 13303 13270
f 13269 13302 13303
f 13303 12679 12663
f 13303 12663 13270
f 12680 13304 12681
f 13304 12683 12681
f 12686 13305 12685
f 13305 13306 12685
f 13306 12667 12685
f 13306 13271 12667
f 13273 13307 13272
f 13310 13309 13308
f 13272 13307 13274
f 13308 13309 13275
f 13309 13276 13275
f 13309 13311 13276
f 13278 13276 13312
f 13276 13313 13312
f 13276 13311 13313
f 13312 13313 13280
f 13313 13279 13280
f 13313 13314 13279
f 13279 13315 13282
f 13279 13314 13315
f 13282 13316 13283
f 13282 13315 13316
f 13283 13317 13284
f 13283 13316 13317
f 13284 13318 13285
f 13284 13317 13318
f 13285 13319 13286
f 13285 13318 13319
f 13319 12688 12689
f 13287 13319 12689
f 13286 13319 13287
f 13287 12689 12690
f 13320 13287 12690
f 13288 13287 13320
f 13320 12692 12693
f 13289 13320 12693
f 13288 13320 13289
f 13289 12693 12694
f 13321 13289 12694
f 13290 13289 13321
f 13290 13322 13291
f 13290 13321 13322
f 13291 13323 13292
f 13291 13322 13323
f 13292 13324 13293
f 13292 13323 13324
f 13293 13325 13294
f 13293 13324 13325
f 13294 13326 13295
f 13294 13325 13326
f 13295 13327 13296
f 13295 13326 13327
f 13296 13328 13297
f 13296 13327 13328
f 13297 13329 13298
f 13297 13328 13329
f 13329 12696 12697
f 13299 13329 12697
f 13298 13329 13299
f 13299 12697 12698
f 13330 13299 12698
f 13300 13299 13330
f 13330 12700 12670
f 13330 12670 13300
f 12701 13331 12702
f 13331 12674 12702
f 13331 13301 12674
f 13331 12705 12703
f 13301 13331 12703
f 13332 12703 12707
f 13332 13301 12703
f 13332 12706 12676
f 13301 13332 12676
f 13332 12678 12706
f 13332 13302 12678
f 13332 12708 12709
f 13302 13332 12709
f 13302 12709 12710
f 13302 12710 13303
f 13303 12710 12679
f 12712 13333 12713
f 12714 13304 12680
f 12716 12713 13333
f 13334 12714 12718
f 13334 13304 12714
f 13334 12717 12683
f 13304 13334 12683
f 13334 12720 12717
f 12721 13335 13305
f 12721 13305 12686
f 13306 13305 13336
f 13336 13305 13335
f 13339 13338 13337
f 13339 13337 13310
f 13337 13309 13310
f 13337 13340 13309
f 13309 13341 13311
f 13309 13340 13341
f 13311 13342 13313
f 13311 13341 13342
f 13313 13343 13314
f 13313 13342 13343
f 13314 13344 13315
f 13314 13343 13344
f 13315 13345 13316
f 13315 13344 13345
f 13316 13346 13317
f 13316 13345 13346
f 13346 12723 12724
f 13318 13346 12724
f 13317 13346 13318
f 13318 12724 12725
f 13318 12725 13319
f 13319 12725 12688
f 12728 13320 12690
f 13347 12728 12731
f 13347 13320 12728
f 13347 12730 12692
f 13320 13347 12692
f 13347 12694 12730
f 13347 13321 12694
f 13347 12734 12732
f 13321 13347 12732
f 13321 12732 12735
f 13348 13321 12735
f 13322 13321 13348
f 13322 13349 13323
f 13322 13348 13349
f 13323 13350 13324
f 13323 13349 13350
f 13324 13351 13325
f 13324 13350 13351
f 13325 13352 13326
f 13325 13351 13352
f 13326 13353 13327
f 13326 13352 13353
f 13327 13354 13328
f 13327 13353 13354
f 13328 13355 13329
f 13328 13354 13355
f 13356 12736 12696
f 13329 13356 12696
f 13355 13356 13329
f 13330 12698 12736
f 13356 13330 12736
f 13357 13330 13356
f 13358 12737 12700
f 13330 13358 12700
f 13357 13358 13330
f 13331 12701 12737
f 13358 13331 12737
f 13359 13331 13358
f 13360 12738 12705
f 13331 13360 12705
f 13359 13360 13331
f 13332 12707 12738
f 13360 13332 12738
f 13361 13332 13360
f 13361 12739 12708
f 13361 12708 13332
f 12741 13333 12712
f 12716 13333 12741
f 12743 12744 13362
f 12747 13334 12718
f 12745 12743 13362
f 13334 12747 12720
f 12749 13363 13335
f 12749 13335 12721
f 13336 13335 13364
f 13364 13335 13363
f 13338 13365 13337
f 13367 13366 13365
f 13366 13337 13365
f 13366 13340 13337
f 13340 13368 13341
f 13340 13366 13368
f 13341 13369 13342
f 13341 13368 13369
f 13371 13343 13370
f 13343 13369 13370
f 13343 13342 13369
f 13373 13372 13371
f 13372 13343 13371
f 13372 13344 13343
f 13372 12751 12752
f 13345 13372 12752
f 13344 13372 13345
f 13345 12752 12753
f 13345 12753 13346
f 13374 12753 12756
f 13374 13346 12753
f 13374 12755 12723
f 13346 13374 12723
f 13374 12758 12755
f 12759 13375 12760
f 13376 12761 12760
f 13376 12760 13375
f 13347 12731 12761
f 13376 13347 12761
f 13377 13347 13376
f 13377 12763 12734
f 13377 12734 13347
f 12764 13378 13348
f 12764 13348 12735
f 13348 13379 13349
f 13348 13378 13379
f 13349 13380 13350
f 13349 13379 13380
f 13380 12765 12766
f 13351 13380 12766
f 13350 13380 13351
f 13351 12766 12767
f 13381 13351 12767
f 13352 13351 13381
f 13381 12769 12770
f 13353 13381 12770
f 13352 13381 13353
f 13353 12770 12771
f 13382 13353 12771
f 13354 13353 13382
f 13382 12773 12774
f 13355 13382 12774
f 13354 13382 13355
f 13355 12774 12775
f 13355 12775 13356
f 13356 12775 12777
f 13383 13356 12777
f 13357 13356 13383
f 13383 12779 12780
f 13358 13383 12780
f 13357 13383 13358
f 13358 12780 12781
f 13358 12781 13359
f 13359 12781 12783
f 13359 12783 13360
f 13360 12783 12785
f 13360 12785 13361
f 13361 12785 12739
f 12787 13384 12786
f 13385 12788 12786
f 13385 12786 13384
f 12791 13362 12744
f 12789 12788 13385
f 13362 12791 12745
f 12793 13386 12794
f 13386 12795 12794
f 13389 13388 13387
f 13388 13390 13387
f 12749 12796 13363
f 13391 13363 12796
f 13364 13363 13392
f 13392 13363 13391
f 13395 13394 13393
f 13395 13393 13367
f 13367 13393 13366
f 13393 12798 13366
f 12798 12799 13366
f 13366 12799 12800
f 13396 13366 12800
f 13368 13366 13396
f 13396 12802 12803
f 13369 13396 12803
f 13368 13396 13369
f 13397 13370 13369
f 12803 13397 13369
f 12804 13397 12803
f 13398 13372 12806
f 13372 13397 12806
f 13397 12804 12806
f 13372 13373 13397
f 13399 12807 12751
f 13372 13399 12751
f 13398 13399 13372
f 13399 12809 12807
f 12810 13400 13374
f 12810 13374 12756
f 13400 12812 12758
f 13400 12758 13374
f 12813 13401 13375
f 12813 13375 12759
f 13401 12814 12815
f 13376 13401 12815
f 13375 13401 13376
f 13376 12815 12816
f 13376 12816 13377
f 13377 12816 12763
f 12819 13378 12764
f 13378 12819 12821
f 13402 13378 12821
f 13379 13378 13402
f 13402 12823 12824
f 13380 13402 12824
f 13379 13402 13380
f 13380 12824 12765
f 12825 13403 13381
f 12825 13381 12767
f 13404 12826 12769
f 13381 13404 12769
f 13403 13404 13381
f 13382 12771 12826
f 13404 13382 12826
f 13405 13382 13404
f 13405 12828 12773
f 13405 12773 13382
f 12830 13406 13383
f 12830 13383 12777
f 13407 12832 12779
f 13383 13407 12779
f 13406 13407 13383
f 13407 12833 12832
f 12835 13408 12836
f 13408 12837 12836
f 12838 13384 12787
f 13384 12838 12840
f 13384 12840 13385
f 13385 12840 12789
f 12843 13386 12793
f 13386 12843 12795
f 13409 13389 13387
f 13387 13390 13409
f 13410 12796 12845
f 12796 13410 13391
f 13392 13391 13411
f 13411 13391 13410
f 13414 13413 13412
f 13416 13415 13412
f 13415 13393 13412
f 13394 13414 13412
f 13394 13412 13393
f 12798 13393 13415
f 13417 12798 13415
f 12847 12798 13417
f 12848 13418 13396
f 12848 13396 12800
f 13419 12849 12802
f 13396 13419 12802
f 13418 13419 13396
f 13419 12851 12849
f 12852 13398 12806
f 13398 12852 12854
f 13398 12854 13399
f 13399 12854 12809
f 12857 13400 12810
f 13400 12857 12812
f 12860 13401 12813
f 13401 12860 12814
f 12862 13402 12821
f 13402 12862 12823
f 12863 13420 13403
f 12863 13403 12825
f 13420 12864 12865
f 13404 13420 12865
f 13403 13420 13404
f 13404 12865 12866
f 13421 13404 12866
f 13405 13404 13421
f 13422 12867 12828
f 13405 13422 12828
f 13421 13422 13405
f 13422 12869 12867
f 12870 13406 12830
f 13406 12870 12871
f 13406 12871 13407
f 13407 12871 12833
f 12872 13408 12835
f 13408 12872 12837
f 12876 13410 12845
f 12876 12878 13410
f 12878 13411 13410
f 12878 13423 13411
f 13412 13413 13424
f 13424 13413 13425
f 13416 13412 13426
f 13412 13427 13426
f 13412 13424 13427
f 13427 13428 12879
f 13417 13427 12879
f 12847 13417 12879
f 13427 13417 13426
f 13418 12848 12879
f 13428 13418 12879
f 13429 13418 13428
f 13418 13430 13419
f 13418 13429 13430
f 12851 13431 12881
f 13431 12851 13432
f 13419 13432 12851
f 13432 13419 13433
f 13430 13433 13419
f 13434 13431 13432
f 12884 13435 12885
f 13435 12887 12885
f 12888 13436 12889
f 13436 12890 12889
f 12891 13420 12863
f 13420 12891 12864
f 12892 13421 12866
f 13421 12892 12893
f 13421 12893 13422
f 13422 12893 12869
f 12895 13438 13437
f 13423 12895 13437
f 12878 12895 13423
f 13440 13439 13438
f 13439 13424 13438
f 13425 13437 13438
f 13425 13438 13424
f 13442 13441 13439
f 13441 13424 13439
f 13441 13427 13424
f 13441 12897 12898
f 13428 13441 12898
f 13427 13441 13428
f 13428 12898 12899
f 13443 13428 12899
f 13429 13428 13443
f 13429 13444 13430
f 13429 13443 13444
f 12900 12881 13431
f 13430 13445 13433
f 13445 13430 13446
f 13444 13446 13430
f 12900 13431 12901
f 13434 12901 13431
f 12901 13434 13447
f 13445 13447 13434
f 13447 13445 13446
f 13447 12902 12901
f 12903 13435 12884
f 13435 12903 12887
f 12905 13436 12888
f 13436 12905 12890
f 12909 13448 12908
f 13438 12895 12908
f 13448 13438 12908
f 13449 13438 13448
f 13440 13438 13450
f 13450 13438 13449
f 13441 13442 13451
f 13451 13442 13452
f 13451 12911 12897
f 13451 12897 13441
f 12912 13443 12899
f 13443 12912 12914
f 13443 12914 13444
f 13444 12914 12916
f 13444 12916 13446
f 13446 12916 12918
f 13446 12918 13447
f 13447 12918 12902
f 12923 13453 13448
f 12923 13448 12909
f 13448 13454 13449
f 13448 13453 13454
f 13450 13449 13455
f 13449 13456 13455
f 13449 13454 13456
f 13455 13456 13452
f 13456 13451 13452
f 13456 13457 13451
f 13457 12925 12911
f 13457 12911 13451
f 12929 13458 12928
f 12930 12928 13458
f 13461 13460 13459
f 13462 13461 13459
f 12937 13463 13453
f 12937 13453 12923
f 13453 13464 13454
f 13453 13463 13464
f 13454 13465 13456
f 13454 13464 13465
f 13465 12939 12940
f 13457 13465 12940
f 13456 13465 13457
f 13457 12940 12925
f 12943 13466 13458
f 12943 13458 12929
f 13467 13460 13461
f 12946 12930 13466
f 13458 13466 12930
f 13467 13461 13462
f 12952 13468 13463
f 12952 13463 12937
f 13463 13469 13464
f 13463 13468 13469
f 13471 13465 13470
f 13465 13469 13470
f 13465 13464 13469
f 12939 13465 13471
f 13472 12939 13471
f 12954 12939 13472
f 12957 13473 13466
f 12957 13466 12943
f 13473 12958 12946
f 13473 12946 13466
f 12965 13468 12952
f 13468 12965 12966
f 13474 13468 12966
f 13469 13468 13474
f 13470 13469 13475
f 13469 13476 13475
f 13469 13474 13476
f 13476 13477 12967
f 13472 13476 12967
f 12954 13472 12967
f 13476 13472 13475
f 13478 12968 12967
f 13478 12967 13477
f 13478 12970 12968
f 12971 13473 12957
f 12958 13473 12971
f 12973 12974 13479
f 13479 12976 12973
f 12980 13480 13474
f 12980 13474 12966
f 13474 13481 13476
f 13474 13480 13481
f 13476 13482 13477
f 13476 13481 13482
f 13482 12982 12983
f 13478 13482 12983
f 13477 13482 13478
f 13478 12983 12970
f 12986 13479 12974
f 13479 12986 12976
f 12990 13480 12980
f 13480 12990 12992
f 13483 13480 12992
f 13481 13480 13483
f 13481 13484 13482
f 13481 13483 13484
f 13484 12994 12982
f 13484 12982 13482
f 13001 13485 13003
f 13485 13004 13003
f 13006 13486 13483
f 13006 13483 12992
f 13486 13008 13009
f 13484 13486 13009
f 13483 13486 13484
f 13484 13009 12994
f 13015 13487 13017
f 13018 13485 13001
f 13019 13017 13487
f 13485 13018 13004
f 13022 13488 13486
f 13022 13486 13006
f 13488 13024 13008
f 13488 13008 13486
f 13026 13487 13015
f 13019 13487 13026
f 13029 13027 13489
f 13489 13030 13029
f 13033 13490 13032
f 13490 13022 13032
f 13490 13488 13022
f 13490 13036 13034
f 13488 13490 13034
f 13488 13034 13024
f 13040 13489 13027
f 13489 13040 13030
f 13042 13490 13033
f 13490 13042 13036
f 13492 13491 13049
f 13492 13049 13050
f 13051 13049 13491
f 13051 13491 13493
f 13053 13494 13052
f 13495 13054 13052
f 13495 13052 13494
f 13495 13056 13054
f 13058 13492 13050
f 13058 13496 13492
f 13493 13060 13051
f 13497 13060 13493
f 13061 13494 13053
f 13494 13061 13062
f 13498 13494 13062
f 13495 13494 13498
f 13498 13063 13056
f 13498 13056 13495
f 13065 13500 13499
f 13496 13065 13499
f 13058 13065 13496
f 13497 13499 13500
f 13066 13497 13500
f 13060 13497 13066
f 13067 13498 13062
f 13498 13067 13063
f 13070 13500 13065
f 13066 13500 13070
f 13503 13502 13501
f 13504 13502 13503
f 13074 13505 13073
f 13505 13075 13073
f 13506 13501 13502
f 13506 13502 13504
f 13508 13507 13505
f 13074 13508 13505
f 13077 13508 13074
f 13075 13505 13507
f 13509 13075 13507
f 13078 13075 13509
f 13080 13510 13081
f 13510 13082 13081
f 13084 13511 13083
f 13512 13086 13083
f 13512 13083 13511
f 13512 13088 13086
f 13092 13513 13093
f 13513 13095 13093
f 13096 13515 13514
f 13508 13096 13514
f 13077 13096 13508
f 13515 13516 13097
f 13509 13515 13097
f 13078 13509 13097
f 13515 13509 13514
f 13516 13098 13097
f 13099 13510 13080
f 13510 13099 13082
f 13102 13517 13511
f 13102 13511 13084
f 13511 13518 13512
f 13511 13517 13518
f 13519 13103 13088
f 13512 13519 13088
f 13518 13519 13512
f 13519 13105 13103
f 13109 13520 13108
f 13521 13110 13108
f 13521 13108 13520
f 13521 13112 13110
f 13113 13522 13114
f 13523 13116 13114
f 13523 13114 13522
f 13523 13118 13116
f 13120 13524 13119
f 13524 13123 13119
f 13125 13525 13513
f 13125 13513 13092
f 13513 13525 13095
f 13525 13526 13095
f 13526 13127 13095
f 13525 13527 13526
f 13528 13128 13129
f 13127 13515 13096
f 13515 13127 13529
f 13526 13529 13127
f 13131 13528 13129
f 13528 13131 13530
f 13516 13530 13131
f 13530 13516 13529
f 13515 13529 13516
f 13516 13131 13098
f 13134 13517 13102
f 13517 13134 13135
f 13517 13135 13518
f 13518 13135 13137
f 13518 13137 13519
f 13519 13137 13105
f 13140 13520 13109
f 13520 13140 13143
f 13520 13143 13521
f 13521 13143 13112
f 13145 13522 13113
f 13522 13145 13146
f 13522 13146 13523
f 13118 13523 13146
f 13150 13149 13531
f 13151 13524 13120
f 13152 13150 13531
f 13524 13151 13123
f 13153 13525 13125
f 13533 13532 13154
f 13154 13532 13153
f 13532 13527 13153
f 13527 13525 13153
f 13534 13532 13528
f 13532 13155 13528
f 13155 13128 13528
f 13532 13533 13155
f 13534 13528 13530
f 13159 13535 13158
f 13535 13161 13158
f 13164 13536 13163
f 13536 13165 13163
f 13166 13537 13168
f 13537 13169 13168
f 13173 13538 13172
f 13538 13174 13172
f 13178 13531 13149
f 13531 13178 13152
f 13181 13533 13154
f 13533 13181 13155
f 13183 13535 13159
f 13535 13183 13161
f 13184 13536 13164
f 13536 13184 13165
f 13186 13537 13166
f 13537 13186 13169
f 13188 13538 13173
f 13538 13188 13174
f 13190 13539 13192
f 13539 13193 13192
f 13196 13539 13190
f 13539 13196 13193
f 13202 13540 13201
f 13541 13204 13201
f 13541 13201 13540
f 13541 13205 13204
f 13208 13542 13207
f 13542 13209 13207
f 13211 13540 13202
f 13540 13211 13212
f 13540 13212 13541
f 13541 13212 13205
f 13213 13542 13208
f 13542 13213 13209
f 13215 13543 13214
f 13543 13217 13214
f 13219 13544 13218
f 13544 13220 13218
f 13223 13545 13224
f 13546 13227 13224
f 13546 13224 13545
f 13547 13228 13227
f 13547 13227 13546
f 13547 13229 13228
f 13230 13543 13215
f 13543 13230 13217
f 13238 13548 13544
f 13238 13544 13219
f 13549 13239 13220
f 13544 13549 13220
f 13548 13549 13544
f 13549 13241 13239
f 13242 13550 13243
f 13545 13223 13243
f 13550 13545 13243
f 13551 13545 13550
f 13545 13552 13546
f 13545 13551 13552
f 13546 13553 13547
f 13546 13552 13553
f 13553 13246 13229
f 13553 13229 13547
f 13271 13554 13548
f 13271 13548 13238
f 13548 13555 13549
f 13548 13554 13555
f 13555 13273 13241
f 13555 13241 13549
f 13274 13556 13550
f 13274 13550 13242
f 13556 13275 13277
f 13551 13556 13277
f 13550 13556 13551
f 13551 13277 13278
f 13557 13551 13278
f 13552 13551 13557
f 13557 13280 13281
f 13553 13557 13281
f 13552 13557 13553
f 13553 13281 13246
f 13306 13558 13554
f 13306 13554 13271
f 13554 13559 13555
f 13554 13558 13559
f 13560 13307 13273
f 13555 13560 13273
f 13559 13560 13555
f 13560 13274 13307
f 13560 13556 13274
f 13560 13310 13308
f 13556 13560 13308
f 13556 13308 13275
f 13312 13557 13278
f 13557 13312 13280
f 13336 13561 13558
f 13336 13558 13306
f 13558 13562 13559
f 13558 13561 13562
f 13562 13338 13339
f 13560 13562 13339
f 13559 13562 13560
f 13560 13339 13310
f 13364 13563 13561
f 13364 13561 13336
f 13561 13564 13562
f 13561 13563 13564
f 13565 13365 13338
f 13562 13565 13338
f 13564 13565 13562
f 13565 13367 13365
f 13370 13566 13371
f 13566 13373 13371
f 13389 13567 13388
f 13567 13390 13388
f 13392 13568 13563
f 13392 13563 13364
f 13563 13569 13564
f 13563 13568 13569
f 13569 13394 13395
f 13565 13569 13395
f 13564 13569 13565
f 13565 13395 13367
f 13397 13566 13370
f 13566 13397 13373
f 13409 13567 13389
f 13567 13409 13390
f 13411 13570 13568
f 13411 13568 13392
f 13570 13413 13414
f 13569 13570 13414
f 13568 13570 13569
f 13394 13569 13414
f 13415 13416 13571
f 13571 13417 13415
f 13423 13572 13570
f 13423 13570 13411
f 13572 13425 13413
f 13572 13413 13570
f 13426 13571 13416
f 13571 13426 13417
f 13433 13573 13432
f 13573 13434 13432
f 13437 13572 13423
f 13425 13572 13437
f 13439 13440 13574
f 13574 13442 13439
f 13445 13573 13433
f 13573 13445 13434
f 13450 13575 13574
f 13450 13574 13440
f 13575 13452 13442
f 13575 13442 13574
f 13455 13575 13450
f 13575 13455 13452
f 13460 13576 13459
f 13576 13462 13459
f 13467 13576 13460
f 13576 13467 13462
f 13470 13577 13471
f 13577 13472 13471
f 13475 13577 13470
f 13577 13475 13472
f 13492 13578 13491
f 13578 13493 13491
f 13496 13579 13578
f 13496 13578 13492
f 13579 13497 13493
f 13579 13493 13578
f 13499 13579 13496
f 13579 13499 13497
f 13501 13580 13503
f 13580 13504 13503
f 13506 13580 13501
f 13580 13506 13504
f 13508 13581 13507
f 13581 13509 13507
f 13514 13581 13508
f 13581 13514 13509
f 13527 13582 13526
f 13583 13529 13526
f 13583 13526 13582
f 13583 13530 13529
f 13586 13585 13584
f 13587 13584 13585
f 13532 13582 13527
f 13582 13532 13534
f 13582 13534 13583
f 13583 13534 13530
f 13588 13586 13584
f 13588 13584 13587
f 13591 13590 13589
f 13592 13589 13590
f 13593 13591 13589
f 13593 13589 13592
f 13596 13595 13594
f 13597 13594 13595
f 13598 13596 13594
f 13598 13594 13597
f 13586 13599 13585
f 13599 13587 13585
f 13588 13599 13586
f 13599 13588 13587
f 13591 13600 13590
f 13600 13592 13590
f 13593 13600 13591
f 13600 13593 13592
f 13596 13601 13595
f 13597 13595 13601
f 13604 13603 13602
f 13605 13604 13602
f 13598 13601 13596
f 13604 13606 13603
f 13597 13601 13598
f 13606 13604 13605
f 13603 13607 13602
f 13607 13605 13602
f 13606 13607 13603
f 13607 13606 13605

