# https://github.com/mikedh/trimesh
v 0.55210963 0.19871961 0.20956561
v 0.55214163 0.19864504 0.20956561
v 0.55214163 0.19871961 0.20950133
v 0.55214163 0.19871961 0.20961771
v 0.55214163 0.19881624 0.20956561
v 0.54989842 0.20871961 0.20456561
v 0.55214163 0.20544490 0.20456561
v 0.55214163 0.20871961 0.20016839
v 0.55135059 0.20871961 0.20956561
v 0.55214163 0.20728174 0.20956561
v 0.55186508 0.20871961 0.21456561
v 0.55214163 0.20863211 0.21456561
v 0.55214163 0.20871961 0.21462886
v 0.55125606 0.21371961 0.19456561
v 0.55214163 0.21200683 0.19456561
v 0.55214163 0.21371961 0.19313537
v 0.55024248 0.21371961 0.19956561
v 0.55214163 0.20924530 0.19956561
v 0.55172921 0.21371961 0.20456561
v 0.55214163 0.21371961 0.20709634
v 0.55214163 0.21239570 0.20956561
v 0.55214163 0.21371961 0.21061741
v 0.55078744 0.21371961 0.21456561
v 0.55214163 0.21371961 0.21515442
v 0.55214163 0.21764288 0.19456561
v 0.55214163 0.21871961 0.19587429
v 0.55143050 0.21871961 0.19956561
v 0.55062710 0.21871961 0.20456561
v 0.55214163 0.21428707 0.20956561
v 0.55073370 0.21871961 0.20956561
v 0.55214163 0.21871961 0.21313943
v 0.55214163 0.21645122 0.21456561
v 0.55165311 0.22371961 0.18956561
v 0.55214163 0.22264627 0.18956561
v 0.55214163 0.22371961 0.18635765
v 0.55214163 0.22371961 0.19284103
v 0.55100111 0.22371961 0.19956561
v 0.55214163 0.22371961 0.19543129
v 0.54944609 0.22371961 0.20456561
v 0.55055324 0.22371961 0.20956561
v 0.55214163 0.22371961 0.21137271
v 0.55109962 0.22871961 0.17956561
v 0.55214163 0.22685719 0.17956561
v 0.55214163 0.22871961 0.17781139
v 0.55129943 0.22871961 0.18456561
v 0.55214163 0.22477663 0.18456561
v 0.55214163 0.22871961 0.18828321
v 0.55214163 0.22662857 0.18956561
v 0.55214163 0.22871961 0.19112848
v 0.55134176 0.22871961 0.19456561
v 0.55214163 0.22496883 0.19456561
v 0.54994321 0.22871961 0.19956561
v 0.55087875 0.22871961 0.20456561
v 0.55157780 0.22871961 0.20956561
v 0.55214163 0.22871961 0.21028159
v 0.55214163 0.23017103 0.17956561
v 0.55214163 0.23123049 0.18456561
v 0.55214163 0.23371961 0.18747072
v 0.55139673 0.23371961 0.18956561
v 0.55214163 0.23034704 0.18956561
v 0.55192902 0.23371961 0.19456561
v 0.55214163 0.23371961 0.19555188
v 0.55214163 0.23263660 0.19956561
v 0.55214163 0.23025997 0.20456561
v 0.55214163 0.23130596 0.20956561
v 0.55214163 0.23542848 0.18956561
v 0.55214163 0.23400783 0.19456561
v 0.55655404 0.13871961 0.19956561
v 0.55714163 0.13736858 0.19956561
v 0.55714163 0.13871961 0.19761589
v 0.55695731 0.13871961 0.20456561
v 0.55714163 0.13852000 0.20456561
v 0.55714163 0.13871961 0.20472348
v 0.55714163 0.14103756 0.19956561
v 0.55714163 0.13966278 0.20456561
v 0.55575534 0.14871961 0.19956561
v 0.55714163 0.14517666 0.19956561
v 0.55714163 0.14871961 0.19540650
v 0.55489533 0.14871961 0.20456561
v 0.55714163 0.14426235 0.20456561
v 0.55714163 0.14871961 0.20924516
v 0.55576206 0.15371961 0.19956561
v 0.55714163 0.15371961 0.19495287
v 0.55503567 0.15371961 0.20456561
v 0.55714163 0.15371961 0.20847950
v 0.55681526 0.15871961 0.19456561
v 0.55714163 0.15536596 0.19456561
v 0.55714163 0.15871961 0.19330173
v 0.55457091 0.15871961 0.19956561
v 0.55560754 0.15871961 0.20456561
v 0.55714163 0.15599924 0.20956561
v 0.55582036 0.15871961 0.20956561
v 0.55714163 0.15871961 0.21036321
v 0.55658734 0.16371961 0.18456561
v 0.55714163 0.16146105 0.18456561
v 0.55714163 0.16371961 0.18177635
v 0.55617682 0.16371961 0.18956561
v 0.55714163 0.16079562 0.18956561
v 0.55612983 0.16371961 0.19456561
v 0.55541091 0.16371961 0.19956561
v 0.55501735 0.16371961 0.20456561
v 0.55578021 0.16371961 0.20956561
v 0.55714163 0.16371961 0.21056613
v 0.55555180 0.16871961 0.18456561
v 0.55714163 0.16871961 0.18275132
v 0.55714163 0.16871961 0.18843010
v 0.55714163 0.16778467 0.18956561
v 0.55714163 0.16871961 0.19171689
v 0.55642832 0.16871961 0.19456561
v 0.55536499 0.16871961 0.19956561
v 0.55447179 0.16871961 0.20456561
v 0.55714163 0.16871961 0.20870283
v 0.55714163 0.16678929 0.20956561
v 0.55700778 0.17371961 0.18456561
v 0.55714163 0.17371961 0.18400249
v 0.55714163 0.17073727 0.18956561
v 0.55655912 0.17371961 0.18956561
v 0.55607459 0.17371961 0.19456561
v 0.55483418 0.17371961 0.19956561
v 0.55378386 0.17371961 0.20456561
v 0.55714163 0.17051793 0.20956561
v 0.55498257 0.17371961 0.20956561
v 0.55714163 0.17371961 0.21115367
v 0.55597537 0.17871961 0.17956561
v 0.55714163 0.17544306 0.17956561
v 0.55714163 0.17871961 0.17739585
v 0.55714163 0.17413438 0.18456561
v 0.55714163 0.17871961 0.18244247
v 0.55714163 0.17871961 0.18873146
v 0.55677777 0.17871961 0.18956561
v 0.55643656 0.17871961 0.19456561
v 0.55714163 0.17871961 0.19801324
v 0.55714163 0.17817521 0.19956561
v 0.55714163 0.17871961 0.20026368
v 0.55521842 0.17871961 0.20456561
v 0.55714163 0.17871961 0.20911111
v 0.55714163 0.17814496 0.20956561
v 0.55714163 0.18358103 0.17956561
v 0.55556521 0.18371961 0.18956561
v 0.55714163 0.18371961 0.18500082
v 0.55592536 0.18371961 0.19456561
v 0.55714163 0.17931651 0.19956561
v 0.55431564 0.18371961 0.19956561
v 0.55462041 0.18371961 0.20456561
v 0.55714163 0.17928287 0.20956561
v 0.55577216 0.18371961 0.20956561
v 0.55714163 0.18371961 0.21145446
v 0.55591984 0.18871961 0.18956561
v 0.55714163 0.18871961 0.18582548
v 0.55502349 0.18871961 0.19456561
v 0.55290474 0.18871961 0.19956561
v 0.55242196 0.18871961 0.20456561
v 0.55543650 0.18871961 0.20956561
v 0.55714163 0.18871961 0.21316401
v 0.55634713 0.19371961 0.18456561
v 0.55714163 0.19114112 0.18456561
v 0.55714163 0.19371961 0.18263818
v 0.55594805 0.19371961 0.18956561
v 0.55522195 0.19371961 0.19456561
v 0.55393642 0.19371961 0.19956561
v 0.55357578 0.19371961 0.20456561
v 0.55479948 0.19371961 0.20956561
v 0.55714163 0.19371961 0.21295369
v 0.55712089 0.19871961 0.18456561
v 0.55714163 0.19871961 0.18443979
v 0.55583016 0.19871961 0.18956561
v 0.55321184 0.19871961 0.19456561
v 0.55391162 0.19871961 0.19956561
v 0.55411482 0.19871961 0.20456561
v 0.55714163 0.19871961 0.21384208
v 0.55655179 0.20371961 0.17456561
v 0.55714163 0.20069555 0.17456561
v 0.55714163 0.20371961 0.17251258
v 0.55714163 0.20371961 0.17682824
v 0.55648066 0.20371961 0.18456561
v 0.55714163 0.20371961 0.18238933
v 0.55517440 0.20371961 0.18956561
v 0.55525093 0.20371961 0.19456561
v 0.55263295 0.20371961 0.19956561
v 0.55324276 0.20371961 0.20456561
v 0.55392900 0.20371961 0.20956561
v 0.55714163 0.20071508 0.21456561
v 0.55651012 0.20371961 0.21456561
v 0.55714163 0.20371961 0.21509807
v 0.55586404 0.20871961 0.14956561
v 0.55714163 0.20475902 0.14956561
v 0.55714163 0.20871961 0.14583719
v 0.55691381 0.20871961 0.15456561
v 0.55714163 0.20833677 0.15456561
v 0.55607626 0.20871961 0.15956561
v 0.55714163 0.20493049 0.15956561
v 0.55557272 0.20871961 0.16456561
v 0.55714163 0.20448917 0.16456561
v 0.55517056 0.20871961 0.16956561
v 0.55714163 0.20514648 0.16956561
v 0.55512008 0.20871961 0.17456561
v 0.55714163 0.20552919 0.17956561
v 0.55575113 0.20871961 0.17956561
v 0.55621155 0.20871961 0.18456561
v 0.55510691 0.20871961 0.18956561
v 0.55348599 0.20871961 0.19456561
v 0.55241554 0.20871961 0.19956561
v 0.55597201 0.20871961 0.21456561
v 0.55714163 0.20871961 0.21453124
v 0.55714163 0.20853830 0.21456561
v 0.55630613 0.21371961 0.13956561
v 0.55714163 0.21211326 0.13956561
v 0.55714163 0.21371961 0.13481933
v 0.55605867 0.21371961 0.14456561
v 0.55714163 0.21042251 0.14456561
v 0.55622718 0.21371961 0.14956561
v 0.55588065 0.21371961 0.15456561
v 0.55556772 0.21371961 0.15956561
v 0.55511501 0.21371961 0.16456561
v 0.55529777 0.21371961 0.16956561
v 0.55378245 0.21371961 0.17456561
v 0.55379623 0.21371961 0.17956561
v 0.55472568 0.21371961 0.18456561
v 0.55406501 0.21371961 0.18956561
v 0.55245548 0.21371961 0.20956561
v 0.55714163 0.21371961 0.21334846
v 0.55433478 0.21371961 0.21456561
v 0.55670782 0.21871961 0.09456561
v 0.55714163 0.21800999 0.09456561
v 0.55714163 0.21871961 0.09360361
v 0.55714163 0.21871961 0.09640442
v 0.55637185 0.21871961 0.12956561
v 0.55714163 0.21619753 0.12956561
v 0.55714163 0.21871961 0.12628437
v 0.55545895 0.21871961 0.13456561
v 0.55714163 0.21379440 0.13456561
v 0.55632263 0.21871961 0.13956561
v 0.55541425 0.21871961 0.14456561
v 0.55574047 0.21871961 0.14956561
v 0.55474322 0.21871961 0.15456561
v 0.55567643 0.21871961 0.15956561
v 0.55506264 0.21871961 0.16456561
v 0.55505930 0.21871961 0.16956561
v 0.55400535 0.21871961 0.17456561
v 0.55446468 0.21871961 0.17956561
v 0.55280521 0.21871961 0.18456561
v 0.55384721 0.21871961 0.18956561
v 0.55241615 0.21871961 0.19456561
v 0.55714163 0.21710399 0.21456561
v 0.55502229 0.21871961 0.21456561
v 0.55714163 0.21871961 0.21511753
v 0.55618288 0.22371961 0.09456561
v 0.55714163 0.22371961 0.09262940
v 0.55714163 0.22371961 0.09756915
v 0.55641133 0.22371961 0.10456561
v 0.55714163 0.22263397 0.10456561
v 0.55714163 0.22371961 0.10160743
v 0.55714163 0.22371961 0.10605393
v 0.55642429 0.22371961 0.11956561
v 0.55714163 0.22105686 0.11956561
v 0.55714163 0.22371961 0.11742861
v 0.55701738 0.22371961 0.12456561
v 0.55714163 0.22274189 0.12456561
v 0.55615143 0.22371961 0.12956561
v 0.55618397 0.22371961 0.13456561
v 0.55618267 0.22371961 0.13956561
v 0.55622988 0.22371961 0.14456561
v 0.55577739 0.22371961 0.14956561
v 0.55564286 0.22371961 0.15456561
v 0.55563067 0.22371961 0.15956561
v 0.55630830 0.22371961 0.16456561
v 0.55315307 0.22371961 0.16956561
v 0.55234665 0.22371961 0.17456561
v 0.55474858 0.22371961 0.17956561
v 0.55256689 0.22371961 0.18456561
v 0.55253672 0.22371961 0.19456561
v 0.55714163 0.22371961 0.21251963
v 0.55714163 0.21969860 0.21456561
v 0.55610127 0.22871961 0.07956561
v 0.55714163 0.22550897 0.07956561
v 0.55714163 0.22871961 0.07672066
v 0.55654810 0.22871961 0.08456561
v 0.55714163 0.22722556 0.08456561
v 0.55714163 0.22871961 0.08809285
v 0.55675438 0.22871961 0.09456561
v 0.55714163 0.22871961 0.09171799
v 0.55714163 0.22642666 0.09956561
v 0.55683208 0.22871961 0.09956561
v 0.55679879 0.22871961 0.10456561
v 0.55714163 0.22720775 0.10956561
v 0.55655067 0.22871961 0.10956561
v 0.55714163 0.22871961 0.11172002
v 0.55651837 0.22871961 0.11956561
v 0.55714163 0.22871961 0.11732990
v 0.55714163 0.22871961 0.12268547
v 0.55714163 0.22489792 0.12456561
v 0.55714163 0.22871961 0.12921871
v 0.55710949 0.22871961 0.12956561
v 0.55589062 0.22871961 0.13456561
v 0.55581125 0.22871961 0.13956561
v 0.55699336 0.22871961 0.14456561
v 0.55326264 0.22871961 0.14956561
v 0.55498383 0.22871961 0.15456561
v 0.55243809 0.22871961 0.15956561
v 0.55660617 0.22871961 0.16456561
v 0.55407017 0.22871961 0.16956561
v 0.55471266 0.22871961 0.17456561
v 0.55288458 0.22871961 0.18956561
v 0.55714163 0.22871961 0.21222576
v 0.55714163 0.23059524 0.07956561
v 0.55714163 0.23008533 0.08456561
v 0.55714163 0.22976955 0.09456561
v 0.55714163 0.23172276 0.09956561
v 0.55714163 0.22947249 0.10456561
v 0.55714163 0.22935026 0.10956561
v 0.55714163 0.22985696 0.11956561
v 0.55714163 0.22882071 0.12956561
v 0.55714163 0.23020500 0.13456561
v 0.55714163 0.23060660 0.13956561
v 0.55714163 0.22884491 0.14456561
v 0.55714163 0.23099086 0.14956561
v 0.55714163 0.23371961 0.15450935
v 0.55706692 0.23371961 0.15456561
v 0.55714163 0.23371961 0.15463851
v 0.55714163 0.23138086 0.15956561
v 0.55714163 0.22933971 0.16456561
v 0.55714163 0.23175417 0.16956561
v 0.55714163 0.23159980 0.17456561
v 0.55714163 0.23166496 0.17956561
v 0.55714163 0.23181881 0.18456561
v 0.55714163 0.23371961 0.18791656
v 0.55714163 0.23334890 0.19456561
v 0.55450680 0.23371961 0.19456561
v 0.55714163 0.23371961 0.19345758
v 0.55714163 0.23262046 0.19956561
v 0.55582901 0.23371961 0.20456561
v 0.55714163 0.23371961 0.20243917
v 0.55714163 0.23371961 0.20870904
v 0.55714163 0.23313671 0.20956561
v 0.55714163 0.23383535 0.15456561
v 0.55714163 0.23470281 0.18956561
v 0.55714163 0.23489566 0.20456561
v 0.56206580 0.07871961 0.17956561
v 0.56214163 0.07865620 0.17956561
v 0.56214163 0.07871961 0.17944784
v 0.56214163 0.07871961 0.17972905
v 0.56196717 0.07871961 0.19456561
v 0.56214163 0.07855131 0.19456561
v 0.56214163 0.07871961 0.19409906
v 0.56036356 0.07871961 0.19956561
v 0.56214163 0.07739410 0.19956561
v 0.56053895 0.07871961 0.20456561
v 0.56214163 0.07729104 0.20456561
v 0.56214163 0.07871961 0.20801095
v 0.56202509 0.08371961 0.14956562
v 0.56214163 0.08352358 0.14956561
v 0.56214163 0.08371961 0.14941616
v 0.56214163 0.08371961 0.14976257
v 0.56158132 0.08371961 0.17956561
v 0.56214163 0.08371961 0.17825927
v 0.56214163 0.08292578 0.18456561
v 0.56155236 0.08371961 0.18456561
v 0.56205135 0.08371961 0.18956561
v 0.56214163 0.08344197 0.18956561
v 0.56214163 0.07924780 0.19456561
v 0.56214163 0.08371961 0.18988167
v 0.56214163 0.08164484 0.19956561
v 0.56214163 0.08185126 0.20456561
v 0.56151430 0.08871961 0.01956561
v 0.56214163 0.08776683 0.01956561
v 0.56214163 0.08871961 0.01822055
v 0.56214163 0.08871961 0.02180390
v 0.56193382 0.08871961 0.06956561
v 0.56214163 0.08859950 0.06956561
v 0.56214163 0.08871961 0.06940995
v 0.56214163 0.08871961 0.06999387
v 0.56214163 0.08388513 0.14956561
v 0.56214163 0.08448243 0.17956561
v 0.56214163 0.08443169 0.18456561
v 0.56214163 0.08388835 0.18956561
v 0.56214163 0.08972664 0.01956561
v 0.56214163 0.08883730 0.06956561
v 0.56193538 0.09371961 0.18956561
v 0.56214163 0.09333748 0.18956561
v 0.56214163 0.09371961 0.18925597
v 0.56214163 0.09371961 0.19026905
v 0.56125375 0.09371961 0.20456561
v 0.56214163 0.09267679 0.20456561
v 0.56214163 0.09371961 0.20320507
v 0.56214163 0.09371961 0.20826208
v 0.56175406 0.09871961 0.14956561
v 0.56214163 0.09821884 0.14956561
v 0.56214163 0.09871961 0.14917528
v 0.56214163 0.09871961 0.14999824
v 0.56214163 0.09481349 0.18956561
v 0.56167010 0.09871961 0.19956561
v 0.56214163 0.09769833 0.19956561
v 0.56214163 0.09871961 0.19714445
v 0.56087071 0.09871961 0.20456561
v 0.56214163 0.09871961 0.20706176
v 0.56214163 0.09903226 0.14956561
v 0.56150521 0.10371961 0.19956561
v 0.56214163 0.10371961 0.19738318
v 0.56214163 0.10371961 0.20192497
v 0.56214163 0.10217009 0.20456561
v 0.56118756 0.10871961 0.01456562
v 0.56214163 0.10766309 0.01456562
v 0.56214163 0.10871961 0.01277477
v 0.56214163 0.10871961 0.01807448
v 0.56171057 0.10871961 0.19456561
v 0.56214163 0.10686452 0.19456561
v 0.56214163 0.10871961 0.19358411
v 0.56214163 0.10871961 0.19822156
v 0.56214163 0.10762596 0.19956561
v 0.56214163 0.10871961 0.19984035
v 0.55992805 0.10871961 0.20456561
v 0.56214163 0.10466257 0.20456561
v 0.56214163 0.10871961 0.20750274
v 0.56214163 0.11074428 0.01456562
v 0.56163562 0.11371961 0.19456561
v 0.56214163 0.11371961 0.19252561
v 0.56214163 0.10906423 0.19956561
v 0.56079263 0.11371961 0.19956561
v 0.55995678 0.11371961 0.20456561
v 0.56214163 0.11315136 0.20956561
v 0.56189212 0.11371961 0.20956561
v 0.56214163 0.11371961 0.20996352
v 0.56198167 0.11871961 0.01456562
v 0.56214163 0.11825605 0.01456562
v 0.56214163 0.11871961 0.01383440
v 0.56214163 0.11871961 0.01518826
v 0.56109889 0.11871961 0.18456561
v 0.56214163 0.11668800 0.18456561
v 0.56214163 0.11871961 0.18355642
v 0.56200106 0.11871961 0.18956561
v 0.56214163 0.11793684 0.18956561
v 0.56073344 0.11871961 0.19456561
v 0.56044775 0.11871961 0.19956561
v 0.55982253 0.11871961 0.20456561
v 0.56213234 0.11871961 0.20956561
v 0.56214163 0.11871961 0.20957551
v 0.56200888 0.12371961 0.01456562
v 0.56214163 0.12371961 0.01413298
v 0.56214163 0.12226413 0.01956561
v 0.56179329 0.12371961 0.01956561
v 0.56214163 0.12371961 0.02037256
v 0.56101251 0.12371961 0.18456561
v 0.56214163 0.12371961 0.18271678
v 0.56126914 0.12371961 0.18956561
v 0.55954795 0.12371961 0.19456561
v 0.56042471 0.12371961 0.19956561
v 0.55925531 0.12371961 0.20456561
v 0.56083849 0.12371961 0.20956561
v 0.56214163 0.12371961 0.21082229
v 0.56214163 0.12562443 0.01456562
v 0.56214163 0.12490199 0.01956561
v 0.56214163 0.12563448 0.18456561
v 0.56214163 0.12871961 0.18780477
v 0.56089379 0.12871961 0.18956561
v 0.55900241 0.12871961 0.19456561
v 0.55937076 0.12871961 0.19956561
v 0.55914692 0.12871961 0.20456561
v 0.56038396 0.12871961 0.20956561
v 0.56214163 0.12871961 0.21176456
v 0.56147435 0.13371961 0.18956561
v 0.56214163 0.13371961 0.18549430
v 0.56047596 0.13371961 0.19456561
v 0.55873354 0.13371961 0.19956561
v 0.56039745 0.13371961 0.20456561
v 0.56026983 0.13371961 0.20956561
v 0.56214163 0.13371961 0.21125703
v 0.56042902 0.13871961 0.18956561
v 0.56214163 0.13871961 0.18547282
v 0.55831117 0.13871961 0.19456561
v 0.56118326 0.13871961 0.20956561
v 0.56214163 0.13871961 0.21067649
v 0.56208353 0.14371961 0.00956561
v 0.56214163 0.14352956 0.00956561
v 0.56214163 0.14371961 0.00953330
v 0.56214163 0.14371961 0.00975076
v 0.56147429 0.14371961 0.16456561
v 0.56214163 0.14022675 0.16456561
v 0.56214163 0.14371961 0.16338575
v 0.56090678 0.14371961 0.16956561
v 0.56214163 0.14022597 0.16956561
v 0.56083015 0.14371961 0.17456561
v 0.56214163 0.14055388 0.17456561
v 0.56020812 0.14371961 0.17956561
v 0.56214163 0.14067068 0.17956561
v 0.56004818 0.14371961 0.18456561
v 0.56214163 0.13975925 0.18456561
v 0.56062207 0.14371961 0.18956561
v 0.55920119 0.14371961 0.19456561
v 0.55774192 0.14371961 0.19956561
v 0.55753029 0.14371961 0.20456561
v 0.55909231 0.14371961 0.20956561
v 0.56214163 0.14371961 0.21257827
v 0.56214163 0.14789527 0.00956561
v 0.56214163 0.14871961 0.00986895
v 0.56191042 0.14871961 0.01456562
v 0.56214163 0.14819375 0.01456562
v 0.56202739 0.14871961 0.01956561
v 0.56214163 0.14839666 0.01956561
v 0.56214163 0.14871961 0.02126886
v 0.56177316 0.14871961 0.16456561
v 0.56214163 0.14871961 0.16284602
v 0.56038474 0.14871961 0.16956561
v 0.56214163 0.14871961 0.17456142
v 0.56214163 0.14871342 0.17456561
v 0.56214163 0.14871961 0.17456975
v 0.56039093 0.14871961 0.17956561
v 0.56007031 0.14871961 0.18456561
v 0.55925945 0.14871961 0.18956561
v 0.55748962 0.14871961 0.19456561
v 0.55754574 0.14871961 0.20956561
v 0.56214163 0.14871961 0.21109378
v 0.56196944 0.15371961 0.00956561
v 0.56214163 0.14904727 0.00956561
v 0.56214163 0.15371961 0.00946970
v 0.56034502 0.15371961 0.01456562
v 0.56214163 0.15371961 0.01866290
v 0.56214163 0.14950691 0.01956561
v 0.56110523 0.15371961 0.02956561
v 0.56214163 0.15224903 0.02956561
v 0.56214163 0.15371961 0.02734460
v 0.56204092 0.15371961 0.03456562
v 0.56214163 0.15280109 0.03456562
v 0.56214163 0.15371961 0.03479624
v 0.56180531 0.15371961 0.15956561
v 0.56214163 0.15259807 0.15956561
v 0.56214163 0.15371961 0.15672744
v 0.56102623 0.15371961 0.16456561
v 0.56075785 0.15371961 0.16956561
v 0.56214163 0.14872423 0.17456561
v 0.55993172 0.15371961 0.17456561
v 0.55996254 0.15371961 0.17956561
v 0.55984365 0.15371961 0.18456561
v 0.55839229 0.15371961 0.18956561
v 0.55733030 0.15371961 0.19456561
v 0.55832962 0.15371961 0.20956561
v 0.56214163 0.15371961 0.21288829
v 0.56214163 0.15588049 0.00956561
v 0.56214163 0.15791555 0.01456562
v 0.56214163 0.15871961 0.01606608
v 0.56093896 0.15871961 0.01956561
v 0.56214163 0.15537057 0.01956561
v 0.56214163 0.15871961 0.02180822
v 0.56214163 0.15636221 0.02956561
v 0.56214163 0.15392913 0.03456562
v 0.56047974 0.15871961 0.14956561
v 0.56214163 0.15542260 0.14956561
v 0.56214163 0.15871961 0.14675689
v 0.56155855 0.15871961 0.15456561
v 0.56214163 0.15511080 0.15456561
v 0.56067512 0.15871961 0.15956561
v 0.56095669 0.15871961 0.16456561
v 0.56070873 0.15871961 0.16956561
v 0.56075842 0.15871961 0.17456561
v 0.55960544 0.15871961 0.17956561
v 0.55833052 0.15871961 0.18456561
v 0.55794815 0.15871961 0.18956561
v 0.56214163 0.15871961 0.21126152
v 0.56174121 0.16371961 0.00956561
v 0.56214163 0.16076194 0.00956561
v 0.56214163 0.16371961 0.00937610
v 0.56214163 0.16371961 0.01045107
v 0.56014433 0.16371961 0.01956561
v 0.56214163 0.16371961 0.01685667
v 0.56214163 0.16371961 0.02363612
v 0.56206154 0.16371961 0.03956562
v 0.56214163 0.16357358 0.03956562
v 0.56214163 0.16371961 0.03937173
v 0.56214163 0.16371961 0.03973447
v 0.56123733 0.16371961 0.13956561
v 0.56214163 0.16130803 0.13956561
v 0.56214163 0.16371961 0.13783508
v 0.56214163 0.16371961 0.14201541
v 0.56214163 0.16204578 0.14956561
v 0.56214163 0.16076694 0.15456561
v 0.56214163 0.16371961 0.15592508
v 0.56005312 0.16371961 0.15956561
v 0.56001953 0.16371961 0.16456561
v 0.55859266 0.16371961 0.16956561
v 0.55969571 0.16371961 0.17456561
v 0.55816585 0.16371961 0.17956561
v 0.56214163 0.16371961 0.21378465
v 0.56214163 0.16427471 0.00956561
v 0.56214163 0.16871961 0.01290826
v 0.56059649 0.16871961 0.01456562
v 0.56214163 0.16641590 0.01456562
v 0.56214163 0.16871961 0.01817311
v 0.56214163 0.16762915 0.01956561
v 0.56214163 0.16388509 0.03956562
v 0.56205063 0.16871961 0.13456561
v 0.56214163 0.16850998 0.13456561
v 0.56214163 0.16871961 0.13441225
v 0.56214163 0.16533442 0.13956561
v 0.56214163 0.16871961 0.13475532
v 0.56180078 0.16871961 0.14956561
v 0.56214163 0.16777167 0.14956561
v 0.56214163 0.16871961 0.14844987
v 0.56116072 0.16871961 0.15456561
v 0.56214163 0.16574114 0.15456561
v 0.55939539 0.16871961 0.15956561
v 0.55847903 0.16871961 0.16456561
v 0.55934437 0.16871961 0.16956561
v 0.55842433 0.16871961 0.17456561
v 0.55957466 0.16871961 0.17956561
v 0.55746319 0.16871961 0.18956561
v 0.55805372 0.16871961 0.20956561
v 0.56214163 0.16871961 0.21330500
v 0.56123582 0.17371961 0.00956561
v 0.56214163 0.17239413 0.00956561
v 0.56214163 0.17371961 0.00898758
v 0.56214163 0.17218209 0.01456562
v 0.56214163 0.17371961 0.01267051
v 0.56208098 0.17371961 0.11956561
v 0.56214163 0.17362112 0.11956561
v 0.56214163 0.17371961 0.11950055
v 0.56214163 0.17371961 0.11963850
v 0.56214163 0.16893441 0.13456561
v 0.56049278 0.17371961 0.14456561
v 0.56214163 0.17084596 0.14456561
v 0.56214163 0.17371961 0.14191976
v 0.56082376 0.17371961 0.14956561
v 0.56087872 0.17371961 0.15456561
v 0.55900002 0.17371961 0.15956561
v 0.55930584 0.17371961 0.16456561
v 0.55832275 0.17371961 0.16956561
v 0.55801245 0.17371961 0.17456561
v 0.55817990 0.17371961 0.17956561
v 0.56214163 0.17371961 0.21261177
v 0.56102146 0.17871961 0.00956561
v 0.56214163 0.17871961 0.00896857
v 0.56214163 0.17550553 0.01456562
v 0.56031518 0.17871961 0.01456562
v 0.56214163 0.17871961 0.01848660
v 0.56173633 0.17871961 0.02956561
v 0.56214163 0.17828359 0.02956561
v 0.56214163 0.17871961 0.02634938
v 0.56214163 0.17871961 0.03072929
v 0.56107878 0.17871961 0.03956562
v 0.56214163 0.17725930 0.03956562
v 0.56214163 0.17871961 0.03759221
v 0.56214163 0.17871961 0.04191856
v 0.56214163 0.17405405 0.11956561
v 0.56084589 0.17871961 0.14456561
v 0.56214163 0.17871961 0.14045795
v 0.56214163 0.17871961 0.14954124
v 0.56214163 0.17869937 0.14956561
v 0.56214163 0.17871961 0.14957614
v 0.55965404 0.17871961 0.15456561
v 0.56024050 0.17871961 0.15956561
v 0.55988728 0.17871961 0.16456561
v 0.55754935 0.17871961 0.16956561
v 0.55916925 0.17871961 0.17456561
v 0.55847024 0.17871961 0.18456561
v 0.55753986 0.17871961 0.19956561
v 0.55734851 0.17871961 0.20956561
v 0.56214163 0.17871961 0.21396478
v 0.56062734 0.18371961 0.00956561
v 0.56214163 0.18371961 0.00881450
v 0.56094527 0.18371961 0.01456562
v 0.56214163 0.18169366 0.01956561
v 0.56191474 0.18371961 0.01956561
v 0.56214163 0.18371961 0.02020819
v 0.56214163 0.17938504 0.02956561
v 0.56214163 0.18046534 0.03956562
v 0.56208738 0.18371961 0.11956561
v 0.56214163 0.18336539 0.11956561
v 0.56214163 0.18371961 0.11947956
v 0.56214163 0.18371961 0.11985419
v 0.55924937 0.18371961 0.14456561
v 0.56214163 0.18371961 0.14074918
v 0.56214163 0.17873668 0.14956561
v 0.56084348 0.18371961 0.14956561
v 0.56042112 0.18371961 0.15456561
v 0.56014858 0.18371961 0.15956561
v 0.56080806 0.18371961 0.16456561
v 0.56027575 0.18371961 0.16956561
v 0.55929562 0.18371961 0.17456561
v 0.55719190 0.18371961 0.17956561
v 0.55728364 0.18371961 0.18456561
v 0.56214163 0.18371961 0.21411126
v 0.56092782 0.18871961 0.00956561
v 0.56214163 0.18871961 0.00899469
v 0.56032312 0.18871961 0.01456562
v 0.56214163 0.18871961 0.01689315
v 0.56214163 0.18449218 0.01956561
v 0.56213325 0.18871961 0.11956561
v 0.56214163 0.18871961 0.11955167
v 0.56214163 0.18871961 0.11973983
v 0.56026773 0.18871961 0.13956561
v 0.56214163 0.18515476 0.13956561
v 0.56214163 0.18871961 0.13570867
v 0.55972053 0.18871961 0.14456561
v 0.55968454 0.18871961 0.14956561
v 0.55798855 0.18871961 0.15456561
v 0.55977862 0.18871961 0.15956561
v 0.55987448 0.18871961 0.16456561
v 0.55977381 0.18871961 0.16956561
v 0.55734936 0.18871961 0.17456561
v 0.55729112 0.18871961 0.17956561
v 0.55760612 0.18871961 0.18456561
v 0.56214163 0.18516470 0.21456561
v 0.55919777 0.18871961 0.21456561
v 0.56214163 0.18871961 0.21533269
v 0.56128032 0.19371961 0.00956561
v 0.56214163 0.19371961 0.00907270
v 0.56023539 0.19371961 0.01456562
v 0.56214163 0.19124849 0.01956561
v 0.55974661 0.19371961 0.01956561
v 0.56214163 0.19371961 0.02216197
v 0.56214163 0.18873909 0.11956561
v 0.56165571 0.19371961 0.12956561
v 0.56214163 0.19052915 0.12956561
v 0.56214163 0.19371961 0.12558024
v 0.56214163 0.19371961 0.13133838
v 0.56174250 0.19371961 0.13956561
v 0.56214163 0.19371961 0.13831510
v 0.56053735 0.19371961 0.14456561
v 0.55927487 0.19371961 0.14956561
v 0.56026708 0.19371961 0.15456561
v 0.55994409 0.19371961 0.15956561
v 0.55972355 0.19371961 0.16456561
v 0.56007996 0.19371961 0.16956561
v 0.55834348 0.19371961 0.17456561
v 0.55833630 0.19371961 0.17956561
v 0.56214163 0.19371961 0.21362990
v 0.56214163 0.19151954 0.21456561
v 0.56162137 0.19871961 0.00956561
v 0.56214163 0.19871961 0.00929924
v 0.56107323 0.19871961 0.01456562
v 0.56214163 0.19871961 0.01811711
v 0.56214163 0.19749416 0.01956561
v 0.56210528 0.19871961 0.04956562
v 0.56214163 0.19867889 0.04956562
v 0.56214163 0.19871961 0.04947547
v 0.56194846 0.19871961 0.05456562
v 0.56214163 0.19765018 0.05456562
v 0.56214163 0.19871961 0.05495108
v 0.56168294 0.19871961 0.12456561
v 0.56214163 0.19474226 0.12456561
v 0.56214163 0.19871961 0.12364729
v 0.56160186 0.19871961 0.12956561
v 0.56214163 0.19754448 0.13456561
v 0.56147872 0.19871961 0.13456561
v 0.55979864 0.19871961 0.13956561
v 0.55864061 0.19871961 0.14456561
v 0.55942435 0.19871961 0.14956561
v 0.56034673 0.19871961 0.15456561
v 0.55921265 0.19871961 0.15956561
v 0.55998618 0.19871961 0.16456561
v 0.55872681 0.19871961 0.16956561
v 0.55761837 0.19871961 0.17456561
v 0.55784059 0.19871961 0.17956561
v 0.56214163 0.19871961 0.21343854
v 0.56078953 0.20371961 0.00956561
v 0.56214163 0.20371961 0.00924459
v 0.56127168 0.20371961 0.01456562
v 0.56214163 0.20371961 0.01614187
v 0.56167443 0.20371961 0.02456562
v 0.56214163 0.19992683 0.02456562
v 0.56214163 0.20371961 0.02360921
v 0.56214163 0.20371961 0.02587281
v 0.56146962 0.20371961 0.03456562
v 0.56214163 0.20220518 0.03456562
v 0.56214163 0.20371961 0.03317551
v 0.56214163 0.20371961 0.03692425
v 0.56214163 0.19914619 0.04956562
v 0.56214163 0.19941110 0.05456562
v 0.56088985 0.20371961 0.11456561
v 0.56214163 0.20064457 0.11456561
v 0.56214163 0.20371961 0.11328620
v 0.56172035 0.20371961 0.11956561
v 0.56214163 0.20291921 0.11956561
v 0.56006020 0.20371961 0.12456562
v 0.56046359 0.20371961 0.12956561
v 0.56214163 0.20371961 0.13358348
v 0.56214163 0.20050331 0.13456561
v 0.56214163 0.20371961 0.13636058
v 0.56111349 0.20371961 0.13956561
v 0.55938785 0.20371961 0.14456561
v 0.55804462 0.20371961 0.14956561
v 0.55955899 0.20371961 0.15456561
v 0.55882296 0.20371961 0.15956561
v 0.55820696 0.20371961 0.16456561
v 0.55846365 0.20371961 0.16956561
v 0.55822987 0.20371961 0.17956561
v 0.56214163 0.20135314 0.21456561
v 0.56214163 0.20371961 0.21549186
v 0.56214163 0.20662216 0.00956561
v 0.56214163 0.20871961 0.01065092
v 0.56025487 0.20871961 0.01456562
v 0.56214163 0.20619312 0.01956561
v 0.56046358 0.20871961 0.01956561
v 0.56063674 0.20871961 0.02456562
v 0.56214163 0.20678119 0.02956561
v 0.56139748 0.20871961 0.02956561
v 0.56116774 0.20871961 0.03456562
v 0.56214163 0.20871961 0.03772517
v 0.56112637 0.20871961 0.04456562
v 0.56214163 0.20645674 0.04456562
v 0.56214163 0.20871961 0.04157792
v 0.56214163 0.20871961 0.04762869
v 0.56140066 0.20871961 0.05456562
v 0.56214163 0.20658386 0.05456562
v 0.56214163 0.20871961 0.05165028
v 0.56173068 0.20871961 0.05956562
v 0.56214163 0.20701191 0.05956562
v 0.56109802 0.20871961 0.06456562
v 0.56214163 0.20708845 0.06456562
v 0.56100151 0.20871961 0.06956561
v 0.56214163 0.20632392 0.06956561
v 0.56090094 0.20871961 0.07456561
v 0.56214163 0.20669530 0.07456561
v 0.56068460 0.20871961 0.07956561
v 0.56214163 0.20516472 0.07956561
v 0.56095081 0.20871961 0.08456561
v 0.56214163 0.20725563 0.08456561
v 0.55921683 0.20871961 0.08956561
v 0.56214163 0.20538946 0.08956561
v 0.55996455 0.20871961 0.09456561
v 0.56214163 0.20484819 0.09456561
v 0.56050016 0.20871961 0.09956561
v 0.56214163 0.20452385 0.09956561
v 0.56005131 0.20871961 0.10456561
v 0.56214163 0.20509029 0.10456561
v 0.56066510 0.20871961 0.10956561
v 0.56214163 0.20715209 0.10956561
v 0.56013011 0.20871961 0.11456561
v 0.55974401 0.20871961 0.11956561
v 0.55963693 0.20871961 0.12456561
v 0.55923884 0.20871961 0.12956561
v 0.56214163 0.20419973 0.13456561
v 0.55759280 0.20871961 0.13456561
v 0.55837468 0.20871961 0.13956561
v 0.55764138 0.20871961 0.14456561
v 0.56214163 0.20871961 0.21374786
v 0.56214163 0.20614250 0.21456561
v 0.56097357 0.21371961 0.00956561
v 0.56214163 0.20994688 0.00956561
v 0.56214163 0.21371961 0.00887917
v 0.56184774 0.21371961 0.01456562
v 0.56023088 0.21371961 0.01956561
v 0.56041986 0.21371961 0.02456562
v 0.56090058 0.21371961 0.02956561
v 0.56096785 0.21371961 0.03456562
v 0.56214163 0.21069685 0.03956562
v 0.56073248 0.21371961 0.03956562
v 0.56062908 0.21371961 0.04456562
v 0.56214163 0.20980215 0.04956562
v 0.56056667 0.21371961 0.04956562
v 0.55999877 0.21371961 0.05456562
v 0.56098537 0.21371961 0.05956562
v 0.56094118 0.21371961 0.06456562
v 0.55988831 0.21371961 0.06956561
v 0.55981855 0.21371961 0.07456561
v 0.56012734 0.21371961 0.07956561
v 0.56054229 0.21371961 0.08456561
v 0.55945352 0.21371961 0.08956561
v 0.55908050 0.21371961 0.09456561
v 0.55920878 0.21371961 0.09956561
v 0.55992028 0.21371961 0.10456561
v 0.55981555 0.21371961 0.10956561
v 0.55901573 0.21371961 0.11456561
v 0.55813316 0.21371961 0.11956561
v 0.55906030 0.21371961 0.12456561
v 0.55830919 0.21371961 0.12956561
v 0.55718611 0.21371961 0.13456561
v 0.56214163 0.21245159 0.21456561
v 0.56087155 0.21371961 0.21456561
v 0.56214163 0.21371961 0.21487987
v 0.56122335 0.21871961 0.00956561
v 0.56214163 0.21871961 0.00920304
v 0.56050421 0.21871961 0.01456562
v 0.55946565 0.21871961 0.01956561
v 0.55923126 0.21871961 0.02456562
v 0.56047137 0.21871961 0.02956561
v 0.56046456 0.21871961 0.03456562
v 0.56015977 0.21871961 0.03956562
v 0.56051203 0.21871961 0.04456562
v 0.56144279 0.21871961 0.04956562
v 0.56093524 0.21871961 0.05456562
v 0.56121227 0.21871961 0.05956562
v 0.55995313 0.21871961 0.06456562
v 0.55996060 0.21871961 0.06956561
v 0.56009373 0.21871961 0.07456561
v 0.55998669 0.21871961 0.07956561
v 0.56039406 0.21871961 0.08456561
v 0.55907121 0.21871961 0.08956561
v 0.56214163 0.21871961 0.09364886
v 0.56214163 0.21804077 0.09456561
v 0.55914197 0.21871961 0.09456561
v 0.56214163 0.21871961 0.09515697
v 0.55780803 0.21871961 0.09956561
v 0.55981849 0.21871961 0.10456561
v 0.55889654 0.21871961 0.10956561
v 0.55842881 0.21871961 0.11456561
v 0.55902368 0.21871961 0.11956561
v 0.55806520 0.21871961 0.12456561
v 0.56214163 0.21871961 0.21432384
v 0.56053307 0.21871961 0.21456561
v 0.56214163 0.21672273 0.21456561
v 0.56138784 0.22371961 0.00956561
v 0.56214163 0.22371961 0.00918107
v 0.55894402 0.22371961 0.01456562
v 0.56123905 0.22371961 0.01956561
v 0.56110382 0.22371961 0.02456562
v 0.56042099 0.22371961 0.02956561
v 0.55969950 0.22371961 0.03456562
v 0.55924641 0.22371961 0.03956562
v 0.56002354 0.22371961 0.04456562
v 0.56129723 0.22371961 0.04956562
v 0.56036865 0.22371961 0.05456562
v 0.55972063 0.22371961 0.05956562
v 0.55945640 0.22371961 0.06456562
v 0.55988452 0.22371961 0.06956561
v 0.55948704 0.22371961 0.07456561
v 0.55837938 0.22371961 0.07956561
v 0.56140251 0.22371961 0.08456561
v 0.55882378 0.22371961 0.08956561
v 0.56214163 0.21955374 0.09456561
v 0.55789025 0.22371961 0.09956561
v 0.55962236 0.22371961 0.10956561
v 0.55848479 0.22371961 0.11456561
v 0.56214163 0.22371961 0.21388213
v 0.55865180 0.22871961 0.00956561
v 0.56214163 0.22871961 0.00840778
v 0.56136726 0.22871961 0.01456562
v 0.55987111 0.22871961 0.01956561
v 0.55995862 0.22871961 0.02456562
v 0.55953847 0.22871961 0.02956561
v 0.55875928 0.22871961 0.03456562
v 0.56023913 0.22871961 0.03956562
v 0.56214163 0.22871961 0.04305145
v 0.56214163 0.22792804 0.04456562
v 0.56214163 0.22871961 0.04540906
v 0.55759806 0.22871961 0.04956562
v 0.56166697 0.22871961 0.05456562
v 0.55929942 0.22871961 0.05956562
v 0.55911950 0.22871961 0.06456562
v 0.56011448 0.22871961 0.06956561
v 0.56025057 0.22871961 0.07456561
v 0.55844083 0.22871961 0.08956561
v 0.56052894 0.22871961 0.11456561
v 0.55909175 0.22871961 0.12456561
v 0.56214163 0.22871961 0.21283014
v 0.56132008 0.23371961 0.00956561
v 0.56214163 0.23371961 0.00895996
v 0.56214163 0.23371961 0.01362825
v 0.56214163 0.23238981 0.01456562
v 0.56214163 0.23371961 0.01531316
v 0.56076447 0.23371961 0.01956561
v 0.56114626 0.23371961 0.02456562
v 0.55953856 0.23371961 0.02956561
v 0.56078086 0.23371961 0.03456562
v 0.56080981 0.23371961 0.03956562
v 0.56214163 0.23371961 0.04292950
v 0.56201346 0.23371961 0.04956562
v 0.56214163 0.23371961 0.04889772
v 0.56214163 0.23371961 0.04991028
v 0.56214163 0.22967395 0.05456562
v 0.56214163 0.23139597 0.05956562
v 0.56214163 0.23238807 0.06456562
v 0.56214163 0.23371961 0.06835038
v 0.56184416 0.23371961 0.06956561
v 0.56012463 0.23371961 0.07456561
v 0.56214163 0.23295816 0.07956561
v 0.56214163 0.23371961 0.07882606
v 0.56214163 0.23023044 0.08456561
v 0.56214163 0.23215799 0.08956561
v 0.56214163 0.23258497 0.09456561
v 0.56214163 0.23187908 0.09956561
v 0.56214163 0.23136036 0.10456561
v 0.56214163 0.23298484 0.10956561
v 0.56214163 0.23271743 0.11456561
v 0.56214163 0.23115341 0.11956561
v 0.56214163 0.23051183 0.12456561
v 0.56214163 0.23171571 0.12956561
v 0.56214163 0.23248634 0.13456561
v 0.56176211 0.23371961 0.13956561
v 0.56214163 0.23371961 0.13801965
v 0.56025558 0.23371961 0.14456561
v 0.56214163 0.23371961 0.14762746
v 0.56214163 0.23274462 0.14956561
v 0.56214163 0.23371961 0.15131450
v 0.56143474 0.23371961 0.15956561
v 0.56178663 0.23371961 0.16456561
v 0.55987492 0.23371961 0.16956561
v 0.56214163 0.23371961 0.17194413
v 0.56214163 0.23235737 0.17456561
v 0.56214163 0.23230018 0.17956561
v 0.55976934 0.23371961 0.18456561
v 0.56214163 0.23371961 0.18160467
v 0.56129536 0.23371961 0.18956561
v 0.56214163 0.23371961 0.18906583
v 0.56214163 0.23343458 0.18956561
v 0.55826681 0.23371961 0.19456561
v 0.56214163 0.23371961 0.19042587
v 0.56097986 0.23371961 0.19956561
v 0.56214163 0.23371961 0.20640676
v 0.56214163 0.23089876 0.20956561
v 0.56214163 0.23521339 0.00956561
v 0.56214163 0.23642580 0.01956561
v 0.56214163 0.23448207 0.02456562
v 0.56214163 0.23481683 0.02956561
v 0.56214163 0.23562479 0.03456562
v 0.56214163 0.23500461 0.03956562
v 0.56214163 0.23392410 0.04956562
v 0.56214163 0.23729353 0.06956561
v 0.56214163 0.23621856 0.07456561
v 0.56214163 0.23393295 0.13956561
v 0.56214163 0.23607319 0.14456561
v 0.56214163 0.23560165 0.15456561
v 0.56214163 0.23418621 0.15956561
v 0.56214163 0.23395238 0.16456561
v 0.56214163 0.23447853 0.16956561
v 0.56214163 0.23527748 0.18456561
v 0.56214163 0.23871961 0.19433462
v 0.56164262 0.23871961 0.19456561
v 0.56214163 0.23871961 0.19485117
v 0.56214163 0.23451714 0.19956561
v 0.56214163 0.23615654 0.20456561
v 0.56214163 0.23883621 0.19456561
v 0.56698889 0.07371961 0.17456561
v 0.56714163 0.07355025 0.17456561
v 0.56714163 0.07371961 0.17406271
v 0.56651391 0.07371961 0.17956561
v 0.56714163 0.07225846 0.17956561
v 0.56714163 0.07371961 0.18112207
v 0.56631678 0.07371961 0.19956561
v 0.56714163 0.07247728 0.19956561
v 0.56714163 0.07371961 0.19707942
v 0.56664013 0.07371961 0.20456561
v 0.56714163 0.07053891 0.20456561
v 0.56714163 0.07371961 0.20536066
v 0.56610153 0.07871961 0.12956562
v 0.56714163 0.07784975 0.12956562
v 0.56714163 0.07871961 0.12686388
v 0.56608668 0.07871961 0.13456562
v 0.56714163 0.07761730 0.13456562
v 0.56564110 0.07871961 0.13956562
v 0.56714163 0.07674335 0.13956562
v 0.56714163 0.07871961 0.14236482
v 0.56585324 0.07871961 0.14956561
v 0.56714163 0.07794679 0.14956561
v 0.56714163 0.07871961 0.14734166
v 0.56481948 0.07871961 0.15456561
v 0.56714163 0.07775322 0.15456561
v 0.56641399 0.07871961 0.15956561
v 0.56714163 0.07789066 0.15956561
v 0.56669004 0.07871961 0.16456561
v 0.56714163 0.07805420 0.16456561
v 0.56690186 0.07871961 0.16956561
v 0.56714163 0.07813024 0.16956561
v 0.56574557 0.07871961 0.17456561
v 0.56459806 0.07871961 0.18456561
v 0.56714163 0.07595269 0.18456561
v 0.56380637 0.07871961 0.18956561
v 0.56714163 0.07391085 0.18956561
v 0.56714163 0.07505566 0.19456561
v 0.56357666 0.07871961 0.20956561
v 0.56714163 0.07655976 0.20956561
v 0.56714163 0.07871961 0.21065959
v 0.56583968 0.08371961 0.00956561
v 0.56714163 0.08241211 0.00956561
v 0.56714163 0.08371961 0.00858101
v 0.56635442 0.08371961 0.01456562
v 0.56714163 0.08314810 0.01456562
v 0.56714163 0.08371961 0.01709497
v 0.56464035 0.08371961 0.04956562
v 0.56714163 0.08287928 0.04956562
v 0.56714163 0.08371961 0.04702746
v 0.56714163 0.08371961 0.05203665
v 0.56653408 0.08371961 0.07456561
v 0.56714163 0.08274014 0.07456561
v 0.56714163 0.08371961 0.07213332
v 0.56445901 0.08371961 0.07956561
v 0.56714163 0.08212028 0.07956561
v 0.56714163 0.08371961 0.08389035
v 0.56509412 0.08371961 0.08956561
v 0.56714163 0.08176753 0.08956561
v 0.56714163 0.08371961 0.08533102
v 0.56714163 0.08371961 0.09208334
v 0.56659002 0.08371961 0.09956561
v 0.56714163 0.08272645 0.09956561
v 0.56714163 0.08371961 0.09836406
v 0.56608619 0.08371961 0.10456561
v 0.56714163 0.08259885 0.10456561
v 0.56545142 0.08371961 0.10956561
v 0.56714163 0.07891154 0.10956561
v 0.56368812 0.08371961 0.11456561
v 0.56714163 0.08063929 0.11456561
v 0.56359757 0.08371961 0.11956561
v 0.56714163 0.08103780 0.11956561
v 0.56295020 0.08371961 0.12456562
v 0.56714163 0.07939300 0.12456562
v 0.56311551 0.08371961 0.12956562
v 0.56655813 0.08371961 0.13456562
v 0.56657543 0.08371961 0.13956562
v 0.56714163 0.08066539 0.14456561
v 0.56544501 0.08371961 0.14456562
v 0.56406993 0.08371961 0.15456561
v 0.56419864 0.08371961 0.15956561
v 0.56456089 0.08371961 0.16456561
v 0.56252918 0.08371961 0.16956561
v 0.56369953 0.08371961 0.17456561
v 0.56330308 0.08371961 0.19456561
v 0.56349728 0.08371961 0.19956561
v 0.56295211 0.08371961 0.20456561
v 0.56294995 0.08371961 0.20956561
v 0.56714163 0.08371961 0.21179403
v 0.56395411 0.08871961 0.00956561
v 0.56714163 0.08871961 0.00715245
v 0.56531529 0.08871961 0.01456562
v 0.56714163 0.08517773 0.01956561
v 0.56714163 0.08871961 0.02287988
v 0.56504163 0.08871961 0.02956561
v 0.56714163 0.08625765 0.02956561
v 0.56714163 0.08871961 0.02548035
v 0.56490519 0.08871961 0.03456562
v 0.56714163 0.08551672 0.03456562
v 0.56592228 0.08871961 0.03956562
v 0.56714163 0.08757438 0.03956562
v 0.56452935 0.08871961 0.04456562
v 0.56714163 0.08490913 0.04456562
v 0.56620276 0.08871961 0.04956562
v 0.56714163 0.08805374 0.05456562
v 0.56689043 0.08871961 0.05456562
v 0.56231216 0.08871961 0.05956562
v 0.56714163 0.08374240 0.05956562
v 0.56472443 0.08871961 0.06456562
v 0.56714163 0.08495349 0.06456562
v 0.56714163 0.08479888 0.06956561
v 0.56385260 0.08871961 0.07456561
v 0.56581424 0.08871961 0.07956561
v 0.56714163 0.08518588 0.08456561
v 0.56634401 0.08871961 0.08456561
v 0.56486388 0.08871961 0.08956561
v 0.56714163 0.08607462 0.09456561
v 0.56490571 0.08871961 0.09456561
v 0.56714163 0.08566685 0.09956561
v 0.56714163 0.08871961 0.09803410
v 0.56714163 0.08871961 0.10123917
v 0.56497247 0.08871961 0.10456561
v 0.56401048 0.08871961 0.10956561
v 0.56628782 0.08871961 0.11456561
v 0.56503362 0.08871961 0.11956561
v 0.56568041 0.08871961 0.12456562
v 0.56381909 0.08871961 0.12956562
v 0.56410120 0.08871961 0.13456562
v 0.56419845 0.08871961 0.13956562
v 0.56407707 0.08871961 0.14456562
v 0.56462943 0.08871961 0.14956561
v 0.56444219 0.08871961 0.15456561
v 0.56565134 0.08871961 0.15956561
v 0.56708249 0.08871961 0.16456561
v 0.56572245 0.08871961 0.16956561
v 0.56352301 0.08871961 0.17456561
v 0.56477882 0.08871961 0.17956561
v 0.56420547 0.08871961 0.18456561
v 0.56412253 0.08871961 0.18956561
v 0.56386223 0.08871961 0.19456561
v 0.56378124 0.08871961 0.19956561
v 0.56401337 0.08871961 0.20456561
v 0.56400977 0.08871961 0.20956561
v 0.56714163 0.08871961 0.21167216
v 0.56712856 0.09371961 0.00456562
v 0.56714163 0.09364926 0.00456562
v 0.56714163 0.09371961 0.00454298
v 0.56354796 0.09371961 0.00956561
v 0.56424130 0.09371961 0.01456562
v 0.56477247 0.09371961 0.01956561
v 0.56714163 0.08978724 0.02456562
v 0.56498933 0.09371961 0.02456562
v 0.56527038 0.09371961 0.02956561
v 0.56475387 0.09371961 0.03456562
v 0.56548086 0.09371961 0.03956562
v 0.56692332 0.09371961 0.04456562
v 0.56608987 0.09371961 0.04956562
v 0.56649115 0.09371961 0.05456562
v 0.56656367 0.09371961 0.05956562
v 0.56637121 0.09371961 0.06456562
v 0.56550508 0.09371961 0.06956561
v 0.56694871 0.09371961 0.07456561
v 0.56714163 0.09371961 0.07512319
v 0.56714163 0.09063337 0.07956561
v 0.56714163 0.09104008 0.08456561
v 0.56714163 0.09371961 0.08817051
v 0.56682656 0.09371961 0.08956561
v 0.56630676 0.09371961 0.09456561
v 0.56714163 0.09371961 0.09806228
v 0.56670054 0.09371961 0.10456561
v 0.56714163 0.09371961 0.10172798
v 0.56700561 0.09371961 0.10956561
v 0.56600506 0.09371961 0.11456561
v 0.56595970 0.09371961 0.11956561
v 0.56714163 0.09371961 0.12246767
v 0.56714163 0.09201175 0.12456562
v 0.56714163 0.09371961 0.12642798
v 0.56588650 0.09371961 0.12956562
v 0.56482343 0.09371961 0.13456562
v 0.56543159 0.09371961 0.13956562
v 0.56543041 0.09371961 0.14456561
v 0.56552285 0.09371961 0.14956561
v 0.56518213 0.09371961 0.15456561
v 0.56522743 0.09371961 0.15956561
v 0.56546044 0.09371961 0.16456561
v 0.56490970 0.09371961 0.16956561
v 0.56568527 0.09371961 0.17456561
v 0.56437383 0.09371961 0.17956561
v 0.56513495 0.09371961 0.18456561
v 0.56324783 0.09371961 0.19456561
v 0.56396444 0.09371961 0.19956561
v 0.56262516 0.09371961 0.20956561
v 0.56714163 0.09371961 0.21146347
v 0.56714163 0.09376920 0.00456562
v 0.56714163 0.09871961 0.00656015
v 0.56457633 0.09871961 0.00956561
v 0.56548797 0.09871961 0.01456562
v 0.56533441 0.09871961 0.01956561
v 0.56589765 0.09871961 0.02456562
v 0.56602281 0.09871961 0.02956561
v 0.56615975 0.09871961 0.03456562
v 0.56627307 0.09871961 0.03956562
v 0.56643087 0.09871961 0.04456562
v 0.56714163 0.09871961 0.04751383
v 0.56714163 0.09722335 0.04956562
v 0.56714163 0.09826388 0.05456562
v 0.56714163 0.09663498 0.05956562
v 0.56714163 0.09871961 0.06212752
v 0.56661218 0.09871961 0.06456562
v 0.56714163 0.09871961 0.06570766
v 0.56714163 0.09667149 0.06956561
v 0.56714163 0.09410490 0.07456561
v 0.56714163 0.09456422 0.08956561
v 0.56714163 0.09597997 0.09456561
v 0.56714163 0.09488582 0.10456561
v 0.56714163 0.09871961 0.10808749
v 0.56643777 0.09871961 0.10956561
v 0.56714163 0.09871961 0.11162901
v 0.56714163 0.09658322 0.11456561
v 0.56714163 0.09577753 0.11956561
v 0.56678066 0.09871961 0.12956562
v 0.56714163 0.09871961 0.12723128
v 0.56687453 0.09871961 0.13456562
v 0.56624973 0.09871961 0.13956562
v 0.56714163 0.09871961 0.14407127
v 0.56714163 0.09859362 0.14456561
v 0.56714163 0.09871961 0.14482299
v 0.56576016 0.09871961 0.15456561
v 0.56537431 0.09871961 0.15956561
v 0.56698717 0.09871961 0.16456561
v 0.56523429 0.09871961 0.16956561
v 0.56545645 0.09871961 0.17456561
v 0.56474572 0.09871961 0.17956561
v 0.56449348 0.09871961 0.18456561
v 0.56351645 0.09871961 0.18956561
v 0.56325690 0.09871961 0.19456561
v 0.56373425 0.09871961 0.20956561
v 0.56714163 0.09871961 0.21158148
v 0.56296265 0.10371961 0.00956561
v 0.56714163 0.10371961 0.00686619
v 0.56532460 0.10371961 0.01456562
v 0.56498366 0.10371961 0.01956561
v 0.56543364 0.10371961 0.02456562
v 0.56492704 0.10371961 0.02956561
v 0.56670347 0.10371961 0.03456562
v 0.56714163 0.10371961 0.03712160
v 0.56714163 0.10246412 0.03956562
v 0.56714163 0.10203919 0.04456562
v 0.56577039 0.10371961 0.05456562
v 0.56714163 0.09895640 0.05456562
v 0.56714163 0.10371961 0.05222324
v 0.56714163 0.10371961 0.05872645
v 0.56714163 0.09986492 0.06456562
v 0.56714163 0.10078623 0.10956561
v 0.56714163 0.10371961 0.11155347
v 0.56565788 0.10371961 0.11456561
v 0.56714163 0.10071064 0.11456561
v 0.56714163 0.10371961 0.11918762
v 0.56714163 0.10140476 0.12956562
v 0.56714163 0.10371961 0.13210601
v 0.56657389 0.10371961 0.13456562
v 0.56714163 0.10371961 0.13677150
v 0.56714163 0.10136424 0.13956562
v 0.56639409 0.10371961 0.14956561
v 0.56714163 0.10371961 0.14577999
v 0.56714163 0.10371961 0.15120458
v 0.56714163 0.10085553 0.15456561
v 0.56714163 0.10371961 0.15857581
v 0.56642294 0.10371961 0.15956561
v 0.56515115 0.10371961 0.16456561
v 0.56656417 0.10371961 0.16956561
v 0.56714163 0.10371961 0.17270841
v 0.56714163 0.10330519 0.17456561
v 0.56714163 0.10371961 0.17519807
v 0.56526577 0.10371961 0.17956561
v 0.56476672 0.10371961 0.18456561
v 0.56292502 0.10371961 0.18956561
v 0.56365865 0.10371961 0.19456561
v 0.56289984 0.10371961 0.20456561
v 0.56377433 0.10371961 0.20956561
v 0.56714163 0.10371961 0.21207673
v 0.56378647 0.10871961 0.00956561
v 0.56714163 0.10871961 0.00670515
v 0.56264944 0.10871961 0.01956561
v 0.56383348 0.10871961 0.02456562
v 0.56577821 0.10871961 0.02956561
v 0.56714163 0.10871961 0.03354785
v 0.56714163 0.10668339 0.03456562
v 0.56714163 0.10720855 0.05456562
v 0.56710258 0.10871961 0.09956561
v 0.56714163 0.10860520 0.09956561
v 0.56714163 0.10871961 0.09950144
v 0.56642114 0.10871961 0.10456561
v 0.56714163 0.10404675 0.10456561
v 0.56714163 0.10871961 0.10664475
v 0.56586393 0.10871961 0.11456561
v 0.56714163 0.10871961 0.11176395
v 0.56714163 0.10871961 0.11642077
v 0.56714163 0.10447498 0.13456562
v 0.56641054 0.10871961 0.14956561
v 0.56714163 0.10871961 0.14663343
v 0.56714163 0.10871961 0.15272930
v 0.56714163 0.10496029 0.15956561
v 0.56714163 0.10871961 0.16325872
v 0.56658243 0.10871961 0.16456561
v 0.56714163 0.10871961 0.16648593
v 0.56714163 0.10550571 0.16956561
v 0.56714163 0.10871961 0.17119434
v 0.56447439 0.10871961 0.17456561
v 0.56714163 0.10440428 0.17456561
v 0.56293982 0.10871961 0.17956561
v 0.56309304 0.10871961 0.18456561
v 0.56359687 0.10871961 0.18956561
v 0.56234662 0.10871961 0.19956561
v 0.56428635 0.10871961 0.20956561
v 0.56714163 0.10871961 0.21142736
v 0.56329345 0.11371961 0.00956561
v 0.56714163 0.11371961 0.00614627
v 0.56343039 0.11371961 0.01456562
v 0.56477312 0.11371961 0.01956561
v 0.56471927 0.11371961 0.02456562
v 0.56663355 0.11371961 0.02956561
v 0.56714163 0.10977113 0.03456562
v 0.56606876 0.11371961 0.03456562
v 0.56714163 0.11371961 0.03600207
v 0.56694203 0.11371961 0.05956562
v 0.56714163 0.11182602 0.05956562
v 0.56714163 0.11371961 0.05894494
v 0.56714163 0.11371961 0.06021130
v 0.56714163 0.10887236 0.09956561
v 0.56714163 0.11033672 0.10456561
v 0.56714163 0.11202616 0.11456561
v 0.56677919 0.11371961 0.13456562
v 0.56714163 0.11299796 0.13456562
v 0.56714163 0.11371961 0.13380172
v 0.56714163 0.11371961 0.13774965
v 0.56714163 0.11176019 0.14956561
v 0.56622907 0.11371961 0.15956561
v 0.56714163 0.11160438 0.15956561
v 0.56714163 0.11371961 0.15621141
v 0.56714163 0.11052345 0.16456561
v 0.56714163 0.11371961 0.16226085
v 0.56714163 0.11371961 0.16736141
v 0.56658227 0.11371961 0.16956561
v 0.56714163 0.11139191 0.16956561
v 0.56610882 0.11371961 0.17456561
v 0.56309821 0.11371961 0.17956561
v 0.56331756 0.11371961 0.18456561
v 0.56320091 0.11371961 0.18956561
v 0.56714163 0.11371961 0.21253452
v 0.56305721 0.11871961 0.00956561
v 0.56714163 0.11871961 0.00696071
v 0.56354108 0.11871961 0.01956561
v 0.56478357 0.11871961 0.02456562
v 0.56573071 0.11871961 0.02956561
v 0.56698611 0.11871961 0.03456562
v 0.56714163 0.11871961 0.03744050
v 0.56714163 0.11418133 0.05956562
v 0.56663832 0.11871961 0.11456561
v 0.56714163 0.11686262 0.11456561
v 0.56714163 0.11871961 0.11392543
v 0.56714163 0.11871961 0.11699469
v 0.56714163 0.11537001 0.13456562
v 0.56672146 0.11871961 0.15456561
v 0.56714163 0.11680089 0.15456561
v 0.56714163 0.11871961 0.15104884
v 0.56714163 0.11871961 0.15719661
v 0.56714163 0.11764083 0.15956561
v 0.56714163 0.11871961 0.16100976
v 0.56630671 0.11871961 0.16456561
v 0.56714163 0.11650953 0.16456561
v 0.56714163 0.11871961 0.16891183
v 0.56714163 0.11806311 0.16956561
v 0.56714163 0.11871961 0.16986127
v 0.56479537 0.11871961 0.17456561
v 0.56492624 0.11871961 0.17956561
v 0.56714163 0.11871961 0.21314958
v 0.56359959 0.12371961 0.00956561
v 0.56714163 0.12371961 0.00713313
v 0.56644508 0.12371961 0.02456562
v 0.56658784 0.12371961 0.02956561
v 0.56714163 0.12371961 0.03068737
v 0.56714163 0.11904002 0.03456562
v 0.56714163 0.12371961 0.03757411
v 0.56595314 0.12371961 0.03956562
v 0.56714163 0.11907475 0.03956562
v 0.56714163 0.12371961 0.04215833
v 0.56714163 0.12153275 0.11456561
v 0.56714163 0.12033081 0.15456561
v 0.56714163 0.12371961 0.15709220
v 0.56637464 0.12371961 0.15956561
v 0.56714163 0.12024088 0.15956561
v 0.56518392 0.12371961 0.16456561
v 0.56714163 0.11887881 0.16956561
v 0.56494316 0.12371961 0.16956561
v 0.56532524 0.12371961 0.17456561
v 0.56513588 0.12371961 0.17956561
v 0.56714163 0.12371961 0.21204139
v 0.56282467 0.12871961 0.00956561
v 0.56714163 0.12871961 0.00811057
v 0.56271924 0.12871961 0.01456562
v 0.56388607 0.12871961 0.01956561
v 0.56714163 0.12871961 0.02435254
v 0.56714163 0.12751065 0.02456562
v 0.56714163 0.12871961 0.02797334
v 0.56698665 0.12871961 0.02956561
v 0.56714163 0.12736699 0.03456562
v 0.56623466 0.12871961 0.03456562
v 0.56714163 0.12871961 0.03825189
v 0.56714163 0.12788747 0.03956562
v 0.56714163 0.12871961 0.04185025
v 0.56680235 0.12871961 0.04456562
v 0.56714163 0.12770185 0.04456562
v 0.56714163 0.12871961 0.04784192
v 0.56621342 0.12871961 0.15456561
v 0.56714163 0.12678284 0.15456561
v 0.56714163 0.12871961 0.15254188
v 0.56497862 0.12871961 0.15956561
v 0.56467177 0.12871961 0.16456561
v 0.56495757 0.12871961 0.16956561
v 0.56498532 0.12871961 0.17456561
v 0.56463449 0.12871961 0.17956561
v 0.56403838 0.12871961 0.18456561
v 0.56714163 0.12871961 0.21284109
v 0.56308203 0.13371961 0.00956561
v 0.56714163 0.13371961 0.00766991
v 0.56355531 0.13371961 0.01456562
v 0.56359649 0.13371961 0.01956561
v 0.56714163 0.12898179 0.02456562
v 0.56530717 0.13371961 0.02456562
v 0.56562161 0.13371961 0.02956561
v 0.56665904 0.13371961 0.03456562
v 0.56714163 0.13371961 0.03601497
v 0.56714163 0.13038334 0.04456562
v 0.56677395 0.13371961 0.07956561
v 0.56714163 0.13323996 0.07956561
v 0.56714163 0.13371961 0.07786889
v 0.56714163 0.13371961 0.08038695
v 0.56692932 0.13371961 0.13956561
v 0.56714163 0.13311471 0.13956561
v 0.56714163 0.13371961 0.13898113
v 0.56714163 0.13371961 0.14054836
v 0.56343112 0.13371961 0.15456561
v 0.56714163 0.13371961 0.14959035
v 0.56416273 0.13371961 0.15956561
v 0.56396192 0.13371961 0.16456561
v 0.56331078 0.13371961 0.16956561
v 0.56556819 0.13371961 0.17456561
v 0.56498539 0.13371961 0.17956561
v 0.56232270 0.13371961 0.18456561
v 0.56714163 0.13344172 0.21456561
v 0.56699174 0.13371961 0.21456561
v 0.56714163 0.13371961 0.21462750
v 0.56368000 0.13871961 0.00956561
v 0.56714163 0.13871961 0.00742490
v 0.56266670 0.13871961 0.01456562
v 0.56302140 0.13871961 0.01956561
v 0.56545919 0.13871961 0.02456562
v 0.56632862 0.13871961 0.02956561
v 0.56436343 0.13871961 0.03456562
v 0.56714163 0.13871961 0.03939352
v 0.56657635 0.13871961 0.04456562
v 0.56714163 0.13657756 0.04456562
v 0.56714163 0.13871961 0.04065907
v 0.56488186 0.13871961 0.04956562
v 0.56714163 0.13461114 0.04956562
v 0.56714163 0.13871961 0.05442330
v 0.56714163 0.13456152 0.07956561
v 0.56695354 0.13871961 0.09456561
v 0.56714163 0.13779427 0.09456561
v 0.56714163 0.13871961 0.09319359
v 0.56714163 0.13871961 0.09755883
v 0.56657087 0.13871961 0.11956561
v 0.56714163 0.13531546 0.11956561
v 0.56714163 0.13871961 0.11844589
v 0.56714163 0.13871961 0.12068436
v 0.56612716 0.13871961 0.12956562
v 0.56714163 0.13768615 0.12956562
v 0.56714163 0.13871961 0.12870978
v 0.56714163 0.13871961 0.13301568
v 0.56640834 0.13871961 0.13956561
v 0.56714163 0.13871961 0.13583303
v 0.56714163 0.13576706 0.14456561
v 0.56557658 0.13871961 0.14456561
v 0.56567125 0.13871961 0.14956561
v 0.56714163 0.13374658 0.14956561
v 0.56482333 0.13871961 0.15456561
v 0.56513014 0.13871961 0.15956561
v 0.56266599 0.13871961 0.16456561
v 0.56255798 0.13871961 0.16956561
v 0.56388367 0.13871961 0.17456561
v 0.56410806 0.13871961 0.17956561
v 0.56287591 0.13871961 0.18456561
v 0.56714163 0.13871961 0.21286782
v 0.56714163 0.13393419 0.21456561
v 0.56714163 0.14371961 0.00585880
v 0.56390554 0.14371961 0.01456562
v 0.56370136 0.14371961 0.01956561
v 0.56488789 0.14371961 0.02456562
v 0.56472346 0.14371961 0.02956561
v 0.56527771 0.14371961 0.03456562
v 0.56714163 0.14064025 0.03956562
v 0.56692771 0.14371961 0.03956562
v 0.56523709 0.14371961 0.04456562
v 0.56508493 0.14371961 0.04956562
v 0.56714163 0.14086590 0.05456562
v 0.56697686 0.14371961 0.05456562
v 0.56640247 0.14371961 0.05956562
v 0.56714163 0.14250631 0.05956562
v 0.56676544 0.14371961 0.06456562
v 0.56714163 0.14295245 0.06456562
v 0.56714163 0.14371961 0.06745754
v 0.56714163 0.13922463 0.09456561
v 0.56714163 0.14371961 0.09753701
v 0.56576224 0.14371961 0.09956561
v 0.56714163 0.13921646 0.09956561
v 0.56714163 0.14371961 0.10153262
v 0.56613700 0.14371961 0.11956561
v 0.56714163 0.14371961 0.11788603
v 0.56714163 0.14277615 0.12456562
v 0.56654052 0.14371961 0.12456562
v 0.56660361 0.14371961 0.12956562
v 0.56714163 0.13978882 0.13456561
v 0.56583408 0.14371961 0.13456561
v 0.56550766 0.14371961 0.13956561
v 0.56492561 0.14371961 0.14456561
v 0.56404841 0.14371961 0.14956561
v 0.56435288 0.14371961 0.15456561
v 0.56433441 0.14371961 0.15956561
v 0.56714163 0.14371961 0.21276561
v 0.56215673 0.14871961 0.00956561
v 0.56714163 0.14871961 0.00699248
v 0.56259344 0.14871961 0.02456562
v 0.56455694 0.14871961 0.02956561
v 0.56299593 0.14871961 0.03456562
v 0.56503472 0.14871961 0.03956562
v 0.56458870 0.14871961 0.04456562
v 0.56507368 0.14871961 0.04956562
v 0.56714163 0.14871961 0.05311166
v 0.56714163 0.14421863 0.05456562
v 0.56714163 0.14871961 0.05709186
v 0.56622333 0.14871961 0.05956562
v 0.56658420 0.14871961 0.06456562
v 0.56714163 0.14871961 0.06636398
v 0.56641398 0.14871961 0.07456561
v 0.56714163 0.14650251 0.07456561
v 0.56714163 0.14871961 0.07242217
v 0.56714163 0.14871961 0.07624818
v 0.56679255 0.14871961 0.08456561
v 0.56714163 0.14669653 0.08456561
v 0.56714163 0.14871961 0.08355873
v 0.56654530 0.14871961 0.08956561
v 0.56714163 0.14577843 0.08956561
v 0.56714163 0.14871961 0.09312401
v 0.56714163 0.14693650 0.09956561
v 0.56670841 0.14871961 0.11456561
v 0.56714163 0.14786190 0.11456561
v 0.56714163 0.14871961 0.11370881
v 0.56714163 0.14704230 0.11956561
v 0.56714163 0.14871961 0.11680458
v 0.56714163 0.14768101 0.12456562
v 0.56714163 0.14871961 0.12489242
v 0.56548857 0.14871961 0.12956562
v 0.56618944 0.14871961 0.13456561
v 0.56600219 0.14871961 0.13956561
v 0.56519444 0.14871961 0.14456561
v 0.56500124 0.14871961 0.14956561
v 0.56451341 0.14871961 0.15456561
v 0.56323490 0.14871961 0.15956561
v 0.56214328 0.14871961 0.17456561
v 0.56714163 0.14871961 0.21236984
v 0.56714163 0.15371961 0.00696701
v 0.56271632 0.15371961 0.01956561
v 0.56389368 0.15371961 0.02456562
v 0.56533370 0.15371961 0.03956562
v 0.56571741 0.15371961 0.04456562
v 0.56659433 0.15371961 0.04956562
v 0.56714163 0.15051674 0.05456562
v 0.56605967 0.15371961 0.05456562
v 0.56714163 0.15371961 0.05889781
v 0.56714163 0.15262415 0.05956562
v 0.56714163 0.15054114 0.06456562
v 0.56683968 0.15371961 0.07456561
v 0.56714163 0.15371961 0.07365778
v 0.56714163 0.15371961 0.07534216
v 0.56714163 0.15008798 0.08456561
v 0.56714163 0.15262352 0.08956561
v 0.56619565 0.15371961 0.10956561
v 0.56714163 0.15261571 0.10956561
v 0.56714163 0.15371961 0.10596051
v 0.56626420 0.15371961 0.11456561
v 0.56714163 0.15064438 0.11956561
v 0.56648666 0.15371961 0.11956561
v 0.56573951 0.15371961 0.12456562
v 0.56714163 0.14947000 0.12456562
v 0.56584136 0.15371961 0.12956561
v 0.56447291 0.15371961 0.13456561
v 0.56424004 0.15371961 0.13956561
v 0.56517738 0.15371961 0.14456561
v 0.56360957 0.15371961 0.14956561
v 0.56242317 0.15371961 0.15456561
v 0.56714163 0.15371961 0.21197608
v 0.56241289 0.15871961 0.00956561
v 0.56714163 0.15871961 0.00662412
v 0.56276479 0.15871961 0.01456562
v 0.56374631 0.15871961 0.02456562
v 0.56345894 0.15871961 0.02956561
v 0.56660418 0.15871961 0.03456562
v 0.56455294 0.15871961 0.03956562
v 0.56554041 0.15871961 0.04456562
v 0.56508699 0.15871961 0.04956562
v 0.56714163 0.15871961 0.05276204
v 0.56714163 0.15711847 0.05456562
v 0.56682510 0.15871961 0.06956561
v 0.56714163 0.15735215 0.06956561
v 0.56714163 0.15871961 0.06750066
v 0.56714163 0.15525559 0.07456561
v 0.56714163 0.15871961 0.07171240
v 0.56638331 0.15871961 0.08456561
v 0.56714163 0.15650827 0.08456561
v 0.56714163 0.15871961 0.08316824
v 0.56626543 0.15871961 0.08956561
v 0.56714163 0.15440515 0.08956561
v 0.56714163 0.15871961 0.09135706
v 0.56714163 0.15538564 0.10956561
v 0.56714163 0.15715172 0.11456561
v 0.56714163 0.15871961 0.11592281
v 0.56609499 0.15871961 0.11956561
v 0.56675515 0.15871961 0.12456562
v 0.56556275 0.15871961 0.12956561
v 0.56469492 0.15871961 0.13456561
v 0.56357417 0.15871961 0.13956561
v 0.56375578 0.15871961 0.14456561
v 0.56714163 0.15871961 0.21255878
v 0.56714163 0.16371961 0.00700867
v 0.56371514 0.16371961 0.01456562
v 0.56379361 0.16371961 0.02456562
v 0.56423752 0.16371961 0.02956561
v 0.56374684 0.16371961 0.03456562
v 0.56394765 0.16371961 0.04456562
v 0.56493817 0.16371961 0.04956562
v 0.56714163 0.16371961 0.05451033
v 0.56664715 0.16371961 0.06456562
v 0.56714163 0.16194186 0.06456562
v 0.56714163 0.16371961 0.06364803
v 0.56714163 0.16006692 0.06956561
v 0.56714163 0.16371961 0.06568739
v 0.56714163 0.16371961 0.07243465
v 0.56571754 0.16371961 0.07456561
v 0.56714163 0.16070759 0.07456561
v 0.56714163 0.16371961 0.07563770
v 0.56714163 0.16015615 0.08456561
v 0.56714163 0.16073297 0.08956561
v 0.56555466 0.16371961 0.11456561
v 0.56714163 0.15997094 0.11456561
v 0.56714163 0.16371961 0.11126029
v 0.56549300 0.16371961 0.11956561
v 0.56714163 0.16371961 0.12407286
v 0.56714163 0.16264403 0.12456562
v 0.56714163 0.16371961 0.12478676
v 0.56520431 0.16371961 0.12956561
v 0.56415080 0.16371961 0.13456561
v 0.56332002 0.16371961 0.14456561
v 0.56339319 0.16371961 0.14956561
v 0.56293677 0.16371961 0.15456561
v 0.56714163 0.16238507 0.21456561
v 0.56398299 0.16371961 0.21456561
v 0.56714163 0.16371961 0.21504724
v 0.56413903 0.16871961 0.00956561
v 0.56714163 0.16871961 0.00591757
v 0.56286685 0.16871961 0.01956561
v 0.56367407 0.16871961 0.02456562
v 0.56492826 0.16871961 0.02956561
v 0.56503169 0.16871961 0.03456562
v 0.56425348 0.16871961 0.03956562
v 0.56480255 0.16871961 0.04456562
v 0.56537133 0.16871961 0.04956562
v 0.56714163 0.16871961 0.05429905
v 0.56639474 0.16871961 0.05956562
v 0.56714163 0.16723252 0.05956562
v 0.56714163 0.16871961 0.05499328
v 0.56577491 0.16871961 0.06456562
v 0.56714163 0.16871961 0.06668590
v 0.56592189 0.16871961 0.07456561
v 0.56714163 0.16871961 0.07332978
v 0.56714163 0.16871961 0.07793216
v 0.56662073 0.16871961 0.09456561
v 0.56714163 0.16666929 0.09456561
v 0.56714163 0.16871961 0.09288136
v 0.56681897 0.16871961 0.09956561
v 0.56714163 0.16784186 0.09956561
v 0.56714163 0.16871961 0.10098977
v 0.56659908 0.16871961 0.10956561
v 0.56714163 0.16627835 0.10956561
v 0.56714163 0.16871961 0.10706922
v 0.56542154 0.16871961 0.11456561
v 0.56491554 0.16871961 0.11956561
v 0.56714163 0.16390600 0.12456562
v 0.56392114 0.16871961 0.12456562
v 0.56442257 0.16871961 0.12956561
v 0.56396050 0.16871961 0.13956561
v 0.56305166 0.16871961 0.14456561
v 0.56714163 0.16871961 0.21444459
v 0.56714163 0.16815625 0.21456561
v 0.56714163 0.17371961 0.00558216
v 0.56292726 0.17371961 0.01456562
v 0.56258184 0.17371961 0.01956561
v 0.56453018 0.17371961 0.02456562
v 0.56502897 0.17371961 0.02956561
v 0.56563558 0.17371961 0.03456562
v 0.56464387 0.17371961 0.03956562
v 0.56706615 0.17371961 0.04456562
v 0.56431991 0.17371961 0.04956562
v 0.56714163 0.16984809 0.05456562
v 0.56655054 0.17371961 0.05456562
v 0.56714163 0.17371961 0.05677742
v 0.56714163 0.17227956 0.05956562
v 0.56714163 0.17371961 0.06286123
v 0.56689623 0.17371961 0.06456562
v 0.56714163 0.17371961 0.06515833
v 0.56672845 0.17371961 0.07456561
v 0.56714163 0.17371961 0.07322824
v 0.56714163 0.17371961 0.07536365
v 0.56714163 0.17349282 0.09456561
v 0.56714163 0.17003874 0.09956561
v 0.56714163 0.17371961 0.10219265
v 0.56649291 0.17371961 0.10456561
v 0.56714163 0.17121482 0.10456561
v 0.56512450 0.17371961 0.10956561
v 0.56552198 0.17371961 0.11456561
v 0.56588367 0.17371961 0.12456562
v 0.56453147 0.17371961 0.12956561
v 0.56398480 0.17371961 0.13456561
v 0.56322434 0.17371961 0.13956561
v 0.56714163 0.17371961 0.21305036
v 0.56714163 0.17871961 0.00588153
v 0.56287521 0.17871961 0.01956561
v 0.56257332 0.17871961 0.02456562
v 0.56397838 0.17871961 0.03456562
v 0.56333760 0.17871961 0.04456562
v 0.56510438 0.17871961 0.04956562
v 0.56714163 0.17871961 0.05342589
v 0.56714163 0.17523175 0.05456562
v 0.56714163 0.17871961 0.05515044
v 0.56522636 0.17871961 0.05956562
v 0.56714163 0.17405713 0.05956562
v 0.56569571 0.17871961 0.06456562
v 0.56714163 0.17698333 0.06956561
v 0.56590160 0.17871961 0.06956561
v 0.56557992 0.17871961 0.07456561
v 0.56714163 0.17871961 0.07819019
v 0.56708552 0.17871961 0.09956561
v 0.56714163 0.17837044 0.09956561
v 0.56714163 0.17871961 0.09938197
v 0.56714163 0.17871961 0.10412141
v 0.56714163 0.17867942 0.10456561
v 0.56714163 0.17774792 0.10956561
v 0.56714163 0.17871961 0.11040468
v 0.56525654 0.17871961 0.11456561
v 0.56364862 0.17871961 0.11956561
v 0.56395083 0.17871961 0.12456562
v 0.56351727 0.17871961 0.12956561
v 0.56389070 0.17871961 0.13456561
v 0.56237057 0.17871961 0.13956561
v 0.56215144 0.17871961 0.14956561
v 0.56714163 0.17871961 0.21436647
v 0.56670230 0.18371961 0.00456562
v 0.56714163 0.18201068 0.00456562
v 0.56714163 0.18371961 0.00418149
v 0.56377320 0.18371961 0.02456562
v 0.56474335 0.18371961 0.02956561
v 0.56548806 0.18371961 0.03456562
v 0.56398611 0.18371961 0.03956562
v 0.56279286 0.18371961 0.04456562
v 0.56305740 0.18371961 0.04956562
v 0.56714163 0.18111385 0.05456562
v 0.56644785 0.18371961 0.05456562
v 0.56512208 0.18371961 0.05956562
v 0.56655610 0.18371961 0.06456562
v 0.56524352 0.18371961 0.06956561
v 0.56531919 0.18371961 0.07456561
v 0.56714163 0.18026029 0.07956561
v 0.56603940 0.18371961 0.07956561
v 0.56714163 0.18371961 0.08328655
v 0.56629454 0.18371961 0.09456561
v 0.56714163 0.18228992 0.09456561
v 0.56714163 0.18371961 0.09043579
v 0.56594393 0.18371961 0.09956561
v 0.56714163 0.18371961 0.10272888
v 0.56579413 0.18371961 0.10956561
v 0.56714163 0.17968222 0.10956561
v 0.56714163 0.18371961 0.10584856
v 0.56714163 0.18371961 0.11372513
v 0.56714163 0.18298983 0.11456561
v 0.56714163 0.18371961 0.11519647
v 0.56390397 0.18371961 0.12456562
v 0.56373479 0.18371961 0.12956561
v 0.56271991 0.18371961 0.13456561
v 0.56300243 0.18371961 0.13956561
v 0.56714163 0.18160576 0.21456561
v 0.56578431 0.18371961 0.21456561
v 0.56714163 0.18371961 0.21473105
v 0.56714163 0.18490442 0.00456562
v 0.56714163 0.18871961 0.00636164
v 0.56322745 0.18871961 0.01956561
v 0.56355279 0.18871961 0.02456562
v 0.56374764 0.18871961 0.02956561
v 0.56441332 0.18871961 0.03456562
v 0.56356878 0.18871961 0.03956562
v 0.56465176 0.18871961 0.04456562
v 0.56565151 0.18871961 0.04956562
v 0.56462117 0.18871961 0.05456562
v 0.56510275 0.18871961 0.05956562
v 0.56582555 0.18871961 0.06456562
v 0.56714163 0.18871961 0.06856394
v 0.56714163 0.18790025 0.06956561
v 0.56714163 0.18871961 0.07105412
v 0.56611771 0.18871961 0.07456561
v 0.56714163 0.18871961 0.07712450
v 0.56714163 0.18702144 0.07956561
v 0.56714163 0.18871961 0.08106118
v 0.56552777 0.18871961 0.08456561
v 0.56714163 0.18482927 0.08456561
v 0.56538632 0.18871961 0.08956561
v 0.56714163 0.18407928 0.08956561
v 0.56626725 0.18871961 0.09456561
v 0.56593354 0.18871961 0.09956561
v 0.56714163 0.18606590 0.10456561
v 0.56589365 0.18871961 0.10456561
v 0.56378576 0.18871961 0.10956561
v 0.56714163 0.18871961 0.11436653
v 0.56714163 0.18871961 0.11476487
v 0.56253851 0.18871961 0.12456562
v 0.56308046 0.18871961 0.12956561
v 0.56292199 0.18871961 0.13456561
v 0.56714163 0.18805021 0.21456561
v 0.56702725 0.18871961 0.21456561
v 0.56714163 0.18871961 0.21453973
v 0.56714163 0.19371961 0.00667439
v 0.56313761 0.19371961 0.02456562
v 0.56461044 0.19371961 0.02956561
v 0.56414635 0.19371961 0.03456562
v 0.56296115 0.19371961 0.03956562
v 0.56512758 0.19371961 0.04456562
v 0.56512953 0.19371961 0.04956562
v 0.56314860 0.19371961 0.05456562
v 0.56536599 0.19371961 0.05956562
v 0.56314100 0.19371961 0.06456562
v 0.56714163 0.18923322 0.06956561
v 0.56436562 0.19371961 0.06956561
v 0.56534402 0.19371961 0.07456561
v 0.56714163 0.19221054 0.07956561
v 0.56670415 0.19371961 0.07956561
v 0.56714163 0.19146766 0.08456561
v 0.56714163 0.19371961 0.08048438
v 0.56714163 0.19303314 0.08956561
v 0.56714163 0.19371961 0.09015358
v 0.56494216 0.19371961 0.09456561
v 0.56430806 0.19371961 0.09956561
v 0.56540289 0.19371961 0.10456561
v 0.56395961 0.19371961 0.10956561
v 0.56714163 0.18885969 0.11456561
v 0.56398067 0.19371961 0.11456561
v 0.56447261 0.19371961 0.11956561
v 0.56244761 0.19371961 0.12456561
v 0.56324735 0.19371961 0.13456561
v 0.56412074 0.19371961 0.21456561
v 0.56714163 0.18881534 0.21456561
v 0.56714163 0.19371961 0.21549392
v 0.56714163 0.19871961 0.00574501
v 0.56265756 0.19871961 0.01956561
v 0.56240465 0.19871961 0.02456562
v 0.56284913 0.19871961 0.02956561
v 0.56366671 0.19871961 0.03456562
v 0.56376145 0.19871961 0.03956562
v 0.56411500 0.19871961 0.04456562
v 0.56458386 0.19871961 0.05956562
v 0.56433698 0.19871961 0.06456562
v 0.56516612 0.19871961 0.06956561
v 0.56403726 0.19871961 0.07456561
v 0.56511674 0.19871961 0.07956561
v 0.56714163 0.19871961 0.08435038
v 0.56563026 0.19871961 0.08956561
v 0.56714163 0.19437164 0.08956561
v 0.56714163 0.19871961 0.08474254
v 0.56453240 0.19871961 0.09456561
v 0.56305836 0.19871961 0.09956561
v 0.56353507 0.19871961 0.10456561
v 0.56398928 0.19871961 0.10956561
v 0.56373142 0.19871961 0.11456561
v 0.56444037 0.19871961 0.11956561
v 0.56506146 0.19871961 0.21456561
v 0.56714163 0.19871961 0.21530871
v 0.56698536 0.20371961 0.00456562
v 0.56714163 0.20262798 0.00456562
v 0.56714163 0.20371961 0.00444915
v 0.56413645 0.20371961 0.01956561
v 0.56398969 0.20371961 0.02956561
v 0.56291049 0.20371961 0.03956562
v 0.56394952 0.20371961 0.04456562
v 0.56255792 0.20371961 0.04956562
v 0.56372015 0.20371961 0.05456562
v 0.56321575 0.20371961 0.05956562
v 0.56499319 0.20371961 0.06456562
v 0.56714163 0.20371961 0.06936297
v 0.56714163 0.20352405 0.06956561
v 0.56714163 0.20371961 0.06980639
v 0.56472169 0.20371961 0.07456561
v 0.56353373 0.20371961 0.07956561
v 0.56714163 0.19892515 0.08456561
v 0.56557068 0.20371961 0.08456561
v 0.56434548 0.20371961 0.08956561
v 0.56321917 0.20371961 0.09456561
v 0.56299255 0.20371961 0.09956561
v 0.56390393 0.20371961 0.10456561
v 0.56523957 0.20371961 0.10956561
v 0.56288360 0.20371961 0.13456561
v 0.56714163 0.20152240 0.21456561
v 0.56522515 0.20371961 0.21456561
v 0.56714163 0.20371961 0.21391660
v 0.56525837 0.20871961 0.00456562
v 0.56714163 0.20871961 0.00327442
v 0.56252399 0.20871961 0.00956561
v 0.56283043 0.20871961 0.03956562
v 0.56266258 0.20871961 0.04956562
v 0.56714163 0.20379934 0.06956561
v 0.56714163 0.20871961 0.21319902
v 0.56498700 0.21371961 0.00456562
v 0.56714163 0.21371961 0.00282054
v 0.56579208 0.21371961 0.21456561
v 0.56714163 0.21371961 0.21445250
v 0.56557610 0.21871961 0.00456562
v 0.56714163 0.21871961 0.00047582
v 0.56270717 0.21871961 0.09456561
v 0.56399418 0.21871961 0.21456561
v 0.56714163 0.21495243 0.21456561
v 0.56714163 0.21871961 0.21488978
v 0.56681735 0.22371961 -0.00043439
v 0.56714163 0.22115509 -0.00043439
v 0.56714163 0.22371961 -0.00110733
v 0.56464910 0.22371961 0.00456562
v 0.56418106 0.22371961 0.21456561
v 0.56714163 0.22371961 0.21539220
v 0.56714163 0.22454853 -0.00043439
v 0.56714163 0.22871961 0.00195029
v 0.56426157 0.22871961 0.00456562
v 0.56273615 0.22871961 0.04456562
v 0.56651611 0.22871961 0.13456561
v 0.56714163 0.22871961 0.13369680
v 0.56714163 0.22843374 0.13456561
v 0.56714163 0.22871961 0.13486533
v 0.56640817 0.22871961 0.14456561
v 0.56714163 0.22871961 0.14434114
v 0.56714163 0.22846632 0.14456561
v 0.56714163 0.22871961 0.14530986
v 0.56402916 0.22871961 0.21456561
v 0.56714163 0.22871961 0.21601796
v 0.56617000 0.23371961 0.00456562
v 0.56714163 0.23371961 0.00093449
v 0.56255816 0.23371961 0.01456562
v 0.56452009 0.23371961 0.02956561
v 0.56714163 0.23371961 0.02758560
v 0.56714163 0.23203824 0.02956561
v 0.56714163 0.23371961 0.03177687
v 0.56714163 0.23371961 0.04390372
v 0.56714163 0.23323591 0.04456562
v 0.56714163 0.23103283 0.04956562
v 0.56232947 0.23371961 0.04956562
v 0.56714163 0.22904556 0.05456562
v 0.56714163 0.23342657 0.05956562
v 0.56714163 0.23121505 0.06456562
v 0.56714163 0.23371961 0.06893857
v 0.56714163 0.23371961 0.07600827
v 0.56714163 0.23156246 0.07956561
v 0.56714163 0.23018162 0.08456561
v 0.56341847 0.23371961 0.08956561
v 0.56714163 0.23371961 0.08753498
v 0.56714163 0.23371961 0.09432314
v 0.56714163 0.23354893 0.09456561
v 0.56714163 0.23277130 0.09956561
v 0.56714163 0.23278776 0.10456561
v 0.56714163 0.23193701 0.10956561
v 0.56232459 0.23371961 0.11456561
v 0.56714163 0.23371961 0.11027145
v 0.56714163 0.23371961 0.11752066
v 0.56714163 0.23098837 0.11956561
v 0.56591238 0.23371961 0.12456561
v 0.56714163 0.23371961 0.12371656
v 0.56714163 0.23371961 0.12867913
v 0.56714163 0.23325136 0.12956561
v 0.56714163 0.23175474 0.13956561
v 0.56260008 0.23371961 0.13956561
v 0.56492247 0.23371961 0.14456561
v 0.56342781 0.23371961 0.14956561
v 0.56714163 0.23371961 0.14608518
v 0.56622290 0.23371961 0.15956561
v 0.56714163 0.23371961 0.15934831
v 0.56714163 0.23343570 0.15956561
v 0.56714163 0.23371961 0.16102851
v 0.56503047 0.23371961 0.16956561
v 0.56714163 0.23371961 0.16597030
v 0.56714163 0.23272171 0.16956561
v 0.56487705 0.23371961 0.17456561
v 0.56714163 0.23371961 0.17178926
v 0.56714163 0.23371961 0.17579391
v 0.56714163 0.23146442 0.17956561
v 0.56714163 0.23371961 0.18368346
v 0.56714163 0.23371961 0.18626417
v 0.56714163 0.23213236 0.18956561
v 0.56714163 0.23350088 0.19456561
v 0.56642290 0.23371961 0.19456561
v 0.56714163 0.23371961 0.19474985
v 0.56714163 0.23371961 0.20704848
v 0.56714163 0.23243664 0.20956561
v 0.56714163 0.23216503 0.21456561
v 0.56714163 0.23516523 0.00456562
v 0.56714163 0.23766954 0.00956561
v 0.56473225 0.23871961 0.01456562
v 0.56714163 0.23871961 0.01064068
v 0.56714163 0.23817771 0.01956561
v 0.56714163 0.23871961 0.01862671
v 0.56714163 0.23781664 0.02456562
v 0.56714163 0.23867750 0.02956561
v 0.56714163 0.23871961 0.02944238
v 0.56712851 0.23871961 0.02956561
v 0.56714163 0.23871961 0.02960407
v 0.56714163 0.23639465 0.03456562
v 0.56714163 0.23641638 0.03956562
v 0.56321571 0.23871961 0.06956561
v 0.56714163 0.23871961 0.06889514
v 0.56714163 0.23871961 0.07008165
v 0.56714163 0.23444342 0.07456561
v 0.56714163 0.23627518 0.08956561
v 0.56714163 0.23871961 0.09166126
v 0.56542754 0.23871961 0.09456561
v 0.56714163 0.23390472 0.09456561
v 0.56714163 0.23871961 0.09906934
v 0.56714163 0.23649145 0.11456561
v 0.56714163 0.23477804 0.12456561
v 0.56714163 0.23631767 0.14956561
v 0.56714163 0.23591474 0.15456561
v 0.56714163 0.23399026 0.16456561
v 0.56714163 0.23509334 0.17456561
v 0.56714163 0.23596530 0.18456561
v 0.56714163 0.23432817 0.19456561
v 0.56714163 0.23871961 0.19250671
v 0.56714163 0.23871961 0.19596822
v 0.56714163 0.23664697 0.19956561
v 0.56714163 0.23624752 0.20456561
v 0.56714163 0.23647365 0.20956561
v 0.56714163 0.23871961 0.20727498
v 0.56623653 0.23871961 0.20956561
v 0.56714163 0.23871961 0.21153083
v 0.56714163 0.24142637 0.01456562
v 0.56714163 0.23873498 0.02956561
v 0.56714163 0.23898832 0.06956561
v 0.56714163 0.24063009 0.09456561
v 0.56714163 0.23950352 0.19456561
v 0.56714163 0.23950386 0.20956561
v 0.57209804 0.06871961 0.12456562
v 0.57214163 0.06866213 0.12456562
v 0.57214163 0.06871961 0.12443592
v 0.57214163 0.06871961 0.12467033
v 0.57101389 0.06871961 0.16456561
v 0.57214163 0.06726660 0.16456561
v 0.57214163 0.06871961 0.16300311
v 0.57214163 0.06871961 0.16701301
v 0.57161567 0.07371961 0.03956562
v 0.57214163 0.07327924 0.03956562
v 0.57214163 0.07371961 0.03829579
v 0.57214163 0.07371961 0.04239065
v 0.57181088 0.07371961 0.10956561
v 0.57214163 0.07318499 0.10956561
v 0.57214163 0.07371961 0.10824106
v 0.57214163 0.07371961 0.11022926
v 0.57058204 0.07371961 0.12456562
v 0.57214163 0.07371961 0.12267415
v 0.57214163 0.07343891 0.12956562
v 0.57189937 0.07371961 0.12956562
v 0.57065651 0.07371961 0.13456562
v 0.57214163 0.07221388 0.13456562
v 0.57007126 0.07371961 0.13956562
v 0.57214163 0.07192172 0.13956562
v 0.57049306 0.07371961 0.14456561
v 0.57214163 0.07226986 0.14456561
v 0.57169638 0.07371961 0.14956561
v 0.57214163 0.07322897 0.14956561
v 0.57012101 0.07371961 0.15456561
v 0.57214163 0.07070278 0.15456561
v 0.57034059 0.07371961 0.15956561
v 0.57214163 0.07165697 0.15956561
v 0.57191746 0.07371961 0.16456561
v 0.57214163 0.07065846 0.16956561
v 0.56930884 0.07371961 0.16956561
v 0.57214163 0.06979038 0.17456561
v 0.57214163 0.07019343 0.17956561
v 0.56889858 0.07371961 0.18456561
v 0.57214163 0.07136931 0.18456561
v 0.56731015 0.07371961 0.18956561
v 0.57214163 0.07124044 0.18956561
v 0.56834924 0.07371961 0.19456561
v 0.57214163 0.07122155 0.19456561
v 0.57214163 0.07153783 0.19956561
v 0.57214163 0.06984693 0.20456561
v 0.57018134 0.07371961 0.20956561
v 0.57214163 0.07246961 0.20956561
v 0.57214163 0.07371961 0.21055329
v 0.57083335 0.07871961 0.00956561
v 0.57214163 0.07701314 0.00956561
v 0.57214163 0.07871961 0.00793174
v 0.57022373 0.07871961 0.01456562
v 0.57214163 0.07732730 0.01456562
v 0.57048658 0.07871961 0.01956561
v 0.57214163 0.07687661 0.01956561
v 0.57149977 0.07871961 0.02456562
v 0.57214163 0.07774144 0.02456562
v 0.57212781 0.07871961 0.02956561
v 0.57214163 0.07870522 0.02956561
v 0.57010301 0.07871961 0.03456562
v 0.57214163 0.07676934 0.03456562
v 0.57009423 0.07871961 0.03956562
v 0.57214163 0.07486640 0.04456562
v 0.57035608 0.07871961 0.04456562
v 0.57064726 0.07871961 0.04956562
v 0.57214163 0.07613792 0.04956562
v 0.56999989 0.07871961 0.05456562
v 0.57214163 0.07632716 0.05456562
v 0.57027034 0.07871961 0.05956562
v 0.57214163 0.07408587 0.05956562
v 0.56912095 0.07871961 0.06456562
v 0.57214163 0.07477528 0.06456562
v 0.57214163 0.07871961 0.06808437
v 0.56956059 0.07871961 0.07456561
v 0.57214163 0.07629712 0.07456561
v 0.57214163 0.07871961 0.07088036
v 0.57188813 0.07871961 0.07956561
v 0.57214163 0.07828405 0.07956561
v 0.56845925 0.07871961 0.08456561
v 0.57214163 0.07559674 0.08456561
v 0.57047878 0.07871961 0.08956561
v 0.57214163 0.07617127 0.08956561
v 0.56914640 0.07871961 0.09456561
v 0.57214163 0.07461062 0.09456561
v 0.56975662 0.07871961 0.09956561
v 0.57214163 0.07457875 0.09956561
v 0.56967365 0.07871961 0.10456561
v 0.57214163 0.07493776 0.10456561
v 0.56730453 0.07871961 0.10956561
v 0.57214163 0.07587258 0.11456561
v 0.56827327 0.07871961 0.11456561
v 0.56957505 0.07871961 0.11956561
v 0.57214163 0.07553821 0.11956561
v 0.56787387 0.07871961 0.12456562
v 0.56822488 0.07871961 0.14456561
v 0.57214163 0.07871961 0.21191837
v 0.57000530 0.08371961 0.00456562
v 0.57214163 0.08073939 0.00456562
v 0.57214163 0.08371961 0.00299955
v 0.56795962 0.08371961 0.01956561
v 0.56978180 0.08371961 0.02456562
v 0.56996409 0.08371961 0.02956561
v 0.56844418 0.08371961 0.03456562
v 0.56874872 0.08371961 0.03956562
v 0.56870891 0.08371961 0.04456562
v 0.56835536 0.08371961 0.05456562
v 0.56716996 0.08371961 0.05956562
v 0.56827175 0.08371961 0.06456562
v 0.57214163 0.07988715 0.06956561
v 0.56799508 0.08371961 0.06956561
v 0.56755965 0.08371961 0.08456561
v 0.56940735 0.08371961 0.09456561
v 0.57214163 0.08371961 0.21315048
v 0.56832401 0.08871961 0.00456562
v 0.57214163 0.08871961 0.00288813
v 0.56768303 0.08871961 0.02456562
v 0.56806699 0.08871961 0.09956561
v 0.57214163 0.08624419 0.21456561
v 0.57074263 0.08871961 0.21456561
v 0.57214163 0.08871961 0.21560848
v 0.57045736 0.09371961 -0.00043439
v 0.57214163 0.09272196 -0.00043439
v 0.57214163 0.09371961 -0.00149638
v 0.56870685 0.09371961 0.07956561
v 0.56820395 0.09371961 0.08456561
v 0.56751431 0.09371961 0.09956561
v 0.56782257 0.09371961 0.12456562
v 0.57214163 0.09371961 0.21372802
v 0.57214163 0.09209377 0.21456561
v 0.57214163 0.09586547 -0.00043439
v 0.56855220 0.09871961 0.00456562
v 0.57214163 0.09871961 0.00141072
v 0.56774752 0.09871961 0.04956562
v 0.56723831 0.09871961 0.05456562
v 0.56762976 0.09871961 0.05956562
v 0.56872435 0.09871961 0.06956561
v 0.56930226 0.09871961 0.07456561
v 0.56954733 0.09871961 0.07956561
v 0.56821984 0.09871961 0.08456561
v 0.56904259 0.09871961 0.08956561
v 0.56846365 0.09871961 0.09456561
v 0.56957560 0.09871961 0.09956561
v 0.56888076 0.09871961 0.10456561
v 0.56841827 0.09871961 0.11456561
v 0.56896039 0.09871961 0.11956561
v 0.56770533 0.09871961 0.12456562
v 0.56721987 0.09871961 0.14456561
v 0.57214163 0.09833159 0.21456561
v 0.57204760 0.09871961 0.21456561
v 0.57214163 0.09871961 0.21462913
v 0.56874733 0.10371961 0.00456562
v 0.57214163 0.10371961 0.00183164
v 0.56751362 0.10371961 0.03956562
v 0.56782985 0.10371961 0.04456562
v 0.56896507 0.10371961 0.04956562
v 0.56755793 0.10371961 0.05956562
v 0.56904177 0.10371961 0.06456562
v 0.57007212 0.10371961 0.06956561
v 0.57029092 0.10371961 0.07456561
v 0.56892787 0.10371961 0.07956561
v 0.56945652 0.10371961 0.08456561
v 0.56891297 0.10371961 0.08956561
v 0.57042119 0.10371961 0.09456561
v 0.56936200 0.10371961 0.09956561
v 0.56721178 0.10371961 0.10456561
v 0.56856292 0.10371961 0.10956561
v 0.56730747 0.10371961 0.11956561
v 0.56885117 0.10371961 0.12456562
v 0.56753266 0.10371961 0.12956562
v 0.56773073 0.10371961 0.13956561
v 0.56775436 0.10371961 0.14456561
v 0.56943884 0.10371961 0.15456561
v 0.56756934 0.10371961 0.17456561
v 0.57214006 0.10371961 0.21456561
v 0.57214163 0.10371961 0.21456595
v 0.56931657 0.10871961 0.00456562
v 0.57214163 0.10871961 0.00229634
v 0.56740818 0.10871961 0.03456562
v 0.56876935 0.10871961 0.03956562
v 0.56922306 0.10871961 0.04456562
v 0.56966346 0.10871961 0.04956562
v 0.56833580 0.10871961 0.05456562
v 0.56775860 0.10871961 0.05956562
v 0.57044617 0.10871961 0.06456562
v 0.57064669 0.10871961 0.06956561
v 0.57079133 0.10871961 0.07456561
v 0.57082398 0.10871961 0.07956561
v 0.57081276 0.10871961 0.08456561
v 0.57214163 0.10871961 0.08924715
v 0.57214163 0.10856809 0.08956561
v 0.57214163 0.10871961 0.09011885
v 0.57136249 0.10871961 0.09456561
v 0.56960011 0.10871961 0.10956561
v 0.56943816 0.10871961 0.11956561
v 0.57050987 0.10871961 0.12456562
v 0.56948196 0.10871961 0.12956562
v 0.56898214 0.10871961 0.13456562
v 0.56901220 0.10871961 0.13956561
v 0.56792639 0.10871961 0.14456561
v 0.56788922 0.10871961 0.15456561
v 0.56921810 0.10871961 0.15956561
v 0.56803891 0.10871961 0.16956561
v 0.57214163 0.10871961 0.21439845
v 0.57214163 0.10373622 0.21456561
v 0.56823938 0.11371961 0.00456562
v 0.57214163 0.11371961 0.00210289
v 0.56908888 0.11371961 0.03956562
v 0.56730266 0.11371961 0.04456562
v 0.56865845 0.11371961 0.04956562
v 0.56972256 0.11371961 0.05456562
v 0.56956222 0.11371961 0.06456562
v 0.57214163 0.11371961 0.06841454
v 0.57214163 0.11219665 0.06956561
v 0.57214163 0.11371961 0.07068542
v 0.57055091 0.11371961 0.07456561
v 0.57023491 0.11371961 0.07956561
v 0.57210434 0.11371961 0.08456561
v 0.57214163 0.10908541 0.08956561
v 0.57024586 0.11371961 0.08956561
v 0.56748321 0.11371961 0.09456561
v 0.56927935 0.11371961 0.09956561
v 0.56893363 0.11371961 0.10456561
v 0.57032329 0.11371961 0.10956561
v 0.56885131 0.11371961 0.11456561
v 0.57058048 0.11371961 0.11956561
v 0.56921139 0.11371961 0.12456562
v 0.56936385 0.11371961 0.12956562
v 0.56750123 0.11371961 0.13956561
v 0.56848449 0.11371961 0.14456561
v 0.56789275 0.11371961 0.14956561
v 0.56807592 0.11371961 0.15456561
v 0.56806334 0.11371961 0.16456561
v 0.57214163 0.11371961 0.21412660
v 0.56965513 0.11871961 0.00456562
v 0.57214163 0.11871961 0.00272465
v 0.56728408 0.11871961 0.03956562
v 0.56924109 0.11871961 0.04456562
v 0.56960890 0.11871961 0.04956562
v 0.56923430 0.11871961 0.05456562
v 0.56932332 0.11871961 0.05956562
v 0.57050121 0.11871961 0.06456562
v 0.57214163 0.11453938 0.06956561
v 0.56962986 0.11871961 0.06956561
v 0.56970857 0.11871961 0.07456561
v 0.57058603 0.11871961 0.07956561
v 0.57152472 0.11871961 0.08456561
v 0.56971420 0.11871961 0.08956561
v 0.56723565 0.11871961 0.09456561
v 0.56880077 0.11871961 0.09956561
v 0.56962869 0.11871961 0.10456561
v 0.56937690 0.11871961 0.10956561
v 0.56818856 0.11871961 0.11956561
v 0.57007146 0.11871961 0.12456562
v 0.56758753 0.11871961 0.12956562
v 0.56815713 0.11871961 0.13456562
v 0.56782959 0.11871961 0.13956561
v 0.56775628 0.11871961 0.14456561
v 0.56737975 0.11871961 0.14956561
v 0.56769777 0.11871961 0.15956561
v 0.56725242 0.11871961 0.16956561
v 0.57214163 0.11464548 0.21456561
v 0.56907418 0.11871961 0.21456561
v 0.57214163 0.11871961 0.21568350
v 0.57016733 0.12371961 0.00456562
v 0.57214163 0.12371961 0.00374307
v 0.56841274 0.12371961 0.03456562
v 0.56811072 0.12371961 0.04456562
v 0.56909036 0.12371961 0.04956562
v 0.56882121 0.12371961 0.05456562
v 0.56911079 0.12371961 0.05956562
v 0.57016554 0.12371961 0.06456562
v 0.57095706 0.12371961 0.06956561
v 0.57084682 0.12371961 0.07456561
v 0.57014095 0.12371961 0.07956561
v 0.57003615 0.12371961 0.08456561
v 0.56923392 0.12371961 0.08956561
v 0.56853206 0.12371961 0.09456561
v 0.57011541 0.12371961 0.09956561
v 0.56958285 0.12371961 0.10456561
v 0.56906448 0.12371961 0.10956561
v 0.56771824 0.12371961 0.11456561
v 0.56998590 0.12371961 0.11956561
v 0.57108739 0.12371961 0.12456562
v 0.56914344 0.12371961 0.12956562
v 0.56898689 0.12371961 0.13456561
v 0.56813321 0.12371961 0.13956561
v 0.56764098 0.12371961 0.14456561
v 0.57011941 0.12371961 0.14956561
v 0.56798369 0.12371961 0.15456561
v 0.57214163 0.12371961 0.21409885
v 0.57214163 0.12278425 0.21456561
v 0.57067747 0.12871961 0.00456562
v 0.57214163 0.12871961 0.00365589
v 0.56725405 0.12871961 0.02456562
v 0.56740480 0.12871961 0.03956562
v 0.56731634 0.12871961 0.04956562
v 0.56939710 0.12871961 0.05456562
v 0.56897732 0.12871961 0.05956562
v 0.56784477 0.12871961 0.06456562
v 0.56908375 0.12871961 0.06956561
v 0.56998931 0.12871961 0.07456561
v 0.57041266 0.12871961 0.07956561
v 0.57055122 0.12871961 0.08456561
v 0.56956876 0.12871961 0.08956561
v 0.56807154 0.12871961 0.09456561
v 0.57033465 0.12871961 0.09956561
v 0.56971355 0.12871961 0.10456561
v 0.56944124 0.12871961 0.10956561
v 0.56871419 0.12871961 0.11456561
v 0.56904377 0.12871961 0.11956561
v 0.57038910 0.12871961 0.12456562
v 0.56964892 0.12871961 0.12956562
v 0.56795657 0.12871961 0.13456561
v 0.56905316 0.12871961 0.13956561
v 0.56779749 0.12871961 0.14456561
v 0.56818012 0.12871961 0.14956561
v 0.57214163 0.12871961 0.21243106
v 0.57028218 0.13371961 0.00456562
v 0.57214163 0.13371961 0.00360745
v 0.56805346 0.13371961 0.03956562
v 0.56769588 0.13371961 0.04456562
v 0.56766406 0.13371961 0.04956562
v 0.56764320 0.13371961 0.05456562
v 0.56827127 0.13371961 0.05956562
v 0.56831544 0.13371961 0.06456562
v 0.57009665 0.13371961 0.06956561
v 0.56868995 0.13371961 0.07456561
v 0.56945031 0.13371961 0.08456561
v 0.56964324 0.13371961 0.08956561
v 0.56821154 0.13371961 0.09456561
v 0.56982020 0.13371961 0.09956561
v 0.56780504 0.13371961 0.10456561
v 0.56945131 0.13371961 0.10956561
v 0.56890905 0.13371961 0.11456561
v 0.56753643 0.13371961 0.11956561
v 0.56991202 0.13371961 0.12456562
v 0.56927426 0.13371961 0.12956562
v 0.56874270 0.13371961 0.13456561
v 0.56832124 0.13371961 0.14456561
v 0.56716853 0.13371961 0.14956561
v 0.57214163 0.13210534 0.21456561
v 0.57214163 0.13371961 0.21554822
v 0.56976166 0.13871961 0.00456562
v 0.57214163 0.13871961 0.00307787
v 0.56726147 0.13871961 0.03956562
v 0.56722895 0.13871961 0.05456562
v 0.57004903 0.13871961 0.05956562
v 0.56909187 0.13871961 0.06456562
v 0.56992555 0.13871961 0.06956561
v 0.56767375 0.13871961 0.07456561
v 0.56893894 0.13871961 0.07956561
v 0.56923646 0.13871961 0.08456561
v 0.56812305 0.13871961 0.08956561
v 0.56740368 0.13871961 0.09956561
v 0.56947692 0.13871961 0.10456561
v 0.56940302 0.13871961 0.10956561
v 0.56960737 0.13871961 0.11456561
v 0.56930940 0.13871961 0.12456562
v 0.56745368 0.13871961 0.13456561
v 0.57214163 0.13871961 0.21371185
v 0.57214163 0.13683198 0.21456561
v 0.56847010 0.14371961 0.00456562
v 0.57214163 0.14371961 0.00315231
v 0.56751141 0.14371961 0.06956561
v 0.56812504 0.14371961 0.07456561
v 0.56964601 0.14371961 0.07956561
v 0.56820016 0.14371961 0.08456561
v 0.56788631 0.14371961 0.08956561
v 0.56893247 0.14371961 0.09456561
v 0.56944412 0.14371961 0.10456561
v 0.56863073 0.14371961 0.10956561
v 0.56944324 0.14371961 0.11456561
v 0.57214163 0.14371961 0.21328037
v 0.56951767 0.14871961 0.00456562
v 0.57214163 0.14871961 0.00309665
v 0.56788358 0.14871961 0.05456562
v 0.56828425 0.14871961 0.06956561
v 0.56872241 0.14871961 0.07956561
v 0.56738483 0.14871961 0.09456561
v 0.56818100 0.14871961 0.09956561
v 0.56798149 0.14871961 0.10456561
v 0.56899193 0.14871961 0.10956561
v 0.56818950 0.14871961 0.11956561
v 0.56739325 0.14871961 0.12456562
v 0.57214163 0.14871961 0.21421598
v 0.56992513 0.15371961 0.00456562
v 0.57214163 0.15371961 0.00359315
v 0.56743680 0.15371961 0.05956562
v 0.56857346 0.15371961 0.06456562
v 0.56823939 0.15371961 0.06956561
v 0.56892225 0.15371961 0.07956561
v 0.56844387 0.15371961 0.08456561
v 0.56733912 0.15371961 0.08956561
v 0.56837601 0.15371961 0.09456561
v 0.56844783 0.15371961 0.09956561
v 0.56755812 0.15371961 0.10456561
v 0.57214163 0.15126191 0.21456561
v 0.57170986 0.15371961 0.21456561
v 0.57214163 0.15371961 0.21482078
v 0.56935538 0.15871961 0.00456562
v 0.57214163 0.15871961 0.00257400
v 0.56790563 0.15871961 0.05456562
v 0.56877293 0.15871961 0.05956562
v 0.56789541 0.15871961 0.06456562
v 0.56780350 0.15871961 0.07456561
v 0.56954885 0.15871961 0.07956561
v 0.56941723 0.15871961 0.09456561
v 0.56792008 0.15871961 0.09956561
v 0.56745574 0.15871961 0.10456561
v 0.56899992 0.15871961 0.10956561
v 0.56800902 0.15871961 0.11456561
v 0.57214163 0.15871961 0.21414476
v 0.57214163 0.15613759 0.21456561
v 0.56975638 0.16371961 0.00456562
v 0.57214163 0.16371961 0.00265172
v 0.56716415 0.16371961 0.05456562
v 0.56862384 0.16371961 0.05956562
v 0.56824948 0.16371961 0.06956561
v 0.56977462 0.16371961 0.07956561
v 0.56935258 0.16371961 0.08456561
v 0.56872006 0.16371961 0.08956561
v 0.56802455 0.16371961 0.09456561
v 0.56883259 0.16371961 0.09956561
v 0.56734656 0.16371961 0.10456561
v 0.56836221 0.16371961 0.10956561
v 0.56726524 0.16371961 0.12456562
v 0.57214163 0.15953127 0.21456561
v 0.57214163 0.16371961 0.21562746
v 0.56846263 0.16871961 0.00456562
v 0.57214163 0.16871961 0.00238700
v 0.56720879 0.16871961 0.05456562
v 0.56899160 0.16871961 0.06956561
v 0.56751418 0.16871961 0.07956561
v 0.57123243 0.16871961 0.08456561
v 0.56813044 0.16871961 0.08956561
v 0.56838685 0.16871961 0.10456561
v 0.57214163 0.16871961 0.21344070
v 0.57214163 0.16658816 0.21456561
v 0.56809298 0.17371961 0.00456562
v 0.57214163 0.17371961 0.00166662
v 0.56761247 0.17371961 0.05956562
v 0.56871761 0.17371961 0.06956561
v 0.56924998 0.17371961 0.07956561
v 0.56769413 0.17371961 0.08456561
v 0.56928380 0.17371961 0.08956561
v 0.56716826 0.17371961 0.09456561
v 0.56818188 0.17371961 0.09956561
v 0.57214163 0.17371961 0.21307344
v 0.56844695 0.17871961 0.00456562
v 0.57214163 0.17871961 0.00202878
v 0.56767036 0.17871961 0.05456562
v 0.56809195 0.17871961 0.07956561
v 0.56779106 0.17871961 0.08456561
v 0.56747167 0.17871961 0.08956561
v 0.56908968 0.17871961 0.09456561
v 0.56714967 0.17871961 0.10456561
v 0.56790033 0.17871961 0.10956561
v 0.57214163 0.17827319 0.21456561
v 0.56951379 0.17871961 0.21456561
v 0.57214163 0.17871961 0.21481380
v 0.57214163 0.18371961 0.00302975
v 0.56776184 0.18371961 0.08456561
v 0.56733111 0.18371961 0.08956561
v 0.56817859 0.18371961 0.10456561
v 0.56770436 0.18371961 0.11456561
v 0.57214163 0.18371961 0.21369123
v 0.56771222 0.18371961 0.21456561
v 0.57214163 0.17953495 0.21456561
v 0.56928825 0.18871961 0.00456562
v 0.57214163 0.18871961 0.00336243
v 0.56749410 0.18871961 0.06956561
v 0.56784731 0.18871961 0.07956561
v 0.56723295 0.18871961 0.11456561
v 0.56785424 0.18871961 0.21456561
v 0.57214163 0.18818470 0.21456561
v 0.57214163 0.18871961 0.21468259
v 0.56913437 0.19371961 0.00456562
v 0.57214163 0.19371961 0.00317761
v 0.56873737 0.19371961 0.08456561
v 0.56751632 0.19371961 0.08956561
v 0.57214163 0.19371961 0.21519679
v 0.56790469 0.19871961 0.00456562
v 0.57214163 0.19871961 0.00295747
v 0.56727566 0.19871961 0.08456561
v 0.57034781 0.19871961 0.21456561
v 0.57214163 0.19871961 0.21412923
v 0.57214163 0.19704420 0.21456561
v 0.57214163 0.20371961 0.00277766
v 0.56724841 0.20371961 0.06956561
v 0.57214163 0.20371961 0.21413787
v 0.57214163 0.20871961 0.00331791
v 0.57214163 0.20498579 0.21456561
v 0.57025024 0.20871961 0.21456561
v 0.57214163 0.20871961 0.21566532
v 0.57214163 0.21371961 0.00257296
v 0.56837445 0.21371961 0.21456561
v 0.57214163 0.21371961 0.21496604
v 0.57126656 0.21871961 -0.00543438
v 0.57214163 0.21830845 -0.00543438
v 0.57214163 0.21871961 -0.00645724
v 0.56780958 0.21871961 -0.00043439
v 0.57214163 0.21726349 -0.00043439
v 0.57214163 0.21871961 0.21524423
v 0.57127234 0.22371961 -0.00543438
v 0.57214163 0.22371961 -0.00690955
v 0.57214163 0.22371961 0.21548131
v 0.57182040 0.22871961 -0.00543438
v 0.57214163 0.22871961 -0.00583099
v 0.57214163 0.22569541 -0.00043439
v 0.57214163 0.22871961 -0.00454317
v 0.57214163 0.22871961 0.00084211
v 0.56768362 0.22871961 0.13456561
v 0.56740815 0.22871961 0.14456561
v 0.57214163 0.22871961 0.21555240
v 0.57180489 0.23371961 -0.00543438
v 0.57214163 0.23371961 -0.00564142
v 0.57214163 0.23371961 -0.00075592
v 0.57214163 0.23371961 -0.00037640
v 0.56901163 0.23371961 0.02956561
v 0.57214163 0.23371961 0.04316933
v 0.57214163 0.23288721 0.04456562
v 0.57214163 0.23274647 0.04956562
v 0.57214163 0.22964554 0.05456562
v 0.57214163 0.23074556 0.05956562
v 0.57214163 0.23242736 0.06456562
v 0.57214163 0.23154341 0.06956561
v 0.56778346 0.23371961 0.06956561
v 0.57214163 0.23371961 0.07176053
v 0.57214163 0.23371961 0.07884921
v 0.57214163 0.23303407 0.07956561
v 0.57214163 0.23253956 0.08456561
v 0.57214163 0.23057783 0.08956561
v 0.56927045 0.23371961 0.08956561
v 0.57214163 0.23370085 0.09456561
v 0.57123566 0.23371961 0.09956561
v 0.57214163 0.23371961 0.09490702
v 0.56835725 0.23371961 0.10456561
v 0.56866073 0.23371961 0.10956561
v 0.57105286 0.23371961 0.11956561
v 0.57214163 0.23182781 0.12456561
v 0.57214163 0.23371961 0.12063063
v 0.56797105 0.23371961 0.12456561
v 0.57214163 0.23279688 0.12956561
v 0.57214163 0.23193058 0.13456561
v 0.57129610 0.23371961 0.13956561
v 0.57214163 0.23371961 0.13801183
v 0.57214163 0.23371961 0.14230245
v 0.57214163 0.23314243 0.14456561
v 0.57214163 0.23371961 0.14674928
v 0.56992087 0.23371961 0.15456561
v 0.57214163 0.23371961 0.15055314
v 0.57214163 0.23176473 0.15456561
v 0.57214163 0.23107318 0.15956561
v 0.57214163 0.23309280 0.16456561
v 0.56885122 0.23371961 0.16456561
v 0.57214163 0.23371961 0.16630016
v 0.56921146 0.23371961 0.16956561
v 0.57214163 0.23371961 0.17799426
v 0.57214163 0.23329456 0.17956561
v 0.57214163 0.23371961 0.18085916
v 0.56999797 0.23371961 0.18956561
v 0.57099179 0.23371961 0.19456561
v 0.56929939 0.23371961 0.20956561
v 0.57214163 0.23371961 0.21237894
v 0.57214163 0.23166272 0.21456561
v 0.57214163 0.23403541 -0.00543438
v 0.57092845 0.23871962 0.00456562
v 0.57214163 0.23871962 0.00256420
v 0.56854743 0.23871961 0.00956561
v 0.57214163 0.23871961 0.01611511
v 0.57214163 0.23606607 0.01956561
v 0.56866662 0.23871961 0.02456562
v 0.57214163 0.23871961 0.02295409
v 0.57214163 0.23721020 0.02956561
v 0.57214163 0.23871961 0.02713649
v 0.56719963 0.23871961 0.02956561
v 0.57214163 0.23505329 0.03456562
v 0.57214163 0.23721248 0.03956562
v 0.56945206 0.23871961 0.06956561
v 0.57214163 0.23871961 0.07155336
v 0.57129783 0.23871961 0.07456561
v 0.57214163 0.23871961 0.07623357
v 0.56873303 0.23871961 0.09456561
v 0.57214163 0.23390562 0.09956561
v 0.57214163 0.23678667 0.10456561
v 0.57214163 0.23488977 0.10956561
v 0.57214163 0.23528015 0.11456561
v 0.57214163 0.23602749 0.11956561
v 0.57214163 0.23461927 0.13956561
v 0.57214163 0.23871961 0.14295618
v 0.56869775 0.23871961 0.14456561
v 0.57214163 0.23510225 0.14456561
v 0.57214163 0.23871961 0.14850492
v 0.57214163 0.23695333 0.14956561
v 0.57214163 0.23505565 0.16956561
v 0.57214163 0.23615132 0.17456561
v 0.57214163 0.23844984 0.18456561
v 0.57214163 0.23442646 0.18956561
v 0.56873585 0.23871961 0.19456561
v 0.57214163 0.23381464 0.19456561
v 0.57091482 0.23402099 0.19502872
v 0.57214163 0.23432260 0.19956561
v 0.57214163 0.23485830 0.20456561
v 0.56847452 0.23871961 0.20956561
v 0.57214163 0.23556917 0.20956561
v 0.57214163 0.24078603 0.00456562
v 0.57214163 0.24300087 0.00956561
v 0.57214163 0.23993574 0.01456562
v 0.57214163 0.24147259 0.02456562
v 0.57214163 0.23962831 0.07456561
v 0.57214163 0.23950579 0.14456561
v 0.57532481 0.06871961 0.05956562
v 0.57714163 0.06626325 0.05956562
v 0.57714163 0.06871961 0.05589059
v 0.57695160 0.06871961 0.06456562
v 0.57714163 0.06854437 0.06456562
v 0.57714163 0.06871961 0.06482094
v 0.57239658 0.06871961 0.12456562
v 0.57697319 0.06871961 0.13956561
v 0.57714163 0.06863099 0.13956561
v 0.57714163 0.06871961 0.13940542
v 0.57607811 0.06871961 0.14456561
v 0.57714163 0.06776464 0.14456561
v 0.57572959 0.06871961 0.14956561
v 0.57714163 0.06763600 0.14956561
v 0.57552606 0.06871961 0.15456561
v 0.57714163 0.06745292 0.15456561
v 0.57506006 0.06871961 0.15956561
v 0.57714163 0.06545116 0.15956561
v 0.57714163 0.06755619 0.16456561
v 0.57437542 0.06871961 0.16956561
v 0.57714163 0.06719288 0.16956561
v 0.57434383 0.06871961 0.17456561
v 0.57714163 0.06790769 0.17456561
v 0.57479562 0.06871961 0.17956561
v 0.57714163 0.06743740 0.17956561
v 0.57630743 0.06871961 0.18456561
v 0.57714163 0.06762037 0.18456561
v 0.57714163 0.06871961 0.18789199
v 0.57676932 0.06871961 0.19456561
v 0.57714163 0.06844263 0.19456561
v 0.57714163 0.06871961 0.19260395
v 0.57635200 0.06871961 0.19956561
v 0.57714163 0.06798294 0.19956561
v 0.57461257 0.06871961 0.20456561
v 0.57714163 0.06811280 0.20456561
v 0.57665555 0.06871961 0.20956561
v 0.57714163 0.06822893 0.20956561
v 0.57714163 0.06871961 0.20995639
v 0.57664556 0.07371961 0.01456562
v 0.57714163 0.07311818 0.01456562
v 0.57714163 0.07371961 0.01321441
v 0.57575351 0.07371961 0.01956561
v 0.57714163 0.07110864 0.01956561
v 0.57714163 0.07371961 0.02223157
v 0.57451646 0.07371961 0.03456562
v 0.57714163 0.07119567 0.03456562
v 0.57714163 0.07371961 0.03078850
v 0.57714163 0.07240703 0.03956562
v 0.57714163 0.07371961 0.04194266
v 0.57581816 0.07371961 0.04956562
v 0.57714163 0.07160830 0.04956562
v 0.57714163 0.07371961 0.04802546
v 0.57474917 0.07371961 0.05456562
v 0.57714163 0.07067632 0.05456562
v 0.57244702 0.07371961 0.05956562
v 0.57325822 0.07371961 0.06456562
v 0.57714163 0.07262914 0.06956561
v 0.57517370 0.07371961 0.06956561
v 0.57499625 0.07371961 0.07456561
v 0.57714163 0.07111032 0.07456561
v 0.57576676 0.07371961 0.07956561
v 0.57714163 0.07181961 0.07956561
v 0.57420016 0.07371961 0.08456561
v 0.57714163 0.07187314 0.08456561
v 0.57424095 0.07371961 0.08956561
v 0.57714163 0.07009649 0.08956561
v 0.57339771 0.07371961 0.09456561
v 0.57714163 0.07082800 0.09456561
v 0.57292288 0.07371961 0.09956561
v 0.57714163 0.06998932 0.09956561
v 0.57350315 0.07371961 0.10456561
v 0.57714163 0.07091928 0.10456561
v 0.57714163 0.07115003 0.10956561
v 0.57408040 0.07371961 0.11456561
v 0.57714163 0.06914404 0.11456561
v 0.57376072 0.07371961 0.11956561
v 0.57714163 0.06920034 0.11956561
v 0.57714163 0.07008559 0.12456562
v 0.57714163 0.07082546 0.12956562
v 0.57714163 0.07141634 0.13456562
v 0.57714163 0.06917493 0.18956561
v 0.57714163 0.07371961 0.21118425
v 0.57448868 0.07871961 0.00456562
v 0.57714163 0.07597928 0.00456562
v 0.57714163 0.07871961 0.00327106
v 0.57714163 0.07520704 0.00956561
v 0.57714163 0.07508014 0.02456562
v 0.57714163 0.07474703 0.02956561
v 0.57714163 0.07513887 0.04456562
v 0.57295954 0.07871961 0.06956561
v 0.57714163 0.07871961 0.21365754
v 0.57714163 0.08371961 0.00290275
v 0.57714163 0.08228642 0.21456561
v 0.57618124 0.08371961 0.21456561
v 0.57714163 0.08371961 0.21476436
v 0.57714163 0.08871961 0.00276462
v 0.57714163 0.08871961 0.21580667
v 0.57714163 0.09240108 -0.00043439
v 0.57714163 0.09371961 -0.00191054
v 0.57411831 0.09371961 0.21456561
v 0.57714163 0.09371961 0.21533025
v 0.57662755 0.09871961 -0.00043439
v 0.57714163 0.09871961 -0.00060965
v 0.57714163 0.09871961 0.21576535
v 0.57714163 0.09929150 -0.00043439
v 0.57714163 0.10371961 0.00127193
v 0.57714163 0.10371961 0.21557151
v 0.57714163 0.10871961 0.00177962
v 0.57224556 0.10871961 0.08956561
v 0.57282129 0.10871961 0.21456561
v 0.57714163 0.10871961 0.21516978
v 0.57714163 0.11371961 0.00186154
v 0.57265678 0.11371961 0.06956561
v 0.57291306 0.11371961 0.21456561
v 0.57714163 0.11371961 0.21574396
v 0.57714163 0.11871961 0.00229362
v 0.57714163 0.11871961 0.21588155
v 0.57714163 0.12371961 0.00280509
v 0.57415196 0.12371961 0.21456561
v 0.57714163 0.12371961 0.21500522
v 0.57714163 0.12871961 0.00283301
v 0.57613863 0.12871961 0.21456561
v 0.57714163 0.12871961 0.21510810
v 0.57714163 0.13371961 0.00275068
v 0.57714163 0.13371961 0.21563781
v 0.57714163 0.13871961 0.00250730
v 0.57714163 0.13871961 0.21448356
v 0.57714163 0.13847605 0.21456561
v 0.57714163 0.14371961 0.00267902
v 0.57714163 0.14371961 0.21394318
v 0.57714163 0.14871961 0.00273786
v 0.57714163 0.14871961 0.21382328
v 0.57714163 0.15371961 0.00272513
v 0.57506573 0.15371961 0.21456561
v 0.57714163 0.15371961 0.21435409
v 0.57714163 0.15871961 0.00170334
v 0.57714163 0.15871961 0.21295146
v 0.57714163 0.16371961 0.00154709
v 0.57714163 0.16358102 0.21456561
v 0.57714163 0.16371961 0.21461482
v 0.57714163 0.16871961 0.00169146
v 0.57651237 0.16871961 0.21456561
v 0.57714163 0.16871961 0.21469425
v 0.57714163 0.17371961 0.00054895
v 0.57714163 0.17371961 0.21234279
v 0.57714163 0.16893658 0.21456561
v 0.57714163 0.17871961 0.00090982
v 0.57286429 0.17871961 0.21456561
v 0.57714163 0.17871961 0.21359813
v 0.57714163 0.18371961 0.00256767
v 0.57714163 0.18371961 0.21438417
v 0.57714163 0.18871961 0.00256152
v 0.57250488 0.18871961 0.21456561
v 0.57714163 0.18871961 0.21336681
v 0.57714163 0.19371961 0.00262142
v 0.57390246 0.19371961 0.21456561
v 0.57714163 0.19371961 0.21353679
v 0.57714163 0.19871961 0.00256943
v 0.57409052 0.19871961 0.21456561
v 0.57714163 0.19721885 0.21456561
v 0.57714163 0.19871961 0.21522121
v 0.57714163 0.20371961 0.00260059
v 0.57359166 0.20371961 0.21456561
v 0.57714163 0.20371961 0.21550073
v 0.57714163 0.20871961 0.00249636
v 0.57714163 0.20871961 0.21609559
v 0.57714163 0.21371961 0.00228035
v 0.57714163 0.21371961 0.21686763
v 0.57364020 0.21871961 -0.00543438
v 0.57714163 0.21871961 -0.00390286
v 0.57714163 0.21711147 -0.00043439
v 0.57714163 0.21871961 0.21768508
v 0.57338678 0.22371961 -0.00543438
v 0.57714163 0.22371961 -0.00244270
v 0.57714163 0.22371961 0.21726260
v 0.57714163 0.22648294 -0.00543438
v 0.57714163 0.22871961 -0.00788817
v 0.57714163 0.22871961 -0.00139636
v 0.57714163 0.22760389 -0.00043439
v 0.57714163 0.22871961 0.00003158
v 0.57714163 0.22871961 0.21588237
v 0.57714163 0.23161225 -0.00543438
v 0.57288493 0.23371961 -0.00543438
v 0.57293906 0.23330614 -0.00096718
v 0.57714163 0.23277670 -0.00043439
v 0.57714163 0.23371961 -0.00078753
v 0.57282350 0.23371961 -0.00043439
v 0.57714163 0.23371961 0.04354836
v 0.57714163 0.23323252 0.04456562
v 0.57714163 0.23271564 0.04956562
v 0.57331986 0.23371961 0.05456562
v 0.57714163 0.23371961 0.05025185
v 0.57529445 0.23371961 0.05956562
v 0.57714163 0.23371961 0.06131555
v 0.57714163 0.23063681 0.06456562
v 0.57667463 0.23371961 0.06956561
v 0.57714163 0.23371961 0.06934739
v 0.57714163 0.23371961 0.07904857
v 0.57714163 0.23336742 0.07956561
v 0.57433461 0.23371961 0.08456561
v 0.57714163 0.23371961 0.08026822
v 0.57463753 0.23371961 0.08956561
v 0.57217829 0.23371961 0.09456561
v 0.57312311 0.23371961 0.09956561
v 0.57714163 0.23371961 0.09810503
v 0.57714163 0.23303213 0.09956561
v 0.57714163 0.23295377 0.10456561
v 0.57620014 0.23371961 0.10456561
v 0.57714163 0.23371961 0.10692099
v 0.57571439 0.23371961 0.12456561
v 0.57422173 0.23371961 0.12956561
v 0.57714163 0.23371961 0.13251882
v 0.57714163 0.23241739 0.13456561
v 0.57714163 0.23287193 0.13956561
v 0.57384190 0.23371961 0.13956561
v 0.57359925 0.23371961 0.14456561
v 0.57714163 0.23371961 0.14202201
v 0.57640326 0.23371961 0.15456561
v 0.57714163 0.23371961 0.15664506
v 0.57714163 0.23310969 0.15956561
v 0.57714163 0.23178581 0.16456561
v 0.57714163 0.23371961 0.16849107
v 0.57270937 0.23371961 0.17956561
v 0.57428053 0.23371961 0.18456561
v 0.57714163 0.23371961 0.18291915
v 0.57714163 0.23237446 0.18456561
v 0.57714163 0.23371961 0.18888406
v 0.57236455 0.23371961 0.19456561
v 0.57714163 0.23371961 0.19064443
v 0.57714163 0.23216987 0.19456561
v 0.57714163 0.23371961 0.19583165
v 0.57499324 0.23371961 0.20456561
v 0.57714163 0.23371961 0.20340635
v 0.57714163 0.23217958 0.20456561
v 0.57714163 0.23371961 0.20789579
v 0.57593338 0.23371961 0.21456561
v 0.57714163 0.23371961 0.21495824
v 0.57714163 0.23871962 -0.00095723
v 0.57584893 0.23871962 -0.00043439
v 0.57444709 0.23871962 0.00456562
v 0.57714163 0.23708765 0.00456562
v 0.57714163 0.23871962 0.00111015
v 0.57714163 0.23871962 0.00893802
v 0.57713579 0.23871962 0.01456562
v 0.57714163 0.23871962 0.01453961
v 0.57714163 0.23871755 0.01456562
v 0.57524314 0.23871961 0.01956561
v 0.57714163 0.23871962 0.01456989
v 0.57570049 0.23871961 0.02456562
v 0.57714163 0.23871961 0.02336899
v 0.57714163 0.23684572 0.02456562
v 0.57546753 0.23871961 0.02956561
v 0.57714163 0.23871961 0.02686501
v 0.57714163 0.23871961 0.03137187
v 0.57714163 0.23733760 0.03456562
v 0.57714163 0.23597992 0.03956562
v 0.57685884 0.23871961 0.05456562
v 0.57714163 0.23871961 0.05414270
v 0.57714163 0.23871961 0.05501234
v 0.57714163 0.23548185 0.05956562
v 0.57684678 0.23871961 0.06956561
v 0.57714163 0.23871961 0.06952582
v 0.57283697 0.23871961 0.07456561
v 0.57714163 0.23557081 0.07456561
v 0.57714163 0.23871961 0.06959879
v 0.57714163 0.23602346 0.08456561
v 0.57714163 0.23691134 0.08956561
v 0.57714163 0.23641306 0.09456561
v 0.57232649 0.23381450 0.09501884
v 0.57714163 0.23871961 0.09688971
v 0.57577014 0.23871961 0.09956561
v 0.57714163 0.23519483 0.09956561
v 0.57714163 0.23871961 0.10105578
v 0.57714163 0.23472726 0.10956561
v 0.57714163 0.23470236 0.11456561
v 0.57714163 0.23468164 0.11956561
v 0.57714163 0.23488947 0.12456561
v 0.57714163 0.23503301 0.12956561
v 0.57513232 0.23871961 0.14456561
v 0.57417299 0.23541082 0.14249952
v 0.57714163 0.23662105 0.14456561
v 0.57714163 0.23376316 0.14956561
v 0.57714163 0.23406366 0.15456561
v 0.57714163 0.23386858 0.16956561
v 0.57714163 0.23550169 0.17456561
v 0.57714163 0.23743471 0.17956561
v 0.57714163 0.23426113 0.18956561
v 0.57714163 0.23569562 0.19956561
v 0.57714163 0.23436499 0.20956561
v 0.57714163 0.23413539 0.21456561
v 0.57714163 0.23960548 -0.00043439
v 0.57714163 0.23922463 0.00956561
v 0.57714163 0.24113689 0.01956561
v 0.57714163 0.24050439 0.02956561
v 0.57714163 0.23909092 0.05456562
v 0.57714163 0.23874075 0.06956561
v 0.57714163 0.23984998 0.09956561
v 0.58190805 0.06371961 0.14956561
v 0.58214163 0.06347079 0.14956561
v 0.58214163 0.06371961 0.14922546
v 0.58214163 0.06371961 0.15031152
v 0.58050180 0.06871961 0.05956562
v 0.57751579 0.06871961 0.06456562
v 0.58113822 0.06871961 0.08956561
v 0.58214163 0.06856267 0.08956561
v 0.58214163 0.06871961 0.08885011
v 0.58214163 0.06871961 0.09001440
v 0.57777029 0.06871961 0.11456561
v 0.58214163 0.06746556 0.11456561
v 0.58214163 0.06871961 0.11132847
v 0.58165461 0.06871961 0.11956561
v 0.58214163 0.06868489 0.11956561
v 0.58057622 0.06871961 0.12456562
v 0.58214163 0.06811954 0.12456562
v 0.58113041 0.06871961 0.12956562
v 0.58214163 0.06807405 0.12956562
v 0.58214163 0.06871961 0.13393724
v 0.58214163 0.06728730 0.13956561
v 0.58214163 0.06871961 0.13486203
v 0.58214163 0.06698209 0.14456561
v 0.58214163 0.06656945 0.15456561
v 0.58214163 0.06624313 0.15956561
v 0.58214163 0.06660489 0.16456561
v 0.58214163 0.06600994 0.16956561
v 0.57991186 0.06871961 0.17456561
v 0.58214163 0.06871961 0.17286525
v 0.58214163 0.06871961 0.17622471
v 0.58214163 0.06562521 0.17956561
v 0.58214163 0.06418123 0.18456561
v 0.57779915 0.06871961 0.18956561
v 0.58214163 0.06488112 0.18956561
v 0.58214163 0.06590586 0.19456561
v 0.58214163 0.06520668 0.19956561
v 0.58214163 0.06766969 0.20456561
v 0.58214163 0.06800476 0.20956561
v 0.58214163 0.06871961 0.21023006
v 0.57907322 0.07371961 0.00956561
v 0.58214163 0.07016952 0.00956561
v 0.58214163 0.07371961 0.00664715
v 0.58214163 0.07040755 0.01456562
v 0.58214163 0.07030760 0.01956561
v 0.57920017 0.07371961 0.02456562
v 0.58214163 0.07196209 0.02456562
v 0.57880379 0.07371961 0.02956561
v 0.58214163 0.07219915 0.02956561
v 0.58214163 0.07133066 0.03456562
v 0.58214163 0.07066441 0.03956562
v 0.57884450 0.07371961 0.04456562
v 0.58214163 0.07096762 0.04456562
v 0.58214163 0.07285944 0.04956562
v 0.58214163 0.07009805 0.05456562
v 0.58214163 0.07290050 0.05956562
v 0.58214163 0.07150333 0.06456562
v 0.58214163 0.07228664 0.06956561
v 0.58214163 0.07062037 0.07456561
v 0.58214163 0.07073981 0.07956561
v 0.58214163 0.07128812 0.08456561
v 0.58214163 0.07096592 0.09456561
v 0.58214163 0.07061127 0.09956561
v 0.58214163 0.07058794 0.10456561
v 0.58214163 0.06994171 0.10956561
v 0.58214163 0.06885562 0.13456561
v 0.58214163 0.06953553 0.17456561
v 0.57837069 0.07371961 0.19956561
v 0.58214163 0.07371961 0.19607670
v 0.58214163 0.06916546 0.19956561
v 0.58214163 0.06891689 0.20456561
v 0.57857431 0.07371961 0.20456561
v 0.58214163 0.07371961 0.20830693
v 0.58214163 0.07371961 0.21224447
v 0.58214163 0.07528224 0.00456562
v 0.58214163 0.07871961 0.00310153
v 0.57877598 0.07871961 0.19956561
v 0.58214163 0.07871961 0.19636562
v 0.57880232 0.07871961 0.20456561
v 0.58214163 0.07871961 0.20788705
v 0.58214163 0.07850662 0.21456561
v 0.58160352 0.07871961 0.21456561
v 0.58214163 0.07871961 0.21462314
v 0.58214163 0.08371961 0.00289245
v 0.58214163 0.08181140 0.19956561
v 0.58214163 0.08174383 0.20456561
v 0.58214163 0.08371961 0.21551652
v 0.58214163 0.08871961 0.00268661
v 0.58214163 0.08871961 0.21569017
v 0.58214163 0.09236568 -0.00043439
v 0.58214163 0.09371961 -0.00212928
v 0.58214163 0.09371961 0.21563977
v 0.58214163 0.09871961 -0.00215250
v 0.58214163 0.09871961 0.21566375
v 0.57924166 0.10371961 -0.00043439
v 0.58214163 0.10371961 -0.00187683
v 0.58214163 0.10371961 0.21578811
v 0.58107806 0.10871961 -0.00043439
v 0.58214163 0.10871961 -0.00098366
v 0.57839346 0.10871961 0.17456561
v 0.58214163 0.10871961 0.17154941
v 0.58214163 0.10569450 0.17456561
v 0.58214163 0.10581547 0.17956561
v 0.57898795 0.10871961 0.17956561
v 0.58214163 0.10583592 0.18456561
v 0.57893763 0.10871961 0.18456561
v 0.58214163 0.10871961 0.18726603
v 0.58214163 0.10871961 0.21571895
v 0.58214163 0.11077706 -0.00043439
v 0.58214163 0.11371961 0.00047590
v 0.57876321 0.11371961 0.17456561
v 0.58214163 0.11371961 0.17158887
v 0.57882557 0.11371961 0.17956561
v 0.57886588 0.11371961 0.18456561
v 0.58214163 0.11371961 0.18736190
v 0.58214163 0.11371961 0.21583034
v 0.58214163 0.11871961 -0.00009364
v 0.57870943 0.11871961 0.17456561
v 0.58214163 0.11871961 0.17159921
v 0.57867103 0.11871961 0.17956561
v 0.57879359 0.11871961 0.18456561
v 0.58214163 0.11871961 0.18740770
v 0.58214163 0.11871961 0.21599254
v 0.58214163 0.12371961 0.00237572
v 0.57876989 0.12371961 0.17456561
v 0.58214163 0.12371961 0.17167867
v 0.57878150 0.12371961 0.17956561
v 0.57891033 0.12371961 0.18456561
v 0.58214163 0.12371961 0.18738113
v 0.58214163 0.12371961 0.21574624
v 0.58214163 0.12871961 0.00249133
v 0.57905730 0.12871961 0.17456561
v 0.58214163 0.12871961 0.17157497
v 0.57877210 0.12871961 0.17956561
v 0.57887216 0.12871961 0.18456561
v 0.58214163 0.12871961 0.18727675
v 0.58214163 0.12871961 0.21497384
v 0.58214163 0.13371961 0.00236267
v 0.57875707 0.13371961 0.15456561
v 0.58214163 0.13371961 0.15135156
v 0.58214163 0.13073593 0.15456561
v 0.58214163 0.13080140 0.15956561
v 0.57881372 0.13371961 0.15956561
v 0.58214163 0.13086883 0.16456561
v 0.57871459 0.13371961 0.16456561
v 0.58214163 0.13072896 0.16956561
v 0.57892150 0.13371961 0.16956561
v 0.57895458 0.13371961 0.17456561
v 0.57887216 0.13371961 0.17956561
v 0.57907943 0.13371961 0.18456561
v 0.58214163 0.13371961 0.18728540
v 0.58214163 0.13371961 0.21578167
v 0.58214163 0.13871961 0.00241006
v 0.57872659 0.13871961 0.15456561
v 0.58214163 0.13871961 0.15125491
v 0.57897919 0.13871961 0.15956561
v 0.57904423 0.13871961 0.16456561
v 0.57893562 0.13871961 0.16956561
v 0.57906656 0.13871961 0.17456561
v 0.57903484 0.13871961 0.17956561
v 0.57916489 0.13871961 0.18456561
v 0.58214163 0.13871961 0.18726603
v 0.58214163 0.13871961 0.21397733
v 0.58214163 0.13731350 0.21456561
v 0.58214163 0.14371961 0.00234823
v 0.57860998 0.14371961 0.14956561
v 0.58214163 0.14371961 0.14649606
v 0.58214163 0.14040891 0.14956561
v 0.57875370 0.14371961 0.15456561
v 0.57896742 0.14371961 0.15956561
v 0.57889907 0.14371961 0.16456561
v 0.57901968 0.14371961 0.16956561
v 0.57900726 0.14371961 0.17456561
v 0.57921424 0.14371961 0.17956561
v 0.57909038 0.14371961 0.18456561
v 0.58214163 0.14371961 0.18730285
v 0.58214163 0.14371961 0.21434070
v 0.58214163 0.14871961 0.00231461
v 0.57896644 0.14871961 0.14956561
v 0.58214163 0.14871961 0.14661460
v 0.57918124 0.14871961 0.15456561
v 0.57921006 0.14871961 0.15956561
v 0.57918551 0.14871961 0.16456561
v 0.57916055 0.14871961 0.16956561
v 0.57903860 0.14871961 0.17456561
v 0.57911474 0.14871961 0.17956561
v 0.57920164 0.14871961 0.18456561
v 0.58214163 0.14871961 0.18729629
v 0.58214163 0.14871961 0.21304617
v 0.58214163 0.15371961 0.00238500
v 0.57900917 0.15371961 0.14956561
v 0.58214163 0.15371961 0.14665404
v 0.57893562 0.15371961 0.15456561
v 0.57900341 0.15371961 0.15956561
v 0.57925469 0.15371961 0.16456561
v 0.57917094 0.15371961 0.16956561
v 0.57930743 0.15371961 0.17456561
v 0.57921675 0.15371961 0.17956561
v 0.57935978 0.15371961 0.18456561
v 0.58214163 0.15371961 0.18715671
v 0.58214163 0.15371961 0.21265504
v 0.58056291 0.15871961 -0.00043439
v 0.58214163 0.15783578 -0.00043439
v 0.58214163 0.15871961 -0.00198471
v 0.57903106 0.15871961 0.14956561
v 0.58214163 0.15871961 0.14677922
v 0.57914661 0.15871961 0.15456561
v 0.57916662 0.15871961 0.15956561
v 0.57913252 0.15871961 0.16456561
v 0.57928449 0.15871961 0.16956561
v 0.57922758 0.15871961 0.17456561
v 0.57930428 0.15871961 0.17956561
v 0.57928528 0.15871961 0.18456561
v 0.58214163 0.15871961 0.18716064
v 0.58214163 0.15871795 0.21456561
v 0.58213928 0.15871961 0.21456561
v 0.58214163 0.15871961 0.21456647
v 0.58063426 0.16371961 -0.00043439
v 0.58214163 0.16371961 -0.00168811
v 0.57914133 0.16371961 0.14956561
v 0.58214163 0.16371961 0.14668353
v 0.57900341 0.16371961 0.15456561
v 0.57919995 0.16371961 0.15956561
v 0.57919910 0.16371961 0.16456561
v 0.57916402 0.16371961 0.16956561
v 0.57928608 0.16371961 0.17456561
v 0.57921173 0.16371961 0.17956561
v 0.57938746 0.16371961 0.18456561
v 0.58214163 0.16371961 0.18715999
v 0.58214163 0.16371961 0.21319633
v 0.57728408 0.16371961 0.21456561
v 0.58214163 0.15872203 0.21456561
v 0.58111888 0.16871961 -0.00043439
v 0.58214163 0.16871961 -0.00104849
v 0.57896446 0.16871961 0.13956561
v 0.58214163 0.16871961 0.13658973
v 0.58214163 0.16584724 0.13956561
v 0.58214163 0.16583754 0.14456561
v 0.57904236 0.16871961 0.14456561
v 0.57915881 0.16871961 0.14956561
v 0.57914573 0.16871961 0.15456561
v 0.57921508 0.16871961 0.15956561
v 0.57923996 0.16871961 0.16456561
v 0.57929718 0.16871961 0.16956561
v 0.57913782 0.16871961 0.17456561
v 0.57922426 0.16871961 0.17956561
v 0.57926765 0.16871961 0.18456561
v 0.58214163 0.16871961 0.18719936
v 0.57825449 0.16871961 0.21456561
v 0.58214163 0.16871961 0.21405112
v 0.57967041 0.17371961 -0.00043439
v 0.58214163 0.17371961 -0.00145338
v 0.57907668 0.17371961 0.13956561
v 0.58214163 0.17371961 0.13671563
v 0.57903012 0.17371961 0.14456561
v 0.57895259 0.17371961 0.14956561
v 0.57913341 0.17371961 0.15456561
v 0.57919487 0.17371961 0.15956561
v 0.57924652 0.17371961 0.16456561
v 0.57920332 0.17371961 0.16956561
v 0.57918124 0.17371961 0.17456561
v 0.57933231 0.17371961 0.17956561
v 0.57942185 0.17371961 0.18456561
v 0.58214163 0.17371961 0.18718187
v 0.58214163 0.17371961 0.21224500
v 0.57938925 0.17871961 -0.00043439
v 0.58214163 0.17871961 -0.00175923
v 0.57892555 0.17871961 0.12456561
v 0.58214163 0.17871961 0.12158453
v 0.58214163 0.17563248 0.12456561
v 0.58214163 0.17582368 0.12956561
v 0.57890420 0.17871961 0.12956561
v 0.58214163 0.17586962 0.13456561
v 0.57893462 0.17871961 0.13456561
v 0.57899473 0.17871961 0.13956561
v 0.57904142 0.17871961 0.14456561
v 0.57912365 0.17871961 0.14956561
v 0.57911294 0.17871961 0.15456561
v 0.57921006 0.17871961 0.15956561
v 0.57908765 0.17871961 0.16456561
v 0.57926926 0.17871961 0.16956561
v 0.57922923 0.17871961 0.17456561
v 0.57927409 0.17871961 0.17956561
v 0.57942256 0.17871961 0.18456561
v 0.58214163 0.17871961 0.18713717
v 0.58214163 0.17871961 0.21378795
v 0.58214163 0.17984230 -0.00043439
v 0.58214163 0.18371961 0.00227532
v 0.57881263 0.18371961 0.12456561
v 0.58214163 0.18371961 0.12154318
v 0.57915881 0.18371961 0.12956561
v 0.57900726 0.18371961 0.13456561
v 0.57897919 0.18371961 0.13956561
v 0.57901682 0.18371961 0.14456561
v 0.57899280 0.18371961 0.14956561
v 0.57894662 0.18371961 0.15456561
v 0.57905544 0.18371961 0.15956561
v 0.57911742 0.18371961 0.16456561
v 0.57922923 0.18371961 0.16956561
v 0.57914133 0.18371961 0.17456561
v 0.57928528 0.18371961 0.17956561
v 0.57937780 0.18371961 0.18456561
v 0.58214163 0.18371961 0.18721297
v 0.58214163 0.18119691 0.21456561
v 0.57806534 0.18371961 0.21456561
v 0.58214163 0.18371961 0.21534234
v 0.58214163 0.18871961 0.00232945
v 0.57895259 0.18871961 0.12456561
v 0.58214163 0.18871961 0.12161035
v 0.57903860 0.18871961 0.12956561
v 0.57915533 0.18871961 0.13456561
v 0.57911830 0.18871961 0.13956561
v 0.57915708 0.18871961 0.14456561
v 0.57925550 0.18871961 0.14956561
v 0.57905730 0.18871961 0.15456561
v 0.57917179 0.18871961 0.15956561
v 0.57919147 0.18871961 0.16456561
v 0.57919910 0.18871961 0.16956561
v 0.57902063 0.18871961 0.17456561
v 0.57921090 0.18871961 0.17956561
v 0.57924078 0.18871961 0.18456561
v 0.58214163 0.18871961 0.18720683
v 0.58125145 0.18871961 0.21456561
v 0.58214163 0.18871961 0.21488505
v 0.58214163 0.19371961 0.00223506
v 0.58214163 0.19161554 0.12456561
v 0.57891237 0.19371961 0.12956561
v 0.58214163 0.19371961 0.12666969
v 0.57908126 0.19371961 0.13456561
v 0.57919487 0.19371961 0.13956561
v 0.57924897 0.19371961 0.14456561
v 0.57910846 0.19371961 0.14956561
v 0.57907300 0.19371961 0.15456561
v 0.57898795 0.19371961 0.15956561
v 0.57917610 0.19371961 0.16456561
v 0.57929956 0.19371961 0.16956561
v 0.57925387 0.19371961 0.17456561
v 0.57922758 0.19371961 0.17956561
v 0.57927730 0.19371961 0.18456561
v 0.58214163 0.19371961 0.18713977
v 0.58214163 0.19371961 0.21379095
v 0.58214163 0.18993391 0.21456561
v 0.58214163 0.19871961 0.00239983
v 0.57883520 0.19871961 0.12956561
v 0.58214163 0.19871961 0.12662731
v 0.57893059 0.19871961 0.13456561
v 0.57904611 0.19871961 0.13956561
v 0.57923584 0.19871961 0.14456561
v 0.57906008 0.19871961 0.14956561
v 0.57907576 0.19871961 0.15456561
v 0.57916229 0.19871961 0.15956561
v 0.57919656 0.19871961 0.16456561
v 0.57923171 0.19871961 0.16956561
v 0.57917524 0.19871961 0.17456561
v 0.57916834 0.19871961 0.17956561
v 0.57939412 0.19871961 0.18456561
v 0.58214163 0.19871961 0.18724485
v 0.58214163 0.19577129 0.21456561
v 0.58214163 0.19871961 0.21586328
v 0.58214163 0.20371961 0.00244041
v 0.58214163 0.20154289 0.12956561
v 0.58214163 0.20152816 0.13456561
v 0.58214163 0.20147525 0.13956561
v 0.58214163 0.20157278 0.14456561
v 0.58214163 0.20160494 0.14956561
v 0.58214163 0.20148195 0.15456561
v 0.58214163 0.20161882 0.15956561
v 0.58214163 0.20148420 0.16456561
v 0.58214163 0.20149694 0.16956561
v 0.58214163 0.20141292 0.17456561
v 0.58214163 0.20142574 0.17956561
v 0.58214163 0.20137178 0.18456561
v 0.58214163 0.20371961 0.21593463
v 0.58049681 0.20871961 -0.00043439
v 0.58214163 0.20707479 -0.00043439
v 0.58214163 0.20871961 -0.00339081
v 0.58214163 0.20871961 0.21659682
v 0.58010716 0.21371961 -0.00043439
v 0.58214163 0.21371961 -0.00419710
v 0.58214163 0.21371961 0.21602664
v 0.57956121 0.21871961 -0.00543438
v 0.58214163 0.21623253 -0.00543438
v 0.58214163 0.21871961 -0.00913457
v 0.58214163 0.21871961 0.21832155
v 0.57784191 0.22371961 -0.01043439
v 0.58214163 0.22040729 -0.01043439
v 0.58214163 0.22371961 -0.01162378
v 0.58214163 0.22371961 -0.00693549
v 0.58214163 0.22257826 -0.00543438
v 0.58214163 0.22371961 -0.00450960
v 0.58214163 0.22371961 0.21744157
v 0.58178466 0.22871961 -0.01043439
v 0.58214163 0.22871961 -0.01052358
v 0.58214163 0.22483141 -0.00543438
v 0.57926509 0.22871961 -0.00043439
v 0.58150621 0.22871961 0.08956561
v 0.58214163 0.22871961 0.08931148
v 0.58214163 0.22858076 0.08956561
v 0.58214163 0.22871961 0.08977305
v 0.58208010 0.22871961 0.09956561
v 0.58214163 0.22871961 0.09949965
v 0.58214163 0.22867273 0.09956561
v 0.58214163 0.22871961 0.09962899
v 0.58214163 0.22871961 0.21748183
v 0.58214163 0.22881939 -0.01043439
v 0.58214163 0.23212432 -0.00543438
v 0.57830049 0.23371961 -0.00043439
v 0.58214163 0.23190702 -0.00043439
v 0.58214163 0.23371961 0.00077876
v 0.58174448 0.23371961 0.03456562
v 0.58214163 0.23371961 0.03255319
v 0.58214163 0.23342527 0.03456562
v 0.58214163 0.23371961 0.03509978
v 0.58214163 0.23371961 0.04188169
v 0.58214163 0.23023676 0.04456562
v 0.58214163 0.23062721 0.04956562
v 0.58214163 0.23189783 0.05456562
v 0.58068131 0.23371961 0.05456562
v 0.58214163 0.23322318 0.05956562
v 0.58154849 0.23371961 0.05956562
v 0.58214163 0.23226684 0.06456562
v 0.58214163 0.23362785 0.06956561
v 0.58058675 0.23371961 0.06956561
v 0.58214163 0.23337089 0.07456561
v 0.58154357 0.23371961 0.07456561
v 0.57833304 0.23371961 0.07956561
v 0.58214163 0.23371961 0.07591198
v 0.58214163 0.23075052 0.08956561
v 0.58214163 0.23238724 0.09456561
v 0.57980634 0.23371961 0.09456561
v 0.58214163 0.23371961 0.09030734
v 0.58214163 0.23371961 0.10226591
v 0.57864276 0.23371961 0.10456561
v 0.57897984 0.23371961 0.11456561
v 0.58214163 0.23371961 0.11224561
v 0.58214163 0.23129892 0.11456561
v 0.58214163 0.23253523 0.11956561
v 0.57989890 0.23371961 0.11956561
v 0.58214163 0.23233999 0.12456561
v 0.57968765 0.23371961 0.12456561
v 0.58214163 0.23249182 0.12956561
v 0.58013247 0.23371961 0.12956561
v 0.58214163 0.23371961 0.13254817
v 0.58016165 0.23371961 0.13456561
v 0.58214163 0.23371961 0.13642377
v 0.58214163 0.23296772 0.13956561
v 0.58214163 0.23265468 0.14456561
v 0.57958513 0.23371961 0.14456561
v 0.58214163 0.23211155 0.14956561
v 0.57725473 0.23371961 0.14956561
v 0.58214163 0.23209320 0.15456561
v 0.57789521 0.23371961 0.15456561
v 0.58214163 0.23203390 0.15956561
v 0.58058555 0.23371961 0.16456561
v 0.58214163 0.23371961 0.16395877
v 0.58107723 0.23371961 0.17956561
v 0.58214163 0.23371961 0.17745458
v 0.58214163 0.23293363 0.17956561
v 0.58023795 0.23371961 0.18456561
v 0.58214163 0.23371961 0.18192845
v 0.58214163 0.23245361 0.18956561
v 0.58214163 0.23371961 0.18693847
v 0.57808270 0.23371961 0.18956561
v 0.58214163 0.23371961 0.19437921
v 0.58192197 0.23371961 0.19456561
v 0.58214163 0.23320201 0.19956561
v 0.58214163 0.23371961 0.19495935
v 0.58137077 0.23371961 0.19956561
v 0.58032978 0.23371961 0.20456561
v 0.58214163 0.23371961 0.20214149
v 0.58214163 0.23371961 0.21457404
v 0.57847419 0.23871962 -0.00043439
v 0.58214163 0.23757065 0.00456562
v 0.58214163 0.23871962 0.00683150
v 0.58214163 0.23871962 0.01098021
v 0.58214163 0.23694845 0.01456562
v 0.58214163 0.23621898 0.01956561
v 0.57883160 0.23871962 0.01956561
v 0.58214163 0.23822662 0.02456562
v 0.58214163 0.23442484 0.02956561
v 0.57822601 0.23871961 0.02956561
v 0.58214163 0.23438293 0.03956562
v 0.57743096 0.23871961 0.05456562
v 0.57715246 0.23871961 0.06956561
v 0.58214163 0.23404862 0.07956561
v 0.58214163 0.23396347 0.08456561
v 0.58214163 0.23381100 0.08956561
v 0.57767830 0.23871961 0.09956561
v 0.58214163 0.23422937 0.10456561
v 0.58214163 0.23418337 0.10956561
v 0.58214163 0.23423962 0.13456561
v 0.58214163 0.23410045 0.16456561
v 0.58214163 0.23523277 0.16956561
v 0.58214163 0.23551971 0.17456561
v 0.58214163 0.23487389 0.18456561
v 0.58214163 0.23382892 0.19456561
v 0.58214163 0.23457508 0.20456561
v 0.58214163 0.23485483 0.20956561
v 0.58214163 0.23373716 0.21456561
v 0.58214163 0.23931726 0.00956561
v 0.58649510 0.06371961 0.12956561
v 0.58714163 0.06324223 0.12956561
v 0.58714163 0.06371961 0.12841970
v 0.58714163 0.06371961 0.13054395
v 0.58310876 0.06371961 0.14956561
v 0.58714163 0.06327495 0.15456561
v 0.58714163 0.06371961 0.15353715
v 0.58634565 0.06371961 0.15456561
v 0.58527641 0.06371961 0.15956561
v 0.58714163 0.06279406 0.15956561
v 0.58714163 0.06371961 0.16306827
v 0.58545512 0.06871961 0.01456562
v 0.58714163 0.06790284 0.01456562
v 0.58714163 0.06871961 0.00976869
v 0.58416450 0.06871961 0.01956561
v 0.58714163 0.06676969 0.01956561
v 0.58714163 0.06871961 0.02207803
v 0.58532165 0.06871961 0.04956562
v 0.58714163 0.06699463 0.04956562
v 0.58714163 0.06871961 0.04700822
v 0.58714163 0.06871961 0.05177701
v 0.58691412 0.06871961 0.07456561
v 0.58714163 0.06861215 0.07456561
v 0.58714163 0.06871961 0.07450018
v 0.58530172 0.06871961 0.07956561
v 0.58714163 0.06649934 0.07956561
v 0.58529821 0.06871961 0.08456561
v 0.58714163 0.06801875 0.08456561
v 0.58370637 0.06871961 0.08956561
v 0.58714163 0.06871961 0.08763726
v 0.58502032 0.06871961 0.10456561
v 0.58714163 0.06676692 0.10456561
v 0.58714163 0.06871961 0.10159916
v 0.58510994 0.06871961 0.10956561
v 0.58714163 0.06759266 0.10956561
v 0.58509133 0.06871961 0.11456561
v 0.58714163 0.06871961 0.11131092
v 0.58246583 0.06871961 0.11956561
v 0.58714163 0.06871961 0.12287961
v 0.58714163 0.06824581 0.12456561
v 0.58243785 0.06871961 0.13456561
v 0.58714163 0.06693650 0.13456561
v 0.58714163 0.06679584 0.13956561
v 0.58714163 0.06675093 0.14456561
v 0.58612131 0.06871961 0.14956561
v 0.58714163 0.06871961 0.14831062
v 0.58714163 0.06564479 0.15456561
v 0.58571100 0.06871961 0.15456561
v 0.58714163 0.06871961 0.15571453
v 0.58714163 0.06523519 0.16456561
v 0.58584652 0.06871961 0.16956561
v 0.58714163 0.06871961 0.16799594
v 0.58714163 0.06871961 0.17117153
v 0.58714163 0.06567592 0.17456561
v 0.58419612 0.06871961 0.17456561
v 0.58714163 0.06591169 0.17956561
v 0.58714163 0.06527493 0.18456561
v 0.58714163 0.06428014 0.18956561
v 0.58589880 0.06871961 0.19456561
v 0.58714163 0.06871961 0.19330802
v 0.58714163 0.06871961 0.19788469
v 0.58714163 0.06831597 0.19956561
v 0.58714163 0.06651025 0.20456561
v 0.58714163 0.06748164 0.20956561
v 0.58714163 0.06871961 0.21077481
v 0.58714163 0.06878718 0.00956561
v 0.58714163 0.07371961 0.00659419
v 0.58714163 0.07136244 0.02456562
v 0.58714163 0.07037772 0.02956561
v 0.58714163 0.06906996 0.03456562
v 0.58714163 0.07117459 0.03956562
v 0.58714163 0.07176251 0.04456562
v 0.58714163 0.07115538 0.05456562
v 0.58714163 0.07259267 0.05956562
v 0.58598989 0.07371961 0.06456562
v 0.58714163 0.07371961 0.06273640
v 0.58714163 0.07371961 0.06588026
v 0.58714163 0.07238530 0.06956561
v 0.58714163 0.06958695 0.08956561
v 0.58714163 0.06944459 0.09456561
v 0.58714163 0.06965937 0.09956561
v 0.58714163 0.07030196 0.11456561
v 0.58714163 0.06950269 0.11956561
v 0.58714163 0.06931684 0.14956561
v 0.58714163 0.06939442 0.15456561
v 0.58714163 0.06949084 0.16956561
v 0.58714163 0.06973575 0.19456561
v 0.58714163 0.07371961 0.19547696
v 0.58714163 0.06885955 0.19956561
v 0.58714163 0.06964114 0.20456561
v 0.58714163 0.07371961 0.20843049
v 0.58714163 0.07371961 0.21234069
v 0.58714163 0.07527152 0.00456562
v 0.58714163 0.07871961 0.00338794
v 0.58714163 0.07431633 0.06456562
v 0.58714163 0.07871961 0.19623445
v 0.58714163 0.07871961 0.20798465
v 0.58714163 0.07720849 0.21456561
v 0.58714163 0.07871961 0.21499665
v 0.58714163 0.08371961 0.00291202
v 0.58714163 0.08181326 0.19956561
v 0.58714163 0.08177086 0.20456561
v 0.58714163 0.08371961 0.21524204
v 0.58714163 0.08871961 0.00252772
v 0.58714163 0.08871961 0.21546068
v 0.58714163 0.09181982 -0.00043439
v 0.58714163 0.09371961 -0.00301563
v 0.58714163 0.09371961 0.21609103
v 0.58714163 0.09871961 -0.00311314
v 0.58714163 0.09871961 0.21534049
v 0.58714163 0.10371961 -0.00331294
v 0.58714163 0.10371961 0.21612695
v 0.58714163 0.10871961 -0.00325912
v 0.58714163 0.10871961 0.17191688
v 0.58714163 0.10591182 0.17456561
v 0.58714163 0.10602559 0.17956561
v 0.58714163 0.10615384 0.18456561
v 0.58714163 0.10871961 0.18722951
v 0.58714163 0.10871961 0.21533069
v 0.58339433 0.11371961 -0.00043439
v 0.58714163 0.11371961 -0.00288829
v 0.58714163 0.11371961 0.17187230
v 0.58714163 0.11371961 0.18725751
v 0.58516228 0.11371961 0.21456561
v 0.58714163 0.11371961 0.21382030
v 0.58714163 0.11091648 0.21456561
v 0.58269568 0.11871961 -0.00043439
v 0.58714163 0.11871961 -0.00241201
v 0.58714163 0.11871961 0.17189963
v 0.58714163 0.11871961 0.18723784
v 0.58714163 0.11586882 0.21456561
v 0.58714163 0.11871961 0.21587811
v 0.58714163 0.12034897 -0.00043439
v 0.58714163 0.12371961 0.00225752
v 0.58714163 0.12371961 0.17190724
v 0.58714163 0.12371961 0.18717920
v 0.58714163 0.12371961 0.21481405
v 0.58714163 0.12871961 0.00224344
v 0.58714163 0.12871961 0.17180625
v 0.58714163 0.12871961 0.18717786
v 0.58714163 0.12871961 0.21567727
v 0.58714163 0.13371961 0.00222122
v 0.58714163 0.13371961 0.15182397
v 0.58714163 0.13099983 0.15456561
v 0.58714163 0.13101133 0.15956561
v 0.58714163 0.13103547 0.16456561
v 0.58714163 0.13096025 0.16956561
v 0.58714163 0.13371961 0.18715081
v 0.58714163 0.13371961 0.21530651
v 0.58714163 0.13871961 0.00216526
v 0.58714163 0.13871961 0.15181810
v 0.58714163 0.13871961 0.18723924
v 0.58453476 0.13871961 0.21456561
v 0.58714163 0.13871961 0.21532885
v 0.58714163 0.14371961 0.00216526
v 0.58714163 0.14371961 0.14675397
v 0.58714163 0.14097209 0.14956561
v 0.58714163 0.14371961 0.18709714
v 0.58714163 0.14371961 0.21392852
v 0.58714163 0.14102853 0.21456561
v 0.58714163 0.14871961 0.00216856
v 0.58714163 0.14871961 0.14679355
v 0.58714163 0.14871961 0.18706561
v 0.58714163 0.14871961 0.21432611
v 0.58714163 0.15371961 0.00214042
v 0.58714163 0.15371961 0.14699598
v 0.58714163 0.15371961 0.18704503
v 0.58714163 0.15371961 0.21352552
v 0.58544123 0.15871961 -0.00543438
v 0.58714163 0.15773176 -0.00543438
v 0.58714163 0.15871961 -0.00642224
v 0.58714163 0.15694888 -0.00043439
v 0.58714163 0.15871961 0.14687654
v 0.58714163 0.15871961 0.18711732
v 0.58214595 0.15871961 0.21456561
v 0.58714163 0.15871961 0.21362224
v 0.58705441 0.16371961 -0.00543438
v 0.58714163 0.16371961 -0.00548292
v 0.58714163 0.16371961 0.14683421
v 0.58714163 0.16371961 0.18708841
v 0.58714163 0.16371961 0.21359513
v 0.58714163 0.16381600 -0.00543438
v 0.58714163 0.16871961 -0.00296878
v 0.58714163 0.16871961 0.13680625
v 0.58714163 0.16593473 0.13956561
v 0.58714163 0.16598821 0.14456561
v 0.58714163 0.16871961 0.18712370
v 0.58714163 0.16871961 0.21396081
v 0.58714163 0.17371961 -0.00258840
v 0.58714163 0.17371961 0.13696067
v 0.58714163 0.17371961 0.18721985
v 0.58714163 0.17371961 0.21346738
v 0.58714163 0.17871961 -0.00394412
v 0.58714163 0.17871961 0.12182251
v 0.58714163 0.17590101 0.12456561
v 0.58714163 0.17596841 0.12956561
v 0.58714163 0.17611468 0.13456561
v 0.58714163 0.17871961 0.18728540
v 0.58714163 0.17827657 0.21456561
v 0.58641523 0.17871961 0.21456561
v 0.58714163 0.17871961 0.21473327
v 0.58714163 0.18051160 -0.00043439
v 0.58714163 0.18371961 0.00211098
v 0.58714163 0.18371961 0.12182398
v 0.58714163 0.18371961 0.18738811
v 0.58714163 0.18371961 0.21390548
v 0.58479863 0.18371961 0.21456561
v 0.58714163 0.17951541 0.21456561
v 0.58714163 0.18871961 0.00217719
v 0.58714163 0.18871961 0.12198237
v 0.58714163 0.18871961 0.18724343
v 0.58714163 0.18535732 0.21456561
v 0.58714163 0.18871961 0.21617675
v 0.58714163 0.19371961 0.00212498
v 0.58714163 0.19146860 0.12456561
v 0.58714163 0.19371961 0.12681662
v 0.58714163 0.19371961 0.18722328
v 0.58433466 0.19371961 0.21456561
v 0.58714163 0.19371961 0.21600648
v 0.58714163 0.19871961 0.00215082
v 0.58714163 0.19871961 0.12688428
v 0.58714163 0.19871961 0.18714367
v 0.58714163 0.19871961 0.21610753
v 0.58714163 0.20371961 0.00219462
v 0.58714163 0.20128217 0.12956561
v 0.58714163 0.20139046 0.13456561
v 0.58714163 0.20132389 0.13956561
v 0.58714163 0.20131662 0.14456561
v 0.58714163 0.20137247 0.14956561
v 0.58714163 0.20138280 0.15456561
v 0.58714163 0.20129507 0.15956561
v 0.58714163 0.20126119 0.16456561
v 0.58714163 0.20131861 0.16956561
v 0.58714163 0.20136903 0.17456561
v 0.58714163 0.20131861 0.17956561
v 0.58714163 0.20118828 0.18456561
v 0.58714163 0.20371961 0.21695047
v 0.58714163 0.20684156 -0.00043439
v 0.58714163 0.20871961 -0.00294559
v 0.58714163 0.20871961 0.21725051
v 0.58540549 0.21371961 -0.00543438
v 0.58714163 0.21288187 -0.00543438
v 0.58714163 0.21371961 -0.00597008
v 0.58714163 0.21371961 0.21712375
v 0.58338365 0.21871961 -0.01043439
v 0.58714163 0.21776066 -0.01043439
v 0.58714163 0.21871961 -0.01302155
v 0.58714163 0.21871961 0.21767518
v 0.58714163 0.22371961 -0.01203950
v 0.58432837 0.22371961 -0.00543438
v 0.58714163 0.22371961 0.21760194
v 0.58714163 0.22769911 -0.01043439
v 0.58340037 0.22871961 -0.01043439
v 0.58714163 0.22871961 -0.00901434
v 0.58259308 0.22871961 0.08956561
v 0.58221445 0.22871961 0.09956561
v 0.58714163 0.22871961 0.21708966
v 0.58714163 0.23371961 -0.00583358
v 0.58506930 0.23371961 -0.00543438
v 0.58714163 0.23371961 -0.00327951
v 0.58714163 0.23004719 -0.00043439
v 0.58714163 0.23371961 0.00096393
v 0.58603479 0.23371961 0.02456562
v 0.58714163 0.23371961 0.02286631
v 0.58714163 0.23310757 0.02456562
v 0.58714163 0.23331791 0.02956561
v 0.58466788 0.23371961 0.02956561
v 0.58309337 0.23371961 0.03456562
v 0.58714163 0.23371961 0.03083918
v 0.58634492 0.23371961 0.03956562
v 0.58714163 0.23371961 0.03820847
v 0.58714163 0.23329052 0.03956562
v 0.58714163 0.23210098 0.04456562
v 0.58714163 0.23306307 0.04956562
v 0.58714163 0.23285202 0.05456562
v 0.58714163 0.23175642 0.05956562
v 0.58714163 0.23151251 0.06456562
v 0.58714163 0.22966504 0.06956561
v 0.58714163 0.23153631 0.07456561
v 0.58714163 0.23088760 0.07956561
v 0.58319647 0.23371961 0.07956561
v 0.58714163 0.23145076 0.08456561
v 0.58327188 0.23371961 0.08456561
v 0.58714163 0.23160698 0.08956561
v 0.58296908 0.23371961 0.08956561
v 0.58714163 0.23205503 0.09456561
v 0.58681879 0.23371961 0.09956561
v 0.58714163 0.23371961 0.09913385
v 0.58675158 0.23371961 0.10456561
v 0.58714163 0.23356983 0.10456561
v 0.58714163 0.23371961 0.10201186
v 0.58714163 0.23257133 0.10956561
v 0.58511359 0.23371961 0.10956561
v 0.58714163 0.23058706 0.11456561
v 0.58714163 0.23096205 0.11956561
v 0.58714163 0.23096164 0.12456561
v 0.58511015 0.23371961 0.12956561
v 0.58714163 0.23371961 0.12815901
v 0.58714163 0.23269161 0.13456561
v 0.58714163 0.23371961 0.13191665
v 0.58447816 0.23371961 0.13456561
v 0.58714163 0.23371961 0.13907542
v 0.58680025 0.23371961 0.13956561
v 0.58447118 0.23371961 0.14456561
v 0.58585297 0.23371961 0.14956561
v 0.58556309 0.23371961 0.15456561
v 0.58714163 0.23371961 0.15846010
v 0.58714163 0.23333559 0.15956561
v 0.58714163 0.23331356 0.16456561
v 0.58439379 0.23371961 0.16456561
v 0.58714163 0.23371961 0.16624637
v 0.58405256 0.23371961 0.17956561
v 0.58458596 0.23371961 0.18956561
v 0.58332449 0.23371961 0.19956561
v 0.58714163 0.23371961 0.21579076
v 0.58714163 0.23515455 -0.00543438
v 0.58383575 0.23871962 0.00456562
v 0.58714163 0.23871962 0.00223318
v 0.58391551 0.23871962 0.00956561
v 0.58714163 0.23871962 0.00691902
v 0.58714163 0.23758789 0.00956561
v 0.58714163 0.23615259 0.01456562
v 0.58714163 0.23600882 0.01956561
v 0.58714163 0.23492222 0.03456562
v 0.58714163 0.23376520 0.09956561
v 0.58714163 0.23434524 0.12956561
v 0.58714163 0.23382577 0.13956561
v 0.58714163 0.23542560 0.14456561
v 0.58714163 0.23423116 0.14956561
v 0.58714163 0.23491844 0.15456561
v 0.58714163 0.23455999 0.16956561
v 0.58714163 0.23479686 0.17456561
v 0.58714163 0.23629528 0.17956561
v 0.58714163 0.23693355 0.18456561
v 0.58714163 0.23536315 0.18956561
v 0.58714163 0.23759596 0.19456561
v 0.58714163 0.23785242 0.19956561
v 0.58714163 0.23645506 0.20456561
v 0.58714163 0.23469787 0.20956561
v 0.58714163 0.23720322 0.21456561
v 0.58714163 0.23956703 0.00456562
v 0.59186522 0.06371961 0.07456561
v 0.59214163 0.06348858 0.07456561
v 0.59214163 0.06371961 0.07405684
v 0.59214163 0.06371961 0.07475859
v 0.58818570 0.06371961 0.12956561
v 0.58769765 0.06371961 0.15456561
v 0.58845904 0.06371961 0.15956561
v 0.58812125 0.06871961 0.01456562
v 0.58898875 0.06871961 0.01956561
v 0.59055642 0.06871961 0.02956561
v 0.59214163 0.06806850 0.02956561
v 0.59214163 0.06871961 0.02806467
v 0.59214163 0.06871961 0.03047677
v 0.59132749 0.06871961 0.03956562
v 0.59214163 0.06837640 0.03956562
v 0.59214163 0.06871961 0.03913789
v 0.59214163 0.06871961 0.04038975
v 0.58848038 0.06871961 0.04956562
v 0.59214163 0.06871961 0.07452236
v 0.59214163 0.06871961 0.07471208
v 0.58974381 0.06871961 0.07956561
v 0.58845782 0.06871961 0.08456561
v 0.59032579 0.06871961 0.10456561
v 0.58836668 0.06871961 0.10956561
v 0.58810380 0.06871961 0.12456561
v 0.58970126 0.06871961 0.12956561
v 0.59214163 0.06674403 0.13456561
v 0.59214163 0.06871961 0.13090797
v 0.58920298 0.06871961 0.13956561
v 0.59214163 0.06871961 0.13704034
v 0.59001457 0.06871961 0.14456561
v 0.59214163 0.06864767 0.15956561
v 0.59214163 0.06871961 0.15925136
v 0.58981922 0.06871961 0.16456561
v 0.59214163 0.06871961 0.15979402
v 0.59214163 0.06871961 0.16668870
v 0.59214163 0.06692807 0.16956561
v 0.58854276 0.06871961 0.16956561
v 0.59214163 0.06773902 0.17456561
v 0.59051666 0.06871961 0.17956561
v 0.59214163 0.06871961 0.17604652
v 0.59214163 0.06871961 0.18424148
v 0.59214163 0.06861828 0.18456561
v 0.59214163 0.06729722 0.18956561
v 0.59214163 0.06871961 0.19355911
v 0.58876584 0.06871961 0.19956561
v 0.59118489 0.06871961 0.20456561
v 0.58933475 0.06871961 0.20956561
v 0.59214163 0.07094605 0.00956561
v 0.59214163 0.07371961 0.00853675
v 0.59214163 0.07143060 0.01456562
v 0.59214163 0.07287959 0.01956561
v 0.59214163 0.07224069 0.02456562
v 0.59069558 0.07123945 0.02725156
v 0.59214163 0.07067799 0.02956561
v 0.59082426 0.07371961 0.02956561
v 0.59214163 0.07371961 0.02649897
v 0.59003866 0.07104045 0.03294061
v 0.59214163 0.07327834 0.03456562
v 0.59214163 0.07371961 0.03347285
v 0.59214163 0.07019975 0.04456562
v 0.59214163 0.07186553 0.04956562
v 0.59214163 0.07228076 0.05456562
v 0.59214163 0.07190131 0.05956562
v 0.58835218 0.07371961 0.06456562
v 0.59214163 0.07212535 0.06456562
v 0.59214163 0.07253299 0.06956561
v 0.59214163 0.07086397 0.07956561
v 0.59214163 0.07110530 0.08456561
v 0.59214163 0.06908662 0.08956561
v 0.59214163 0.07119867 0.09456561
v 0.59214163 0.07126437 0.09956561
v 0.59214163 0.07106981 0.10456561
v 0.59214163 0.07073183 0.10956561
v 0.59214163 0.07142294 0.11456561
v 0.59214163 0.07136573 0.11956561
v 0.59214163 0.07186857 0.12456561
v 0.59214163 0.07023098 0.12956561
v 0.59214163 0.07153649 0.13956561
v 0.59214163 0.07182621 0.14456561
v 0.59214163 0.07303702 0.14956561
v 0.59214163 0.06981098 0.15456561
v 0.59214163 0.06997950 0.16456561
v 0.59214163 0.07002629 0.17956561
v 0.59214163 0.06914369 0.19456561
v 0.59214163 0.07371961 0.19522802
v 0.59214163 0.07301923 0.20956561
v 0.59214163 0.07371961 0.20947717
v 0.59214163 0.07371961 0.20982227
v 0.59214163 0.07689488 0.00456562
v 0.59214163 0.07871961 0.00362158
v 0.59214163 0.07480398 0.02956561
v 0.59214163 0.07871961 0.19614486
v 0.59214163 0.07871961 0.20847177
v 0.58891139 0.07871961 0.21456561
v 0.59214163 0.07871961 0.21256902
v 0.59214163 0.07971022 0.00456562
v 0.58879522 0.08371961 0.00456562
v 0.59214163 0.07951686 0.00956561
v 0.58879358 0.08371961 0.00956561
v 0.59214163 0.08371961 0.01302742
v 0.59214163 0.08192562 0.19956561
v 0.59214163 0.08195295 0.20456561
v 0.59146596 0.08371961 0.21456561
v 0.59214163 0.08371961 0.21434247
v 0.58917952 0.08871961 0.00456562
v 0.58905264 0.08871961 0.00956561
v 0.59214163 0.08871961 0.01271832
v 0.59214163 0.08442194 0.21456561
v 0.59214163 0.08871961 0.21534327
v 0.59214163 0.09178640 -0.00043439
v 0.59214163 0.09371961 -0.00325624
v 0.59214163 0.09158796 0.00456562
v 0.59214163 0.09163782 0.00956561
v 0.59214163 0.09371961 0.21532089
v 0.59214163 0.09871961 -0.00325080
v 0.58972192 0.09871961 0.21456561
v 0.59214163 0.09871961 0.21381219
v 0.59214163 0.09627842 0.21456561
v 0.59214163 0.10371961 -0.00275694
v 0.59214163 0.10252320 0.21456561
v 0.59214163 0.10371961 0.21488728
v 0.59214163 0.10586406 -0.00043439
v 0.58910125 0.10871961 -0.00043439
v 0.59214163 0.10871961 0.00209464
v 0.58921926 0.10871961 0.12956561
v 0.59214163 0.10871961 0.12685087
v 0.59214163 0.10602770 0.12956561
v 0.59214163 0.10604248 0.13456561
v 0.58917609 0.10871961 0.13456561
v 0.59214163 0.10600271 0.13956561
v 0.58919571 0.10871961 0.13956561
v 0.59214163 0.10617045 0.14456561
v 0.58932613 0.10871961 0.14456561
v 0.59214163 0.10606194 0.14956561
v 0.58932613 0.10871961 0.14956561
v 0.59214163 0.10595205 0.15456561
v 0.58939853 0.10871961 0.15456561
v 0.59214163 0.10615384 0.15956561
v 0.58932999 0.10871961 0.15956561
v 0.59214163 0.10615191 0.16456561
v 0.58937106 0.10871961 0.16456561
v 0.59214163 0.10617172 0.16956561
v 0.58949290 0.10871961 0.16956561
v 0.59214163 0.10615512 0.17456561
v 0.59214163 0.10611799 0.17956561
v 0.59214163 0.10618495 0.18456561
v 0.59214163 0.10871961 0.18713138
v 0.58974312 0.10871961 0.21456561
v 0.59214163 0.10871961 0.21398801
v 0.59214163 0.10522461 0.21456561
v 0.58882341 0.11371961 -0.00043439
v 0.59214163 0.11371961 0.00201070
v 0.58913517 0.11371961 0.12956561
v 0.59214163 0.11371961 0.12687936
v 0.58923666 0.11371961 0.13456561
v 0.58929956 0.11371961 0.13956561
v 0.58925469 0.11371961 0.14456561
v 0.58930428 0.11371961 0.14956561
v 0.58931836 0.11371961 0.15456561
v 0.58943693 0.11371961 0.15956561
v 0.58935751 0.11371961 0.16456561
v 0.58944831 0.11371961 0.16956561
v 0.59214163 0.11371961 0.18710278
v 0.58909114 0.11371961 0.21456561
v 0.59214163 0.11029912 0.21456561
v 0.59214163 0.11371961 0.21587428
v 0.58877099 0.11871961 -0.00043439
v 0.59214163 0.11627453 0.00456562
v 0.58960383 0.11871961 0.00456562
v 0.59214163 0.11616472 0.00956561
v 0.58943334 0.11871961 0.00956561
v 0.59214163 0.11620734 0.01456562
v 0.58937181 0.11871961 0.01456562
v 0.59214163 0.11608992 0.01956561
v 0.58932534 0.11871961 0.01956561
v 0.59214163 0.11611468 0.02456562
v 0.58932302 0.11871961 0.02456562
v 0.59214163 0.11609598 0.02956561
v 0.58927969 0.11871961 0.02956561
v 0.59214163 0.11607566 0.03456562
v 0.58922840 0.11871961 0.03456562
v 0.59214163 0.11599113 0.03956562
v 0.58932380 0.11871961 0.03956562
v 0.59214163 0.11611666 0.04456562
v 0.58927569 0.11871961 0.04456562
v 0.59214163 0.11611666 0.04956562
v 0.58931055 0.11871961 0.04956562
v 0.59214163 0.11604528 0.05456562
v 0.58920669 0.11871961 0.05456562
v 0.59214163 0.11596693 0.05956562
v 0.58922840 0.11871961 0.05956562
v 0.59214163 0.11599910 0.06456562
v 0.58915621 0.11871961 0.06456562
v 0.59214163 0.11590720 0.06956561
v 0.58928608 0.11871961 0.06956561
v 0.59214163 0.11594980 0.07456561
v 0.58916489 0.11871961 0.07456561
v 0.59214163 0.11597209 0.07956561
v 0.58903200 0.11871961 0.07956561
v 0.59214163 0.11587280 0.08456561
v 0.58923088 0.11871961 0.08456561
v 0.59214163 0.11591259 0.08956561
v 0.58915446 0.11871961 0.08956561
v 0.59214163 0.11592561 0.09456561
v 0.58914133 0.11871961 0.09456561
v 0.59214163 0.11592790 0.09956561
v 0.58915011 0.11871961 0.09956561
v 0.59214163 0.11598894 0.10456561
v 0.58923088 0.11871961 0.10456561
v 0.59214163 0.11598749 0.10956561
v 0.58921675 0.11871961 0.10956561
v 0.59214163 0.11601490 0.11456561
v 0.58912276 0.11871961 0.11456561
v 0.59214163 0.11587516 0.11956561
v 0.58924324 0.11871961 0.11956561
v 0.59214163 0.11603336 0.12456561
v 0.58928449 0.11871961 0.12456561
v 0.58912454 0.11871961 0.12956561
v 0.58920754 0.11871961 0.13456561
v 0.58923501 0.11871961 0.13956561
v 0.58937481 0.11871961 0.14456561
v 0.58936957 0.11871961 0.14956561
v 0.58928768 0.11871961 0.15456561
v 0.58947774 0.11871961 0.15956561
v 0.58944619 0.11871961 0.16456561
v 0.58947566 0.11871961 0.16956561
v 0.59214163 0.11871961 0.18709651
v 0.59214163 0.11871961 0.21649520
v 0.58944972 0.12371961 0.00456562
v 0.58940950 0.12371961 0.00956561
v 0.58939706 0.12371961 0.01456562
v 0.58946660 0.12371961 0.01956561
v 0.58948327 0.12371961 0.02456562
v 0.58943692 0.12371961 0.02956561
v 0.58945044 0.12371961 0.03456562
v 0.58938227 0.12371961 0.03956562
v 0.58918977 0.12371961 0.04456562
v 0.58919402 0.12371961 0.04956562
v 0.58925794 0.12371961 0.05456562
v 0.58934763 0.12371961 0.05956562
v 0.58916921 0.12371961 0.06456562
v 0.58925060 0.12371961 0.06956561
v 0.58913163 0.12371961 0.07456561
v 0.58915360 0.12371961 0.07956561
v 0.58932303 0.12371961 0.08456561
v 0.58929876 0.12371961 0.08956561
v 0.58921089 0.12371961 0.09456561
v 0.58912187 0.12371961 0.09956561
v 0.58906008 0.12371961 0.10456561
v 0.58911025 0.12371961 0.10956561
v 0.58924979 0.12371961 0.11456561
v 0.58910576 0.12371961 0.11956561
v 0.58942401 0.12371961 0.12456561
v 0.58938820 0.12371961 0.12956561
v 0.58921759 0.12371961 0.13456561
v 0.58941895 0.12371961 0.13956561
v 0.58939264 0.12371961 0.14456561
v 0.58933461 0.12371961 0.14956561
v 0.58937929 0.12371961 0.15456561
v 0.58938746 0.12371961 0.15956561
v 0.58940147 0.12371961 0.16456561
v 0.58948327 0.12371961 0.16956561
v 0.59214163 0.12371961 0.18717388
v 0.59214163 0.12371961 0.21578037
v 0.58946381 0.12871961 0.00456562
v 0.58928926 0.12871961 0.00956561
v 0.58947148 0.12871961 0.01456562
v 0.58945326 0.12871961 0.01956561
v 0.58939558 0.12871961 0.02456562
v 0.58927167 0.12871961 0.02956561
v 0.58930270 0.12871961 0.03456562
v 0.58925713 0.12871961 0.03956562
v 0.58921508 0.12871961 0.04456562
v 0.58926441 0.12871961 0.04956562
v 0.58919910 0.12871961 0.05456562
v 0.58930663 0.12871961 0.05956562
v 0.58921508 0.12871961 0.06456562
v 0.58923913 0.12871961 0.06956561
v 0.58915360 0.12871961 0.07456561
v 0.58912276 0.12871961 0.07956561
v 0.58911920 0.12871961 0.08456561
v 0.58919910 0.12871961 0.08956561
v 0.58924324 0.12871961 0.09456561
v 0.58927007 0.12871961 0.09956561
v 0.58913870 0.12871961 0.10456561
v 0.58918466 0.12871961 0.10956561
v 0.58922840 0.12871961 0.11456561
v 0.58935523 0.12871961 0.11956561
v 0.58930428 0.12871961 0.12456561
v 0.58938227 0.12871961 0.12956561
v 0.58935523 0.12871961 0.13456561
v 0.58938524 0.12871961 0.13956561
v 0.58942473 0.12871961 0.14456561
v 0.58929956 0.12871961 0.14956561
v 0.58942185 0.12871961 0.15456561
v 0.58943335 0.12871961 0.15956561
v 0.58945749 0.12871961 0.16456561
v 0.58938227 0.12871961 0.16956561
v 0.59214163 0.12871961 0.18713977
v 0.59214163 0.12871961 0.21522995
v 0.58948603 0.13371961 0.00456562
v 0.58953802 0.13371961 0.00956561
v 0.58938523 0.13371961 0.01456562
v 0.58938968 0.13371961 0.01956561
v 0.58942112 0.13371961 0.02456562
v 0.58914923 0.13371961 0.02956561
v 0.58935448 0.13371961 0.03456562
v 0.58932844 0.13371961 0.03956562
v 0.58918977 0.13371961 0.04456562
v 0.58913428 0.13371961 0.04956562
v 0.58925305 0.13371961 0.05456562
v 0.58930742 0.13371961 0.05956562
v 0.58938820 0.13371961 0.06456562
v 0.58934992 0.13371961 0.06956561
v 0.58920417 0.13371961 0.07456561
v 0.58909673 0.13371961 0.07956561
v 0.58917351 0.13371961 0.08456561
v 0.58925387 0.13371961 0.08956561
v 0.58923913 0.13371961 0.09456561
v 0.58913075 0.13371961 0.09956561
v 0.58907943 0.13371961 0.10456561
v 0.58908765 0.13371961 0.10956561
v 0.58929403 0.13371961 0.11456561
v 0.58934763 0.13371961 0.11956561
v 0.58934916 0.13371961 0.12456561
v 0.58933846 0.13371961 0.12956561
v 0.58928767 0.13371961 0.13456561
v 0.58927489 0.13371961 0.13956561
v 0.58939042 0.13371961 0.14456561
v 0.58940000 0.13371961 0.14956561
v 0.59214163 0.13371961 0.18716262
v 0.59214163 0.13371961 0.21562887
v 0.58954199 0.13871961 0.00456562
v 0.58954000 0.13871961 0.00956561
v 0.58943334 0.13871961 0.01456562
v 0.58940146 0.13871961 0.01956561
v 0.58943191 0.13871961 0.02456562
v 0.58940000 0.13871961 0.02956561
v 0.58936129 0.13871961 0.03456562
v 0.58936581 0.13871961 0.03956562
v 0.58925142 0.13871961 0.04456562
v 0.58931446 0.13871961 0.04956562
v 0.58930428 0.13871961 0.05456562
v 0.58918038 0.13871961 0.05956562
v 0.58917265 0.13871961 0.06456562
v 0.58931055 0.13871961 0.06956561
v 0.58916921 0.13871961 0.07456561
v 0.58930663 0.13871961 0.07956561
v 0.58927969 0.13871961 0.08456561
v 0.58922259 0.13871961 0.08956561
v 0.58920248 0.13871961 0.09456561
v 0.58933153 0.13871961 0.09956561
v 0.58917524 0.13871961 0.10456561
v 0.58933846 0.13871961 0.10956561
v 0.58924324 0.13871961 0.11456561
v 0.58927408 0.13871961 0.11956561
v 0.58924815 0.13871961 0.12456561
v 0.58937407 0.13871961 0.12956561
v 0.58935144 0.13871961 0.13456561
v 0.58927087 0.13871961 0.13956561
v 0.58932069 0.13871961 0.14456561
v 0.58939411 0.13871961 0.14956561
v 0.59214163 0.13871961 0.18720410
v 0.59214163 0.13871961 0.21575382
v 0.58954199 0.14371961 0.00456562
v 0.58941749 0.14371961 0.00956561
v 0.58937181 0.14371961 0.01456562
v 0.58939779 0.14371961 0.01956561
v 0.58941315 0.14371961 0.02456562
v 0.58939779 0.14371961 0.02956561
v 0.58931992 0.14371961 0.03456562
v 0.58921592 0.14371961 0.03956562
v 0.58926037 0.14371961 0.04456562
v 0.58931133 0.14371961 0.04956562
v 0.58921424 0.14371961 0.05456562
v 0.58922674 0.14371961 0.05956562
v 0.59214163 0.14371961 0.06229628
v 0.59214163 0.14145028 0.06456562
v 0.59214163 0.14148569 0.06956561
v 0.59214163 0.14148717 0.07456561
v 0.58922341 0.14371961 0.07956561
v 0.59214163 0.14371961 0.07679805
v 0.58922425 0.14371961 0.08456561
v 0.58928608 0.14371961 0.08956561
v 0.58920248 0.14371961 0.09456561
v 0.58932534 0.14371961 0.09956561
v 0.58920754 0.14371961 0.10456561
v 0.58924652 0.14371961 0.10956561
v 0.58919062 0.14371961 0.11456561
v 0.58922425 0.14371961 0.11956561
v 0.58931055 0.14371961 0.12456561
v 0.58938153 0.14371961 0.12956561
v 0.58941097 0.14371961 0.13456561
v 0.58923996 0.14371961 0.13956561
v 0.58932999 0.14371961 0.14456561
v 0.59214163 0.14371961 0.18724205
v 0.59214163 0.14371961 0.21312291
v 0.59214163 0.14022970 0.21456561
v 0.58953868 0.14871961 0.00456562
v 0.58942401 0.14871961 0.00956561
v 0.58947287 0.14871961 0.01456562
v 0.58930585 0.14871961 0.01956561
v 0.58937406 0.14871961 0.02456562
v 0.58930113 0.14871961 0.02956561
v 0.58929481 0.14871961 0.03456562
v 0.58940732 0.14871961 0.03956562
v 0.58933538 0.14871961 0.04456562
v 0.58932999 0.14871961 0.04956562
v 0.58929482 0.14871961 0.05456562
v 0.58923831 0.14871961 0.05956562
v 0.59214163 0.14871961 0.06226177
v 0.58921508 0.14871961 0.07956561
v 0.59214163 0.14871961 0.07682911
v 0.58915794 0.14871961 0.08456561
v 0.58927007 0.14871961 0.08956561
v 0.58925956 0.14871961 0.09456561
v 0.58941169 0.14871961 0.09956561
v 0.58924324 0.14871961 0.10456561
v 0.58932147 0.14871961 0.10956561
v 0.58936054 0.14871961 0.11456561
v 0.58931133 0.14871961 0.11956561
v 0.58936204 0.14871961 0.12456561
v 0.58941532 0.14871961 0.12956561
v 0.58937032 0.14871961 0.13456561
v 0.58938078 0.14871961 0.13956561
v 0.58936957 0.14871961 0.14456561
v 0.59214163 0.14871961 0.18714690
v 0.59214163 0.14871961 0.21404498
v 0.58956682 0.15371961 0.00456562
v 0.58952604 0.15371961 0.00956561
v 0.58945748 0.15371961 0.01456562
v 0.58931602 0.15371961 0.01956561
v 0.58929797 0.15371961 0.02456562
v 0.58936053 0.15371961 0.02956561
v 0.58927810 0.15371961 0.03456562
v 0.58934458 0.15371961 0.03956562
v 0.58933615 0.15371961 0.04456562
v 0.58920332 0.15371961 0.04956562
v 0.58900341 0.15371961 0.05456562
v 0.58911294 0.15371961 0.05956562
v 0.59214163 0.15371961 0.06241798
v 0.58916228 0.15371961 0.07956561
v 0.59214163 0.15371961 0.07681441
v 0.58919910 0.15371961 0.08456561
v 0.58918977 0.15371961 0.08956561
v 0.58927730 0.15371961 0.09456561
v 0.58911384 0.15371961 0.09956561
v 0.58919402 0.15371961 0.10456561
v 0.58939264 0.15371961 0.10956561
v 0.58937106 0.15371961 0.11456561
v 0.58939042 0.15371961 0.11956561
v 0.58940000 0.15371961 0.12456561
v 0.58941967 0.15371961 0.12956561
v 0.58941605 0.15371961 0.13456561
v 0.58947149 0.15371961 0.13956561
v 0.58957199 0.15371961 0.14456561
v 0.59214163 0.15371961 0.18711034
v 0.59214163 0.15371961 0.21449244
v 0.58812948 0.15871961 -0.00543438
v 0.58891236 0.15871961 -0.00043439
v 0.58954987 0.15871961 0.00456562
v 0.58944192 0.15871961 0.00956561
v 0.58932612 0.15871961 0.01456562
v 0.58932767 0.15871961 0.01956561
v 0.58944760 0.15871961 0.02456562
v 0.58956293 0.15871961 0.02956561
v 0.58942545 0.15871961 0.03456562
v 0.58929955 0.15871961 0.03956562
v 0.58931133 0.15871961 0.04456562
v 0.58921759 0.15871961 0.04956562
v 0.58930113 0.15871961 0.05456562
v 0.58904141 0.15871961 0.05956562
v 0.59214163 0.15586725 0.06456562
v 0.58913693 0.15871961 0.06456562
v 0.59214163 0.15603336 0.06956561
v 0.58914661 0.15871961 0.06956561
v 0.59214163 0.15596840 0.07456561
v 0.58919147 0.15871961 0.07456561
v 0.58921173 0.15871961 0.07956561
v 0.58919910 0.15871961 0.08456561
v 0.58913870 0.15871961 0.08956561
v 0.58911025 0.15871961 0.09456561
v 0.58924979 0.15871961 0.09956561
v 0.58914835 0.15871961 0.10456561
v 0.58923913 0.15871961 0.10956561
v 0.58935068 0.15871961 0.11456561
v 0.58941315 0.15871961 0.11956561
v 0.58951599 0.15871961 0.12456561
v 0.58932457 0.15871961 0.12956561
v 0.58932613 0.15871961 0.13456561
v 0.58946241 0.15871961 0.13956561
v 0.58945256 0.15871961 0.14456561
v 0.59214163 0.15871961 0.18720818
v 0.59214163 0.15436555 0.21456561
v 0.59036794 0.15871961 0.21456561
v 0.59214163 0.15871961 0.21509958
v 0.58719017 0.16371961 -0.00543438
v 0.58891338 0.16371961 -0.00043439
v 0.58959247 0.16371961 0.00456562
v 0.58929561 0.16371961 0.00956561
v 0.58937257 0.16371961 0.01456562
v 0.58945396 0.16371961 0.01956561
v 0.58950177 0.16371961 0.02456562
v 0.58943407 0.16371961 0.02956561
v 0.58934152 0.16371961 0.03456562
v 0.58915446 0.16371961 0.03956562
v 0.58915185 0.16371961 0.04456562
v 0.58910935 0.16371961 0.04956562
v 0.58913693 0.16371961 0.05456562
v 0.58919062 0.16371961 0.05956562
v 0.58927730 0.16371961 0.06456562
v 0.58931524 0.16371961 0.06956561
v 0.58921508 0.16371961 0.07456561
v 0.58931368 0.16371961 0.07956561
v 0.58924897 0.16371961 0.08456561
v 0.58928449 0.16371961 0.08956561
v 0.58917867 0.16371961 0.09456561
v 0.58920754 0.16371961 0.09956561
v 0.58934229 0.16371961 0.10456561
v 0.58926118 0.16371961 0.10956561
v 0.58930821 0.16371961 0.11456561
v 0.58938746 0.16371961 0.11956561
v 0.58936957 0.16371961 0.12456561
v 0.58934916 0.16371961 0.12956561
v 0.58940147 0.16371961 0.13456561
v 0.58935675 0.16371961 0.13956561
v 0.58941023 0.16371961 0.14456561
v 0.59214163 0.16371961 0.18741085
v 0.59214163 0.16371961 0.21278479
v 0.59214163 0.15957687 0.21456561
v 0.58883627 0.16871961 -0.00043439
v 0.58951127 0.16871961 0.00456562
v 0.58945467 0.16871961 0.00956561
v 0.58953072 0.16871961 0.01456562
v 0.58944192 0.16871961 0.01956561
v 0.58954330 0.16871961 0.02456562
v 0.58945326 0.16871961 0.02956561
v 0.58933153 0.16871961 0.03456562
v 0.58936355 0.16871961 0.03956562
v 0.58931758 0.16871961 0.04456562
v 0.58928528 0.16871961 0.04956562
v 0.58928767 0.16871961 0.05456562
v 0.58921257 0.16871961 0.05956562
v 0.58929718 0.16871961 0.06456562
v 0.58928528 0.16871961 0.06956561
v 0.58919232 0.16871961 0.07456561
v 0.58919994 0.16871961 0.07956561
v 0.58923831 0.16871961 0.08456561
v 0.58923996 0.16871961 0.08956561
v 0.58913075 0.16871961 0.09456561
v 0.58929402 0.16871961 0.09956561
v 0.58934076 0.16871961 0.10456561
v 0.58932303 0.16871961 0.10956561
v 0.58930192 0.16871961 0.11456561
v 0.58937556 0.16871961 0.11956561
v 0.58940732 0.16871961 0.12456561
v 0.58933153 0.16871961 0.12956561
v 0.58938227 0.16871961 0.13456561
v 0.59214163 0.16871961 0.18752601
v 0.59214163 0.16871961 0.21368585
v 0.58894762 0.17371961 -0.00043439
v 0.58964407 0.17371961 0.00456562
v 0.58952871 0.17371961 0.00956561
v 0.58944972 0.17371961 0.01456562
v 0.58943263 0.17371961 0.01956561
v 0.58937779 0.17371961 0.02456562
v 0.58944192 0.17371961 0.02956561
v 0.58933153 0.17371961 0.03456562
v 0.58931055 0.17371961 0.03956562
v 0.58918295 0.17371961 0.04456562
v 0.58925550 0.17371961 0.04956562
v 0.58945185 0.17371961 0.05456562
v 0.58933615 0.17371961 0.05956562
v 0.58929482 0.17371961 0.06456562
v 0.58939558 0.17371961 0.06956561
v 0.58930977 0.17371961 0.07456561
v 0.58923831 0.17371961 0.07956561
v 0.58937705 0.17371961 0.08456561
v 0.58939338 0.17371961 0.08956561
v 0.58935751 0.17371961 0.09456561
v 0.58931992 0.17371961 0.09956561
v 0.58938227 0.17371961 0.10456561
v 0.58936957 0.17371961 0.10956561
v 0.58929640 0.17371961 0.11456561
v 0.58937257 0.17371961 0.11956561
v 0.58932303 0.17371961 0.12456561
v 0.58939042 0.17371961 0.12956561
v 0.58953670 0.17371961 0.13456561
v 0.59214163 0.17371961 0.18780509
v 0.59214163 0.17371961 0.21325456
v 0.58893361 0.17871961 -0.00043439
v 0.58965257 0.17871961 0.00456562
v 0.58954000 0.17871961 0.00956561
v 0.58954000 0.17871961 0.01456562
v 0.58947635 0.17871961 0.01956561
v 0.58934763 0.17871961 0.02456562
v 0.58945608 0.17871961 0.02956561
v 0.58945255 0.17871961 0.03456562
v 0.58938152 0.17871961 0.03956562
v 0.58935978 0.17871961 0.04456562
v 0.58932612 0.17871961 0.04956562
v 0.58938301 0.17871961 0.05456562
v 0.58949289 0.17871961 0.05956562
v 0.58929323 0.17871961 0.06456562
v 0.58940878 0.17871961 0.06956561
v 0.58921842 0.17871961 0.07456561
v 0.58920754 0.17871961 0.07956561
v 0.58921173 0.17871961 0.08456561
v 0.58930270 0.17871961 0.08956561
v 0.58934076 0.17871961 0.09456561
v 0.58941169 0.17871961 0.09956561
v 0.58941605 0.17871961 0.10456561
v 0.58936430 0.17871961 0.10956561
v 0.58938004 0.17871961 0.11456561
v 0.58939853 0.17871961 0.11956561
v 0.59214163 0.17871961 0.18906547
v 0.58796669 0.17871961 0.21456561
v 0.59214163 0.17871961 0.21395109
v 0.58959626 0.18371961 0.00456562
v 0.58949358 0.18371961 0.00956561
v 0.58942760 0.18371961 0.01456562
v 0.58946521 0.18371961 0.01956561
v 0.58943764 0.18371961 0.02456562
v 0.58948189 0.18371961 0.02956561
v 0.58948050 0.18371961 0.03456562
v 0.58945396 0.18371961 0.03956562
v 0.58945608 0.18371961 0.04456562
v 0.58937032 0.18371961 0.04956562
v 0.58935751 0.18371961 0.05456562
v 0.58934610 0.18371961 0.05956562
v 0.58937331 0.18371961 0.06456562
v 0.58929561 0.18371961 0.06956561
v 0.58935296 0.18371961 0.07456561
v 0.58932922 0.18371961 0.07956561
v 0.58930192 0.18371961 0.08456561
v 0.58931055 0.18371961 0.08956561
v 0.58929640 0.18371961 0.09456561
v 0.58935902 0.18371961 0.09956561
v 0.58938894 0.18371961 0.10456561
v 0.58933999 0.18371961 0.10956561
v 0.58948603 0.18371961 0.11456561
v 0.58940000 0.18371961 0.11956561
v 0.59214163 0.18215028 0.18956561
v 0.59183250 0.18371961 0.18956561
v 0.59214163 0.18371961 0.19018092
v 0.58972602 0.18371961 0.21456561
v 0.59214163 0.18125017 0.21456561
v 0.59214163 0.18371961 0.21523876
v 0.58953005 0.18871961 0.00456562
v 0.58950381 0.18871961 0.00956561
v 0.58950177 0.18871961 0.01456562
v 0.58940585 0.18871961 0.01956561
v 0.58940000 0.18871961 0.02456562
v 0.58955512 0.18871961 0.02956561
v 0.58950041 0.18871961 0.03456562
v 0.58946100 0.18871961 0.03956562
v 0.58936129 0.18871961 0.04456562
v 0.58943764 0.18871961 0.04956562
v 0.58953271 0.18871961 0.05456562
v 0.58936656 0.18871961 0.05956562
v 0.58941750 0.18871961 0.06456562
v 0.58939042 0.18871961 0.06956561
v 0.58926441 0.18871961 0.07456561
v 0.58937481 0.18871961 0.07956561
v 0.58935826 0.18871961 0.08456561
v 0.58940439 0.18871961 0.08956561
v 0.58925224 0.18871961 0.09456561
v 0.58944902 0.18871961 0.09956561
v 0.58943835 0.18871961 0.10456561
v 0.58940585 0.18871961 0.10956561
v 0.58944406 0.18871961 0.11456561
v 0.58955838 0.18871961 0.11956561
v 0.59214163 0.18459333 0.18956561
v 0.59214163 0.18871961 0.18859750
v 0.59214163 0.18871961 0.21646112
v 0.58958227 0.19371961 0.00456562
v 0.58950381 0.19371961 0.00956561
v 0.58946030 0.19371961 0.01456562
v 0.58937331 0.19371961 0.01956561
v 0.58943120 0.19371961 0.02456562
v 0.58956423 0.19371961 0.02956561
v 0.58943192 0.19371961 0.03456562
v 0.58941895 0.19371961 0.03956562
v 0.58933768 0.19371961 0.04456562
v 0.58933615 0.19371961 0.04956562
v 0.58941315 0.19371961 0.05456562
v 0.58937779 0.19371961 0.05956562
v 0.58937928 0.19371961 0.06456562
v 0.58944689 0.19371961 0.06956561
v 0.58945255 0.19371961 0.07456561
v 0.58943907 0.19371961 0.07956561
v 0.58942689 0.19371961 0.08456561
v 0.58931212 0.19371961 0.08956561
v 0.58931133 0.19371961 0.09456561
v 0.58945890 0.19371961 0.09956561
v 0.58949837 0.19371961 0.10456561
v 0.58940732 0.19371961 0.10956561
v 0.58954132 0.19371961 0.11456561
v 0.58949973 0.19371961 0.11956561
v 0.58939264 0.19371961 0.12456561
v 0.59214163 0.19371961 0.18790058
v 0.59214163 0.19371961 0.21675817
v 0.58955643 0.19871961 0.00456562
v 0.58954659 0.19871961 0.00956561
v 0.58943622 0.19871961 0.01456562
v 0.58941387 0.19871961 0.01956561
v 0.58936279 0.19871961 0.02456562
v 0.58955185 0.19871961 0.02956561
v 0.58930742 0.19871961 0.03456562
v 0.58936053 0.19871961 0.03956562
v 0.58930899 0.19871961 0.04456562
v 0.58930270 0.19871961 0.04956562
v 0.58924734 0.19871961 0.05456562
v 0.58931913 0.19871961 0.05956562
v 0.58933076 0.19871961 0.06456562
v 0.58943550 0.19871961 0.06956561
v 0.58934916 0.19871961 0.07456561
v 0.58943192 0.19871961 0.07956561
v 0.58935599 0.19871961 0.08456561
v 0.58931446 0.19871961 0.08956561
v 0.58924324 0.19871961 0.09456561
v 0.58946591 0.19871961 0.09956561
v 0.58940147 0.19871961 0.10456561
v 0.58948809 0.19871961 0.10956561
v 0.58952271 0.19871961 0.11456561
v 0.58949701 0.19871961 0.11956561
v 0.58946030 0.19871961 0.12456561
v 0.59214163 0.19871961 0.18730651
v 0.59214163 0.19871961 0.21642936
v 0.59181849 0.20371961 -0.00043439
v 0.59214163 0.20339649 -0.00043439
v 0.59214163 0.20371961 -0.00075781
v 0.59214163 0.20152740 0.00456562
v 0.59214163 0.20133186 0.00956561
v 0.59214163 0.20132986 0.01456562
v 0.59214163 0.20123621 0.01956561
v 0.59214163 0.20121717 0.02456562
v 0.59214163 0.20128410 0.02956561
v 0.59214163 0.20140445 0.03456562
v 0.59214163 0.20133787 0.03956562
v 0.59214163 0.20122942 0.04456562
v 0.59214163 0.20136835 0.04956562
v 0.59214163 0.20145319 0.05456562
v 0.59214163 0.20131729 0.05956562
v 0.59214163 0.20122635 0.06456562
v 0.59214163 0.20128860 0.06956561
v 0.59214163 0.20139114 0.07456561
v 0.59214163 0.20123373 0.07956561
v 0.59214163 0.20133653 0.08456561
v 0.59214163 0.20123869 0.08956561
v 0.59214163 0.20132389 0.09456561
v 0.59214163 0.20133720 0.09956561
v 0.59214163 0.20127514 0.10456561
v 0.59214163 0.20129507 0.10956561
v 0.59214163 0.20126562 0.11456561
v 0.59214163 0.20130090 0.11956561
v 0.59214163 0.20115192 0.12456561
v 0.59214163 0.20120869 0.12956561
v 0.59214163 0.20120626 0.13456561
v 0.59214163 0.20115539 0.13956561
v 0.59214163 0.20111774 0.14456561
v 0.59214163 0.20114042 0.14956561
v 0.59214163 0.20123682 0.15456561
v 0.59214163 0.20116586 0.15956561
v 0.59214163 0.20118116 0.16456561
v 0.59214163 0.20120143 0.16956561
v 0.59214163 0.20123745 0.17456561
v 0.59214163 0.20119543 0.17956561
v 0.59214163 0.20124178 0.18456561
v 0.59214163 0.20371961 0.21789684
v 0.59214163 0.20871961 -0.00217669
v 0.59214163 0.20871961 0.21744447
v 0.59214163 0.21370085 -0.00543438
v 0.59214163 0.21371961 -0.00545058
v 0.59214163 0.21371961 0.21752250
v 0.59214163 0.21799118 -0.01043439
v 0.59214163 0.21871961 -0.01362097
v 0.59214163 0.21871961 0.21773712
v 0.59214163 0.22371961 -0.01223260
v 0.59214163 0.22371961 0.21760173
v 0.58798481 0.22871962 -0.01043439
v 0.59214163 0.22871962 -0.01139017
v 0.59214163 0.22871961 0.21677041
v 0.59214163 0.22991278 -0.01043439
v 0.59214163 0.23371961 -0.00702888
v 0.58980219 0.23371961 -0.00043439
v 0.59073369 0.23371961 0.02456562
v 0.59214163 0.23371961 0.02777525
v 0.59214163 0.23345005 0.02956561
v 0.59214163 0.23371961 0.03007176
v 0.59214163 0.23371961 0.03679411
v 0.59214163 0.23193586 0.03956562
v 0.59214163 0.23156248 0.04456562
v 0.59214163 0.23242495 0.04956562
v 0.59214163 0.23335260 0.05456562
v 0.59214163 0.23204961 0.05956562
v 0.59214163 0.23083603 0.06456562
v 0.59214163 0.22969685 0.06956561
v 0.59214163 0.23239034 0.07456561
v 0.59178648 0.23371961 0.07956561
v 0.59214163 0.23371961 0.07863446
v 0.59214163 0.23371961 0.08050152
v 0.59214163 0.23211921 0.08456561
v 0.59214163 0.23129736 0.08956561
v 0.59214163 0.23152919 0.09456561
v 0.59214163 0.23125602 0.09956561
v 0.58744088 0.23371961 0.09956561
v 0.59214163 0.23150562 0.10456561
v 0.58932877 0.23371961 0.10956561
v 0.59214163 0.23371961 0.10757050
v 0.59214163 0.23371961 0.11169359
v 0.59214163 0.23049883 0.11456561
v 0.59214163 0.23362587 0.11956561
v 0.59214163 0.23216086 0.12456561
v 0.59214163 0.23139030 0.12956561
v 0.58818452 0.23371961 0.12956561
v 0.59214163 0.23371961 0.13375192
v 0.59016358 0.23371961 0.13456561
v 0.58916422 0.23371961 0.14456561
v 0.59214163 0.23371961 0.14213264
v 0.59214163 0.23194387 0.14456561
v 0.59214163 0.23371961 0.14896852
v 0.59005133 0.23371961 0.15456561
v 0.59214163 0.23371961 0.15084300
v 0.59214163 0.23245039 0.15456561
v 0.58840556 0.23371961 0.15956561
v 0.59214163 0.23371961 0.15687188
v 0.58804121 0.23371961 0.16456561
v 0.58931613 0.23371961 0.21456561
v 0.59214163 0.23371961 0.21199828
v 0.59214163 0.23218275 0.21456561
v 0.59214163 0.23559669 -0.00543438
v 0.59214163 0.23709934 -0.00043439
v 0.59214163 0.23805607 0.00456562
v 0.59068645 0.23871962 0.00456562
v 0.59008191 0.23871962 0.00956561
v 0.59214163 0.23871962 0.00627849
v 0.59214163 0.23871962 0.01085767
v 0.59214163 0.23600197 0.01456562
v 0.59214163 0.23428768 0.01956561
v 0.59214163 0.23381731 0.02456562
v 0.59214163 0.23484238 0.03456562
v 0.59214163 0.23381834 0.07956561
v 0.59214163 0.23413128 0.10956561
v 0.59214163 0.23451254 0.13456561
v 0.59214163 0.23627430 0.13956561
v 0.59214163 0.23403846 0.14956561
v 0.59214163 0.23474243 0.15956561
v 0.59214163 0.23701958 0.16456561
v 0.59214163 0.23613577 0.16956561
v 0.59214163 0.23692377 0.17456561
v 0.59214163 0.23564381 0.17956561
v 0.59214163 0.23528826 0.18456561
v 0.59214163 0.23620422 0.18956561
v 0.59214163 0.23868284 0.19456561
v 0.59205135 0.23871961 0.19956561
v 0.59214163 0.23871961 0.19837503
v 0.59214163 0.23871961 0.19968438
v 0.59214163 0.23823598 0.20456561
v 0.59214163 0.23594799 0.20956561
v 0.59214163 0.23899325 0.00956561
v 0.59214163 0.23872203 0.19956561
v 0.59226206 0.06371961 0.07456561
v 0.59273894 0.06871961 0.02956561
v 0.59242247 0.06871961 0.03956562
v 0.59217339 0.06871961 0.07456561
v 0.59399971 0.06871961 0.13456561
v 0.59226056 0.06871961 0.15956561
v 0.59473818 0.06871961 0.16956561
v 0.59358661 0.06871961 0.17456561
v 0.59235085 0.06871961 0.18456561
v 0.59354066 0.06871961 0.18956561
v 0.59474104 0.06871961 0.20456561
v 0.59714163 0.06808570 0.20456561
v 0.59714163 0.06871961 0.20249656
v 0.59714163 0.06871961 0.20552165
v 0.59714163 0.07251844 0.00956561
v 0.59714163 0.07371961 0.00909824
v 0.59560681 0.07371961 0.01456562
v 0.59714163 0.07371961 0.01148166
v 0.59404639 0.07371961 0.01956561
v 0.59317368 0.07371961 0.02456562
v 0.59281879 0.07371961 0.03456562
v 0.59634082 0.07371961 0.03956562
v 0.59467608 0.07371961 0.04456562
v 0.59446267 0.07371961 0.04956562
v 0.59364136 0.07371961 0.05456562
v 0.59447679 0.07371961 0.05956562
v 0.59576478 0.07371961 0.06456562
v 0.59354361 0.07371961 0.06956561
v 0.59365177 0.07371961 0.07456561
v 0.59412483 0.07371961 0.07956561
v 0.59714163 0.07371961 0.08205507
v 0.59714163 0.07191188 0.08456561
v 0.59714163 0.07272720 0.08956561
v 0.59714163 0.07223770 0.09456561
v 0.59524437 0.07371961 0.09956561
v 0.59714163 0.07371961 0.09735802
v 0.59452677 0.07371961 0.10456561
v 0.59714163 0.07371961 0.10698611
v 0.59714163 0.07269553 0.10956561
v 0.59714163 0.07362433 0.11456561
v 0.59714163 0.07226066 0.11956561
v 0.59714163 0.07315139 0.12456561
v 0.59477366 0.07371961 0.12956561
v 0.59714163 0.07371961 0.12559722
v 0.59517105 0.07371961 0.13456561
v 0.59502377 0.07371961 0.13956561
v 0.59714163 0.07371961 0.14385263
v 0.59714163 0.07330931 0.14456561
v 0.59271097 0.07371961 0.14956561
v 0.59714163 0.07371961 0.14492139
v 0.59690482 0.07371961 0.15456561
v 0.59703133 0.07371961 0.15956561
v 0.59714163 0.07179595 0.16456561
v 0.59714163 0.07371961 0.15963752
v 0.59714163 0.07174679 0.16956561
v 0.59714163 0.07277146 0.17456561
v 0.59714163 0.07194781 0.17956561
v 0.59714163 0.07192634 0.18456561
v 0.59714163 0.07102760 0.18956561
v 0.59714163 0.07126472 0.19456561
v 0.59649815 0.07371961 0.19956561
v 0.59714163 0.07032645 0.19956561
v 0.59588432 0.07371961 0.20456561
v 0.59714163 0.07174044 0.20956561
v 0.59714163 0.07371961 0.21121658
v 0.59714163 0.07864896 0.00456562
v 0.59714163 0.07871961 0.00452853
v 0.59714163 0.07593246 0.01456562
v 0.59714163 0.07681672 0.01956561
v 0.59714163 0.07749205 0.02456562
v 0.59714163 0.07724263 0.02956561
v 0.59714163 0.07743334 0.03456562
v 0.59714163 0.07467949 0.03956562
v 0.59714163 0.07786783 0.04456562
v 0.59714163 0.07759896 0.04956562
v 0.59698943 0.07871961 0.05456562
v 0.59714163 0.07871961 0.05392391
v 0.59714163 0.07871961 0.05489585
v 0.59714163 0.07640371 0.05956562
v 0.59714163 0.07531732 0.06456562
v 0.59714163 0.07832163 0.06956561
v 0.59714163 0.07679430 0.07456561
v 0.59714163 0.07661785 0.07956561
v 0.59714163 0.07609757 0.09956561
v 0.59714163 0.07501283 0.10456561
v 0.59699785 0.07871961 0.12956561
v 0.59714163 0.07871961 0.12918109
v 0.59714163 0.07871961 0.12984764
v 0.59714163 0.07613418 0.13456561
v 0.59714163 0.07565812 0.13956561
v 0.59714163 0.07706955 0.14956561
v 0.59714163 0.07411218 0.15456561
v 0.59714163 0.07375300 0.15956561
v 0.59610141 0.07871961 0.19956561
v 0.59564848 0.07871961 0.20456561
v 0.59714163 0.07871961 0.21286476
v 0.59587205 0.08371961 0.00456562
v 0.59714163 0.08371961 0.00329603
v 0.59557671 0.08371961 0.00956561
v 0.59714163 0.07888254 0.05456562
v 0.59714163 0.07882661 0.12956561
v 0.59714163 0.08371961 0.21298448
v 0.59557730 0.08871961 0.00456562
v 0.59714163 0.08871961 0.00300128
v 0.59539242 0.08871961 0.00956561
v 0.59714163 0.08649008 0.21456561
v 0.59714163 0.08871961 0.21532508
v 0.59714163 0.09195704 -0.00043439
v 0.59714163 0.09371961 -0.00253736
v 0.59714163 0.09371961 0.21482293
v 0.59714163 0.09871961 -0.00363969
v 0.59714163 0.09871961 0.21391618
v 0.59714163 0.09501710 0.21456561
v 0.59714163 0.10371961 -0.00265194
v 0.59714163 0.10257265 0.21456561
v 0.59714163 0.10371961 0.21482873
v 0.59714163 0.10577115 -0.00043439
v 0.59714163 0.10871961 0.00209964
v 0.59461746 0.10871961 0.12956561
v 0.59466069 0.10871961 0.13456561
v 0.59472554 0.10871961 0.13956561
v 0.59462948 0.10871961 0.14456561
v 0.59468068 0.10871961 0.14956561
v 0.59477402 0.10871961 0.15456561
v 0.59535872 0.10871961 0.15956561
v 0.59535771 0.10871961 0.16456561
v 0.59514721 0.10871961 0.16956561
v 0.59477470 0.10871961 0.17456561
v 0.59472619 0.10871961 0.17956561
v 0.59462948 0.10871961 0.18456561
v 0.59549514 0.10871961 0.21456561
v 0.59714163 0.10871961 0.21497806
v 0.59714163 0.11371961 0.00202479
v 0.59475188 0.11371961 0.12956561
v 0.59472683 0.11371961 0.13456561
v 0.59468194 0.11371961 0.13956561
v 0.59484348 0.11371961 0.14456561
v 0.59489950 0.11371961 0.14956561
v 0.59493868 0.11371961 0.15456561
v 0.59626401 0.11371961 0.15956561
v 0.59672509 0.11371961 0.16456561
v 0.59569103 0.11371961 0.16956561
v 0.59488326 0.11371961 0.17456561
v 0.59479517 0.11371961 0.17956561
v 0.59463798 0.11371961 0.18456561
v 0.59714163 0.11371961 0.21608935
v 0.59714163 0.11626044 0.00456562
v 0.59714163 0.11621839 0.00956561
v 0.59714163 0.11621104 0.01456562
v 0.59714163 0.11616026 0.01956561
v 0.59714163 0.11611268 0.02456562
v 0.59714163 0.11613701 0.02956561
v 0.59714163 0.11610469 0.03456562
v 0.59714163 0.11631810 0.03956562
v 0.59714163 0.11619558 0.04456562
v 0.59714163 0.11620673 0.04956562
v 0.59714163 0.11606882 0.05456562
v 0.59714163 0.11611468 0.05956562
v 0.59714163 0.11596544 0.06456562
v 0.59714163 0.11612195 0.06956561
v 0.59714163 0.11612523 0.07456561
v 0.59714163 0.11614416 0.07956561
v 0.59714163 0.11614997 0.08456561
v 0.59714163 0.11615062 0.08956561
v 0.59714163 0.11604807 0.09456561
v 0.59714163 0.11609464 0.09956561
v 0.59714163 0.11617298 0.10456561
v 0.59714163 0.11613114 0.10956561
v 0.59714163 0.11609397 0.11456561
v 0.59714163 0.11609800 0.11956561
v 0.59714163 0.11610870 0.12456561
v 0.59714163 0.11610936 0.12956561
v 0.59714163 0.11613441 0.13456561
v 0.59714163 0.11617930 0.13956561
v 0.59714163 0.11601776 0.14456561
v 0.59714163 0.11596174 0.14956561
v 0.59714163 0.11592256 0.15456561
v 0.59714163 0.11459723 0.15956561
v 0.59714163 0.11413616 0.16456561
v 0.59714163 0.11517021 0.16956561
v 0.59714163 0.11597798 0.17456561
v 0.59714163 0.11606607 0.17956561
v 0.59714163 0.11622326 0.18456561
v 0.59714163 0.11871961 0.18715671
v 0.59714163 0.11871961 0.21652005
v 0.59714163 0.12371961 0.18717986
v 0.59714163 0.12371961 0.21626538
v 0.59714163 0.12871961 0.18724554
v 0.59426213 0.12871961 0.21456561
v 0.59714163 0.12871961 0.21359544
v 0.59714163 0.12716559 0.21456561
v 0.59468636 0.13371961 0.15456561
v 0.59714163 0.13126434 0.15456561
v 0.59714163 0.13371961 0.15211034
v 0.59458089 0.13371961 0.15956561
v 0.59714163 0.13115887 0.15956561
v 0.59489210 0.13371961 0.16456561
v 0.59714163 0.13147008 0.16456561
v 0.59527217 0.13371961 0.16956561
v 0.59714163 0.13185015 0.16956561
v 0.59714163 0.13371961 0.17143506
v 0.59714163 0.13371961 0.18717320
v 0.59710872 0.13371961 0.21456561
v 0.59714163 0.13371961 0.21455802
v 0.59473338 0.13871961 0.15456561
v 0.59714163 0.13871961 0.15215736
v 0.59478422 0.13871961 0.15956561
v 0.59472554 0.13871961 0.16456561
v 0.59522133 0.13871961 0.16956561
v 0.59714163 0.13871961 0.17148591
v 0.59714163 0.13871961 0.18724273
v 0.59660382 0.13871961 0.21456561
v 0.59714163 0.13871961 0.21443004
v 0.59441096 0.14371961 0.06456562
v 0.59437555 0.14371961 0.06956561
v 0.59437407 0.14371961 0.07456561
v 0.59469398 0.14371961 0.15456561
v 0.59714163 0.14371961 0.15211795
v 0.59469016 0.14371961 0.15956561
v 0.59478763 0.14371961 0.16456561
v 0.59516853 0.14371961 0.16956561
v 0.59714163 0.14253197 0.17456561
v 0.59595399 0.14371961 0.17456561
v 0.59505238 0.14371961 0.17956561
v 0.59714163 0.14163036 0.17956561
v 0.59714163 0.14371961 0.18165486
v 0.59714163 0.14371961 0.18722190
v 0.59714163 0.14371961 0.21339440
v 0.59444548 0.14871961 0.06456562
v 0.59434992 0.14871961 0.06956561
v 0.59440513 0.14871961 0.07456561
v 0.59464959 0.14871961 0.15456561
v 0.59714163 0.14871961 0.15207357
v 0.59467943 0.14871961 0.15956561
v 0.59470355 0.14871961 0.16456561
v 0.59506318 0.14871961 0.16956561
v 0.59568673 0.14871961 0.17456561
v 0.59537906 0.14871961 0.17956561
v 0.59714163 0.14871961 0.18132818
v 0.59714163 0.14871961 0.18715736
v 0.59714163 0.14871961 0.21438461
v 0.59428927 0.15371961 0.06456562
v 0.59445538 0.15371961 0.06956561
v 0.59439042 0.15371961 0.07456561
v 0.59469589 0.15371961 0.14956561
v 0.59714163 0.15127387 0.14956561
v 0.59714163 0.15371961 0.14711986
v 0.59473207 0.15371961 0.15456561
v 0.59470483 0.15371961 0.15956561
v 0.59461985 0.15371961 0.16456561
v 0.59475122 0.15371961 0.16956561
v 0.59518744 0.15371961 0.17456561
v 0.59579747 0.15371961 0.17956561
v 0.59714163 0.15167232 0.18456561
v 0.59509434 0.15371961 0.18456561
v 0.59714163 0.15371961 0.21372117
v 0.59464959 0.15871961 0.14956561
v 0.59714163 0.15871961 0.14707357
v 0.59457394 0.15871961 0.15456561
v 0.59461746 0.15871961 0.15956561
v 0.59465390 0.15871961 0.16456561
v 0.59477945 0.15871961 0.16956561
v 0.59488694 0.15871961 0.17456561
v 0.59557097 0.15871961 0.17956561
v 0.59524090 0.15871961 0.18456561
v 0.59714163 0.15565498 0.21456561
v 0.59714163 0.15871961 0.21632253
v 0.59462707 0.16371961 0.14956561
v 0.59714163 0.16371961 0.14705104
v 0.59466132 0.16371961 0.15456561
v 0.59463433 0.16371961 0.15956561
v 0.59461865 0.16371961 0.16456561
v 0.59469971 0.16371961 0.16956561
v 0.59474326 0.16371961 0.17456561
v 0.59528853 0.16371961 0.17956561
v 0.59530897 0.16371961 0.18456561
v 0.59690408 0.16371961 0.21456561
v 0.59714163 0.16371961 0.21469070
v 0.59714163 0.16623417 0.14956561
v 0.59714163 0.16619993 0.15456561
v 0.59714163 0.16622692 0.15956561
v 0.59714163 0.16871961 0.16205469
v 0.59463069 0.16871961 0.16456561
v 0.59462346 0.16871961 0.16956561
v 0.59466815 0.16871961 0.17456561
v 0.59498292 0.16871961 0.17956561
v 0.59541110 0.16871961 0.18456561
v 0.59440152 0.16871961 0.21456561
v 0.59714163 0.16871961 0.21551288
v 0.59462828 0.17371961 0.16456561
v 0.59714163 0.17371961 0.16205226
v 0.59456015 0.17371961 0.16956561
v 0.59469398 0.17371961 0.17456561
v 0.59484634 0.17371961 0.17956561
v 0.59527504 0.17371961 0.18456561
v 0.59714163 0.17371961 0.21422576
v 0.59714163 0.17255992 0.21456561
v 0.59475788 0.17871961 0.05456562
v 0.59714163 0.17633586 0.05456562
v 0.59714163 0.17871961 0.05218187
v 0.59478285 0.17871961 0.05956562
v 0.59714163 0.17636083 0.05956562
v 0.59474855 0.17871961 0.06456562
v 0.59714163 0.17632654 0.06456562
v 0.59474789 0.17871961 0.06956561
v 0.59714163 0.17632587 0.06956561
v 0.59477199 0.17871961 0.07456561
v 0.59714163 0.17634997 0.07456561
v 0.59469270 0.17871961 0.07956561
v 0.59714163 0.17627068 0.07956561
v 0.59456129 0.17871961 0.08456561
v 0.59714163 0.17613927 0.08456561
v 0.59714163 0.17871961 0.08714595
v 0.59714163 0.17623296 0.16456561
v 0.59714163 0.17630109 0.16956561
v 0.59714163 0.17871961 0.17200023
v 0.59457625 0.17871961 0.17456561
v 0.59472880 0.17871961 0.17956561
v 0.59503184 0.17871961 0.18456561
v 0.59714163 0.17519402 0.21456561
v 0.59442069 0.17871961 0.21456561
v 0.59714163 0.17871961 0.21549446
v 0.59463919 0.18371961 0.03956562
v 0.59714163 0.18121717 0.03956562
v 0.59714163 0.18371961 0.03706317
v 0.59488915 0.18371961 0.04456562
v 0.59714163 0.18146713 0.04456562
v 0.59509093 0.18371961 0.04956562
v 0.59714163 0.18166892 0.04956562
v 0.59470291 0.18371961 0.05456562
v 0.59462707 0.18371961 0.05956562
v 0.59466255 0.18371961 0.06456562
v 0.59477402 0.18371961 0.06956561
v 0.59471838 0.18371961 0.07456561
v 0.59468068 0.18371961 0.07956561
v 0.59468131 0.18371961 0.08456561
v 0.59714163 0.18371961 0.08702593
v 0.59457856 0.18371961 0.09956561
v 0.59714163 0.18115655 0.09956561
v 0.59714163 0.18371961 0.09700255
v 0.59466753 0.18371961 0.10456561
v 0.59714163 0.18124552 0.10456561
v 0.59457856 0.18371961 0.10956561
v 0.59714163 0.18115655 0.10956561
v 0.59458554 0.18371961 0.11456561
v 0.59714163 0.18116353 0.11456561
v 0.59464041 0.18371961 0.11956561
v 0.59714163 0.18121839 0.11956561
v 0.59470291 0.18371961 0.12456561
v 0.59714163 0.18128090 0.12456561
v 0.59469143 0.18371961 0.12956561
v 0.59714163 0.18126941 0.12956561
v 0.59455104 0.18371961 0.13456561
v 0.59714163 0.18112902 0.13456561
v 0.59455104 0.18371961 0.13956561
v 0.59714163 0.18112902 0.13956561
v 0.59459139 0.18371961 0.14456561
v 0.59714163 0.18116937 0.14456561
v 0.59714163 0.18371961 0.14711585
v 0.59472554 0.18371961 0.15456561
v 0.59714163 0.18130352 0.15456561
v 0.59714163 0.18371961 0.15214952
v 0.59463919 0.18371961 0.15956561
v 0.59714163 0.18121717 0.15956561
v 0.59458555 0.18371961 0.16456561
v 0.59714163 0.18116353 0.16456561
v 0.59462225 0.18371961 0.16956561
v 0.59714163 0.18120023 0.16956561
v 0.59456244 0.18371961 0.17456561
v 0.59462948 0.18371961 0.17956561
v 0.59509094 0.18371961 0.18456561
v 0.59388577 0.18371961 0.18956561
v 0.59714163 0.18371961 0.21635646
v 0.59470612 0.18871961 0.03956562
v 0.59714163 0.18871961 0.03713010
v 0.59476458 0.18871961 0.04456562
v 0.59545233 0.18871961 0.04956562
v 0.59482577 0.18871961 0.05456562
v 0.59473207 0.18871961 0.05956562
v 0.59471385 0.18871961 0.06456562
v 0.59468131 0.18871961 0.06956561
v 0.59464591 0.18871961 0.07456561
v 0.59455787 0.18871961 0.07956561
v 0.59458089 0.18871961 0.08456561
v 0.59714163 0.18871961 0.08712635
v 0.59459962 0.18871961 0.09956561
v 0.59714163 0.18871961 0.09702360
v 0.59462225 0.18871961 0.10456561
v 0.59455218 0.18871961 0.10956561
v 0.59459022 0.18871961 0.11456561
v 0.59461268 0.18871961 0.11956561
v 0.59461387 0.18871961 0.12456561
v 0.59465328 0.18871961 0.12956561
v 0.59460199 0.18871961 0.13456561
v 0.59459962 0.18871961 0.13956561
v 0.59455673 0.18871961 0.14456561
v 0.59714163 0.18871961 0.14715053
v 0.59462466 0.18871961 0.15456561
v 0.59714163 0.18871961 0.15204864
v 0.59456932 0.18871961 0.15956561
v 0.59456932 0.18871961 0.16456561
v 0.59458206 0.18871961 0.16956561
v 0.59452192 0.18871961 0.17456561
v 0.59463069 0.18871961 0.17956561
v 0.59487230 0.18871961 0.18456561
v 0.59714163 0.18871961 0.21666125
v 0.59477944 0.19371961 0.03956562
v 0.59714163 0.19371961 0.03720343
v 0.59480899 0.19371961 0.04456562
v 0.59523715 0.19371961 0.04956562
v 0.59492348 0.19371961 0.05456562
v 0.59466940 0.19371961 0.05956562
v 0.59714163 0.19371961 0.06203784
v 0.59714163 0.19114740 0.06456562
v 0.59714163 0.19371961 0.06711796
v 0.59469398 0.19371961 0.06956561
v 0.59457509 0.19371961 0.07456561
v 0.59461865 0.19371961 0.07956561
v 0.59461029 0.19371961 0.08456561
v 0.59714163 0.19119304 0.08956561
v 0.59461506 0.19371961 0.08956561
v 0.59460791 0.19371961 0.09456561
v 0.59714163 0.19118589 0.09456561
v 0.59458438 0.19371961 0.09956561
v 0.59460791 0.19371961 0.10456561
v 0.59456244 0.19371961 0.10956561
v 0.59459139 0.19371961 0.11456561
v 0.59465513 0.19371961 0.11956561
v 0.59463311 0.19371961 0.12456561
v 0.59453639 0.19371961 0.12956561
v 0.59464959 0.19371961 0.13456561
v 0.59462225 0.19371961 0.13956561
v 0.59461387 0.19371961 0.14456561
v 0.59714163 0.19124552 0.14956561
v 0.59466753 0.19371961 0.14956561
v 0.59461985 0.19371961 0.15456561
v 0.59459257 0.19371961 0.15956561
v 0.59459139 0.19371961 0.16456561
v 0.59458089 0.19371961 0.16956561
v 0.59453751 0.19371961 0.17456561
v 0.59463069 0.19371961 0.17956561
v 0.59471321 0.19371961 0.18456561
v 0.59714163 0.19371961 0.21666442
v 0.59489284 0.19871961 0.03956562
v 0.59714163 0.19871961 0.03731682
v 0.59470998 0.19871961 0.04456562
v 0.59498844 0.19871961 0.04956562
v 0.59496334 0.19871961 0.05456562
v 0.59470676 0.19871961 0.05956562
v 0.59714163 0.19871961 0.06200049
v 0.59463919 0.19871961 0.06956561
v 0.59714163 0.19871961 0.06706317
v 0.59461029 0.19871961 0.07456561
v 0.59469843 0.19871961 0.07956561
v 0.59461268 0.19871961 0.08456561
v 0.59458089 0.19871961 0.08956561
v 0.59463555 0.19871961 0.09456561
v 0.59471773 0.19871961 0.09956561
v 0.59462225 0.19871961 0.10456561
v 0.59461865 0.19871961 0.10956561
v 0.59463069 0.19871961 0.11456561
v 0.59458089 0.19871961 0.11956561
v 0.59461985 0.19871961 0.12456561
v 0.59459845 0.19871961 0.12956561
v 0.59460435 0.19871961 0.13456561
v 0.59458555 0.19871961 0.13956561
v 0.59455673 0.19871961 0.14456561
v 0.59456244 0.19871961 0.14956561
v 0.59461625 0.19871961 0.15456561
v 0.59461865 0.19871961 0.15956561
v 0.59457973 0.19871961 0.16456561
v 0.59465699 0.19871961 0.16956561
v 0.59460910 0.19871961 0.17456561
v 0.59457278 0.19871961 0.17956561
v 0.59463798 0.19871961 0.18456561
v 0.59714163 0.19871961 0.21761559
v 0.59714163 0.20322740 -0.00043439
v 0.59714163 0.20371961 -0.00088458
v 0.59714163 0.20149017 0.00456562
v 0.59714163 0.20115887 0.00956561
v 0.59714163 0.20120023 0.01456562
v 0.59714163 0.20118828 0.01956561
v 0.59714163 0.20116236 0.02456562
v 0.59714163 0.20149919 0.02956561
v 0.59714163 0.20171026 0.03456562
v 0.59714163 0.20121231 0.06456562
v 0.59714163 0.20371961 0.21644437
v 0.59714163 0.20871961 -0.00228682
v 0.59714163 0.20871961 0.21844621
v 0.59714163 0.21296636 -0.00543438
v 0.59714163 0.21371961 -0.00604424
v 0.59714163 0.21371961 0.21686034
v 0.59714163 0.21817154 -0.01043439
v 0.59714163 0.21871961 -0.01340493
v 0.59714163 0.21871961 0.21876180
v 0.59454676 0.22371961 -0.01543438
v 0.59714163 0.22044039 -0.01543438
v 0.59714163 0.22371962 -0.01612507
v 0.59714163 0.22371961 0.21760185
v 0.59714163 0.22442819 -0.01543438
v 0.59714163 0.22871962 -0.01085822
v 0.59714163 0.22871961 0.21719613
v 0.59714163 0.22928751 -0.01043439
v 0.59714163 0.23371961 -0.00655898
v 0.59714163 0.23371961 0.02761570
v 0.59714163 0.23252924 0.02956561
v 0.59714163 0.23371961 0.03223167
v 0.59714163 0.23371961 0.03649086
v 0.59714163 0.23159498 0.03956562
v 0.59714163 0.23174963 0.04456562
v 0.59714163 0.23228490 0.04956562
v 0.59380383 0.23371961 0.05456562
v 0.59714163 0.23371961 0.05338178
v 0.59445924 0.23371961 0.05956562
v 0.59714163 0.23371961 0.06263448
v 0.59714163 0.23254786 0.06456562
v 0.59714163 0.23298914 0.06956561
v 0.59481101 0.23371961 0.07456561
v 0.59714163 0.23371961 0.07051869
v 0.59714163 0.23250870 0.07956561
v 0.59714163 0.23371961 0.07730615
v 0.59334777 0.23371961 0.07956561
v 0.59714163 0.23371961 0.08101858
v 0.59394778 0.23371961 0.08456561
v 0.59387263 0.23371961 0.08956561
v 0.59499686 0.23371961 0.09456561
v 0.59714163 0.23371961 0.09928902
v 0.59714163 0.23357076 0.09956561
v 0.59579088 0.23371961 0.10456561
v 0.59714163 0.23371961 0.10003298
v 0.59684206 0.23371961 0.10956561
v 0.59714163 0.23371961 0.10905264
v 0.59714163 0.23361729 0.10956561
v 0.59537501 0.23371961 0.11456561
v 0.59714163 0.23371961 0.10996337
v 0.59263753 0.23371961 0.11956561
v 0.59714163 0.23371961 0.12386233
v 0.59714163 0.23365017 0.12456561
v 0.59502773 0.23371961 0.12956561
v 0.59714163 0.23371961 0.12473247
v 0.59437259 0.23371961 0.14456561
v 0.59342953 0.23371961 0.15456561
v 0.59376867 0.23371961 0.21456561
v 0.59714163 0.23371961 0.21667220
v 0.59714163 0.23541750 -0.00543438
v 0.59714163 0.23636343 -0.00043439
v 0.59714163 0.23730631 0.00456562
v 0.59714163 0.23871962 0.00945059
v 0.59714163 0.23871962 0.00962370
v 0.59714163 0.23535679 0.01456562
v 0.59714163 0.23573007 0.01956561
v 0.59714163 0.23616539 0.02456562
v 0.59714163 0.23519784 0.03456562
v 0.59714163 0.23451992 0.05456562
v 0.59714163 0.23560902 0.05956562
v 0.59714163 0.23655456 0.07456561
v 0.59714163 0.23775980 0.08456561
v 0.59714163 0.23871961 0.08766312
v 0.59703128 0.23871961 0.08956561
v 0.59714163 0.23871961 0.08994033
v 0.59714163 0.23492071 0.09456561
v 0.59714163 0.23535437 0.10456561
v 0.59714163 0.23455089 0.11456561
v 0.59714163 0.23832099 0.11956561
v 0.59714163 0.23775663 0.12956561
v 0.59714163 0.23593635 0.13456561
v 0.59557424 0.23871961 0.13956561
v 0.59714163 0.23871961 0.13819808
v 0.59578526 0.23871961 0.14456561
v 0.59626241 0.23871961 0.14956561
v 0.59714163 0.23871961 0.15233422
v 0.59714163 0.23756412 0.15456561
v 0.59714163 0.23831135 0.15956561
v 0.59335399 0.23871961 0.16456561
v 0.59714163 0.23871961 0.15996744
v 0.59694924 0.23871961 0.16956561
v 0.59714163 0.23871961 0.17028506
v 0.59714163 0.23827198 0.17456561
v 0.59714163 0.23740967 0.17956561
v 0.59646099 0.23871961 0.18456561
v 0.59714163 0.23871961 0.18327806
v 0.59714163 0.23871961 0.18517522
v 0.59714163 0.23691011 0.18956561
v 0.59220566 0.23871961 0.19456561
v 0.59714163 0.23871961 0.19223436
v 0.59371038 0.23871961 0.20456561
v 0.59597893 0.23871961 0.20956561
v 0.59325310 0.23871961 0.21456561
v 0.59714163 0.23871961 0.21647998
v 0.59714163 0.23874874 0.00956561
v 0.59714163 0.23902380 0.08956561
v 0.59714163 0.23940200 0.13956561
v 0.59714163 0.23961054 0.14456561
v 0.59714163 0.24155672 0.14956561
v 0.59714163 0.24062980 0.16456561
v 0.59714163 0.23902340 0.16956561
v 0.59714163 0.23993849 0.18456561
v 0.59714163 0.24371961 0.18638311
v 0.59667461 0.24371961 0.18956561
v 0.59714163 0.24156984 0.18956561
v 0.59714163 0.24132072 0.19456561
v 0.59714163 0.24371961 0.19198325
v 0.59714163 0.24050395 0.19956561
v 0.59714163 0.23946266 0.20456561
v 0.59714163 0.24371961 0.20819276
v 0.59671076 0.24371961 0.20956561
v 0.59714163 0.24371961 0.21191649
v 0.59714163 0.24208550 0.21456561
v 0.59714163 0.24479450 0.18956561
v 0.59714163 0.24680838 0.20956561
v 0.59714163 0.24871961 0.21103729
v 0.59652801 0.24871961 0.21456561
v 0.59714163 0.24587807 0.21456561
v 0.59714163 0.24871961 0.21575887
v 0.59714163 0.25075153 0.21456561
v 0.59788452 0.06871961 0.20456561
v 0.59831159 0.07371961 0.00956561
v 0.60214163 0.07332302 0.08456561
v 0.60214163 0.07371961 0.08329091
v 0.60081009 0.07371961 0.08956561
v 0.60214163 0.07371961 0.08719566
v 0.59894285 0.07371961 0.09456561
v 0.59919190 0.07371961 0.10956561
v 0.59723774 0.07371961 0.11456561
v 0.59899567 0.07371961 0.11956561
v 0.59782388 0.07371961 0.12456561
v 0.60067223 0.07371961 0.13956561
v 0.60214163 0.07317725 0.13956561
v 0.60214163 0.07371961 0.13778953
v 0.59824635 0.07371961 0.14456561
v 0.60214163 0.07371961 0.14164115
v 0.60035682 0.07371961 0.16456561
v 0.60214163 0.07371961 0.16885230
v 0.60214163 0.07349987 0.16956561
v 0.60214163 0.07109548 0.17456561
v 0.60214163 0.07151582 0.17956561
v 0.60214163 0.07327022 0.18456561
v 0.60202743 0.07371961 0.18956561
v 0.60214163 0.07371961 0.18894008
v 0.60214163 0.07371961 0.19016417
v 0.60214163 0.07304769 0.19456561
v 0.60214163 0.07265939 0.19956561
v 0.60214163 0.07241187 0.20456561
v 0.59998033 0.07371961 0.20956561
v 0.60214163 0.07371961 0.20701709
v 0.59753624 0.07871961 0.00456562
v 0.60214163 0.07871961 0.00735064
v 0.60214163 0.07730612 0.00956561
v 0.60214163 0.07829642 0.01456562
v 0.59976397 0.07871961 0.01956561
v 0.60214163 0.07871961 0.01544493
v 0.59973995 0.07871961 0.02456562
v 0.60100082 0.07871961 0.02956561
v 0.60214163 0.07871961 0.03060665
v 0.60214163 0.07698787 0.03456562
v 0.60105467 0.07871961 0.03956562
v 0.60214163 0.07871961 0.03854391
v 0.60214163 0.07871961 0.04100694
v 0.60214163 0.07709639 0.04456562
v 0.59973489 0.07871961 0.04956562
v 0.60214163 0.07871961 0.04725347
v 0.60214163 0.07826130 0.05956562
v 0.60214163 0.07871961 0.05781412
v 0.60214163 0.07846517 0.06456562
v 0.59888358 0.07871961 0.06956561
v 0.60214163 0.07871961 0.06552064
v 0.60181762 0.07871961 0.07456561
v 0.60194264 0.07871961 0.07956561
v 0.60214163 0.07671132 0.08456561
v 0.60147209 0.07871961 0.08456561
v 0.60147122 0.07871961 0.08956561
v 0.60074559 0.07871961 0.09456561
v 0.60214163 0.07763565 0.09956561
v 0.60214163 0.07871961 0.09740950
v 0.60214163 0.07825529 0.10456561
v 0.60155829 0.07871961 0.10956561
v 0.60214163 0.07871961 0.10798137
v 0.60192142 0.07871961 0.11456561
v 0.60195730 0.07871961 0.11956561
v 0.60211196 0.07871961 0.12456561
v 0.59811101 0.07871961 0.12956561
v 0.60214163 0.07785239 0.12956561
v 0.60214163 0.07871961 0.12465033
v 0.60020640 0.07871961 0.13456561
v 0.60214163 0.07871961 0.13097783
v 0.60214163 0.07648198 0.13956561
v 0.60126205 0.07871961 0.13956561
v 0.60010973 0.07591082 0.14279708
v 0.60214163 0.07738376 0.14456561
v 0.60214163 0.07871961 0.14262531
v 0.60214163 0.07799289 0.14956561
v 0.60125207 0.07871961 0.15456561
v 0.60214163 0.07871961 0.15291211
v 0.60171287 0.07871961 0.15956561
v 0.60214163 0.07871961 0.16025293
v 0.60214163 0.07523444 0.16456561
v 0.60214163 0.07391554 0.18956561
v 0.60214163 0.07525055 0.20956561
v 0.60214163 0.07871961 0.21244102
v 0.60214163 0.08013195 0.00456562
v 0.60214163 0.08371961 0.00353923
v 0.60214163 0.07964415 0.01956561
v 0.60214163 0.07962862 0.02456562
v 0.60214163 0.07908844 0.02956561
v 0.60214163 0.07936503 0.03956562
v 0.60214163 0.07997222 0.04956562
v 0.60214163 0.07981605 0.05456562
v 0.60214163 0.07967854 0.06956561
v 0.60214163 0.07954158 0.07456561
v 0.60214163 0.07893862 0.07956561
v 0.60214163 0.07904919 0.08456561
v 0.60214163 0.07929687 0.08956561
v 0.60214163 0.08038391 0.09456561
v 0.60214163 0.07903323 0.10956561
v 0.60214163 0.07895641 0.11456561
v 0.60214163 0.07881077 0.11956561
v 0.60214163 0.07873243 0.12456561
v 0.60214163 0.08007672 0.13456561
v 0.60214163 0.07930522 0.13956561
v 0.60214163 0.07917883 0.15456561
v 0.60214163 0.07912270 0.15956561
v 0.60214163 0.08371961 0.21329166
v 0.60214163 0.08871961 0.00305098
v 0.60214163 0.08626974 0.21456561
v 0.60214163 0.08871961 0.21522155
v 0.60214163 0.09198283 -0.00043439
v 0.60214163 0.09371961 -0.00237527
v 0.60214163 0.09371961 0.21536386
v 0.60214163 0.09871961 -0.00325993
v 0.59891961 0.09871961 0.21456561
v 0.60214163 0.09871961 0.21582570
v 0.60214163 0.10371961 -0.00274357
v 0.60214163 0.10371961 0.21545493
v 0.60214163 0.10586804 -0.00043439
v 0.60214163 0.10871961 0.00220752
v 0.60214163 0.10871961 0.21652297
v 0.60214163 0.11371961 0.00202361
v 0.60028964 0.11371961 0.15956561
v 0.60214163 0.11371961 0.15870458
v 0.60214163 0.11266622 0.15956561
v 0.60214163 0.11170406 0.16456561
v 0.59833150 0.11371961 0.16456561
v 0.60214163 0.11371961 0.16714458
v 0.60214163 0.11371961 0.21701194
v 0.60214163 0.11626162 0.00456562
v 0.60214163 0.11622813 0.00956561
v 0.60214163 0.11617362 0.01456562
v 0.60214163 0.11623659 0.01956561
v 0.60214163 0.11609262 0.02456562
v 0.60214163 0.11619682 0.02956561
v 0.60214163 0.11624856 0.03456562
v 0.60214163 0.11616408 0.03956562
v 0.60214163 0.11608247 0.04456562
v 0.60214163 0.11622205 0.04956562
v 0.60214163 0.11606401 0.05456562
v 0.60214163 0.11620241 0.05956562
v 0.60214163 0.11597356 0.06456562
v 0.60214163 0.11578552 0.06956561
v 0.60214163 0.11569450 0.07456561
v 0.60214163 0.11591259 0.07956561
v 0.60214163 0.11601133 0.08456561
v 0.60214163 0.11607839 0.08956561
v 0.60214163 0.11603968 0.09456561
v 0.60214163 0.11607361 0.09956561
v 0.60214163 0.11617741 0.10456561
v 0.60214163 0.11614286 0.10956561
v 0.60214163 0.11623659 0.11456561
v 0.60214163 0.11625214 0.11956561
v 0.60214163 0.11619246 0.12456561
v 0.60214163 0.11615833 0.12956561
v 0.60214163 0.11616536 0.13456561
v 0.60214163 0.11611799 0.13956561
v 0.60214163 0.11587911 0.14456561
v 0.60214163 0.11573853 0.14956561
v 0.60214163 0.11559860 0.15456561
v 0.60214163 0.11479247 0.16956561
v 0.60214163 0.11607975 0.17456561
v 0.60214163 0.11611600 0.17956561
v 0.60214163 0.11615833 0.18456561
v 0.60214163 0.11871961 0.18712882
v 0.60214163 0.11871961 0.21658128
v 0.60214163 0.12371961 0.18721778
v 0.60214163 0.12371961 0.21687742
v 0.60214163 0.12871961 0.18713395
v 0.59919833 0.12871961 0.21456561
v 0.60214163 0.12871961 0.21621373
v 0.60214163 0.13135065 0.15456561
v 0.60214163 0.13371961 0.15219665
v 0.60214163 0.13133052 0.15956561
v 0.60214163 0.13141080 0.16456561
v 0.60214163 0.13180302 0.16956561
v 0.60214163 0.13371961 0.17148221
v 0.60214163 0.13371961 0.18715735
v 0.59715769 0.13371961 0.21456561
v 0.60214163 0.13371961 0.21670407
v 0.60214163 0.13871961 0.15209714
v 0.60214163 0.13871961 0.17158887
v 0.60214163 0.13871961 0.18711541
v 0.59978208 0.13871961 0.21456561
v 0.60214163 0.13871961 0.21471560
v 0.60214163 0.14371961 0.15204864
v 0.60214163 0.14241303 0.17456561
v 0.60214163 0.14156406 0.17956561
v 0.60214163 0.14371961 0.18172117
v 0.60214163 0.14371961 0.18706561
v 0.60214163 0.14371961 0.21356731
v 0.60214163 0.13908948 0.21456561
v 0.60214163 0.14871961 0.15204744
v 0.60214163 0.14871961 0.18134549
v 0.60214163 0.14871961 0.18709275
v 0.60214163 0.14657300 0.21456561
v 0.59797301 0.14871961 0.21456561
v 0.60214163 0.14871961 0.21566535
v 0.60214163 0.15123312 0.14956561
v 0.60214163 0.15371961 0.14707912
v 0.60214163 0.15153125 0.18456561
v 0.60035224 0.15371961 0.21456561
v 0.60214163 0.15371961 0.21525760
v 0.60214163 0.15871961 0.14701772
v 0.60214163 0.15871961 0.21576030
v 0.60214163 0.16371961 0.14700603
v 0.60214163 0.16371961 0.21525585
v 0.60214163 0.16627919 0.14956561
v 0.60214163 0.16626398 0.15456561
v 0.60214163 0.16634704 0.15956561
v 0.60214163 0.16871961 0.16198985
v 0.60214163 0.16871961 0.21658641
v 0.60214163 0.17371961 0.16208593
v 0.59819372 0.17371961 0.21456561
v 0.60214163 0.17371961 0.21581491
v 0.60214163 0.17627705 0.05456562
v 0.60214163 0.17871961 0.05212305
v 0.60214163 0.17626245 0.05956562
v 0.60214163 0.17618589 0.06456562
v 0.60214163 0.17626371 0.06956561
v 0.60214163 0.17620989 0.07456561
v 0.60214163 0.17618233 0.07956561
v 0.60214163 0.17617055 0.08456561
v 0.60214163 0.17871961 0.08711468
v 0.60214163 0.17619931 0.16456561
v 0.60214163 0.17625095 0.16956561
v 0.60214163 0.17871961 0.17209964
v 0.60214163 0.17871961 0.21799413
v 0.60214163 0.18129507 0.03956562
v 0.60214163 0.18371961 0.03714107
v 0.60214163 0.18156090 0.04456562
v 0.60214163 0.18217149 0.04956562
v 0.60214163 0.18371961 0.08708619
v 0.60214163 0.18124800 0.09956561
v 0.60214163 0.18371961 0.09709400
v 0.60214163 0.18125176 0.10456561
v 0.60214163 0.18126245 0.10956561
v 0.60214163 0.18123312 0.11456561
v 0.60214163 0.18123682 0.11956561
v 0.60214163 0.18123992 0.12456561
v 0.60214163 0.18129119 0.12956561
v 0.60214163 0.18119185 0.13456561
v 0.60214163 0.18111438 0.13956561
v 0.60214163 0.18121596 0.14456561
v 0.60214163 0.18371961 0.14706928
v 0.60214163 0.18119783 0.15456561
v 0.60214163 0.18371961 0.15204383
v 0.60214163 0.18126055 0.15956561
v 0.60214163 0.18116120 0.16456561
v 0.60214163 0.18121839 0.16956561
v 0.60214163 0.18371961 0.21654786
v 0.60214163 0.18871961 0.03708592
v 0.60214163 0.18871961 0.08704964
v 0.60214163 0.18871961 0.09716262
v 0.60214163 0.18871961 0.14699211
v 0.60214163 0.18871961 0.15210466
v 0.60214163 0.18871961 0.21732077
v 0.60214163 0.19371961 0.03708468
v 0.60214163 0.19371961 0.06211703
v 0.60214163 0.19124618 0.06456562
v 0.60214163 0.19371961 0.06701069
v 0.60214163 0.19129442 0.08956561
v 0.60214163 0.19129961 0.09456561
v 0.60214163 0.19133053 0.14956561
v 0.60214163 0.19371961 0.21655339
v 0.60214163 0.19871961 0.03732945
v 0.60214163 0.19871961 0.06208620
v 0.60214163 0.19871961 0.06706990
v 0.60214163 0.19871961 0.21741558
v 0.60214163 0.20220024 -0.00043439
v 0.60214163 0.20371961 -0.00216694
v 0.60214163 0.20126879 0.00456562
v 0.60214163 0.20117996 0.00956561
v 0.60214163 0.20116236 0.01456562
v 0.60214163 0.20116352 0.01956561
v 0.60214163 0.20120746 0.02456562
v 0.60214163 0.20141790 0.02956561
v 0.60214163 0.20235857 0.03456562
v 0.60214163 0.20120626 0.06456562
v 0.60214163 0.20371961 0.21723327
v 0.60214163 0.20871961 -0.00276843
v 0.60214163 0.20871961 0.21802156
v 0.60214163 0.21301334 -0.00543438
v 0.60214163 0.21371961 -0.00597518
v 0.60214163 0.21371961 0.21943858
v 0.60214163 0.21803074 -0.01043439
v 0.60214163 0.21871961 -0.01287291
v 0.60214163 0.21871961 0.21812644
v 0.60131917 0.22371962 -0.01543438
v 0.60214163 0.22371962 -0.01489006
v 0.60214163 0.22371961 0.21781741
v 0.60214163 0.22871962 -0.01154575
v 0.60214163 0.22871961 0.21871493
v 0.60214163 0.23012543 -0.01043439
v 0.60214163 0.23371961 -0.00688386
v 0.59928790 0.23371961 0.02956561
v 0.59940340 0.23371961 0.03956562
v 0.59866812 0.23371961 0.04456562
v 0.59815921 0.23371961 0.04956562
v 0.59885138 0.23371961 0.06456562
v 0.59747016 0.23371961 0.06956561
v 0.59808906 0.23371961 0.07956561
v 0.59858299 0.23371961 0.09956561
v 0.59732364 0.23371961 0.10956561
v 0.59721841 0.23371961 0.12456561
v 0.60214163 0.23371961 0.21789744
v 0.60214163 0.23524048 -0.00543438
v 0.60214163 0.23781103 -0.00043439
v 0.60214163 0.23698549 0.00456562
v 0.60214163 0.23871962 0.00829607
v 0.60178427 0.23871962 0.01456562
v 0.60081965 0.23871962 0.01956561
v 0.60152079 0.23871962 0.02456562
v 0.59999233 0.23871962 0.02956561
v 0.60214163 0.23849039 0.03456562
v 0.60214163 0.23871962 0.03417849
v 0.59892911 0.23871962 0.03956562
v 0.60214163 0.23871962 0.03482479
v 0.60214163 0.23871962 0.04350203
v 0.60214163 0.23777012 0.04456562
v 0.60214163 0.23871962 0.04715084
v 0.60105412 0.23871962 0.04956562
v 0.60028366 0.23871962 0.05456562
v 0.60214163 0.23871962 0.05609990
v 0.60214163 0.23661714 0.05956562
v 0.60214163 0.23763994 0.06456562
v 0.60214163 0.23871961 0.06567120
v 0.60042976 0.23871961 0.06956561
v 0.59975938 0.23871961 0.07456561
v 0.60214163 0.23871961 0.07654435
v 0.60214163 0.23756312 0.07956561
v 0.59837574 0.23871961 0.08456561
v 0.60214163 0.23871961 0.08167088
v 0.60214163 0.23871961 0.09422694
v 0.60214163 0.23819498 0.09456561
v 0.60066517 0.23871961 0.09956561
v 0.60214163 0.23871961 0.09507228
v 0.60214163 0.23852106 0.10456561
v 0.60214163 0.23871961 0.10388407
v 0.60214163 0.23624096 0.10956561
v 0.60018394 0.23871961 0.11456561
v 0.60214163 0.23871961 0.11161919
v 0.59721257 0.23871961 0.11956561
v 0.60214163 0.23871961 0.12316544
v 0.60214163 0.23780777 0.12456561
v 0.59846940 0.23871961 0.12956561
v 0.60214163 0.23871961 0.12670589
v 0.60214163 0.23871961 0.13303506
v 0.60214163 0.23812426 0.13456561
v 0.60214163 0.23769627 0.13956561
v 0.60057761 0.23871961 0.13956561
v 0.60214163 0.23695669 0.14456561
v 0.59887760 0.23871961 0.14456561
v 0.60214163 0.23649767 0.14956561
v 0.59884389 0.23871961 0.14956561
v 0.59789213 0.23871961 0.15456561
v 0.60214163 0.23871961 0.15105563
v 0.59753213 0.23871961 0.15956561
v 0.59764652 0.23871961 0.17456561
v 0.59820880 0.23871961 0.17956561
v 0.59957848 0.23871961 0.18956561
v 0.60214163 0.23871961 0.21822725
v 0.60214163 0.23982507 0.00956561
v 0.60214163 0.23877260 0.01456562
v 0.60214163 0.24010784 0.01956561
v 0.60214163 0.24069264 0.02456562
v 0.60214163 0.24371961 0.02684083
v 0.60166457 0.24371961 0.02956561
v 0.60214163 0.24371961 0.03297030
v 0.60204380 0.24371961 0.03956562
v 0.60214163 0.24371961 0.03846392
v 0.60214163 0.24371961 0.03965900
v 0.60106167 0.24371961 0.04956562
v 0.60214163 0.24371961 0.04797722
v 0.60214163 0.24371961 0.05158316
v 0.60214163 0.24035707 0.05456562
v 0.60214163 0.24371961 0.05765893
v 0.60099964 0.24371961 0.05956562
v 0.60214163 0.24192402 0.05956562
v 0.60214163 0.24371961 0.06248560
v 0.60214163 0.24246446 0.06956561
v 0.60214163 0.24371961 0.07080121
v 0.60104148 0.24371961 0.07456561
v 0.60214163 0.24371961 0.07921072
v 0.60214163 0.24240688 0.08456561
v 0.60149324 0.24371961 0.08956561
v 0.60214163 0.24371961 0.08673909
v 0.60214163 0.24371961 0.09035333
v 0.60214163 0.23990881 0.09956561
v 0.60195133 0.24371961 0.11456561
v 0.60214163 0.24371961 0.11450412
v 0.60022224 0.24371961 0.11956561
v 0.60214163 0.24371961 0.12257843
v 0.60167562 0.24371961 0.12956561
v 0.60214163 0.24371961 0.12838764
v 0.60214163 0.24371961 0.13089141
v 0.60192735 0.24371961 0.14456561
v 0.60214163 0.24322479 0.14456561
v 0.60214163 0.24371961 0.14354877
v 0.60214163 0.24371961 0.14601636
v 0.60214163 0.24371961 0.15070300
v 0.59896269 0.24371961 0.15456561
v 0.60214163 0.24371961 0.15773450
v 0.60214163 0.24243291 0.15956561
v 0.60109473 0.24371961 0.16456561
v 0.60214163 0.24371961 0.16183994
v 0.60053773 0.24371961 0.16956561
v 0.59904506 0.24371961 0.17456561
v 0.60083706 0.24371961 0.17956561
v 0.59947352 0.24371961 0.18456561
v 0.60214163 0.24371961 0.18656381
v 0.60214163 0.24165405 0.18956561
v 0.59966480 0.24371961 0.18956561
v 0.60214163 0.24371961 0.19193954
v 0.59962101 0.24371961 0.19456561
v 0.59898281 0.24371961 0.19956561
v 0.60139018 0.24371961 0.20456561
v 0.60214163 0.24324201 0.20956561
v 0.60214163 0.24371961 0.20767299
v 0.60103381 0.24371961 0.20956561
v 0.59917980 0.24371961 0.21456561
v 0.60214163 0.24371961 0.21030599
v 0.60214163 0.24371961 0.21661851
v 0.60195266 0.24871962 0.00956561
v 0.60214163 0.24831544 0.00956561
v 0.60214163 0.24871962 0.00942064
v 0.60214163 0.24871962 0.00962555
v 0.60214163 0.24442457 0.02956561
v 0.60214163 0.24379568 0.03956562
v 0.60214163 0.24491362 0.04956562
v 0.60214163 0.24521321 0.05956562
v 0.60104854 0.24871962 0.06956561
v 0.60214163 0.24456922 0.06956561
v 0.60214163 0.24871962 0.06758773
v 0.60214163 0.24871962 0.07125100
v 0.60214163 0.24492343 0.07456561
v 0.60214163 0.24441282 0.08956561
v 0.60214163 0.24389561 0.11456561
v 0.60214163 0.24555805 0.11956561
v 0.60214163 0.24434612 0.12956561
v 0.60214163 0.24412840 0.14456561
v 0.60214163 0.24484032 0.15456561
v 0.60214163 0.24552389 0.16456561
v 0.60214163 0.24471750 0.16956561
v 0.60214163 0.24452839 0.17456561
v 0.60214163 0.24473543 0.17956561
v 0.60214163 0.24502680 0.18456561
v 0.60214163 0.24570898 0.19456561
v 0.60214163 0.24871961 0.19856042
v 0.60158394 0.24871961 0.19956561
v 0.60214163 0.24871961 0.20055203
v 0.60214163 0.24473308 0.20456561
v 0.60113188 0.24871961 0.21456561
v 0.60214163 0.24778713 0.21456561
v 0.60214163 0.24877954 0.00956561
v 0.60211960 0.25371961 0.03956562
v 0.60214163 0.25367718 0.03956562
v 0.60214163 0.25371961 0.03951786
v 0.60214163 0.25371961 0.03957672
v 0.60214163 0.24922937 0.06956561
v 0.60214163 0.24911379 0.19956561
v 0.60214163 0.25375799 0.03956562
v 0.60289942 0.07371961 0.08456561
v 0.60662864 0.07371961 0.10456561
v 0.60714163 0.07341636 0.10456561
v 0.60714163 0.07371961 0.10379888
v 0.60714163 0.07371961 0.10563276
v 0.60466466 0.07371961 0.13956561
v 0.60609767 0.07371961 0.14956561
v 0.60714163 0.07259194 0.14956561
v 0.60714163 0.07371961 0.14820197
v 0.60616876 0.07371961 0.15456561
v 0.60714163 0.07331518 0.15456561
v 0.60714163 0.07371961 0.15621871
v 0.60261227 0.07371961 0.16956561
v 0.60714163 0.07371961 0.17226592
v 0.60714163 0.07242010 0.17456561
v 0.60714163 0.07324442 0.17956561
v 0.60459677 0.07371961 0.18456561
v 0.60714163 0.07371961 0.18185571
v 0.60714163 0.07371961 0.18595764
v 0.60714163 0.07135693 0.18956561
v 0.60239431 0.07371961 0.18956561
v 0.60714163 0.07121759 0.19456561
v 0.60358022 0.07371961 0.19956561
v 0.60714163 0.07371961 0.19687402
v 0.60386787 0.07371961 0.20456561
v 0.60714163 0.07318778 0.20956561
v 0.60714163 0.07371961 0.20862983
v 0.60566268 0.07371961 0.20956561
v 0.60714163 0.07371961 0.21005853
v 0.60422517 0.07871961 0.00456562
v 0.60714163 0.07799177 0.00456562
v 0.60714163 0.07871961 0.00403164
v 0.60714163 0.07868946 0.00956561
v 0.60257979 0.07871961 0.01456562
v 0.60714163 0.07871961 0.00959367
v 0.60531671 0.07871961 0.02956561
v 0.60714163 0.07841471 0.02956561
v 0.60714163 0.07871961 0.02803688
v 0.60530346 0.07871961 0.03456562
v 0.60714163 0.07871961 0.03059726
v 0.60499439 0.07871961 0.04456562
v 0.60263697 0.07871961 0.05956562
v 0.60309138 0.07871961 0.06456562
v 0.60714163 0.07871961 0.08428924
v 0.60578717 0.07871961 0.08456561
v 0.60714163 0.07850635 0.08456561
v 0.60714163 0.07871961 0.08510482
v 0.60412126 0.07871961 0.09956561
v 0.60714163 0.07541064 0.10456561
v 0.60371133 0.07871961 0.10456561
v 0.60310994 0.07871961 0.12956561
v 0.60714163 0.07759801 0.13456561
v 0.60714163 0.07871961 0.13275638
v 0.60473329 0.07871961 0.13456561
v 0.60714163 0.07556737 0.13956561
v 0.60377157 0.07871961 0.13956561
v 0.60405342 0.07687554 0.14213455
v 0.60714163 0.07871961 0.14292259
v 0.60406783 0.07871961 0.14456561
v 0.60714163 0.07871961 0.14941041
v 0.60714163 0.07652444 0.15456561
v 0.60714163 0.07871961 0.14993772
v 0.60714163 0.07871961 0.15516490
v 0.60312865 0.07871961 0.15956561
v 0.60714163 0.07502216 0.15956561
v 0.60628891 0.07871961 0.16456561
v 0.60714163 0.07871961 0.16336120
v 0.60714163 0.07871961 0.16634618
v 0.60714163 0.07697885 0.16956561
v 0.60714163 0.07457300 0.18456561
v 0.60714163 0.07696327 0.19956561
v 0.60714163 0.07651093 0.20456561
v 0.60714163 0.07871961 0.21344673
v 0.60714163 0.08371961 0.00322471
v 0.60714163 0.08141372 0.01456562
v 0.60714163 0.07961280 0.01956561
v 0.60714163 0.08034817 0.02456562
v 0.60714163 0.08371961 0.03306285
v 0.60567609 0.08371961 0.03456562
v 0.60714163 0.08070388 0.03956562
v 0.60714163 0.08371961 0.03783403
v 0.60714163 0.08347855 0.04456562
v 0.60714163 0.07884532 0.04956562
v 0.60714163 0.08020817 0.05456562
v 0.60714163 0.08155284 0.05956562
v 0.60714163 0.07945172 0.06456562
v 0.60714163 0.08054952 0.06956561
v 0.60714163 0.08323775 0.07456561
v 0.60714163 0.08284961 0.07956561
v 0.60714163 0.08131722 0.08956561
v 0.60714163 0.08072779 0.09456561
v 0.60714163 0.08051389 0.09956561
v 0.60714163 0.07986675 0.10456561
v 0.60714163 0.08115903 0.10956561
v 0.60714163 0.07903558 0.11456561
v 0.60714163 0.08061923 0.11956561
v 0.60714163 0.07980866 0.12456561
v 0.60714163 0.08124621 0.12956561
v 0.60714163 0.07935359 0.14456561
v 0.60714163 0.07900850 0.15456561
v 0.60714163 0.07935813 0.16456561
v 0.60714163 0.08096444 0.21456561
v 0.60513320 0.08371961 0.21456561
v 0.60714163 0.08371961 0.21498803
v 0.60714163 0.08871961 0.00291147
v 0.60714163 0.08455702 0.03456562
v 0.60714163 0.08871961 0.21528777
v 0.60714163 0.09214493 -0.00043439
v 0.60714163 0.09371961 -0.00206130
v 0.60714163 0.09371961 0.21549498
v 0.60714163 0.09871961 -0.00396708
v 0.60714163 0.09871961 0.21527120
v 0.60714163 0.10371961 -0.00303126
v 0.60714163 0.10371961 0.21582505
v 0.60714163 0.10585608 -0.00043439
v 0.60714163 0.10871961 0.00224695
v 0.60714163 0.10871961 0.21841500
v 0.60714163 0.11371961 0.00205952
v 0.60287596 0.11371961 0.15956561
v 0.60369210 0.11371961 0.16456561
v 0.60714163 0.11371961 0.21673669
v 0.60714163 0.11622570 0.00456562
v 0.60714163 0.11623899 0.00956561
v 0.60714163 0.11621411 0.01456562
v 0.60714163 0.11624139 0.01956561
v 0.60714163 0.11620241 0.02456562
v 0.60714163 0.11619371 0.02956561
v 0.60714163 0.11622813 0.03456562
v 0.60714163 0.11621594 0.03956562
v 0.60714163 0.11616663 0.04456562
v 0.60714163 0.11607703 0.04956562
v 0.60714163 0.11612523 0.05456562
v 0.60714163 0.11618746 0.05956562
v 0.60714163 0.11609598 0.06456562
v 0.60714163 0.11609330 0.06956561
v 0.60714163 0.11600487 0.07456561
v 0.60714163 0.11609867 0.07956561
v 0.60714163 0.11612129 0.08456561
v 0.60714163 0.11614545 0.08956561
v 0.60714163 0.11619309 0.09456561
v 0.60714163 0.11611136 0.09956561
v 0.60714163 0.11618370 0.10456561
v 0.60714163 0.11621104 0.10956561
v 0.60714163 0.11619309 0.11456561
v 0.60714163 0.11624737 0.11956561
v 0.60714163 0.11615512 0.12456561
v 0.60714163 0.11625571 0.12956561
v 0.60714163 0.11621656 0.13456561
v 0.60714163 0.11615384 0.13956561
v 0.60714163 0.11610670 0.14456561
v 0.60714163 0.11612983 0.14956561
v 0.60714163 0.11604877 0.15456561
v 0.60714163 0.11582532 0.15956561
v 0.60714163 0.11568464 0.16456561
v 0.60714163 0.11596840 0.16956561
v 0.60714163 0.11607156 0.17456561
v 0.60714163 0.11614932 0.17956561
v 0.60714163 0.11625333 0.18456561
v 0.60714163 0.11871961 0.18702953
v 0.60714163 0.11871961 0.21724451
v 0.60461387 0.12371961 0.14956561
v 0.60714163 0.12119185 0.14956561
v 0.60714163 0.12371961 0.14703784
v 0.60464285 0.12371961 0.15456561
v 0.60714163 0.12122083 0.15456561
v 0.60458438 0.12371961 0.15956561
v 0.60714163 0.12116236 0.15956561
v 0.60486287 0.12371961 0.16456561
v 0.60714163 0.12144085 0.16456561
v 0.60488253 0.12371961 0.16956561
v 0.60714163 0.12146051 0.16956561
v 0.60469653 0.12371961 0.17456561
v 0.60714163 0.12127450 0.17456561
v 0.60457741 0.12371961 0.17956561
v 0.60714163 0.12115539 0.17956561
v 0.60456130 0.12371961 0.18456561
v 0.60714163 0.12113927 0.18456561
v 0.60714163 0.12371961 0.21713538
v 0.60451970 0.12871961 0.14956561
v 0.60714163 0.12871961 0.14694369
v 0.60461029 0.12871961 0.15456561
v 0.60459491 0.12871961 0.15956561
v 0.60478149 0.12871961 0.16456561
v 0.60508417 0.12871961 0.16956561
v 0.60477065 0.12871961 0.17456561
v 0.60459845 0.12871961 0.17956561
v 0.60459727 0.12871961 0.18456561
v 0.60714163 0.12871961 0.21661141
v 0.60465020 0.13371961 0.05456562
v 0.60714163 0.13122819 0.05456562
v 0.60714163 0.13371961 0.05207419
v 0.60459609 0.13371961 0.05956562
v 0.60714163 0.13117407 0.05956562
v 0.60457973 0.13371961 0.06456562
v 0.60714163 0.13115771 0.06456562
v 0.60457741 0.13371961 0.06956561
v 0.60714163 0.13115539 0.06956561
v 0.60455331 0.13371961 0.07456561
v 0.60714163 0.13113129 0.07456561
v 0.60456473 0.13371961 0.07956561
v 0.60714163 0.13114271 0.07956561
v 0.60463069 0.13371961 0.08456561
v 0.60714163 0.13120867 0.08456561
v 0.60463555 0.13371961 0.08956561
v 0.60714163 0.13121353 0.08956561
v 0.60458205 0.13371961 0.09456561
v 0.60714163 0.13116003 0.09456561
v 0.60465513 0.13371961 0.09956561
v 0.60714163 0.13123311 0.09956561
v 0.60714163 0.13371961 0.10205211
v 0.60456015 0.13371961 0.11456561
v 0.60714163 0.13113813 0.11456561
v 0.60714163 0.13371961 0.11198413
v 0.60459845 0.13371961 0.11956561
v 0.60714163 0.13117643 0.11956561
v 0.60458555 0.13371961 0.12456561
v 0.60714163 0.13116353 0.12456561
v 0.60714163 0.13371961 0.12712170
v 0.60457048 0.13371961 0.13956561
v 0.60714163 0.13114846 0.13956561
v 0.60714163 0.13371961 0.13699445
v 0.60452857 0.13371961 0.14456561
v 0.60714163 0.13110655 0.14456561
v 0.60460199 0.13371961 0.14956561
v 0.60490845 0.13371961 0.17456561
v 0.60458788 0.13371961 0.17956561
v 0.60447527 0.13371961 0.18456561
v 0.60714163 0.13371961 0.21567138
v 0.60453863 0.13871961 0.05456562
v 0.60714163 0.13871961 0.05196262
v 0.60455331 0.13871961 0.05956562
v 0.60458322 0.13871961 0.06456562
v 0.60469398 0.13871961 0.06956561
v 0.60462948 0.13871961 0.07456561
v 0.60449890 0.13871961 0.07956561
v 0.60457741 0.13871961 0.08456561
v 0.60446679 0.13871961 0.08956561
v 0.60462105 0.13871961 0.09456561
v 0.60461506 0.13871961 0.09956561
v 0.60714163 0.13871961 0.10209218
v 0.60465821 0.13871961 0.11456561
v 0.60714163 0.13871961 0.11208220
v 0.60461149 0.13871961 0.11956561
v 0.60466504 0.13871961 0.12456561
v 0.60714163 0.13871961 0.12704220
v 0.60458788 0.13871961 0.13956561
v 0.60714163 0.13871961 0.13701187
v 0.60468257 0.13871961 0.14456561
v 0.60458671 0.13871961 0.14956561
v 0.60491069 0.13871961 0.17456561
v 0.60465083 0.13871961 0.17956561
v 0.60449458 0.13871961 0.18456561
v 0.60714163 0.13871961 0.21557651
v 0.60478968 0.14371961 0.00456562
v 0.60714163 0.14136766 0.00456562
v 0.60714163 0.14371961 0.00221366
v 0.60514104 0.14371961 0.00956561
v 0.60714163 0.14171902 0.00956561
v 0.60583971 0.14371961 0.01456562
v 0.60714163 0.14241769 0.01456562
v 0.60714163 0.14371961 0.01586753
v 0.60458788 0.14371961 0.04456562
v 0.60714163 0.14116586 0.04456562
v 0.60714163 0.14371961 0.04201187
v 0.60460435 0.14371961 0.04956562
v 0.60714163 0.14118233 0.04956562
v 0.60463190 0.14371961 0.05456562
v 0.60461745 0.14371961 0.05956562
v 0.60459845 0.14371961 0.06456562
v 0.60457741 0.14371961 0.06956561
v 0.60458089 0.14371961 0.07456561
v 0.60453304 0.14371961 0.07956561
v 0.60453528 0.14371961 0.08456561
v 0.60460435 0.14371961 0.08956561
v 0.60455787 0.14371961 0.09456561
v 0.60456932 0.14371961 0.09956561
v 0.60714163 0.14122511 0.10456561
v 0.60464713 0.14371961 0.10456561
v 0.60455672 0.14371961 0.10956561
v 0.60714163 0.14113471 0.10956561
v 0.60452081 0.14371961 0.11456561
v 0.60458322 0.14371961 0.11956561
v 0.60462707 0.14371961 0.12456561
v 0.60714163 0.14122022 0.12956561
v 0.60464224 0.14371961 0.12956561
v 0.60465083 0.14371961 0.13456561
v 0.60714163 0.14122880 0.13456561
v 0.60460435 0.14371961 0.13956561
v 0.60458788 0.14371961 0.14456561
v 0.60464836 0.14371961 0.14956561
v 0.60457162 0.14371961 0.18456561
v 0.60518426 0.14371961 0.21456561
v 0.60714163 0.14371961 0.21573489
v 0.60481945 0.14871961 0.00456562
v 0.60714163 0.14871961 0.00224344
v 0.60513315 0.14871961 0.00956561
v 0.60714163 0.14871961 0.01445744
v 0.60714163 0.14851728 0.01456562
v 0.60456702 0.14871961 0.04456562
v 0.60714163 0.14871961 0.04199100
v 0.60457856 0.14871961 0.04956562
v 0.60468762 0.14871961 0.05456562
v 0.60461985 0.14871961 0.05956562
v 0.60462707 0.14871961 0.06456562
v 0.60457856 0.14871961 0.06956561
v 0.60456129 0.14871961 0.07456561
v 0.60453639 0.14871961 0.07956561
v 0.60456587 0.14871961 0.08456561
v 0.60453080 0.14871961 0.08956561
v 0.60461745 0.14871961 0.09456561
v 0.60447847 0.14871961 0.09956561
v 0.60452969 0.14871961 0.10456561
v 0.60460317 0.14871961 0.10956561
v 0.60458322 0.14871961 0.11456561
v 0.60458322 0.14871961 0.11956561
v 0.60461746 0.14871961 0.12456561
v 0.60459962 0.14871961 0.12956561
v 0.60464285 0.14871961 0.13456561
v 0.60458555 0.14871961 0.13956561
v 0.60457394 0.14871961 0.14456561
v 0.60452414 0.14871961 0.14956561
v 0.60466629 0.14871961 0.18456561
v 0.60714163 0.14871961 0.21595949
v 0.60555383 0.15371961 -0.00043439
v 0.60714163 0.15213181 -0.00043439
v 0.60714163 0.15371961 -0.00223726
v 0.60490025 0.15371961 0.00456562
v 0.60497976 0.15371961 0.00956561
v 0.60714163 0.14908826 0.01456562
v 0.60635562 0.15371961 0.01456562
v 0.60714163 0.15371961 0.01535163
v 0.60464163 0.15371961 0.04456562
v 0.60714163 0.15371961 0.04206561
v 0.60460672 0.15371961 0.04956562
v 0.60457394 0.15371961 0.05456562
v 0.60453528 0.15371961 0.05956562
v 0.60461268 0.15371961 0.06456562
v 0.60465574 0.15371961 0.06956561
v 0.60461506 0.15371961 0.07456561
v 0.60458205 0.15371961 0.07956561
v 0.60456587 0.15371961 0.08456561
v 0.60463311 0.15371961 0.08956561
v 0.60458555 0.15371961 0.09456561
v 0.60463676 0.15371961 0.09956561
v 0.60454651 0.15371961 0.10456561
v 0.60455787 0.15371961 0.10956561
v 0.60452524 0.15371961 0.11456561
v 0.60455559 0.15371961 0.11956561
v 0.60454878 0.15371961 0.12456561
v 0.60460080 0.15371961 0.12956561
v 0.60455559 0.15371961 0.13456561
v 0.60464898 0.15371961 0.13956561
v 0.60452302 0.15371961 0.14456561
v 0.60714163 0.15371961 0.21689250
v 0.60569965 0.15871961 -0.00043439
v 0.60714163 0.15871961 -0.00219809
v 0.60483354 0.15871961 0.00456562
v 0.60486793 0.15871961 0.00956561
v 0.60714163 0.15871961 0.01183931
v 0.60714163 0.15450562 0.01456562
v 0.60714163 0.15871961 0.01835681
v 0.60593282 0.15871961 0.01956561
v 0.60714163 0.15751080 0.01956561
v 0.60500196 0.15871961 0.02456562
v 0.60714163 0.15657995 0.02456562
v 0.60464163 0.15871961 0.02956561
v 0.60714163 0.15621961 0.02956561
v 0.60456472 0.15871961 0.03456562
v 0.60714163 0.15614271 0.03456562
v 0.60714163 0.15871961 0.03714252
v 0.60464163 0.15871961 0.04456562
v 0.60714163 0.15871961 0.04206561
v 0.60460317 0.15871961 0.04956562
v 0.60461625 0.15871961 0.05456562
v 0.60463190 0.15871961 0.05956562
v 0.60467440 0.15871961 0.06456562
v 0.60454651 0.15871961 0.06956561
v 0.60465574 0.15871961 0.07456561
v 0.60468826 0.15871961 0.07956561
v 0.60460317 0.15871961 0.08456561
v 0.60468005 0.15871961 0.08956561
v 0.60466628 0.15871961 0.09456561
v 0.60464285 0.15871961 0.09956561
v 0.60458322 0.15871961 0.10456561
v 0.60451420 0.15871961 0.10956561
v 0.60457741 0.15871961 0.11456561
v 0.60462586 0.15871961 0.11956561
v 0.60459962 0.15871961 0.12456561
v 0.60456473 0.15871961 0.12956561
v 0.60457394 0.15871961 0.13456561
v 0.60467943 0.15871961 0.13956561
v 0.60456244 0.15871961 0.14456561
v 0.60714163 0.15871961 0.21730708
v 0.60539863 0.16371961 -0.00043439
v 0.60714163 0.16371961 -0.00257251
v 0.60479173 0.16371961 0.00456562
v 0.60471449 0.16371961 0.00956561
v 0.60714163 0.16371961 0.01199275
v 0.60552787 0.16371961 0.01956561
v 0.60714163 0.16371961 0.01795186
v 0.60538933 0.16371961 0.02456562
v 0.60460198 0.16371961 0.02956561
v 0.60461148 0.16371961 0.03456562
v 0.60714163 0.16371961 0.03709576
v 0.60471643 0.16371961 0.04456562
v 0.60714163 0.16371961 0.04214042
v 0.60465451 0.16371961 0.04956562
v 0.60466753 0.16371961 0.05456562
v 0.60460317 0.16371961 0.05956562
v 0.60457048 0.16371961 0.06456562
v 0.60473141 0.16371961 0.06956561
v 0.60470804 0.16371961 0.07456561
v 0.60465636 0.16371961 0.07956561
v 0.60470163 0.16371961 0.08456561
v 0.60468447 0.16371961 0.08956561
v 0.60473403 0.16371961 0.09456561
v 0.60479930 0.16371961 0.09956561
v 0.60471255 0.16371961 0.10456561
v 0.60475188 0.16371961 0.10956561
v 0.60478081 0.16371961 0.11456561
v 0.60471062 0.16371961 0.11956561
v 0.60476929 0.16371961 0.12456561
v 0.60477132 0.16371961 0.12956561
v 0.60466691 0.16371961 0.13456561
v 0.60458206 0.16371961 0.13956561
v 0.60465761 0.16371961 0.14456561
v 0.60714163 0.16371961 0.21712909
v 0.60525978 0.16871961 -0.00043439
v 0.60714163 0.16871961 -0.00298810
v 0.60714163 0.16871961 0.00144747
v 0.60714163 0.16606951 0.00456562
v 0.60714163 0.16614675 0.00956561
v 0.60509434 0.16871961 0.01956561
v 0.60714163 0.16871961 0.01751833
v 0.60581979 0.16871961 0.02456562
v 0.60479517 0.16871961 0.02956561
v 0.60456129 0.16871961 0.03456562
v 0.60714163 0.16650071 0.03956562
v 0.60492272 0.16871961 0.03956562
v 0.60509519 0.16871961 0.04456562
v 0.60462105 0.16871961 0.04956562
v 0.60462948 0.16871961 0.05456562
v 0.60470355 0.16871961 0.05956562
v 0.60465698 0.16871961 0.06456562
v 0.60472944 0.16871961 0.06956561
v 0.60469270 0.16871961 0.07456561
v 0.60471385 0.16871961 0.07956561
v 0.60471644 0.16871961 0.08456561
v 0.60480899 0.16871961 0.08956561
v 0.60490322 0.16871961 0.09456561
v 0.60477470 0.16871961 0.09956561
v 0.60480969 0.16871961 0.10456561
v 0.60476862 0.16871961 0.10956561
v 0.60484634 0.16871961 0.11456561
v 0.60474325 0.16871961 0.11956561
v 0.60477537 0.16871961 0.12456561
v 0.60488768 0.16871961 0.12956561
v 0.60483282 0.16871961 0.13456561
v 0.60477402 0.16871961 0.13956561
v 0.60474326 0.16871961 0.14456561
v 0.60479999 0.16871961 0.14956561
v 0.60474326 0.16871961 0.15456561
v 0.60478081 0.16871961 0.15956561
v 0.60714163 0.16871961 0.21732692
v 0.60526072 0.17371961 -0.00043439
v 0.60714163 0.17371961 -0.00267252
v 0.60714163 0.17371961 0.00144652
v 0.60493639 0.17371961 0.01956561
v 0.60714163 0.17371961 0.01736038
v 0.60546630 0.17371961 0.02456562
v 0.60474921 0.17371961 0.02956561
v 0.60463676 0.17371961 0.03456562
v 0.60477537 0.17371961 0.03956562
v 0.60523155 0.17371961 0.04456562
v 0.60466255 0.17371961 0.04956562
v 0.60471449 0.17371961 0.05456562
v 0.60461625 0.17371961 0.05956562
v 0.60465328 0.17371961 0.06456562
v 0.60466379 0.17371961 0.06956561
v 0.60465328 0.17371961 0.07456561
v 0.60478149 0.17371961 0.07956561
v 0.60480552 0.17371961 0.08456561
v 0.60492122 0.17371961 0.08956561
v 0.60488768 0.17371961 0.09456561
v 0.60487376 0.17371961 0.09956561
v 0.60485063 0.17371961 0.10456561
v 0.60483992 0.17371961 0.10956561
v 0.60476727 0.17371961 0.11456561
v 0.60482718 0.17371961 0.11956561
v 0.60494097 0.17371961 0.12456561
v 0.60493106 0.17371961 0.12956561
v 0.60488620 0.17371961 0.13456561
v 0.60484634 0.17371961 0.13956561
v 0.60490771 0.17371961 0.14456561
v 0.60487594 0.17371961 0.14956561
v 0.60481666 0.17371961 0.15456561
v 0.60482016 0.17371961 0.15956561
v 0.60714163 0.17371961 0.21706302
v 0.60515694 0.17871961 -0.00043439
v 0.60714163 0.17871961 -0.00276899
v 0.60714163 0.17639954 0.00456562
v 0.60482156 0.17871961 0.00456562
v 0.60457972 0.17871961 0.00956561
v 0.60714163 0.17615771 0.00956561
v 0.60464591 0.17871961 0.01456562
v 0.60714163 0.17622389 0.01456562
v 0.60714163 0.17592485 0.01956561
v 0.60714163 0.17871961 0.01706133
v 0.60714163 0.17539494 0.02456562
v 0.60714163 0.17611203 0.02956561
v 0.60714163 0.17622449 0.03456562
v 0.60714163 0.17871961 0.03708530
v 0.60466131 0.17871961 0.03956562
v 0.60490770 0.17871961 0.04456562
v 0.60493410 0.17871961 0.04956562
v 0.60493182 0.17871961 0.08956561
v 0.60488179 0.17871961 0.09456561
v 0.60486649 0.17871961 0.09956561
v 0.60489728 0.17871961 0.10456561
v 0.60487303 0.17871961 0.10956561
v 0.60486576 0.17871961 0.11456561
v 0.60480483 0.17871961 0.11956561
v 0.60495095 0.17871961 0.12456561
v 0.60495946 0.17871961 0.12956561
v 0.60501723 0.17871961 0.13456561
v 0.60489580 0.17871961 0.13956561
v 0.60490695 0.17871961 0.14456561
v 0.60495173 0.17871961 0.14956561
v 0.60493410 0.17871961 0.15456561
v 0.60489877 0.17871961 0.15956561
v 0.60487887 0.17871961 0.16456561
v 0.60486504 0.17871961 0.16956561
v 0.60714163 0.17871961 0.21796639
v 0.60500997 0.18371961 -0.00043439
v 0.60714163 0.18371961 -0.00295927
v 0.60472813 0.18371961 0.00456562
v 0.60460672 0.18371961 0.00956561
v 0.60467002 0.18371961 0.01456562
v 0.60714163 0.18371961 0.01703722
v 0.60556867 0.18371961 0.02956561
v 0.60714163 0.18214665 0.02956561
v 0.60714163 0.18371961 0.02799266
v 0.60478694 0.18371961 0.03456562
v 0.60714163 0.18136492 0.03456562
v 0.60502127 0.18371961 0.08956561
v 0.60490995 0.18371961 0.09456561
v 0.60491519 0.18371961 0.14956561
v 0.60714163 0.18371961 0.21768508
v 0.60481596 0.18871961 -0.00043439
v 0.60714163 0.18871961 -0.00354802
v 0.60458554 0.18871961 0.00456562
v 0.60461387 0.18871961 0.00956561
v 0.60461745 0.18871961 0.01456562
v 0.60714163 0.18871961 0.01708979
v 0.60593985 0.18871961 0.02956561
v 0.60714163 0.18871961 0.02836383
v 0.60496334 0.18871961 0.03456562
v 0.60497976 0.18871961 0.08956561
v 0.60501965 0.18871961 0.09456561
v 0.60510373 0.18871961 0.14956561
v 0.60714163 0.18871961 0.21750688
v 0.60477469 0.19371961 -0.00043439
v 0.60714163 0.19371961 -0.00320614
v 0.60466504 0.19371961 0.00456562
v 0.60451309 0.19371961 0.00956561
v 0.60448167 0.19371961 0.01456562
v 0.60714163 0.19117996 0.01956561
v 0.60460198 0.19371961 0.01956561
v 0.60494864 0.19371961 0.02456562
v 0.60714163 0.19152664 0.02456562
v 0.60573209 0.19371961 0.02956561
v 0.60527504 0.19371961 0.03456562
v 0.60479654 0.19371961 0.06456562
v 0.60714163 0.19371961 0.21760291
v 0.60474855 0.19871961 -0.00043439
v 0.60714163 0.19871961 -0.00374076
v 0.60463919 0.19871961 0.00456562
v 0.60456702 0.19871961 0.00956561
v 0.60459139 0.19871961 0.01456562
v 0.60461029 0.19871961 0.01956561
v 0.60463919 0.19871961 0.02456562
v 0.60519652 0.19871961 0.02956561
v 0.60522040 0.19871961 0.03456562
v 0.60485637 0.19871961 0.06456562
v 0.60714163 0.19871961 0.21748998
v 0.60714163 0.20371961 -0.00382125
v 0.60714163 0.20371961 0.21763114
v 0.60714163 0.20871961 -0.00353422
v 0.60714163 0.20871961 0.21841806
v 0.60714163 0.21307814 -0.00543438
v 0.60714163 0.21371961 -0.00588103
v 0.60714163 0.21371961 0.21861296
v 0.60714163 0.21743469 -0.01043439
v 0.60714163 0.21871961 -0.01182040
v 0.60714163 0.21871961 0.21836751
v 0.60714163 0.22371962 -0.01180020
v 0.60714163 0.22144290 0.21956561
v 0.60495908 0.22371961 0.21956561
v 0.60714163 0.22371961 0.22059550
v 0.60714163 0.22871962 -0.01135160
v 0.60714163 0.22871961 0.21782340
v 0.60714163 0.22614861 0.21956561
v 0.60714163 0.22979156 -0.01043439
v 0.60714163 0.23371961 -0.00553259
v 0.60714163 0.23371961 0.21663930
v 0.60714163 0.23390613 -0.00543438
v 0.60312219 0.23871962 -0.00043439
v 0.60714163 0.23871962 -0.00144585
v 0.60431580 0.23871962 0.00456562
v 0.60267099 0.23871962 0.03456562
v 0.60414339 0.23871962 0.04456562
v 0.60484171 0.23871962 0.05956562
v 0.60341684 0.23871962 0.06456562
v 0.60490092 0.23871961 0.06956561
v 0.60714163 0.23871962 0.06709176
v 0.60714163 0.23638003 0.06956561
v 0.60714163 0.23871962 0.07269379
v 0.60714163 0.23871961 0.07640992
v 0.60714163 0.23757072 0.07956561
v 0.60714163 0.23871961 0.08112703
v 0.60377073 0.23871961 0.09456561
v 0.60714163 0.23424768 0.09956561
v 0.60714163 0.23871961 0.09500654
v 0.60360684 0.23871961 0.09956561
v 0.60278106 0.23871961 0.10456561
v 0.60714163 0.23871961 0.10302314
v 0.60559489 0.23871961 0.10956561
v 0.60338263 0.23871961 0.12456561
v 0.60438155 0.23871961 0.12956561
v 0.60714163 0.23871961 0.12780489
v 0.60714163 0.23630251 0.12956561
v 0.60714163 0.23847471 0.13456561
v 0.60352255 0.23871961 0.13956561
v 0.60714163 0.23871961 0.13510204
v 0.60482257 0.23871961 0.14456561
v 0.60439324 0.23871961 0.14956561
v 0.60714163 0.23871961 0.21631293
v 0.60680696 0.24371961 -0.00043439
v 0.60714163 0.24371961 -0.00050302
v 0.60714163 0.24371961 0.00111101
v 0.60714163 0.24286093 0.00456562
v 0.60544765 0.24371961 0.00956561
v 0.60714163 0.24371961 0.00609022
v 0.60695578 0.24371961 0.01456562
v 0.60714163 0.24371961 0.01591394
v 0.60714163 0.24095404 0.01956561
v 0.60714163 0.24141241 0.02456562
v 0.60714163 0.24284561 0.02956561
v 0.60497920 0.24371961 0.02956561
v 0.60714163 0.24084452 0.03456562
v 0.60714163 0.24217098 0.03956562
v 0.60247594 0.24371961 0.03956562
v 0.60714163 0.24016439 0.04456562
v 0.60714163 0.24059153 0.04956562
v 0.60344802 0.24371961 0.04956562
v 0.60714163 0.24124977 0.05456562
v 0.60384388 0.24371961 0.05956562
v 0.60714163 0.24091797 0.05956562
v 0.60714163 0.23981650 0.06456561
v 0.60714163 0.23920416 0.07456561
v 0.60306168 0.24371961 0.07456561
v 0.60308319 0.24371961 0.07956561
v 0.60714163 0.24227973 0.07956561
v 0.60714163 0.24371961 0.07921997
v 0.60714163 0.24371961 0.08033453
v 0.60714163 0.24120645 0.08456561
v 0.60714163 0.23942670 0.08956561
v 0.60312045 0.24371961 0.08956561
v 0.60714163 0.23980377 0.09456561
v 0.60714163 0.24062336 0.10456561
v 0.60714163 0.24371961 0.10615867
v 0.60609836 0.24371961 0.10956561
v 0.60404195 0.24371961 0.12456561
v 0.60347104 0.24156170 0.12763586
v 0.60714163 0.24371961 0.12672571
v 0.60276994 0.24371961 0.12956561
v 0.60714163 0.23961832 0.13456561
v 0.60714163 0.24371961 0.13366922
v 0.60537069 0.24371961 0.13456561
v 0.60714163 0.24371961 0.13584237
v 0.60714163 0.24064318 0.13956561
v 0.60295515 0.24371961 0.14456561
v 0.60714163 0.24174366 0.14456561
v 0.60378868 0.24371961 0.14956561
v 0.60714163 0.24371961 0.14710653
v 0.60471060 0.24371961 0.15956561
v 0.60404143 0.24371961 0.18956561
v 0.60521714 0.24371961 0.19456561
v 0.60714163 0.24371961 0.19307639
v 0.60714163 0.24266752 0.19456561
v 0.60714163 0.24371961 0.19804929
v 0.60300942 0.24371961 0.20956561
v 0.60502910 0.24371961 0.21456561
v 0.60714163 0.24371961 0.21221961
v 0.60714163 0.24137361 0.21456561
v 0.60714163 0.24385588 -0.00043439
v 0.60259732 0.24871962 0.00956561
v 0.60714163 0.24556356 0.00956561
v 0.60714163 0.24428188 0.01456562
v 0.60365925 0.24871962 0.06956561
v 0.60714163 0.24399271 0.07956561
v 0.60714163 0.24675503 0.10956561
v 0.60714163 0.24427313 0.11456561
v 0.60714163 0.24500300 0.11956561
v 0.60714163 0.24566118 0.12456561
v 0.60714163 0.24535128 0.13456561
v 0.60714163 0.24531925 0.14956561
v 0.60714163 0.24692415 0.15456561
v 0.60714163 0.24506174 0.15956561
v 0.60714163 0.24789902 0.16456561
v 0.60714163 0.24569554 0.16956561
v 0.60714163 0.24615684 0.17456561
v 0.60714163 0.24531168 0.17956561
v 0.60494177 0.24871961 0.18456561
v 0.60714163 0.24871961 0.18253980
v 0.60714163 0.24871961 0.18675366
v 0.60714163 0.24603073 0.18956561
v 0.60714163 0.24871961 0.19868036
v 0.60714163 0.24871961 0.20200222
v 0.60714163 0.24753213 0.20456561
v 0.60714163 0.24608198 0.20956561
v 0.60219278 0.25371961 0.03956562
v 0.60714163 0.24975479 0.18456561
v 0.60714163 0.24932891 0.19956561
v 0.60757945 0.07371961 0.10456561
v 0.61212429 0.07371961 0.11456561
v 0.61214163 0.07370149 0.11456561
v 0.61214163 0.07371961 0.11454224
v 0.61214163 0.07371961 0.11464254
v 0.61039939 0.07371961 0.14956561
v 0.60785494 0.07371961 0.15456561
v 0.61142333 0.07371961 0.16456561
v 0.61214163 0.07346035 0.16456561
v 0.61214163 0.07371961 0.16392082
v 0.61052187 0.07371961 0.16956561
v 0.61214163 0.07292144 0.16956561
v 0.61012765 0.07371961 0.17456561
v 0.61214163 0.07371961 0.17183967
v 0.60752284 0.07371961 0.17956561
v 0.60826623 0.07371961 0.18956561
v 0.61214163 0.07371961 0.19397164
v 0.61214163 0.07318916 0.19456561
v 0.61042579 0.07371961 0.19956561
v 0.61214163 0.07213004 0.19956561
v 0.61214163 0.07371961 0.20373721
v 0.60867960 0.07371961 0.20956561
v 0.60917157 0.07871961 0.00456562
v 0.61214163 0.07871961 0.00752948
v 0.61214163 0.07611632 0.00956561
v 0.61001078 0.07871961 0.01456562
v 0.61214163 0.07744099 0.01456562
v 0.61214163 0.07871961 0.01765114
v 0.61214163 0.07796569 0.02956561
v 0.61214163 0.07871961 0.02790633
v 0.61214163 0.07871961 0.03228958
v 0.60749734 0.07871961 0.08456561
v 0.61214163 0.07871961 0.10808373
v 0.61042376 0.07871961 0.10956561
v 0.61214163 0.07733647 0.10956561
v 0.61214163 0.07377431 0.11456561
v 0.61214163 0.07871961 0.11193483
v 0.61156358 0.07871961 0.13456561
v 0.61214163 0.07871961 0.13626241
v 0.61214163 0.07793396 0.13956561
v 0.61214163 0.07871961 0.14319536
v 0.60723112 0.07871961 0.14956561
v 0.60814514 0.07871961 0.15456561
v 0.61214163 0.07701200 0.15456561
v 0.61214163 0.07871961 0.15219358
v 0.61214163 0.07753788 0.15956561
v 0.60836886 0.07645052 0.15602426
v 0.61115789 0.07871961 0.16456561
v 0.61214163 0.07733796 0.17456561
v 0.61214163 0.07662597 0.17956561
v 0.61214163 0.07517947 0.18456561
v 0.61214163 0.07680585 0.18956561
v 0.61214163 0.07407652 0.20456561
v 0.61214163 0.07525441 0.20956561
v 0.61214163 0.07871961 0.21219022
v 0.61214163 0.08096789 0.00456562
v 0.61214163 0.08371961 0.00355005
v 0.61214163 0.08120999 0.01956561
v 0.61214163 0.08107046 0.02456562
v 0.61214163 0.08371961 0.03310546
v 0.61214163 0.08054482 0.03956562
v 0.61214163 0.08371961 0.03724690
v 0.61214163 0.08154983 0.04456562
v 0.61214163 0.08201794 0.04956562
v 0.61214163 0.08329055 0.05456562
v 0.61214163 0.08274585 0.05956562
v 0.61214163 0.08173806 0.06456562
v 0.61214163 0.08124713 0.06956561
v 0.61214163 0.08012026 0.07456561
v 0.60875706 0.08371961 0.07956561
v 0.61214163 0.08371961 0.07769494
v 0.61214163 0.08371961 0.08193414
v 0.61214163 0.08176488 0.08456561
v 0.61214163 0.08071819 0.08956561
v 0.61214163 0.08161285 0.09456561
v 0.61214163 0.08347772 0.09956561
v 0.61214163 0.08221974 0.10456561
v 0.61214163 0.08337442 0.11456561
v 0.61214163 0.08134644 0.11956561
v 0.61214163 0.08156738 0.12456561
v 0.61214163 0.07955575 0.12956561
v 0.61214163 0.07900732 0.13456561
v 0.61214163 0.07993965 0.14456561
v 0.61214163 0.07972343 0.14956561
v 0.61098178 0.08371961 0.21456561
v 0.61214163 0.08371961 0.21422525
v 0.61214163 0.08871961 0.00282884
v 0.61214163 0.08471638 0.03456562
v 0.61214163 0.08478636 0.07956561
v 0.61214163 0.08493162 0.21456561
v 0.61214163 0.08871961 0.21499052
v 0.61214163 0.09196319 -0.00043439
v 0.61214163 0.09371961 -0.00238479
v 0.61214163 0.09371961 0.21552056
v 0.61214163 0.09871961 -0.00401352
v 0.61214163 0.09871961 0.21532487
v 0.61214163 0.10371961 -0.00304974
v 0.61214163 0.10371961 0.21679948
v 0.61214163 0.10587595 -0.00043439
v 0.61214163 0.10871961 0.00219733
v 0.61214163 0.10871961 0.21818071
v 0.61214163 0.11371961 0.00208159
v 0.61214163 0.11371961 0.21769458
v 0.61214163 0.11620364 0.00456562
v 0.61214163 0.11621717 0.00956561
v 0.61214163 0.11620796 0.01456562
v 0.61214163 0.11616536 0.01956561
v 0.61214163 0.11610803 0.02456562
v 0.61214163 0.11620981 0.02956561
v 0.61214163 0.11618370 0.03456562
v 0.61214163 0.11620611 0.03956562
v 0.61214163 0.11620549 0.04456562
v 0.61214163 0.11616981 0.04956562
v 0.61214163 0.11617425 0.05456562
v 0.61214163 0.11625214 0.05956562
v 0.61214163 0.11624259 0.06456562
v 0.61214163 0.11610803 0.06956561
v 0.61214163 0.11614997 0.07456561
v 0.61214163 0.11618370 0.07956561
v 0.61214163 0.11613637 0.08456561
v 0.61214163 0.11620981 0.08956561
v 0.61214163 0.11612260 0.09456561
v 0.61214163 0.11620796 0.09956561
v 0.61214163 0.11617804 0.10456561
v 0.61214163 0.11613962 0.10956561
v 0.61214163 0.11613701 0.11456561
v 0.61214163 0.11618621 0.11956561
v 0.61214163 0.11620734 0.12456561
v 0.61214163 0.11627220 0.12956561
v 0.61214163 0.11621411 0.13456561
v 0.61214163 0.11621594 0.13956561
v 0.61214163 0.11623538 0.14456561
v 0.61214163 0.11626750 0.14956561
v 0.61214163 0.11620611 0.15456561
v 0.61214163 0.11624737 0.15956561
v 0.61214163 0.11621900 0.16456561
v 0.61214163 0.11624379 0.16956561
v 0.61214163 0.11627686 0.17456561
v 0.61214163 0.11634374 0.17956561
v 0.61214163 0.11626515 0.18456561
v 0.61214163 0.11871961 0.18701421
v 0.61214163 0.11871961 0.21823039
v 0.61214163 0.12120023 0.14956561
v 0.61214163 0.12371961 0.14704623
v 0.61214163 0.12111999 0.15456561
v 0.61214163 0.12111886 0.15956561
v 0.61214163 0.12122266 0.16456561
v 0.61214163 0.12125740 0.16956561
v 0.61214163 0.12118351 0.17456561
v 0.61214163 0.12112449 0.17956561
v 0.61214163 0.12120988 0.18456561
v 0.61214163 0.12371961 0.21706723
v 0.61214163 0.12871961 0.14704623
v 0.61214163 0.12871961 0.21666675
v 0.61214163 0.13125113 0.05456562
v 0.61214163 0.13371961 0.05209713
v 0.61214163 0.13118708 0.05956562
v 0.61214163 0.13126055 0.06456562
v 0.61214163 0.13120384 0.06956561
v 0.61214163 0.13116353 0.07456561
v 0.61214163 0.13119423 0.07956561
v 0.61214163 0.13116469 0.08456561
v 0.61214163 0.13114042 0.08956561
v 0.61214163 0.13115539 0.09456561
v 0.61214163 0.13122022 0.09956561
v 0.61214163 0.13371961 0.10206500
v 0.61214163 0.13117289 0.11456561
v 0.61214163 0.13371961 0.11201889
v 0.61214163 0.13112902 0.11956561
v 0.61214163 0.13109107 0.12456561
v 0.61214163 0.13371961 0.12719415
v 0.61214163 0.13118351 0.13956561
v 0.61214163 0.13371961 0.13702953
v 0.61214163 0.13119304 0.14456561
v 0.61214163 0.13371961 0.21689065
v 0.61214163 0.13871961 0.05212626
v 0.61214163 0.13871961 0.10205026
v 0.61214163 0.13871961 0.11205346
v 0.61214163 0.13871961 0.12707896
v 0.61214163 0.13871961 0.13701187
v 0.61214163 0.13871961 0.21864131
v 0.61214163 0.14126181 0.00456562
v 0.61214163 0.14371961 0.00210782
v 0.61214163 0.14153900 0.00956561
v 0.61214163 0.14208305 0.01456562
v 0.61214163 0.14371961 0.01620217
v 0.61214163 0.14123744 0.04456562
v 0.61214163 0.14371961 0.04208344
v 0.61214163 0.14128539 0.04956562
v 0.61214163 0.14119423 0.10456561
v 0.61214163 0.14121596 0.10956561
v 0.61214163 0.14129507 0.12956561
v 0.61214163 0.14129766 0.13456561
v 0.61214163 0.14371961 0.21781833
v 0.61214163 0.14871961 0.00206989
v 0.60727220 0.14871961 0.01456562
v 0.61214163 0.14871961 0.01634751
v 0.61214163 0.14871961 0.04216130
v 0.61214163 0.14871961 0.21930179
v 0.61214163 0.15142074 -0.00043439
v 0.61214163 0.15371961 -0.00463996
v 0.61214163 0.15371961 0.01673533
v 0.61214163 0.15371961 0.04217055
v 0.61214163 0.15371961 0.21800368
v 0.61214163 0.15871961 -0.00390523
v 0.61214163 0.15871961 0.01213100
v 0.61214163 0.15588932 0.01456562
v 0.61214163 0.15643148 0.01956561
v 0.61214163 0.15871961 0.01727748
v 0.61214163 0.15620505 0.02456562
v 0.61214163 0.15625552 0.02956561
v 0.61214163 0.15622328 0.03456562
v 0.61214163 0.15871961 0.03706195
v 0.61214163 0.15871961 0.04222053
v 0.61214163 0.15871961 0.21754157
v 0.61206104 0.16371961 -0.00543438
v 0.61214163 0.16357648 -0.00543438
v 0.61214163 0.16371961 -0.00547979
v 0.61214163 0.16371961 0.01208740
v 0.61214163 0.16371961 0.01730798
v 0.61214163 0.16371961 0.03694266
v 0.61214163 0.16371961 0.04218655
v 0.61214163 0.16371961 0.21702195
v 0.61168085 0.16871961 -0.00543438
v 0.61214163 0.16871961 -0.00565563
v 0.61214163 0.16871961 0.00222022
v 0.61214163 0.16626985 0.00456562
v 0.61214163 0.16624139 0.00956561
v 0.61214163 0.16871961 0.01708035
v 0.61214163 0.16627005 0.03956562
v 0.61214163 0.16871961 0.21752227
v 0.61214163 0.17188349 -0.00543438
v 0.61214163 0.17371961 -0.00528443
v 0.61214163 0.17371961 0.00218644
v 0.61214163 0.17371961 0.01710971
v 0.61214163 0.17371961 0.21740409
v 0.61214163 0.17871961 -0.00418812
v 0.61214163 0.17620868 0.00456562
v 0.61214163 0.17613471 0.00956561
v 0.61214163 0.17623435 0.01456562
v 0.61214163 0.17871961 0.01705088
v 0.61214163 0.17617552 0.01956561
v 0.61214163 0.17578804 0.02456562
v 0.61214163 0.17610136 0.02956561
v 0.61214163 0.17613766 0.03456562
v 0.61214163 0.17871961 0.03723506
v 0.61214163 0.17849650 0.21956561
v 0.61171050 0.17871961 0.21956561
v 0.61214163 0.17871961 0.21967321
v 0.61214163 0.18371961 -0.00481173
v 0.61214163 0.18371961 0.01712170
v 0.61214163 0.18157198 0.02956561
v 0.61214163 0.18371961 0.02741798
v 0.61214163 0.18129184 0.03456562
v 0.61214163 0.18371961 0.21794452
v 0.61214163 0.17902537 0.21956561
v 0.61214163 0.18871961 -0.00513822
v 0.61214163 0.18871961 0.01718643
v 0.61214163 0.18871961 0.02754496
v 0.61214163 0.18871961 0.21746667
v 0.61214163 0.19371961 -0.00499323
v 0.61214163 0.19133186 0.01956561
v 0.61214163 0.19129637 0.02456562
v 0.61214163 0.19371961 0.21834714
v 0.61131000 0.19871961 -0.00543438
v 0.61214163 0.19643512 -0.00543438
v 0.61214163 0.19871961 -0.00586552
v 0.61214163 0.19871961 0.21818952
v 0.61021400 0.20371961 -0.00543438
v 0.61214163 0.20371961 -0.00665303
v 0.61214163 0.20371961 0.21843614
v 0.61214163 0.20622158 -0.00543438
v 0.61214163 0.20871961 -0.00426597
v 0.61214163 0.20650466 0.21956561
v 0.61007342 0.20871961 0.21956561
v 0.61214163 0.20871961 0.22015728
v 0.61214163 0.21298115 -0.00543438
v 0.61214163 0.21371961 -0.00569757
v 0.61214163 0.21371961 0.21826306
v 0.61214163 0.21060766 0.21956561
v 0.61214163 0.21811041 -0.01043439
v 0.61214163 0.21871962 -0.01111039
v 0.61214163 0.21871961 0.21793044
v 0.61214163 0.22371962 -0.01216759
v 0.61057057 0.22371961 0.21956561
v 0.61214163 0.22371961 0.21886650
v 0.61214163 0.22871962 -0.01096622
v 0.61214163 0.22871961 0.21756751
v 0.61214163 0.22938049 -0.01043439
v 0.61214163 0.23371961 -0.00632498
v 0.61214163 0.23371961 0.21706315
v 0.61214163 0.23576254 -0.00543438
v 0.61214163 0.23871962 -0.00245315
v 0.61214163 0.23871962 0.06718112
v 0.61214163 0.23760508 0.06956561
v 0.61214163 0.23871962 0.07102521
v 0.60930345 0.23871961 0.07956561
v 0.61214163 0.23871961 0.09830405
v 0.61214163 0.23815584 0.09956561
v 0.61214163 0.23871961 0.10070347
v 0.60927979 0.23871961 0.12956561
v 0.60752394 0.23871961 0.13456561
v 0.61214163 0.23871961 0.21684649
v 0.61214163 0.24371961 -0.00133149
v 0.61214163 0.24371961 0.00349215
v 0.61214163 0.24272272 0.00456562
v 0.61214163 0.24207724 0.00956561
v 0.60932983 0.24371961 0.00956561
v 0.61214163 0.24281620 0.01456562
v 0.60978254 0.24371961 0.01456562
v 0.61214163 0.24315388 0.01956561
v 0.61214163 0.23889471 0.02456562
v 0.61214163 0.24175903 0.02956561
v 0.61098035 0.24371961 0.03456562
v 0.61214163 0.24371961 0.03311143
v 0.60837336 0.24371961 0.03956562
v 0.61214163 0.24371961 0.04119366
v 0.61214163 0.24000124 0.04456562
v 0.61111162 0.24371961 0.04956562
v 0.61214163 0.24371961 0.04872216
v 0.61104246 0.24371961 0.05456562
v 0.61214163 0.24371961 0.05650694
v 0.61214163 0.24073624 0.05956561
v 0.61214163 0.24171371 0.06456561
v 0.61214163 0.24306099 0.06956561
v 0.61214163 0.24371961 0.06871003
v 0.61172155 0.24371961 0.06956561
v 0.61214163 0.24371961 0.07038065
v 0.61214163 0.24250419 0.07456561
v 0.60759488 0.24371961 0.07956561
v 0.61214163 0.23994201 0.07956561
v 0.61214163 0.24371961 0.08301662
v 0.60989150 0.24371961 0.08456561
v 0.61075338 0.24371961 0.08956561
v 0.61113137 0.24371961 0.09456561
v 0.61214163 0.23973547 0.09956561
v 0.61023108 0.24371961 0.09956561
v 0.61214163 0.24371961 0.10374045
v 0.61214163 0.24279001 0.10456561
v 0.61214163 0.24371961 0.10762854
v 0.60995829 0.24371961 0.12456561
v 0.61214163 0.24371961 0.12047440
v 0.61214163 0.24085316 0.12456561
v 0.61214163 0.24282946 0.12956561
v 0.61214163 0.24371961 0.13012225
v 0.60907034 0.24371961 0.13956561
v 0.61214163 0.24371961 0.14179599
v 0.61214163 0.24141578 0.14456561
v 0.61214163 0.24371961 0.14731862
v 0.60964798 0.24371961 0.15956561
v 0.61214163 0.24371961 0.15669511
v 0.61214163 0.24300905 0.15956561
v 0.61214163 0.24371961 0.16056155
v 0.60826681 0.24371961 0.19456561
v 0.61099759 0.24371961 0.19956561
v 0.61214163 0.24371961 0.19938489
v 0.61214163 0.24358030 0.19956561
v 0.61214163 0.24188455 0.20456561
v 0.61048346 0.24371961 0.20456561
v 0.61214163 0.24288553 0.20956561
v 0.61139600 0.24371961 0.20956561
v 0.60923411 0.24371961 0.21456561
v 0.61214163 0.24371961 0.21018999
v 0.61214163 0.24371961 0.21584546
v 0.61214163 0.24542072 -0.00043439
v 0.61136321 0.24871962 0.03456562
v 0.61214163 0.24871962 0.03350619
v 0.61214163 0.24871962 0.03588959
v 0.61214163 0.24606990 0.03956562
v 0.61214163 0.24499693 0.04956562
v 0.61214163 0.24432251 0.05456562
v 0.61214163 0.24387165 0.06956561
v 0.61214163 0.24491539 0.08456561
v 0.61214163 0.24459089 0.08956561
v 0.61214163 0.24871962 0.09403408
v 0.61149495 0.24871962 0.09456561
v 0.61214163 0.24871962 0.09616807
v 0.61214163 0.24677038 0.09956561
v 0.61214163 0.24734863 0.10956561
v 0.61214163 0.24868288 0.11456561
v 0.61214163 0.24499063 0.11956561
v 0.61214163 0.24643473 0.13456561
v 0.61214163 0.24586485 0.13956561
v 0.61091460 0.24871961 0.14956561
v 0.61214163 0.24871961 0.14757732
v 0.61214163 0.24871961 0.15029325
v 0.61214163 0.24443098 0.15456561
v 0.61214163 0.24651091 0.16456561
v 0.61214163 0.24536966 0.16956561
v 0.61214163 0.24860169 0.17456561
v 0.61214163 0.24759481 0.17956561
v 0.61214163 0.24871961 0.18181151
v 0.61214163 0.24871961 0.18535016
v 0.61214163 0.24530502 0.18956561
v 0.61214163 0.24598505 0.19456561
v 0.60818741 0.24871961 0.19956561
v 0.61214163 0.24518764 0.21456561
v 0.60732020 0.25371961 0.00456562
v 0.61214163 0.25097044 0.00456562
v 0.61214163 0.25371961 0.00414190
v 0.61214163 0.25371961 0.00705986
v 0.61214163 0.24996443 0.03456562
v 0.61214163 0.25371961 0.03761271
v 0.61021802 0.25371961 0.03956562
v 0.61214163 0.25166713 0.03956562
v 0.61214163 0.25371961 0.04181663
v 0.61214163 0.24912310 0.09456561
v 0.61214163 0.24912632 0.14956561
v 0.61214163 0.24900623 0.18456561
v 0.61214163 0.25500412 0.00456562
v 0.61214163 0.25467458 0.03956562
v 0.61216413 0.07371961 0.11456561
v 0.61315243 0.07371961 0.16456561
v 0.61377509 0.07371961 0.16956561
v 0.61658237 0.07371961 0.17956561
v 0.61714163 0.07331574 0.17956561
v 0.61714163 0.07371961 0.17896303
v 0.61359325 0.07371961 0.18456561
v 0.61714163 0.07202445 0.18456561
v 0.61714163 0.07371961 0.18856614
v 0.61391198 0.07371961 0.19456561
v 0.61511217 0.07371961 0.19956561
v 0.61590212 0.07371961 0.20956561
v 0.61714163 0.07328553 0.20956561
v 0.61714163 0.07371961 0.20820010
v 0.61714163 0.07371961 0.20986638
v 0.61687841 0.07871961 0.00956561
v 0.61648070 0.07871961 0.01456562
v 0.61592183 0.07871961 0.02456562
v 0.61714163 0.07810692 0.02456562
v 0.61714163 0.07871961 0.02173429
v 0.61714163 0.07810321 0.02956561
v 0.61714163 0.07871961 0.03065391
v 0.61473785 0.07871961 0.04456562
v 0.61714163 0.07799473 0.04456562
v 0.61714163 0.07871961 0.04302037
v 0.61714163 0.07871961 0.04627885
v 0.61480875 0.07871961 0.07456561
v 0.61714163 0.07835441 0.07456561
v 0.61714163 0.07871961 0.07348311
v 0.61714163 0.07871961 0.07528906
v 0.61426566 0.07871961 0.10956561
v 0.61406741 0.07871961 0.13956561
v 0.61714163 0.07846859 0.14456561
v 0.61714163 0.07871961 0.14343820
v 0.61438270 0.07871961 0.14456561
v 0.61714163 0.07871961 0.14505365
v 0.61714163 0.07763691 0.15456561
v 0.61714163 0.07871961 0.15318280
v 0.61714163 0.07696279 0.15956561
v 0.61714163 0.07778913 0.16456561
v 0.61714163 0.07816095 0.16956561
v 0.61714163 0.07854446 0.17456561
v 0.61714163 0.07871961 0.18375919
v 0.61714163 0.07808804 0.18456561
v 0.61650564 0.07871961 0.18456561
v 0.61714163 0.07871961 0.18548463
v 0.61714163 0.07512028 0.18956561
v 0.61714163 0.07542386 0.19456561
v 0.61714163 0.07516761 0.19956561
v 0.61714163 0.07522343 0.20456561
v 0.61714163 0.07871961 0.21399545
v 0.61714163 0.07956911 0.00456562
v 0.61714163 0.08371961 0.00341249
v 0.61714163 0.07897946 0.00956561
v 0.61714163 0.07937568 0.01456562
v 0.61714163 0.07949872 0.01956561
v 0.61714163 0.08011525 0.03456562
v 0.61329995 0.08371961 0.03456562
v 0.61714163 0.08118286 0.03956562
v 0.61714163 0.08108877 0.04456562
v 0.61427738 0.08371961 0.04456562
v 0.61714163 0.08371961 0.04293877
v 0.61714163 0.08371961 0.04839927
v 0.61714163 0.08297095 0.04956562
v 0.61353379 0.08371961 0.05456562
v 0.61714163 0.08371961 0.05162736
v 0.61585868 0.08371961 0.05956562
v 0.61443523 0.08371961 0.06456562
v 0.61714163 0.08371961 0.06699133
v 0.61714163 0.08160061 0.06956561
v 0.61337172 0.08371961 0.07956561
v 0.61714163 0.08133666 0.07956561
v 0.61630030 0.08371961 0.08456561
v 0.61714163 0.08371961 0.08422397
v 0.61714163 0.08371961 0.08680482
v 0.61714163 0.08197253 0.08956561
v 0.61714163 0.08162144 0.09456561
v 0.61502674 0.08371961 0.09956561
v 0.61714163 0.08371961 0.09924398
v 0.61649625 0.08371961 0.10456561
v 0.61714163 0.08371961 0.10501338
v 0.61714163 0.08106474 0.10956561
v 0.61714163 0.08258524 0.11456561
v 0.61592930 0.08371961 0.11956561
v 0.61714163 0.08371961 0.11693120
v 0.61714163 0.08371961 0.12063833
v 0.61714163 0.08079355 0.12456561
v 0.61714163 0.08185909 0.12956561
v 0.61714163 0.08080294 0.13456561
v 0.61714163 0.07973444 0.13956561
v 0.61714163 0.08041571 0.14956561
v 0.61714163 0.07908372 0.18456561
v 0.61714163 0.08371961 0.21089340
v 0.61714163 0.08871961 0.00167418
v 0.61714163 0.08521761 0.04456562
v 0.61714163 0.08437257 0.05456562
v 0.61714163 0.08402607 0.05956562
v 0.61714163 0.08509295 0.06456562
v 0.61714163 0.08406676 0.08456561
v 0.61714163 0.08383338 0.09956561
v 0.61714163 0.08398882 0.10456561
v 0.61714163 0.08434923 0.11956561
v 0.61255664 0.08871961 0.21456561
v 0.61714163 0.08871961 0.21136761
v 0.61714163 0.09104803 -0.00043439
v 0.61714163 0.09371961 -0.00217527
v 0.61714163 0.09246025 0.21456561
v 0.61714163 0.09371961 0.21625930
v 0.61714163 0.09871961 -0.00528690
v 0.61714163 0.09871961 0.21686036
v 0.61714163 0.10371961 -0.00456990
v 0.61714163 0.10371961 0.21696696
v 0.61488620 0.10871961 -0.00043439
v 0.61714163 0.10871961 -0.00352246
v 0.61714163 0.10871961 0.21820461
v 0.61476592 0.11371961 -0.00043439
v 0.61714163 0.11371961 -0.00392131
v 0.61714163 0.11371961 0.21731597
v 0.61481247 0.11871961 -0.00043439
v 0.61714163 0.11871961 -0.00526885
v 0.61714163 0.11619059 0.00456562
v 0.61714163 0.11871961 0.00189477
v 0.61714163 0.11622692 0.00956561
v 0.61456932 0.11871961 0.01456562
v 0.61714163 0.11871961 0.01199331
v 0.61460553 0.11871961 0.01956561
v 0.61467879 0.11871961 0.02456562
v 0.61467253 0.11871961 0.02956561
v 0.61461506 0.11871961 0.03456562
v 0.61460080 0.11871961 0.03956562
v 0.61467002 0.11871961 0.04456562
v 0.61467440 0.11871961 0.04956562
v 0.61460435 0.11871961 0.05456562
v 0.61469143 0.11871961 0.05956562
v 0.61466069 0.11871961 0.06456562
v 0.61459491 0.11871961 0.06956561
v 0.61458438 0.11871961 0.07456561
v 0.61456129 0.11871961 0.07956561
v 0.61453192 0.11871961 0.08456561
v 0.61454426 0.11871961 0.08956561
v 0.61450434 0.11871961 0.09456561
v 0.61454201 0.11871961 0.09956561
v 0.61455787 0.11871961 0.10456561
v 0.61458555 0.11871961 0.10956561
v 0.61457857 0.11871961 0.11456561
v 0.61460199 0.11871961 0.11956561
v 0.61458555 0.11871961 0.12456561
v 0.61458671 0.11871961 0.12956561
v 0.61467315 0.11871961 0.13456561
v 0.61468763 0.11871961 0.13956561
v 0.61476526 0.11871961 0.14456561
v 0.61480069 0.11871961 0.14956561
v 0.61471774 0.11871961 0.15456561
v 0.61472163 0.11871961 0.15956561
v 0.61480137 0.11871961 0.16456561
v 0.61473798 0.11871961 0.16956561
v 0.61483495 0.11871961 0.17456561
v 0.61477945 0.11871961 0.17956561
v 0.61483425 0.11871961 0.18456561
v 0.61714163 0.11871961 0.21752417
v 0.61469143 0.12371961 -0.00043439
v 0.61714163 0.12371961 -0.00463951
v 0.61714163 0.12371961 0.00201581
v 0.61457509 0.12371961 0.01456562
v 0.61714163 0.12371961 0.01199908
v 0.61473272 0.12371961 0.01956561
v 0.61465389 0.12371961 0.02456562
v 0.61481108 0.12371961 0.02956561
v 0.61471708 0.12371961 0.03456562
v 0.61463190 0.12371961 0.03956562
v 0.61474723 0.12371961 0.04456562
v 0.61472553 0.12371961 0.04956562
v 0.61471320 0.12371961 0.05456562
v 0.61479379 0.12371961 0.05956562
v 0.61474524 0.12371961 0.06456562
v 0.61463311 0.12371961 0.06956561
v 0.61462586 0.12371961 0.07456561
v 0.61469398 0.12371961 0.07956561
v 0.61478216 0.12371961 0.08456561
v 0.61461985 0.12371961 0.08956561
v 0.61461387 0.12371961 0.09456561
v 0.61459609 0.12371961 0.09956561
v 0.61461029 0.12371961 0.10456561
v 0.61464959 0.12371961 0.10956561
v 0.61461268 0.12371961 0.11456561
v 0.61463676 0.12371961 0.11956561
v 0.61464591 0.12371961 0.12456561
v 0.61457509 0.12371961 0.12956561
v 0.61471127 0.12371961 0.13456561
v 0.61483637 0.12371961 0.13956561
v 0.61486286 0.12371961 0.14456561
v 0.61714163 0.12371961 0.21745990
v 0.61692863 0.12871961 -0.00543438
v 0.61714163 0.12773580 -0.00543438
v 0.61714163 0.12871961 -0.00563643
v 0.61476862 0.12871961 -0.00043439
v 0.61714163 0.12871961 0.00193862
v 0.61469588 0.12871961 0.01456562
v 0.61714163 0.12871961 0.01211987
v 0.61466317 0.12871961 0.01956561
v 0.61458904 0.12871961 0.02456562
v 0.61481038 0.12871961 0.02956561
v 0.61467942 0.12871961 0.03456562
v 0.61479723 0.12871961 0.03956562
v 0.61474723 0.12871961 0.04456562
v 0.61490994 0.12871961 0.04956562
v 0.61489506 0.12871961 0.05456562
v 0.61492803 0.12871961 0.05956562
v 0.61486214 0.12871961 0.06456562
v 0.61489136 0.12871961 0.06956561
v 0.61486721 0.12871961 0.07456561
v 0.61481735 0.12871961 0.07956561
v 0.61473141 0.12871961 0.08456561
v 0.61473076 0.12871961 0.08956561
v 0.61467566 0.12871961 0.09456561
v 0.61478558 0.12871961 0.09956561
v 0.61471903 0.12871961 0.10456561
v 0.61477132 0.12871961 0.10956561
v 0.61468890 0.12871961 0.11456561
v 0.61473798 0.12871961 0.11956561
v 0.61473076 0.12871961 0.12456561
v 0.61468952 0.12871961 0.12956561
v 0.61478489 0.12871961 0.13456561
v 0.61481805 0.12871961 0.13956561
v 0.61488180 0.12871961 0.14456561
v 0.61714163 0.12871961 0.21722438
v 0.61623517 0.13371961 -0.00543438
v 0.61714163 0.13371961 -0.00623238
v 0.61461984 0.13371961 -0.00043439
v 0.61714163 0.13125238 0.00456562
v 0.61467440 0.13371961 0.00456562
v 0.61483565 0.13371961 0.00956561
v 0.61714163 0.13141364 0.00956561
v 0.61466566 0.13371961 0.01456562
v 0.61467628 0.13371961 0.01956561
v 0.61456932 0.13371961 0.02456562
v 0.61474061 0.13371961 0.02956561
v 0.61470869 0.13371961 0.03456562
v 0.61480552 0.13371961 0.03956562
v 0.61482436 0.13371961 0.04456562
v 0.61491144 0.13371961 0.04956562
v 0.61477673 0.13371961 0.10456561
v 0.61481456 0.13371961 0.10956561
v 0.61498608 0.13371961 0.12956561
v 0.61496179 0.13371961 0.13456561
v 0.61714163 0.13371961 0.21782876
v 0.61642032 0.13871961 -0.00543438
v 0.61714163 0.13871961 -0.00609194
v 0.61461387 0.13871961 -0.00043439
v 0.61471385 0.13871961 0.00456562
v 0.61475721 0.13871961 0.00956561
v 0.61477469 0.13871961 0.01456562
v 0.61461864 0.13871961 0.01956561
v 0.61464775 0.13871961 0.02456562
v 0.61484134 0.13871961 0.02956561
v 0.61497898 0.13871961 0.03456562
v 0.61483424 0.13871961 0.03956562
v 0.61496490 0.13871961 0.04456562
v 0.61494480 0.13871961 0.04956562
v 0.61497584 0.13871961 0.10456561
v 0.61482436 0.13871961 0.10956561
v 0.61505818 0.13871961 0.12956561
v 0.61498529 0.13871961 0.13456561
v 0.61714163 0.13871961 0.21908076
v 0.61600214 0.14371961 -0.00543438
v 0.61714163 0.14371961 -0.00657387
v 0.61459139 0.14371961 -0.00043439
v 0.61468952 0.14371961 0.01956561
v 0.61470675 0.14371961 0.02456562
v 0.61471579 0.14371961 0.02956561
v 0.61490322 0.14371961 0.03456562
v 0.61489431 0.14371961 0.03956562
v 0.61714163 0.14371961 0.21896381
v 0.61588911 0.14871961 -0.00543438
v 0.61714163 0.14871961 -0.00668690
v 0.61453751 0.14871961 -0.00043439
v 0.61480691 0.14871961 0.01956561
v 0.61481666 0.14871961 0.02456562
v 0.61473995 0.14871961 0.02956561
v 0.61488546 0.14871961 0.03456562
v 0.61490472 0.14871961 0.03956562
v 0.61714163 0.14871961 0.21745122
v 0.61384626 0.15371961 -0.00543438
v 0.61714163 0.15371961 -0.00660335
v 0.61487084 0.15371961 0.01956561
v 0.61472097 0.15371961 0.02456562
v 0.61482859 0.15371961 0.02956561
v 0.61493410 0.15371961 0.03456562
v 0.61514456 0.15371961 0.03956562
v 0.61714163 0.15371961 0.21760781
v 0.61472805 0.15871961 -0.00543438
v 0.61714163 0.15871961 -0.00669976
v 0.61481456 0.15871961 0.01456562
v 0.61499162 0.15871961 0.03956562
v 0.61714163 0.15871961 0.21720613
v 0.61714163 0.16371961 -0.00635737
v 0.61477469 0.16371961 0.01456562
v 0.61498765 0.16371961 0.03956562
v 0.61714163 0.16371961 0.21714011
v 0.61714163 0.16871961 -0.00593690
v 0.61471643 0.16871961 0.00456562
v 0.61479723 0.16871961 0.00956561
v 0.61475855 0.16871961 0.01456562
v 0.61714163 0.16871961 0.21750194
v 0.61714163 0.17032865 -0.00543438
v 0.61714163 0.17371961 -0.00447358
v 0.61480968 0.17371961 0.00456562
v 0.61476660 0.17371961 0.00956561
v 0.61481596 0.17371961 0.01456562
v 0.61714163 0.17371961 0.21679179
v 0.61714163 0.17871961 -0.00424639
v 0.61469398 0.17871961 0.01956561
v 0.61502776 0.17871961 0.02456562
v 0.61509860 0.17871961 0.02956561
v 0.61496412 0.17871961 0.03456562
v 0.61235133 0.17871961 0.21956561
v 0.61714163 0.17871961 0.21723470
v 0.61714163 0.18371961 -0.00424423
v 0.61491670 0.18371961 0.01956561
v 0.61484347 0.18371961 0.02456562
v 0.61714164 0.18371961 0.21891914
v 0.61714163 0.18871961 -0.00395893
v 0.61497819 0.18871961 0.01956561
v 0.61506567 0.18871961 0.02456562
v 0.61714164 0.18871961 0.21812034
v 0.61714163 0.19371961 -0.00362047
v 0.61714164 0.19371961 0.21723134
v 0.61285898 0.19871961 -0.00543438
v 0.61714163 0.19871961 -0.00354414
v 0.61714164 0.19871961 0.21686506
v 0.61395038 0.20371961 -0.00543438
v 0.61714163 0.20371961 -0.00349014
v 0.61698202 0.20371961 0.12456561
v 0.61714163 0.20371961 0.12370218
v 0.61714163 0.20344085 0.12456561
v 0.61714163 0.20371961 0.12507796
v 0.61714164 0.20371961 0.21801389
v 0.61714163 0.20871961 -0.00288094
v 0.61714163 0.20398716 0.12456561
v 0.61396472 0.20871961 0.21956561
v 0.61714164 0.20871961 0.21782930
v 0.61274997 0.21371961 -0.00543438
v 0.61714163 0.21371961 -0.00388710
v 0.61714164 0.21371961 0.21820579
v 0.61467152 0.21871962 -0.01043439
v 0.61714163 0.21871962 -0.00948260
v 0.61714163 0.21577175 -0.00543438
v 0.61714164 0.21871961 0.21733252
v 0.61714163 0.22001796 -0.01043439
v 0.61714163 0.22371962 -0.01228834
v 0.61714164 0.22371961 0.21655872
v 0.61714163 0.22871962 -0.01189727
v 0.61714164 0.22871961 0.21789064
v 0.61714163 0.23063295 -0.01043439
v 0.61714163 0.23371961 -0.00569102
v 0.61714164 0.23371961 0.21629350
v 0.61714163 0.23477121 -0.00543438
v 0.61714163 0.23871962 -0.00359869
v 0.61616537 0.23871962 0.01956561
v 0.61714163 0.23871962 0.01777074
v 0.61714163 0.23813566 0.01956561
v 0.61714163 0.23871962 0.02092343
v 0.61625298 0.23871962 0.05456561
v 0.61714163 0.23871962 0.05392313
v 0.61714163 0.23835102 0.05456561
v 0.61714163 0.23756048 0.05956561
v 0.61428066 0.23871962 0.05956561
v 0.61714163 0.23871962 0.06253940
v 0.61430886 0.23871962 0.06956561
v 0.61625850 0.23871962 0.07956561
v 0.61714163 0.23871962 0.07737271
v 0.61714163 0.23847378 0.07956561
v 0.61714163 0.23871962 0.08003926
v 0.61699554 0.23871962 0.08956561
v 0.61714163 0.23871962 0.08946491
v 0.61714163 0.23845855 0.08956561
v 0.61714163 0.23871962 0.08995685
v 0.61350469 0.23871961 0.09956561
v 0.61618327 0.23871961 0.10456561
v 0.61714163 0.23871961 0.10340693
v 0.61714163 0.23815677 0.10456561
v 0.61714163 0.23820322 0.10956561
v 0.61583657 0.23871961 0.10956561
v 0.61714163 0.23871961 0.11060484
v 0.61652575 0.23871961 0.20956561
v 0.61714163 0.23871961 0.20927495
v 0.61714163 0.23833729 0.20956561
v 0.61714163 0.23871961 0.20991532
v 0.61714164 0.23871961 0.21575846
v 0.61714163 0.24242466 -0.00043439
v 0.61579210 0.24371961 -0.00043439
v 0.61352624 0.24371961 0.00456562
v 0.61714163 0.24371961 0.00127153
v 0.61403379 0.24371961 0.00956561
v 0.61714163 0.24371961 0.01220606
v 0.61714163 0.24046866 0.01456562
v 0.61714163 0.24040861 0.02456562
v 0.61714163 0.24010444 0.02956561
v 0.61714163 0.23994833 0.03456562
v 0.61316280 0.24371961 0.03456562
v 0.61714163 0.23888990 0.03956562
v 0.61435982 0.24371961 0.03956562
v 0.61714163 0.23947380 0.04456562
v 0.61714163 0.24078222 0.04956562
v 0.61346414 0.24371961 0.04956562
v 0.61307874 0.24371961 0.05456561
v 0.61714163 0.24035018 0.06456561
v 0.61714163 0.24371961 0.06815909
v 0.61714163 0.24371961 0.07007768
v 0.61714163 0.23898023 0.07456561
v 0.61714163 0.24133377 0.08456561
v 0.61427035 0.24371961 0.08456561
v 0.61714163 0.23958433 0.08956561
v 0.61714163 0.24371961 0.08907945
v 0.61714163 0.23981735 0.09456561
v 0.61264743 0.24371961 0.09456561
v 0.61714163 0.24371961 0.09007810
v 0.61714163 0.24086823 0.09956561
v 0.61476924 0.24371961 0.09956561
v 0.61433659 0.24371961 0.10456561
v 0.61714163 0.24096092 0.10456561
v 0.61714163 0.24371961 0.10347259
v 0.61450013 0.24168361 0.10705403
v 0.61256436 0.24371961 0.10956561
v 0.61714163 0.24371961 0.10535196
v 0.61714163 0.24371961 0.11450048
v 0.61440626 0.24371961 0.11956561
v 0.61714163 0.24371961 0.11499006
v 0.61714163 0.24274578 0.11956561
v 0.61418076 0.24371961 0.12456561
v 0.61714163 0.24371961 0.12034541
v 0.61714163 0.24371961 0.12688489
v 0.61714163 0.24022459 0.12956561
v 0.61714163 0.24055565 0.13456561
v 0.61535967 0.24371961 0.13456561
v 0.61714163 0.23978054 0.13956561
v 0.61485602 0.24371961 0.13956561
v 0.61714163 0.24371961 0.14455140
v 0.61713199 0.24371961 0.14456561
v 0.61714163 0.24292911 0.14956561
v 0.61714163 0.24371961 0.14464116
v 0.61647311 0.24371961 0.14956561
v 0.61714163 0.24371961 0.15118230
v 0.61714163 0.24371961 0.15578925
v 0.61714163 0.24120275 0.15956561
v 0.61714163 0.24371961 0.16302325
v 0.61339332 0.24371961 0.16956561
v 0.61714163 0.24371961 0.16624026
v 0.61714163 0.24089043 0.16956561
v 0.61714163 0.24062921 0.17456561
v 0.61401471 0.24371961 0.17456561
v 0.61714163 0.24148378 0.17956561
v 0.61426139 0.24371961 0.17956561
v 0.61714163 0.24202392 0.18456561
v 0.61382956 0.24371961 0.18456561
v 0.61714163 0.24084816 0.18956561
v 0.61370965 0.24371961 0.18956561
v 0.61714163 0.24134651 0.19456561
v 0.61490465 0.24371961 0.19456561
v 0.61714163 0.24059726 0.19956561
v 0.61714163 0.24073780 0.20456561
v 0.61714163 0.23958391 0.21456561
v 0.61282005 0.24371961 0.21456561
v 0.61714163 0.24626843 0.00456562
v 0.61714163 0.24871962 0.00744680
v 0.61326885 0.24871962 0.00956561
v 0.61714163 0.24871962 0.01384526
v 0.61538864 0.24871962 0.03456562
v 0.61714163 0.24441030 0.06956561
v 0.61714163 0.24395634 0.08956561
v 0.61262068 0.24871962 0.09456561
v 0.61714163 0.24418735 0.10456561
v 0.61714163 0.24375553 0.11456561
v 0.61714163 0.24507328 0.12456561
v 0.61714163 0.24372334 0.14456561
v 0.61251018 0.24871961 0.14956561
v 0.61714163 0.24422457 0.15456561
v 0.61714163 0.24429796 0.16456561
v 0.61239383 0.24871961 0.18456561
v 0.61714163 0.25349511 0.00456562
v 0.61714163 0.25371961 0.00453046
v 0.61477467 0.25371961 0.00956561
v 0.61714163 0.25371961 0.01127044
v 0.61326737 0.25371961 0.03956562
v 0.61714163 0.25376213 0.00456562
v 0.61714163 0.25508743 0.00956561
v 0.62015519 0.07371961 0.15456561
v 0.62214163 0.07282926 0.15456561
v 0.62214163 0.07371961 0.15303802
v 0.62214163 0.07371961 0.15595083
v 0.62214163 0.07264845 0.17956561
v 0.62214163 0.07371961 0.17780128
v 0.62214163 0.07323263 0.18456561
v 0.62214163 0.07371961 0.18486625
v 0.61904367 0.07371961 0.20956561
v 0.61805279 0.07871961 0.00956561
v 0.62214163 0.07758620 0.00956561
v 0.62214163 0.07871961 0.00923248
v 0.62214163 0.07871961 0.01286881
v 0.62214163 0.07753862 0.02456562
v 0.62214163 0.07871961 0.02220055
v 0.61773643 0.07871961 0.02956561
v 0.62214163 0.07871961 0.02609935
v 0.61818883 0.07871961 0.04456562
v 0.61801562 0.07871961 0.07456561
v 0.62143474 0.07871961 0.09456561
v 0.62214163 0.07840267 0.09456561
v 0.62214163 0.07871961 0.09212884
v 0.62214163 0.07871961 0.09553768
v 0.61788814 0.07871961 0.14456561
v 0.61867234 0.07871961 0.15456561
v 0.62214163 0.07628326 0.15456561
v 0.61888325 0.07871961 0.15956561
v 0.62214163 0.07871961 0.16410510
v 0.62214163 0.07816727 0.16456561
v 0.62214163 0.07570674 0.16956561
v 0.61770265 0.07871961 0.17456561
v 0.62214163 0.07871961 0.17320159
v 0.62214163 0.07871961 0.17644637
v 0.61871559 0.07871961 0.18456561
v 0.62214163 0.07788652 0.18956561
v 0.62214163 0.07763947 0.19456561
v 0.62214163 0.07773917 0.19956561
v 0.62159932 0.07871961 0.20456561
v 0.62214163 0.07871961 0.20328483
v 0.62214163 0.07871961 0.20539739
v 0.62214163 0.07522735 0.20956561
v 0.62214163 0.07871961 0.21180707
v 0.62214163 0.08276227 0.00456562
v 0.62214163 0.08371961 0.00402541
v 0.62214163 0.07930735 0.01456562
v 0.62214163 0.08236111 0.01956561
v 0.61931414 0.08371961 0.02956561
v 0.62214163 0.08371961 0.02565273
v 0.62214163 0.08256889 0.03456562
v 0.62214163 0.08371961 0.03260178
v 0.62214163 0.08084909 0.03956562
v 0.62214163 0.08371961 0.04417390
v 0.62214163 0.08371961 0.04518308
v 0.62214163 0.08036826 0.04956562
v 0.62214163 0.08371961 0.05418741
v 0.61787714 0.08371961 0.05956562
v 0.62214163 0.08077731 0.05956562
v 0.62214163 0.08371961 0.05502796
v 0.62157824 0.08371961 0.06456562
v 0.62214163 0.08067083 0.06456562
v 0.62214163 0.08347881 0.06956561
v 0.61940407 0.08371961 0.07456561
v 0.62214163 0.08371961 0.07009034
v 0.62214163 0.08138244 0.07956561
v 0.62214163 0.08371961 0.07647896
v 0.62214163 0.08371961 0.08316311
v 0.62214163 0.08100826 0.08956561
v 0.62214163 0.08371961 0.08766099
v 0.62214163 0.08371961 0.09807276
v 0.61768299 0.08371961 0.10456561
v 0.62214163 0.08107071 0.10456561
v 0.62214163 0.08371961 0.10114257
v 0.62214163 0.08242311 0.10956561
v 0.62214163 0.08093674 0.11456561
v 0.61883058 0.08371961 0.11956561
v 0.62214163 0.08116563 0.11956561
v 0.62149585 0.08371961 0.12456561
v 0.62214163 0.08371961 0.12348112
v 0.62214163 0.08371961 0.12547114
v 0.62214163 0.08081926 0.12956561
v 0.62214163 0.08183913 0.13456561
v 0.62214163 0.08089365 0.13956561
v 0.62214163 0.08183371 0.14456561
v 0.62214163 0.08000470 0.14956561
v 0.62214163 0.08107863 0.15456561
v 0.62214163 0.08095022 0.15956561
v 0.62214163 0.08008482 0.17456561
v 0.62214163 0.07936216 0.20456561
v 0.62214163 0.08371961 0.20527661
v 0.61846941 0.08371961 0.20956561
v 0.62214163 0.07926526 0.20956561
v 0.62214163 0.08871961 0.00258592
v 0.62214163 0.08532386 0.02956561
v 0.62214163 0.08401727 0.04456562
v 0.62214163 0.08396185 0.05456562
v 0.62214163 0.08495481 0.07456561
v 0.62214163 0.08846918 0.08456561
v 0.62214163 0.08444547 0.09956561
v 0.62214163 0.08419277 0.12456561
v 0.61894363 0.08871961 0.20956561
v 0.62214163 0.08871961 0.20599332
v 0.62214163 0.09165458 -0.00043439
v 0.62214163 0.09371961 -0.00206621
v 0.62214163 0.09155696 0.20956561
v 0.61840100 0.09371961 0.21456561
v 0.62214163 0.09371961 0.21172826
v 0.62214163 0.09871961 -0.00431893
v 0.62214163 0.09722466 0.21456561
v 0.62214163 0.09871961 0.21676309
v 0.61879595 0.10371961 -0.00543438
v 0.62214163 0.10070857 -0.00543438
v 0.62214163 0.10371961 -0.00676766
v 0.62214163 0.10371961 0.21688229
v 0.61985446 0.10871961 -0.00543438
v 0.62214163 0.10871961 -0.00681546
v 0.62214164 0.10871961 0.21730960
v 0.61958469 0.11371961 -0.00543438
v 0.62214163 0.11371961 -0.00682108
v 0.62214164 0.11371961 0.21790218
v 0.61761892 0.11871961 -0.00543438
v 0.62214163 0.11871961 -0.00641278
v 0.61970612 0.11871961 0.00456562
v 0.61977266 0.11871961 0.00956561
v 0.62214164 0.11871961 0.21762502
v 0.61847114 0.12371961 -0.00543438
v 0.62214163 0.12371961 -0.00703258
v 0.61980621 0.12371961 0.00456562
v 0.61977877 0.12371961 0.00956561
v 0.62214164 0.12371961 0.21727153
v 0.62214163 0.12871961 -0.00731351
v 0.61977605 0.12871961 0.00456562
v 0.61975922 0.12871961 0.00956561
v 0.62214164 0.12871961 0.21673507
v 0.62214163 0.13371961 -0.00744486
v 0.62214164 0.13371961 0.21671022
v 0.62214163 0.13871961 -0.00687071
v 0.62214164 0.13871961 0.21651849
v 0.62214163 0.14371961 -0.00681984
v 0.62214164 0.14371961 0.21711782
v 0.62214163 0.14871961 -0.00606858
v 0.62214164 0.14871961 0.21627862
v 0.62214163 0.15243198 -0.00543438
v 0.62144412 0.15371961 -0.00543438
v 0.62214163 0.15371961 -0.00520561
v 0.61865211 0.15371961 0.21456561
v 0.62214163 0.15371961 0.21137658
v 0.62214163 0.15006181 0.21456561
v 0.62149362 0.15871961 -0.00543438
v 0.62214163 0.15871961 -0.00515437
v 0.62214163 0.15714952 0.21456561
v 0.62214164 0.15871961 0.21665313
v 0.61856883 0.16371961 -0.00543438
v 0.62214163 0.16371961 -0.00334826
v 0.62127029 0.16371961 0.11956561
v 0.62214163 0.16371961 0.11617632
v 0.62214163 0.16188034 0.11956561
v 0.62214163 0.16371961 0.12146162
v 0.62165458 0.16371961 0.12956561
v 0.62214163 0.16371961 0.12850984
v 0.62214163 0.16255176 0.12956561
v 0.62214163 0.16371961 0.13060674
v 0.62214164 0.16371961 0.21666961
v 0.61785380 0.16871961 -0.00543438
v 0.62214163 0.16871961 -0.00290749
v 0.62214163 0.16842983 0.11956561
v 0.62214163 0.16489860 0.12956561
v 0.62214164 0.16871961 0.21668395
v 0.62214163 0.17371961 -0.00278596
v 0.62199105 0.17371961 0.13956561
v 0.62214163 0.17371961 0.13910899
v 0.62214163 0.17336813 0.13956561
v 0.62214163 0.17371961 0.14034528
v 0.62214164 0.17371961 0.21618638
v 0.62214163 0.17871961 -0.00229010
v 0.62057013 0.17871961 0.13956561
v 0.62214163 0.17871961 0.13672044
v 0.62214163 0.17871961 0.14311176
v 0.62135228 0.17871961 0.15456561
v 0.62214163 0.17871961 0.15312585
v 0.62214163 0.17635825 0.15456561
v 0.62214163 0.17871961 0.15660623
v 0.61860634 0.17871961 0.21456561
v 0.62214163 0.17871961 0.21105275
v 0.62214164 0.17472896 0.21456561
v 0.62214163 0.18371961 -0.00227602
v 0.62195138 0.18371961 0.08456561
v 0.62214163 0.18371961 0.08401140
v 0.62214163 0.18324757 0.08456561
v 0.62214163 0.18371961 0.08690831
v 0.62094573 0.18371961 0.11956561
v 0.62214163 0.18371961 0.11612110
v 0.62214163 0.18155516 0.11956561
v 0.62214163 0.17970929 0.12456561
v 0.62098517 0.18371961 0.12456561
v 0.62214163 0.18043273 0.12956561
v 0.62205162 0.18371961 0.12956561
v 0.62214163 0.18371961 0.13036716
v 0.62190962 0.18371961 0.13956561
v 0.62214163 0.18371961 0.13829669
v 0.62214163 0.18120350 0.14456561
v 0.62122341 0.18371961 0.14456561
v 0.62214163 0.18371961 0.14820491
v 0.62186604 0.18371961 0.15456561
v 0.62214163 0.18371961 0.15200300
v 0.62214163 0.18204285 0.15956561
v 0.62158024 0.18371961 0.15956561
v 0.62214163 0.18371961 0.16087657
v 0.62160499 0.18371961 0.17956561
v 0.62214163 0.18371961 0.17725716
v 0.62214163 0.18133914 0.17956561
v 0.62214163 0.17961778 0.18456561
v 0.62003097 0.18371961 0.18456561
v 0.62214163 0.18263861 0.18956561
v 0.62196984 0.18371961 0.18956561
v 0.62214163 0.18371961 0.19070407
v 0.62214164 0.18265202 0.21456561
v 0.62214164 0.18371961 0.21604198
v 0.62214163 0.18871961 -0.00200988
v 0.62179332 0.18871961 0.06956561
v 0.62214163 0.18871961 0.06804089
v 0.62214163 0.18817281 0.06956561
v 0.62214163 0.18871961 0.07122233
v 0.62214163 0.18457302 0.08456561
v 0.62142581 0.18871961 0.09456561
v 0.62214163 0.18871961 0.09013878
v 0.62214163 0.18719045 0.09456561
v 0.62214163 0.18599582 0.09956561
v 0.62163078 0.18871961 0.09956561
v 0.62214163 0.18871961 0.10316828
v 0.62114078 0.18871961 0.11456561
v 0.62214163 0.18871961 0.11276377
v 0.62214163 0.18610237 0.11456561
v 0.62050515 0.18871961 0.11956561
v 0.61983244 0.18871961 0.12456561
v 0.62034354 0.18871961 0.12956561
v 0.62214163 0.18871961 0.13364713
v 0.62214163 0.18420557 0.13956561
v 0.62214163 0.18776869 0.14456561
v 0.62214163 0.18481697 0.15456561
v 0.62214163 0.18721971 0.15956561
v 0.62119856 0.18871961 0.17956561
v 0.62214163 0.18871961 0.17738221
v 0.61920472 0.18871961 0.18456561
v 0.62090980 0.18871961 0.18956561
v 0.62214163 0.18871961 0.19158426
v 0.62214164 0.18871961 0.21639777
v 0.62214163 0.19371961 -0.00202887
v 0.62115279 0.19371961 0.05956561
v 0.62214163 0.19371961 0.05809492
v 0.62214163 0.19178621 0.05956561
v 0.62214163 0.19111002 0.06456561
v 0.62130739 0.19371961 0.06456561
v 0.62214163 0.19133570 0.06956561
v 0.62214163 0.19371961 0.06822535
v 0.62151282 0.19371961 0.08456561
v 0.62214163 0.19371961 0.08277966
v 0.62214163 0.19217914 0.08456561
v 0.62214163 0.19371961 0.08751652
v 0.62081490 0.19371961 0.09456561
v 0.62214163 0.19371961 0.09085722
v 0.62214163 0.19371961 0.09736561
v 0.62214163 0.19048010 0.09956561
v 0.62214163 0.19290033 0.10456561
v 0.62208871 0.19371961 0.10456561
v 0.62214163 0.19371961 0.10436728
v 0.62214163 0.19132614 0.10956561
v 0.62117061 0.19371961 0.10956561
v 0.62119365 0.19371961 0.11456561
v 0.62013296 0.19371961 0.11956561
v 0.62051093 0.19371961 0.12456561
v 0.62186015 0.19371961 0.12956561
v 0.62214163 0.19371961 0.13082019
v 0.62149105 0.19371961 0.13956561
v 0.62214163 0.19371961 0.13725375
v 0.62214163 0.19252029 0.13956561
v 0.62214163 0.19342188 0.14456561
v 0.62211929 0.19371961 0.14456561
v 0.62214163 0.18952167 0.14956561
v 0.62134159 0.19371961 0.14956561
v 0.62214163 0.19126993 0.15456561
v 0.62105696 0.19371961 0.15456561
v 0.62214163 0.19371961 0.15770255
v 0.62179973 0.19371961 0.16456561
v 0.62214163 0.19371961 0.16258275
v 0.62214163 0.19294138 0.16456561
v 0.62214163 0.19332323 0.16956561
v 0.62199910 0.19371961 0.16956561
v 0.62214163 0.19348816 0.17456561
v 0.62191756 0.19371961 0.17456561
v 0.62081228 0.19371961 0.17956561
v 0.62052036 0.19371961 0.18456561
v 0.62057614 0.19371961 0.18956561
v 0.62214163 0.19370613 0.19456561
v 0.62213547 0.19371961 0.19456561
v 0.62214163 0.19371961 0.19457252
v 0.62214164 0.19371961 0.21570669
v 0.62214163 0.19871961 -0.00142843
v 0.62196539 0.19871961 0.05456561
v 0.62214163 0.19871961 0.05421709
v 0.62214163 0.19842102 0.05456561
v 0.62214163 0.19782039 0.05956561
v 0.62214163 0.19871961 0.05661583
v 0.62093355 0.19871961 0.06456561
v 0.62214163 0.19871961 0.06057372
v 0.62214163 0.19871961 0.06738002
v 0.62052136 0.19871961 0.08456561
v 0.62214163 0.19871961 0.08134747
v 0.62214163 0.19871961 0.08899169
v 0.62214163 0.19683809 0.09456561
v 0.62113214 0.19871961 0.10456561
v 0.62214163 0.19871961 0.10030176
v 0.62035205 0.19871961 0.10956561
v 0.62160080 0.19871961 0.11456561
v 0.62184046 0.19871961 0.11956561
v 0.62138018 0.19871961 0.12456561
v 0.62135353 0.19871961 0.12956561
v 0.62214163 0.19819955 0.13456561
v 0.62204304 0.19871961 0.13456561
v 0.62214163 0.19724416 0.13956561
v 0.62214163 0.19871961 0.13578469
v 0.62214163 0.19375736 0.14456561
v 0.62086903 0.19871961 0.14956561
v 0.62214163 0.19871961 0.14739667
v 0.62214163 0.19871961 0.15238565
v 0.62214163 0.19640480 0.15456561
v 0.62100109 0.19871961 0.16456561
v 0.62214163 0.19871961 0.16190129
v 0.62178998 0.19871961 0.16956561
v 0.62214163 0.19871961 0.17163633
v 0.62214163 0.19417856 0.17456561
v 0.62152773 0.19871961 0.17956561
v 0.62214163 0.19871961 0.17709813
v 0.62174072 0.19871961 0.18456561
v 0.62108097 0.19871961 0.18956561
v 0.62135782 0.19871961 0.19456561
v 0.62214163 0.19871961 0.19607187
v 0.62214164 0.19871961 0.21621253
v 0.62214163 0.20371961 -0.00063714
v 0.62214163 0.20055631 0.05456561
v 0.62214163 0.20371961 0.05530473
v 0.62080685 0.20371961 0.05956561
v 0.62214163 0.19935245 0.05956561
v 0.62161974 0.20371961 0.06456561
v 0.62214163 0.20371961 0.06576650
v 0.62214163 0.20321678 0.08456561
v 0.62214163 0.20371961 0.08498913
v 0.61982679 0.20371961 0.08956561
v 0.62214163 0.19920421 0.08956561
v 0.62214163 0.20054781 0.09456561
v 0.62067458 0.20371961 0.09456561
v 0.62214163 0.20170915 0.09956561
v 0.62192459 0.20371961 0.09956561
v 0.61946851 0.20371961 0.10456561
v 0.61995304 0.20371961 0.10956561
v 0.62080186 0.20371961 0.11456561
v 0.61858285 0.20371961 0.11956561
v 0.61779666 0.20371961 0.12956561
v 0.61801759 0.20371961 0.13456561
v 0.62214163 0.19879993 0.13956561
v 0.61811529 0.20371961 0.13956561
v 0.62214163 0.19925968 0.14456561
v 0.61813968 0.20371961 0.14456561
v 0.62214163 0.20113155 0.14956561
v 0.62214163 0.20371961 0.14911294
v 0.62214163 0.20222446 0.15456561
v 0.62157681 0.20371961 0.15456561
v 0.62214163 0.20371961 0.15339021
v 0.62214163 0.20215027 0.15956561
v 0.62158681 0.20371961 0.15956561
v 0.62046545 0.20371961 0.16456561
v 0.62214163 0.20371961 0.16938550
v 0.62214163 0.20308328 0.16956561
v 0.62214163 0.20371961 0.17014739
v 0.62158838 0.20371961 0.17456561
v 0.62214163 0.20152414 0.17456561
v 0.62163698 0.20371961 0.17956561
v 0.62166135 0.20371961 0.18456561
v 0.62129713 0.20371961 0.18956561
v 0.62214163 0.20371961 0.19159244
v 0.62214163 0.20135082 0.19456561
v 0.62214164 0.20371961 0.21593862
v 0.62214163 0.20871961 -0.00137939
v 0.62214163 0.20578476 0.05956561
v 0.62214163 0.20417753 0.06456561
v 0.62214163 0.20721031 0.08956561
v 0.62214163 0.20742845 0.09456561
v 0.62214163 0.20406196 0.09956561
v 0.62214163 0.20549333 0.10456561
v 0.62154482 0.20871961 0.10956561
v 0.62214163 0.20871961 0.10870333
v 0.62214163 0.20871961 0.11279608
v 0.62214163 0.20747327 0.11456561
v 0.62184836 0.20871961 0.11956561
v 0.62214163 0.20871961 0.11780011
v 0.62032845 0.20871961 0.12456561
v 0.62136056 0.20871961 0.12956561
v 0.62035472 0.20871961 0.13456561
v 0.62208016 0.20871961 0.13956561
v 0.62118879 0.20871961 0.14456561
v 0.62214163 0.20527147 0.14956561
v 0.62042181 0.20871961 0.14956561
v 0.62095337 0.20871961 0.15456561
v 0.61883943 0.20871961 0.15956561
v 0.62074711 0.20871961 0.16456561
v 0.62214163 0.20571394 0.16956561
v 0.62202049 0.20871961 0.16956561
v 0.62073385 0.20871961 0.17456561
v 0.62214163 0.20871961 0.17953744
v 0.62214163 0.20863205 0.17956561
v 0.62095929 0.20871961 0.18456561
v 0.62214163 0.20871961 0.17959270
v 0.62197700 0.20871961 0.18956561
v 0.62214163 0.20516212 0.19456561
v 0.62032855 0.20871961 0.19456561
v 0.62214163 0.20676761 0.19956561
v 0.62195718 0.20871961 0.19956561
v 0.62214163 0.20743839 0.20456561
v 0.62173112 0.20871961 0.20456561
v 0.62214163 0.20871961 0.20518296
v 0.62214164 0.20871961 0.21636388
v 0.62214163 0.21371961 -0.00318488
v 0.62214163 0.20929750 0.10956561
v 0.62214163 0.20889192 0.11956561
v 0.62214163 0.21027519 0.12456561
v 0.62214163 0.20946706 0.12956561
v 0.62214163 0.21026497 0.13456561
v 0.62214163 0.20878328 0.13956561
v 0.62214163 0.20967697 0.14456561
v 0.62214163 0.21080524 0.14956561
v 0.62214163 0.20968626 0.15456561
v 0.62214163 0.21040125 0.15956561
v 0.62214163 0.20966667 0.16456561
v 0.62214163 0.20881225 0.16956561
v 0.62214163 0.21013597 0.17456561
v 0.62214163 0.20978618 0.18456561
v 0.62214163 0.20926183 0.18956561
v 0.62214163 0.21155830 0.19456561
v 0.62214163 0.20898628 0.19956561
v 0.62214163 0.20961059 0.20456561
v 0.62214164 0.21371961 0.21610850
v 0.62214163 0.21625280 -0.00543438
v 0.62214163 0.21871962 -0.00839883
v 0.62214164 0.21871961 0.21609393
v 0.62214163 0.22103094 -0.01043439
v 0.62214163 0.22371962 -0.01212879
v 0.62214164 0.22371961 0.21633128
v 0.62214163 0.22871962 -0.01094802
v 0.61868917 0.22871961 0.17456561
v 0.62214163 0.22871961 0.17083451
v 0.62214163 0.22504079 0.17456561
v 0.62214163 0.22517084 0.17956561
v 0.61832927 0.22871961 0.17956561
v 0.62214163 0.22542806 0.18456561
v 0.61843485 0.22871961 0.18456561
v 0.62214163 0.22526481 0.18956561
v 0.61849231 0.22871961 0.18956561
v 0.62214163 0.22519102 0.19456561
v 0.61854486 0.22871961 0.19456561
v 0.62214163 0.22871961 0.19818654
v 0.61817418 0.22871961 0.21456561
v 0.62214163 0.22871961 0.21100574
v 0.62214164 0.22491293 0.21456561
v 0.62214163 0.23007883 -0.01043439
v 0.62214163 0.23371961 -0.00685408
v 0.61820013 0.23371961 0.17456561
v 0.62214163 0.23371961 0.17044738
v 0.61837693 0.23371961 0.17956561
v 0.61848840 0.23371961 0.18456561
v 0.61830499 0.23371961 0.18956561
v 0.61794104 0.23371961 0.19456561
v 0.62214163 0.23371961 0.19827777
v 0.61784273 0.23371961 0.21456561
v 0.62214163 0.23371961 0.21021835
v 0.62214163 0.23561699 -0.00543438
v 0.62214163 0.23579841 -0.00043439
v 0.62045529 0.23871962 -0.00043439
v 0.62214163 0.23871962 0.00083933
v 0.61884894 0.23871962 0.01956561
v 0.61915263 0.23871962 0.02956561
v 0.62214163 0.23871962 0.02736487
v 0.62214163 0.23731323 0.02956561
v 0.62214163 0.23871962 0.03339425
v 0.61997734 0.23871962 0.04956561
v 0.62214163 0.23871962 0.04662542
v 0.62214163 0.23681154 0.04956561
v 0.61926265 0.23871962 0.05456561
v 0.62214163 0.23871962 0.05352690
v 0.61938445 0.23871962 0.05956561
v 0.62013000 0.23871962 0.06456561
v 0.62214163 0.23871962 0.06320702
v 0.62214163 0.23739111 0.06456561
v 0.62214163 0.23550617 0.06956561
v 0.61953624 0.23871962 0.06956561
v 0.62214163 0.23871962 0.07219686
v 0.62214163 0.23871962 0.07903387
v 0.62214163 0.23845879 0.07956561
v 0.62214163 0.23633499 0.08456561
v 0.62027140 0.23871962 0.08456561
v 0.62214163 0.23600130 0.08956561
v 0.62214163 0.23756306 0.09456561
v 0.61902390 0.23871962 0.09456561
v 0.62214163 0.23871962 0.09814594
v 0.61810142 0.23871961 0.10456561
v 0.61806027 0.23871961 0.10956561
v 0.62072458 0.23871961 0.11956561
v 0.62214163 0.23871961 0.11480253
v 0.62214163 0.23798761 0.11956561
v 0.62214163 0.23871961 0.12133124
v 0.62136788 0.23871961 0.13456561
v 0.62214163 0.23871961 0.13080926
v 0.62214163 0.23848656 0.13456561
v 0.62214163 0.23871961 0.13753694
v 0.61970773 0.23871961 0.14456561
v 0.62214163 0.23871961 0.14008458
v 0.62214163 0.23763732 0.14456561
v 0.62214163 0.23836918 0.14956561
v 0.62159642 0.23871961 0.14956561
v 0.62214163 0.23832392 0.15456561
v 0.62144092 0.23871961 0.15456561
v 0.62214163 0.23768627 0.15956561
v 0.62085977 0.23871961 0.15956561
v 0.62214163 0.23579388 0.16456561
v 0.61861193 0.23871961 0.16456561
v 0.62214163 0.23556282 0.16956561
v 0.61845031 0.23871961 0.16956561
v 0.62010343 0.23871961 0.17456561
v 0.62214163 0.23871961 0.17779193
v 0.62214163 0.23839489 0.17956561
v 0.61828476 0.23871961 0.18456561
v 0.62214163 0.23871961 0.17989034
v 0.61792851 0.23871961 0.18956561
v 0.61803001 0.23871961 0.19456561
v 0.62214163 0.23618919 0.19956561
v 0.61897435 0.23871961 0.19956561
v 0.62214163 0.23606840 0.20456561
v 0.61965731 0.23871961 0.20456561
v 0.62214163 0.23541384 0.20956561
v 0.61800593 0.23871961 0.21456561
v 0.62214163 0.24371961 -0.00015840
v 0.62214163 0.24371961 0.01256785
v 0.62214163 0.24132597 0.01456562
v 0.62214163 0.24030310 0.01956561
v 0.62214163 0.24166710 0.02456562
v 0.62214163 0.23890985 0.03456562
v 0.62214163 0.23878664 0.03956562
v 0.62214163 0.23906956 0.04456562
v 0.62214163 0.23952770 0.05456561
v 0.62214163 0.23998976 0.05956561
v 0.61758706 0.24371961 0.06956561
v 0.62214163 0.24048404 0.07456561
v 0.61721674 0.24371961 0.08956561
v 0.62214163 0.23884000 0.09956561
v 0.61732805 0.24371961 0.10456561
v 0.62214163 0.23930439 0.10456561
v 0.62214163 0.23936956 0.10956561
v 0.62214163 0.23873159 0.11456561
v 0.61715529 0.24371961 0.11456561
v 0.62214163 0.23912588 0.12456561
v 0.61783051 0.24371961 0.12456561
v 0.62214163 0.23874098 0.12956561
v 0.62214163 0.23876348 0.13956561
v 0.61714390 0.24371961 0.14456561
v 0.61743345 0.24371961 0.15456561
v 0.61752339 0.24371961 0.16456561
v 0.62214163 0.23905906 0.17956561
v 0.62125671 0.24871962 0.00456562
v 0.62214163 0.24871962 0.00431411
v 0.62214163 0.24871962 0.01177129
v 0.61722545 0.25371961 0.00456562
v 0.62214163 0.24908132 0.00456562
v 0.62214163 0.25087710 0.00956561
v 0.61861538 0.25371961 0.00956561
v 0.62391312 0.07371961 0.15456561
v 0.62533887 0.07371961 0.16956561
v 0.62714163 0.07303942 0.16956561
v 0.62714163 0.07371961 0.16615615
v 0.62714163 0.07371961 0.17146793
v 0.62424960 0.07371961 0.17956561
v 0.62340338 0.07371961 0.18456561
v 0.62714163 0.07794952 0.00956561
v 0.62714163 0.07871961 0.00927243
v 0.62714163 0.07871961 0.01043470
v 0.62675304 0.07871961 0.01956561
v 0.62714163 0.07839293 0.01956561
v 0.62714163 0.07871961 0.01933457
v 0.62683777 0.07871961 0.02456562
v 0.62714163 0.07871961 0.02252554
v 0.62682903 0.07871961 0.06456562
v 0.62714163 0.07870595 0.06456562
v 0.62714163 0.07871961 0.06452636
v 0.62714163 0.07871961 0.06460829
v 0.62425675 0.07871961 0.09456561
v 0.62714163 0.07835883 0.09956561
v 0.62714163 0.07871961 0.09797943
v 0.62647837 0.07871961 0.09956561
v 0.62714163 0.07871961 0.10037494
v 0.62611826 0.07871961 0.14456561
v 0.62714163 0.07812187 0.14456561
v 0.62714163 0.07871961 0.14395934
v 0.62473799 0.07871961 0.14956561
v 0.62714163 0.07841863 0.14956561
v 0.62714163 0.07871961 0.14996549
v 0.62545599 0.07871961 0.16456561
v 0.62714163 0.07871961 0.16536634
v 0.62714163 0.07871961 0.17223501
v 0.62714163 0.07774829 0.17956561
v 0.62714163 0.07871961 0.17756730
v 0.62714163 0.07502013 0.18456561
v 0.62692555 0.07871961 0.18956561
v 0.62714163 0.07871961 0.18948325
v 0.62714163 0.07871961 0.18967632
v 0.62714163 0.07444199 0.19456561
v 0.62714163 0.07467804 0.19956561
v 0.62332690 0.07871961 0.20456561
v 0.62714163 0.07589904 0.20456561
v 0.62714163 0.07851379 0.20956561
v 0.62714163 0.07871961 0.21009029
v 0.62714163 0.08232742 0.00456562
v 0.62714163 0.08371961 0.00363607
v 0.62714163 0.08113679 0.01456562
v 0.62714163 0.07901391 0.02456562
v 0.62714163 0.08371961 0.02946175
v 0.62714163 0.08276551 0.03456562
v 0.62714163 0.08371961 0.02971492
v 0.62714163 0.08110891 0.03956562
v 0.62714163 0.08371961 0.04387404
v 0.62637796 0.08371961 0.04956562
v 0.62714163 0.08371961 0.05194582
v 0.62714163 0.08192800 0.05456562
v 0.62360163 0.08371961 0.05456562
v 0.62406769 0.08371961 0.05956562
v 0.62714163 0.08371961 0.05523584
v 0.62714163 0.07875011 0.06456562
v 0.62277041 0.08371961 0.06456562
v 0.62476895 0.08371961 0.06956561
v 0.62441670 0.08371961 0.07956561
v 0.62714163 0.08315262 0.08956561
v 0.62714163 0.08371961 0.08625609
v 0.62564711 0.08371961 0.09456561
v 0.62714163 0.08371961 0.09165754
v 0.62512257 0.08029707 0.09707362
v 0.62714163 0.08371961 0.09574474
v 0.62331932 0.08371961 0.09956561
v 0.62714163 0.08202879 0.10456561
v 0.62317360 0.08371961 0.10956561
v 0.62714163 0.08371961 0.10532392
v 0.62714163 0.08371961 0.11410334
v 0.62714163 0.08169479 0.11456561
v 0.62694948 0.08371961 0.11956561
v 0.62714163 0.08371961 0.11881570
v 0.62714163 0.08371961 0.11969284
v 0.62714163 0.08222170 0.12456561
v 0.62290777 0.08371961 0.12456561
v 0.62714163 0.08185958 0.12956561
v 0.62714163 0.08331162 0.13456561
v 0.62714163 0.08128271 0.13956561
v 0.62385821 0.08371961 0.14956561
v 0.62714163 0.08371961 0.14653150
v 0.62714163 0.07943669 0.14956561
v 0.62714163 0.08371961 0.15253940
v 0.62714163 0.08241302 0.15456561
v 0.62551888 0.08371961 0.15956561
v 0.62714163 0.08371961 0.15670530
v 0.62714163 0.08371961 0.16150396
v 0.62714163 0.07897916 0.16456561
v 0.62714163 0.07959775 0.17456561
v 0.62714163 0.07878431 0.18956561
v 0.62714163 0.08371961 0.20540344
v 0.62714163 0.07878273 0.20956561
v 0.62714163 0.08871961 0.00226615
v 0.62714163 0.08376454 0.02956561
v 0.62714163 0.08410647 0.04456562
v 0.62653101 0.08871961 0.04956562
v 0.62714163 0.08871961 0.04902775
v 0.62714163 0.08871961 0.05117901
v 0.62714163 0.08676035 0.05956562
v 0.62714163 0.08525201 0.06456562
v 0.62714163 0.08384223 0.06956561
v 0.62714163 0.08652071 0.07456561
v 0.62714163 0.08543318 0.07956561
v 0.62714163 0.08397247 0.08456561
v 0.62714163 0.08514558 0.09456561
v 0.62714163 0.08756509 0.10956561
v 0.62714163 0.08389004 0.11956561
v 0.62714163 0.08516217 0.14956561
v 0.62714163 0.08497977 0.15956561
v 0.62714163 0.08871961 0.20629718
v 0.62714163 0.09137702 -0.00043439
v 0.62714163 0.09371961 -0.00214269
v 0.62714163 0.08897613 0.04956562
v 0.62714163 0.09166977 0.20956561
v 0.62714163 0.09371961 0.21161546
v 0.62714163 0.09871961 -0.00373344
v 0.62714164 0.09717323 0.21456561
v 0.62714164 0.09871961 0.21646890
v 0.62714163 0.10216810 -0.00543438
v 0.62714163 0.10371961 -0.00611413
v 0.62714164 0.10371961 0.21647678
v 0.62714163 0.10871961 -0.00647119
v 0.62714164 0.10871961 0.21642822
v 0.62714163 0.11371961 -0.00584109
v 0.62714164 0.11371961 0.21670530
v 0.62714163 0.11871961 -0.00581446
v 0.62714164 0.11871961 0.21684537
v 0.62714163 0.12048474 -0.00543438
v 0.62589186 0.12371961 -0.00543438
v 0.62714163 0.12371961 -0.00461922
v 0.62714164 0.12371961 0.21596183
v 0.62614714 0.12871961 -0.00543438
v 0.62714163 0.12871961 -0.00460657
v 0.62714164 0.12871961 0.21633645
v 0.62507908 0.13371961 -0.00543438
v 0.62714163 0.13371961 -0.00355814
v 0.62714164 0.13371961 0.21574208
v 0.62421879 0.13871961 -0.00543438
v 0.62714163 0.13871961 -0.00298216
v 0.62664900 0.13871961 0.08456561
v 0.62714163 0.13871961 0.08229336
v 0.62714163 0.13767151 0.08456561
v 0.62714163 0.13871961 0.08565719
v 0.62654232 0.13871961 0.09456561
v 0.62714163 0.13871961 0.09324594
v 0.62714163 0.13735642 0.09456561
v 0.62714163 0.13871961 0.09837645
v 0.62707562 0.13871961 0.18456561
v 0.62714163 0.13871961 0.18397523
v 0.62714163 0.13850966 0.18456561
v 0.62714163 0.13871961 0.18472585
v 0.62714164 0.13871961 0.21573682
v 0.62405161 0.14371961 -0.00543438
v 0.62714163 0.14371961 -0.00294028
v 0.62714163 0.14076755 0.08456561
v 0.62714163 0.14339241 0.08956561
v 0.62700039 0.14371961 0.08956561
v 0.62714163 0.14371961 0.08882479
v 0.62714163 0.14085202 0.09456561
v 0.62714163 0.14371961 0.09019964
v 0.62714163 0.14371961 0.09659669
v 0.62585165 0.14371961 0.09956561
v 0.62714163 0.13940461 0.09956561
v 0.62714163 0.13962670 0.10456561
v 0.62660454 0.14371961 0.10456561
v 0.62714163 0.14222648 0.10956561
v 0.62690152 0.14371961 0.10956561
v 0.62714163 0.14371961 0.11129612
v 0.62663641 0.14371961 0.14456561
v 0.62714163 0.14371961 0.14117772
v 0.62714163 0.14174366 0.14456561
v 0.62714163 0.14127749 0.14956561
v 0.62605176 0.14371961 0.14956561
v 0.62714163 0.14200951 0.15456561
v 0.62644144 0.14371961 0.15456561
v 0.62714163 0.14371961 0.15887271
v 0.62679127 0.14371961 0.16456561
v 0.62714163 0.14371961 0.16109037
v 0.62714163 0.14298366 0.16456561
v 0.62714163 0.14035788 0.16956561
v 0.62690760 0.14371961 0.16956561
v 0.62714163 0.14371961 0.17158826
v 0.62714163 0.13926939 0.18456561
v 0.62714163 0.14251878 0.18956561
v 0.62648936 0.14371961 0.18956561
v 0.62714163 0.14371961 0.18685975
v 0.62714163 0.14371961 0.19074209
v 0.62714164 0.14371961 0.21559741
v 0.62305616 0.14871961 -0.00543438
v 0.62714163 0.14871961 -0.00295583
v 0.62714163 0.14418546 0.08956561
v 0.62714163 0.14609601 0.09456561
v 0.62605093 0.14871961 0.09456561
v 0.62714163 0.14871961 0.09237287
v 0.62714163 0.14784383 0.09956561
v 0.62714163 0.14871961 0.09846834
v 0.62714163 0.14860303 0.10456561
v 0.62714163 0.14450488 0.10956561
v 0.62714163 0.14499389 0.11456561
v 0.62581793 0.14871961 0.11456561
v 0.62714163 0.14871961 0.11202964
v 0.62714163 0.14381214 0.11956561
v 0.62571194 0.14871961 0.11956561
v 0.62714163 0.14871961 0.12345391
v 0.62640149 0.14871961 0.12956561
v 0.62714163 0.14871961 0.12665062
v 0.62714163 0.14526120 0.12956561
v 0.62714163 0.14871961 0.13232286
v 0.62583704 0.14871961 0.13956561
v 0.62714163 0.14871961 0.13605586
v 0.62714163 0.14447394 0.13956561
v 0.62505129 0.14871961 0.14456561
v 0.62685116 0.14871961 0.14956561
v 0.62571200 0.14871961 0.15456561
v 0.62714163 0.14424805 0.15956561
v 0.62584631 0.14871961 0.15956561
v 0.62618788 0.14871961 0.16456561
v 0.62714163 0.14871961 0.16900327
v 0.62714163 0.14720707 0.16956561
v 0.62582562 0.14871961 0.17956561
v 0.62714163 0.14871961 0.17563709
v 0.62714163 0.14407498 0.17956561
v 0.62714163 0.14871961 0.18283595
v 0.62714163 0.14613327 0.18956561
v 0.62714163 0.14746788 0.19456561
v 0.62637646 0.14871961 0.19456561
v 0.62714163 0.14871961 0.19204963
v 0.62714163 0.14871961 0.19594278
v 0.62714164 0.14871961 0.21461389
v 0.62714163 0.15371961 -0.00286542
v 0.62691796 0.15371961 0.08956561
v 0.62714163 0.15371961 0.08642264
v 0.62714163 0.15331160 0.08956561
v 0.62714163 0.15246762 0.09456561
v 0.62714163 0.15371961 0.09083577
v 0.62714163 0.15371961 0.09604475
v 0.62552040 0.15371961 0.09956561
v 0.62714163 0.15002574 0.09956561
v 0.62714163 0.14879819 0.10456561
v 0.62564017 0.15371961 0.10456561
v 0.62714163 0.15231919 0.10956561
v 0.62611861 0.15371961 0.10956561
v 0.62536179 0.15371961 0.11456561
v 0.62572855 0.15371961 0.11956561
v 0.62714163 0.15116411 0.12456561
v 0.62609480 0.15371961 0.12456561
v 0.62714163 0.15281181 0.12956561
v 0.62714163 0.15371961 0.12842163
v 0.62714163 0.15371961 0.12995584
v 0.62523112 0.15371961 0.13456561
v 0.62714163 0.14990395 0.13456561
v 0.62575587 0.15371961 0.13956561
v 0.62593531 0.15371961 0.14456561
v 0.62426966 0.15371961 0.14956561
v 0.62714163 0.15371961 0.15307365
v 0.62714163 0.15167915 0.15456561
v 0.62518254 0.15371961 0.15956561
v 0.62714163 0.15371961 0.15672860
v 0.62557816 0.15371961 0.16456561
v 0.62714163 0.14932013 0.16956561
v 0.62623522 0.15371961 0.16956561
v 0.62714163 0.15150741 0.17456561
v 0.62675599 0.15371961 0.17456561
v 0.62553603 0.15371961 0.17956561
v 0.62714163 0.15371961 0.18243499
v 0.62575209 0.15371961 0.18956561
v 0.62714163 0.15371961 0.18662505
v 0.62714163 0.15064257 0.18956561
v 0.62563964 0.15371961 0.19456561
v 0.62714163 0.15371961 0.19763313
v 0.62714163 0.15371961 0.21069490
v 0.62714164 0.14875732 0.21456561
v 0.62714163 0.15871961 -0.00260135
v 0.62562403 0.15871961 0.08456561
v 0.62714163 0.15871961 0.08221740
v 0.62714163 0.15396924 0.08456561
v 0.62714163 0.15444766 0.08956561
v 0.62714163 0.15871961 0.08785106
v 0.62714163 0.15521080 0.09456561
v 0.62588457 0.15871961 0.09456561
v 0.62714163 0.15871961 0.09186173
v 0.62357271 0.15871961 0.09956561
v 0.62520815 0.15871961 0.10456561
v 0.62531128 0.15871961 0.10956561
v 0.62455948 0.15871961 0.11456561
v 0.62646141 0.15871961 0.11956561
v 0.62714163 0.15871961 0.12089638
v 0.62714163 0.15587242 0.12456561
v 0.62714163 0.15871961 0.12631628
v 0.62468872 0.15871961 0.12956561
v 0.62714163 0.15425874 0.12956561
v 0.62612213 0.15871961 0.13456561
v 0.62326678 0.15871961 0.13956561
v 0.62448206 0.15871961 0.14456561
v 0.62443264 0.15871961 0.14956561
v 0.62714163 0.15778956 0.15456561
v 0.62666525 0.15871961 0.15456561
v 0.62508809 0.15871961 0.15956561
v 0.62658389 0.15871961 0.16456561
v 0.62714163 0.15871961 0.16575181
v 0.62714163 0.15584512 0.16956561
v 0.62658511 0.15871961 0.17456561
v 0.62714163 0.15871961 0.17369285
v 0.62623885 0.15871961 0.17956561
v 0.62714163 0.15602057 0.18456561
v 0.62526692 0.15871961 0.18456561
v 0.62588904 0.15871961 0.18956561
v 0.62590285 0.15871961 0.19456561
v 0.62714163 0.15823617 0.19956561
v 0.62703255 0.15871961 0.19956561
v 0.62714163 0.15608202 0.20456561
v 0.62621428 0.15871961 0.20456561
v 0.62714163 0.15871961 0.20584487
v 0.62714164 0.15810552 0.21456561
v 0.62714164 0.15871961 0.21526305
v 0.62714163 0.16371961 -0.00197988
v 0.62620632 0.16371961 0.07956561
v 0.62714163 0.16371961 0.07728955
v 0.62714163 0.16174559 0.07956561
v 0.62601198 0.16371961 0.08456561
v 0.62714163 0.15981849 0.08956561
v 0.62453531 0.16371961 0.08956561
v 0.62714163 0.16132436 0.09456561
v 0.62714163 0.16371961 0.09339695
v 0.62503035 0.16371961 0.09956561
v 0.62714163 0.16371961 0.09627345
v 0.62462414 0.16371961 0.10456561
v 0.62350287 0.16371961 0.10956561
v 0.62323679 0.16371961 0.11456561
v 0.62714163 0.16118941 0.12456561
v 0.62555023 0.16371961 0.12456561
v 0.62513079 0.16371961 0.13456561
v 0.62457217 0.16371961 0.13956561
v 0.62450808 0.16371961 0.14456561
v 0.62692158 0.16371961 0.14956561
v 0.62576653 0.16371961 0.15456561
v 0.62600331 0.16371961 0.15956561
v 0.62714163 0.16371961 0.16113397
v 0.62714163 0.15990979 0.16456561
v 0.62714163 0.16144051 0.16956561
v 0.62488209 0.16371961 0.16956561
v 0.62714163 0.16371961 0.16728105
v 0.62339961 0.16371961 0.17456561
v 0.62408570 0.16371961 0.17956561
v 0.62351407 0.16371961 0.18456561
v 0.62336798 0.16371961 0.18956561
v 0.62579035 0.16371961 0.19456561
v 0.62517193 0.16371961 0.19956561
v 0.62714163 0.16371961 0.20325387
v 0.62714163 0.16149508 0.20456561
v 0.62714164 0.16371961 0.21471508
v 0.62714163 0.16871961 -0.00167263
v 0.62703240 0.16871961 0.06456561
v 0.62714163 0.16871961 0.06431564
v 0.62714163 0.16844401 0.06456561
v 0.62714163 0.16871961 0.06495619
v 0.62704226 0.16871961 0.07456561
v 0.62714163 0.16871961 0.07424385
v 0.62714163 0.16834728 0.07456561
v 0.62663963 0.16871961 0.07956561
v 0.62601492 0.16871961 0.08456561
v 0.62541855 0.16871961 0.08956561
v 0.62714163 0.16443441 0.09456561
v 0.62373762 0.16871961 0.09456561
v 0.62375437 0.16871961 0.09956561
v 0.62290240 0.16871961 0.10456561
v 0.62409125 0.16871961 0.10956561
v 0.62448191 0.16871961 0.11456561
v 0.62232977 0.16871961 0.11956561
v 0.62412556 0.16871961 0.12456561
v 0.62395666 0.16871961 0.12956561
v 0.62333319 0.16871961 0.13456561
v 0.62385445 0.16871961 0.13956561
v 0.62323555 0.16871961 0.14456561
v 0.62498440 0.16871961 0.14956561
v 0.62315804 0.16871961 0.15456561
v 0.62394223 0.16871961 0.15956561
v 0.62714163 0.16674260 0.16456561
v 0.62594386 0.16871961 0.16456561
v 0.62507201 0.16871961 0.16956561
v 0.62532214 0.16871961 0.17456561
v 0.62714163 0.16871961 0.17853355
v 0.62714163 0.16792912 0.17956561
v 0.62360663 0.16871961 0.18456561
v 0.62714163 0.16871961 0.18000303
v 0.62267113 0.16871961 0.18956561
v 0.62496285 0.16871961 0.19456561
v 0.62503150 0.16871961 0.19956561
v 0.62714163 0.16677863 0.20456561
v 0.62644585 0.16871961 0.20456561
v 0.62714163 0.16871961 0.20620809
v 0.62697375 0.16871961 0.21456561
v 0.62714164 0.16871961 0.21420894
v 0.62714164 0.16749273 0.21456561
v 0.62714163 0.17371961 -0.00108450
v 0.62714163 0.16924054 0.06456561
v 0.62714163 0.17197982 0.06956561
v 0.62632546 0.17371961 0.06956561
v 0.62714163 0.17371961 0.06745170
v 0.62714163 0.17121127 0.07456561
v 0.62714163 0.17371961 0.07399138
v 0.62508965 0.17371961 0.07956561
v 0.62714163 0.17371961 0.07473705
v 0.62602974 0.17371961 0.08456561
v 0.62515534 0.17371961 0.08956561
v 0.62590704 0.17371961 0.09456561
v 0.62302590 0.17371961 0.09956561
v 0.62280951 0.17371961 0.10456561
v 0.62279625 0.17371961 0.10956561
v 0.62356440 0.17371961 0.11456561
v 0.62408121 0.17371961 0.11956561
v 0.62269364 0.17371961 0.12456561
v 0.62323008 0.17371961 0.12956561
v 0.62367457 0.17371961 0.13456561
v 0.62299529 0.17371961 0.14456561
v 0.62412249 0.17371961 0.14956561
v 0.62323208 0.17371961 0.15456561
v 0.62379569 0.17371961 0.15956561
v 0.62438342 0.17371961 0.16456561
v 0.62421568 0.17371961 0.16956561
v 0.62266804 0.17371961 0.17456561
v 0.62714163 0.16953322 0.17956561
v 0.62281697 0.17371961 0.17956561
v 0.62260714 0.17371961 0.18456561
v 0.62304410 0.17371961 0.18956561
v 0.62488343 0.17371961 0.19456561
v 0.62625001 0.17371961 0.19956561
v 0.62708150 0.17371961 0.20456561
v 0.62714163 0.17371961 0.20473711
v 0.62714164 0.16911735 0.21456561
v 0.62714164 0.17371961 0.21515872
v 0.62714163 0.17871961 -0.00148845
v 0.62631416 0.17871961 0.05956561
v 0.62714163 0.17871961 0.05673342
v 0.62714163 0.17671579 0.05956561
v 0.62714163 0.17556442 0.06456561
v 0.62574608 0.17871961 0.06456561
v 0.62534804 0.17871961 0.06956561
v 0.62714163 0.17405287 0.07456561
v 0.62587477 0.17871961 0.07456561
v 0.62514162 0.17871961 0.07956561
v 0.62519545 0.17871961 0.08456561
v 0.62382937 0.17871961 0.08956561
v 0.62531859 0.17871961 0.09456561
v 0.62459969 0.17871961 0.09956561
v 0.62347618 0.17871961 0.10456561
v 0.62371298 0.17871961 0.10956561
v 0.62350707 0.17871961 0.11456561
v 0.62370476 0.17871961 0.11956561
v 0.62253908 0.17871961 0.12456561
v 0.62225092 0.17871961 0.12956561
v 0.62316643 0.17871961 0.13456561
v 0.62305954 0.17871961 0.14456561
v 0.62429844 0.17871961 0.14956561
v 0.62515748 0.17871961 0.15956561
v 0.62396870 0.17871961 0.16456561
v 0.62498492 0.17871961 0.16956561
v 0.62301491 0.17871961 0.17456561
v 0.62297350 0.17871961 0.17956561
v 0.62295996 0.17871961 0.18456561
v 0.62271838 0.17871961 0.18956561
v 0.62412514 0.17871961 0.19456561
v 0.62714163 0.17871961 0.19833427
v 0.62714163 0.17653943 0.19956561
v 0.62714163 0.17394407 0.20456561
v 0.62714163 0.17871961 0.21000411
v 0.62714164 0.17419639 0.21456561
v 0.62714163 0.18371961 -0.00186996
v 0.62659767 0.18371961 0.03456562
v 0.62714163 0.18371961 0.03334655
v 0.62714163 0.18272849 0.03456562
v 0.62714163 0.18371961 0.03906845
v 0.62682552 0.18371961 0.04956562
v 0.62714163 0.18371961 0.04722978
v 0.62714163 0.18275135 0.04956562
v 0.62714163 0.18371961 0.05029961
v 0.62533457 0.18371961 0.05956561
v 0.62714163 0.18371961 0.05710065
v 0.62427082 0.18371961 0.06456561
v 0.62454384 0.18371961 0.06956561
v 0.62463358 0.18371961 0.07456561
v 0.62558901 0.18371961 0.07956561
v 0.62275774 0.18371961 0.08956561
v 0.62413723 0.18371961 0.09456561
v 0.62323542 0.18371961 0.09956561
v 0.62334507 0.18371961 0.10456561
v 0.62401543 0.18371961 0.10956561
v 0.62273619 0.18371961 0.11456561
v 0.62264613 0.18371961 0.13456561
v 0.62241890 0.18371961 0.14956561
v 0.62362860 0.18371961 0.16456561
v 0.62397047 0.18371961 0.16956561
v 0.62285500 0.18371961 0.17456561
v 0.62304520 0.18371961 0.19456561
v 0.62714163 0.18000845 0.19956561
v 0.62544373 0.18371961 0.19956561
v 0.62714163 0.18371961 0.20412078
v 0.62661481 0.18371961 0.20956561
v 0.62714163 0.18371961 0.20556561
v 0.62714163 0.18202566 0.20956561
v 0.62714164 0.18323187 0.21456561
v 0.62714164 0.18371961 0.21113078
v 0.62714164 0.18371961 0.21516542
v 0.62714163 0.18871961 -0.00058153
v 0.62714163 0.18542444 0.03456562
v 0.62714163 0.18871961 0.03832027
v 0.62675732 0.18871961 0.03956562
v 0.62714163 0.18445423 0.03956562
v 0.62714163 0.18557340 0.04456562
v 0.62649773 0.18871961 0.04456562
v 0.62573275 0.18871961 0.04956562
v 0.62714163 0.18694364 0.05456561
v 0.62582855 0.18871961 0.05456561
v 0.62714163 0.18793380 0.05956561
v 0.62714163 0.18871961 0.05832741
v 0.62377726 0.18871961 0.06456561
v 0.62714163 0.18871961 0.06057237
v 0.62296082 0.18871961 0.07456561
v 0.62408478 0.18871961 0.07956561
v 0.62391724 0.18871961 0.08456561
v 0.62227289 0.18871961 0.08956561
v 0.62236405 0.18871961 0.10456561
v 0.62291144 0.18871961 0.10956561
v 0.62261830 0.18871961 0.13456561
v 0.62414460 0.18871961 0.13956561
v 0.62243546 0.18871961 0.14456561
v 0.62238320 0.18871961 0.14956561
v 0.62328396 0.18871961 0.15456561
v 0.62254366 0.18871961 0.15956561
v 0.62415194 0.18871961 0.16456561
v 0.62359997 0.18871961 0.16956561
v 0.62376482 0.18871961 0.17456561
v 0.62367545 0.18871961 0.19456561
v 0.62549101 0.18871961 0.19956561
v 0.62714163 0.18420049 0.20456561
v 0.62584868 0.18871961 0.20456561
v 0.62641371 0.18871961 0.20956561
v 0.62714164 0.18871961 0.21140953
v 0.62714164 0.18871961 0.21524592
v 0.62714163 0.19371961 -0.00145555
v 0.62641262 0.19371961 0.03956562
v 0.62714163 0.19371961 0.03616130
v 0.62714163 0.19371961 0.04275061
v 0.62714163 0.19187986 0.04456562
v 0.62541340 0.19371961 0.04956562
v 0.62714163 0.19371961 0.04587170
v 0.62424273 0.19371961 0.05456561
v 0.62714163 0.18936174 0.05956561
v 0.62254290 0.19371961 0.06956561
v 0.62398709 0.19371961 0.07456561
v 0.62324145 0.19371961 0.07956561
v 0.62257298 0.19371961 0.08956561
v 0.62357201 0.19371961 0.09956561
v 0.62264077 0.19371961 0.13456561
v 0.62277989 0.19371961 0.15956561
v 0.62441700 0.19371961 0.19956561
v 0.62561520 0.19371961 0.20456561
v 0.62714163 0.19371961 0.20633540
v 0.62714163 0.19009910 0.20956561
v 0.62714164 0.19255846 0.21456561
v 0.62629624 0.19371961 0.21456561
v 0.62714164 0.19371961 0.21374179
v 0.62714163 0.19871961 -0.00071993
v 0.62543408 0.19871961 0.03456562
v 0.62714163 0.19871961 0.03175220
v 0.62714163 0.19487453 0.03456562
v 0.62714163 0.19691702 0.03956562
v 0.62714163 0.19871961 0.03823865
v 0.62714163 0.19871961 0.04053057
v 0.62496817 0.19871961 0.04456562
v 0.62714163 0.19469297 0.04456562
v 0.62443544 0.19871961 0.04956562
v 0.62247271 0.19871961 0.05956561
v 0.62383787 0.19871961 0.06956561
v 0.62341044 0.19871961 0.07456561
v 0.62285012 0.19871961 0.07956561
v 0.62238503 0.19871961 0.08956561
v 0.62269079 0.19871961 0.09456561
v 0.62231135 0.19871961 0.09956561
v 0.62245184 0.19871961 0.13956561
v 0.62364558 0.19871961 0.14456561
v 0.62281054 0.19871961 0.15456561
v 0.62317864 0.19871961 0.15956561
v 0.62273388 0.19871961 0.17456561
v 0.62513001 0.19871961 0.19956561
v 0.62480157 0.19871961 0.20456561
v 0.62714163 0.19613311 0.20956561
v 0.62486958 0.19871961 0.20956561
v 0.62637160 0.19871961 0.21456561
v 0.62714163 0.19992948 -0.00043439
v 0.62323080 0.20371961 -0.00043439
v 0.62714163 0.20371961 0.00093493
v 0.62710911 0.20371961 0.02956561
v 0.62714163 0.20371961 0.02950779
v 0.62714163 0.20361038 0.02956561
v 0.62635618 0.20371961 0.03456562
v 0.62714163 0.20371961 0.03643862
v 0.62449467 0.20371961 0.04456562
v 0.62714163 0.20371961 0.04102545
v 0.62340549 0.20371961 0.04956562
v 0.62254385 0.20371961 0.05456561
v 0.62283947 0.20371961 0.06956561
v 0.62328144 0.20371961 0.07456561
v 0.62287666 0.20371961 0.07956561
v 0.62241162 0.20371961 0.08456561
v 0.62331484 0.20371961 0.14956561
v 0.62220978 0.20371961 0.16956561
v 0.62302010 0.20371961 0.19456561
v 0.62245501 0.20371961 0.19956561
v 0.62316632 0.20371961 0.20456561
v 0.62387709 0.20371961 0.20956561
v 0.62403792 0.20371961 0.21456561
v 0.62479807 0.20871961 -0.00043439
v 0.62714163 0.20871961 0.00122001
v 0.62714163 0.20376739 0.02956561
v 0.62630026 0.20871961 0.03456562
v 0.62714163 0.20871961 0.03312703
v 0.62714163 0.20843176 0.03956562
v 0.62708325 0.20871961 0.03956562
v 0.62662829 0.20871961 0.04456562
v 0.62545542 0.20871961 0.04956561
v 0.62486351 0.20871961 0.05456561
v 0.62512142 0.20871961 0.05956561
v 0.62422340 0.20871961 0.06456561
v 0.62381951 0.20871961 0.06956561
v 0.62519236 0.20871961 0.07456561
v 0.62415676 0.20871961 0.07956561
v 0.62475916 0.20871961 0.08456561
v 0.62313242 0.20871961 0.08956561
v 0.62262883 0.20871961 0.09456561
v 0.62374470 0.20871961 0.09956561
v 0.62415583 0.20871961 0.10456561
v 0.62246994 0.20871961 0.11456561
v 0.62215254 0.20871961 0.17956561
v 0.62462050 0.20871961 0.20956561
v 0.62406996 0.20871961 0.21456561
v 0.62714163 0.21006754 -0.00043439
v 0.62714163 0.21371961 -0.00407107
v 0.62714163 0.20951063 0.03456562
v 0.62714163 0.20880485 0.03956562
v 0.62714163 0.20929516 0.04456562
v 0.62714163 0.21066231 0.04956561
v 0.62714163 0.21165628 0.05456561
v 0.62714163 0.21072933 0.05956561
v 0.62714163 0.21146864 0.06456561
v 0.62714163 0.21125900 0.06956561
v 0.62714163 0.21013985 0.07456561
v 0.62714163 0.21058935 0.07956561
v 0.62714163 0.21131530 0.08456561
v 0.62714163 0.21154962 0.08956561
v 0.62714163 0.21139496 0.09456561
v 0.62714163 0.21172407 0.09956561
v 0.62714163 0.21160400 0.10456561
v 0.62714163 0.21125820 0.10956561
v 0.62714163 0.21213085 0.11456561
v 0.62714163 0.21113227 0.11956561
v 0.62714163 0.21167078 0.12456561
v 0.62714163 0.21167148 0.12956561
v 0.62714163 0.21185327 0.13456561
v 0.62714163 0.21265953 0.13956561
v 0.62714163 0.21187046 0.14456561
v 0.62714163 0.21130777 0.14956561
v 0.62714163 0.21233154 0.15456561
v 0.62714163 0.21241367 0.15956561
v 0.62714163 0.21183227 0.16456561
v 0.62673497 0.21371961 0.16956561
v 0.62714163 0.21371961 0.16868795
v 0.62714163 0.21371961 0.17031415
v 0.62714163 0.21214525 0.17456561
v 0.62608309 0.21371961 0.17956561
v 0.62714163 0.21371961 0.17829379
v 0.62714163 0.21333456 0.18456561
v 0.62714163 0.21371961 0.18310369
v 0.62343461 0.21371961 0.18956561
v 0.62714163 0.21371961 0.18510314
v 0.62405873 0.21371961 0.19456561
v 0.62466483 0.21371961 0.19956561
v 0.62453856 0.21371961 0.20456561
v 0.62714163 0.21371961 0.20679216
v 0.62714164 0.21140194 0.20956561
v 0.62504515 0.21371961 0.21456561
v 0.62714164 0.21371961 0.21206292
v 0.62714163 0.21557430 -0.00543438
v 0.62714163 0.21871962 -0.00772547
v 0.62714163 0.21428659 0.16956561
v 0.62714163 0.21451782 0.17956561
v 0.62714163 0.21514547 0.18956561
v 0.62714163 0.21541786 0.19456561
v 0.62714163 0.21567207 0.19956561
v 0.62714163 0.21540514 0.20456561
v 0.62490376 0.21871961 0.21456561
v 0.62714164 0.21871961 0.21217624
v 0.62714163 0.22248762 -0.01043439
v 0.62714163 0.22371962 -0.01107501
v 0.62428521 0.22371961 0.21456561
v 0.62714164 0.22371961 0.21056514
v 0.62714163 0.22871962 -0.01078398
v 0.62538630 0.22871962 0.04956561
v 0.62714163 0.22871962 0.04814707
v 0.62714163 0.22639366 0.04956561
v 0.62714163 0.22850903 0.05456561
v 0.62686537 0.22871962 0.05456561
v 0.62714163 0.22871962 0.05486439
v 0.62714163 0.22871961 0.17058582
v 0.62714163 0.22524843 0.17456561
v 0.62714163 0.22466778 0.17956561
v 0.62714163 0.22468056 0.18456561
v 0.62714163 0.22489302 0.18956561
v 0.62714163 0.22499326 0.19456561
v 0.62714163 0.22871961 0.19824641
v 0.62714164 0.22871961 0.20988713
v 0.62714163 0.22952707 -0.01043439
v 0.62714163 0.23371961 -0.00756858
v 0.62714163 0.23179432 0.04956561
v 0.62702623 0.23371961 0.05456561
v 0.62714163 0.23371961 0.05418295
v 0.62714163 0.23175255 0.05956561
v 0.62507540 0.23371961 0.05956561
v 0.62714163 0.23371961 0.06227007
v 0.62441754 0.23371961 0.06956561
v 0.62714163 0.23371961 0.06728835
v 0.62714163 0.23241972 0.06956561
v 0.62714163 0.23371961 0.07203849
v 0.62712538 0.23371961 0.08456561
v 0.62714163 0.23371961 0.08455296
v 0.62714163 0.23371538 0.08456561
v 0.62714163 0.23371961 0.08462936
v 0.62630080 0.23371961 0.12456561
v 0.62714163 0.23371961 0.12287026
v 0.62714163 0.23305315 0.12456561
v 0.62714163 0.23263158 0.12956561
v 0.62507473 0.23371961 0.12956561
v 0.62714163 0.23172081 0.13456561
v 0.62473599 0.23371961 0.13456561
v 0.62714163 0.23115446 0.13956561
v 0.62449883 0.23371961 0.13956561
v 0.62714163 0.23049713 0.14456561
v 0.62412379 0.23371961 0.14456561
v 0.62714163 0.23085827 0.14956561
v 0.62415507 0.23371961 0.14956561
v 0.62714163 0.23151649 0.15456561
v 0.62512318 0.23371961 0.15456561
v 0.62714163 0.23133680 0.15956561
v 0.62545983 0.23371961 0.15956561
v 0.62714163 0.22958683 0.16456561
v 0.62481537 0.23371961 0.16456561
v 0.62714163 0.23066406 0.16956561
v 0.62387690 0.23371961 0.16956561
v 0.62714163 0.23069912 0.19956561
v 0.62408236 0.23371961 0.19956561
v 0.62714163 0.23045291 0.20456561
v 0.62425929 0.23371961 0.20456561
v 0.62714164 0.22927782 0.20956561
v 0.62321870 0.23371961 0.20956561
v 0.62510609 0.23871962 -0.00543438
v 0.62714163 0.23871962 -0.00598764
v 0.62389677 0.23871962 -0.00043439
v 0.62595223 0.23871962 0.01456562
v 0.62714163 0.23871962 0.01397315
v 0.62714163 0.23809690 0.01456562
v 0.62714163 0.23702402 0.01956561
v 0.62458389 0.23871962 0.01956561
v 0.62714163 0.23535855 0.02456562
v 0.62438439 0.23871962 0.02456562
v 0.62714163 0.23455980 0.02956561
v 0.62714163 0.23427256 0.03456562
v 0.62276663 0.23871962 0.03456562
v 0.62714163 0.23526840 0.03956562
v 0.62230770 0.23871962 0.03956562
v 0.62714163 0.23534471 0.04456561
v 0.62308472 0.23871962 0.04456561
v 0.62714163 0.23587385 0.04956561
v 0.62309731 0.23871962 0.05456561
v 0.62291906 0.23871962 0.05956561
v 0.62714163 0.23544338 0.06456561
v 0.62714163 0.23453567 0.07456561
v 0.62316769 0.23871962 0.07456561
v 0.62714163 0.23534181 0.07956561
v 0.62714163 0.23418741 0.08956561
v 0.62714163 0.23500976 0.09456561
v 0.62714163 0.23430496 0.09956561
v 0.62239708 0.23871962 0.09956561
v 0.62714163 0.23500150 0.10456561
v 0.62345044 0.23871961 0.10456561
v 0.62714163 0.23523138 0.10956561
v 0.62342951 0.23871961 0.10956561
v 0.62714163 0.23459556 0.11456561
v 0.62215588 0.23871961 0.11456561
v 0.62714163 0.23409531 0.11956561
v 0.62267525 0.23871961 0.12456561
v 0.62216397 0.23871961 0.12956561
v 0.62219010 0.23871961 0.13956561
v 0.62249386 0.23871961 0.17956561
v 0.62714163 0.23931678 -0.00543438
v 0.62714163 0.24371961 -0.00150367
v 0.62246691 0.24371961 -0.00043439
v 0.62592283 0.24371961 0.00456562
v 0.62714163 0.24371961 0.00317861
v 0.62714163 0.24219375 0.00456562
v 0.62714163 0.24371961 0.00738833
v 0.62714163 0.24371961 0.01072298
v 0.62714163 0.24527103 -0.00043439
v 0.62334282 0.24871962 0.00456562
v 0.62714163 0.24463508 0.00956561
v 0.62367138 0.24871962 0.00956561
v 0.62858767 0.07371961 0.16956561
v 0.62921734 0.07871961 0.00956561
v 0.62731098 0.07871961 0.01956561
v 0.62715231 0.07871961 0.06456562
v 0.62741185 0.07871961 0.09956561
v 0.63168044 0.07871961 0.13956561
v 0.63214163 0.07859686 0.13956561
v 0.63214163 0.07871961 0.13926568
v 0.62773482 0.07871961 0.14456561
v 0.63214163 0.07871961 0.14001653
v 0.62801436 0.07871961 0.14956561
v 0.62749256 0.07871961 0.16456561
v 0.63214163 0.07672812 0.16456561
v 0.63214163 0.07871961 0.16272830
v 0.63214163 0.07827137 0.16956561
v 0.63214163 0.07871961 0.17061109
v 0.63166886 0.07871961 0.17956561
v 0.63055092 0.07871961 0.18456561
v 0.63214163 0.07871961 0.18627385
v 0.63214163 0.07498097 0.18956561
v 0.62723307 0.07871961 0.18956561
v 0.63214163 0.07624712 0.19456561
v 0.63214163 0.07683340 0.19956561
v 0.63214163 0.07628557 0.20456561
v 0.62801968 0.07871961 0.20956561
v 0.63214163 0.07871961 0.20831609
v 0.63074676 0.08371961 0.00456562
v 0.63214163 0.08371961 0.00618938
v 0.63214163 0.07982151 0.00956561
v 0.63214163 0.08165738 0.01456562
v 0.63110329 0.08371961 0.01956561
v 0.63214163 0.08371961 0.01842499
v 0.62895716 0.08371961 0.02456562
v 0.63214163 0.08368535 0.02956561
v 0.63214163 0.08371961 0.02952609
v 0.63015587 0.08371961 0.02956561
v 0.62909725 0.08371961 0.03456562
v 0.63214163 0.08371961 0.02962990
v 0.62971169 0.08371961 0.03956562
v 0.63214163 0.08371961 0.04345815
v 0.63214163 0.08243035 0.04456562
v 0.62901022 0.08371961 0.04456562
v 0.63214163 0.08371961 0.04693582
v 0.63012274 0.08371961 0.05456562
v 0.63214163 0.08344276 0.05956562
v 0.63214163 0.08371961 0.05698655
v 0.63163935 0.08371961 0.05956562
v 0.63214163 0.08371961 0.06000195
v 0.63214163 0.08210240 0.06956561
v 0.63214163 0.08371961 0.06803298
v 0.62756224 0.08371961 0.06956561
v 0.63214163 0.08371961 0.07142313
v 0.63214163 0.08297055 0.08956561
v 0.63214163 0.08371961 0.08775131
v 0.62825432 0.08371961 0.09456561
v 0.63214163 0.08127858 0.09456561
v 0.63214163 0.08280148 0.09956561
v 0.62994412 0.08371961 0.10456561
v 0.63214163 0.08371961 0.10284015
v 0.63214163 0.08180176 0.10956561
v 0.63214163 0.08371961 0.10603586
v 0.63088261 0.08371961 0.10956561
v 0.63214163 0.08320263 0.11456561
v 0.62777180 0.08371961 0.11956561
v 0.63214163 0.08331254 0.11956561
v 0.63132330 0.08371961 0.12456561
v 0.63214163 0.08371961 0.12196851
v 0.63214163 0.08371961 0.12527067
v 0.63214163 0.08061661 0.12956561
v 0.62794499 0.08371961 0.13456561
v 0.63214163 0.08371961 0.13348644
v 0.63214163 0.08371961 0.13708539
v 0.63214163 0.08114392 0.14456561
v 0.62930991 0.08371961 0.14956561
v 0.63214163 0.08060684 0.14956561
v 0.63214163 0.08343222 0.15456561
v 0.63214163 0.08371961 0.15554761
v 0.63214163 0.07927806 0.16456561
v 0.62788029 0.08371961 0.16456561
v 0.62838866 0.08371961 0.16956561
v 0.63214163 0.07881054 0.16956561
v 0.62798874 0.08371961 0.17456561
v 0.62807208 0.08371961 0.17956561
v 0.63214163 0.08371961 0.18374265
v 0.63214163 0.08027089 0.18456561
v 0.62795350 0.08371961 0.19956561
v 0.63214163 0.08371961 0.19555032
v 0.63214163 0.07930867 0.19956561
v 0.63214163 0.07948296 0.20456561
v 0.62797946 0.08371961 0.20456561
v 0.63214163 0.08465848 0.00456562
v 0.63214163 0.08871961 0.00276627
v 0.63214163 0.08455950 0.01956561
v 0.63214163 0.08553077 0.02456562
v 0.63214163 0.08528241 0.03456562
v 0.63214163 0.08582533 0.03956562
v 0.62769571 0.08871961 0.04956562
v 0.63214163 0.08441377 0.04956562
v 0.63214163 0.08419982 0.05456562
v 0.63214163 0.08619997 0.06456562
v 0.63209826 0.08871961 0.06956561
v 0.63214163 0.08871961 0.06949702
v 0.63214163 0.08856473 0.06956561
v 0.63214163 0.08871961 0.06965719
v 0.63214163 0.08620382 0.07456561
v 0.63214163 0.08665129 0.07956561
v 0.63214163 0.08438384 0.08456561
v 0.63214163 0.08418759 0.10456561
v 0.63214163 0.08600152 0.12456561
v 0.63214163 0.08422443 0.13456561
v 0.63214163 0.08400922 0.15956561
v 0.62884585 0.08871961 0.16456561
v 0.63214163 0.08871961 0.16125384
v 0.62889702 0.08871961 0.16956561
v 0.62885008 0.08871961 0.17456561
v 0.62858855 0.08871961 0.17956561
v 0.63214163 0.08871961 0.18293513
v 0.62885642 0.08871961 0.19956561
v 0.63214163 0.08871961 0.19619109
v 0.62887320 0.08871961 0.20456561
v 0.63214163 0.09202779 -0.00043439
v 0.63214163 0.09371961 -0.00172477
v 0.63214163 0.08875592 0.06956561
v 0.62918038 0.09371961 0.16456561
v 0.63214163 0.09371961 0.16130863
v 0.62901778 0.09371961 0.16956561
v 0.62898406 0.09371961 0.17456561
v 0.62900727 0.09371961 0.17956561
v 0.63214163 0.09035008 0.18456561
v 0.62907576 0.09371961 0.18456561
v 0.63214163 0.09043124 0.18956561
v 0.62903389 0.09371961 0.18956561
v 0.63214163 0.09034508 0.19456561
v 0.62913783 0.09371961 0.19456561
v 0.63214163 0.09185494 0.19956561
v 0.63214163 0.09371961 0.19770095
v 0.63214163 0.09175099 0.20456561
v 0.63214163 0.09179931 0.20956561
v 0.63214164 0.09371961 0.21148591
v 0.63214163 0.09871961 -0.00281847
v 0.62919995 0.09871961 0.15456561
v 0.63214163 0.09871961 0.15132101
v 0.63214163 0.09545742 0.15456561
v 0.63214163 0.09546261 0.15956561
v 0.62919318 0.09871961 0.15956561
v 0.62917952 0.09871961 0.16456561
v 0.62916316 0.09871961 0.16956561
v 0.62919741 0.09871961 0.17456561
v 0.62920165 0.09871961 0.17956561
v 0.62923007 0.09871961 0.18456561
v 0.63214163 0.09871961 0.18782989
v 0.63214163 0.09698387 0.18956561
v 0.63214163 0.09698076 0.19456561
v 0.62868802 0.09871961 0.21456561
v 0.63214164 0.09871961 0.21134448
v 0.62820974 0.10371961 -0.00543438
v 0.63214163 0.10371961 -0.00317313
v 0.62925061 0.10371961 0.15456561
v 0.63214163 0.10371961 0.15125278
v 0.62933075 0.10371961 0.15956561
v 0.62930428 0.10371961 0.16456561
v 0.62932766 0.10371961 0.16956561
v 0.62932457 0.10371961 0.17456561
v 0.62927168 0.10371961 0.17956561
v 0.62922841 0.10371961 0.18456561
v 0.63214163 0.10371961 0.18832687
v 0.62859469 0.10371961 0.21456561
v 0.63214164 0.10371961 0.21124848
v 0.62920845 0.10871961 -0.00543438
v 0.63214163 0.10871961 -0.00378552
v 0.62935219 0.10871961 0.09956561
v 0.63214163 0.10871961 0.09648684
v 0.63214163 0.10571931 0.09956561
v 0.63214163 0.10871961 0.10270865
v 0.62926199 0.10871961 0.14956561
v 0.63214163 0.10871961 0.14610498
v 0.63214163 0.10540676 0.14956561
v 0.62924570 0.10871961 0.15456561
v 0.62922343 0.10871961 0.15956561
v 0.62904423 0.10871961 0.16456561
v 0.62908492 0.10871961 0.16956561
v 0.62908125 0.10871961 0.17456561
v 0.62895953 0.10871961 0.17956561
v 0.62889702 0.10871961 0.18456561
v 0.63214163 0.10871961 0.18878350
v 0.62852006 0.10871961 0.21456561
v 0.63214164 0.10871961 0.21101684
v 0.62774208 0.11371961 -0.00543438
v 0.63214163 0.11371961 -0.00296374
v 0.62926766 0.11371961 0.09956561
v 0.63214163 0.11371961 0.09608794
v 0.63214163 0.11371961 0.10297895
v 0.62869034 0.11371961 0.14956561
v 0.63214163 0.11371961 0.14547860
v 0.62876543 0.11371961 0.15456561
v 0.62885220 0.11371961 0.15956561
v 0.62879796 0.11371961 0.16456561
v 0.62853537 0.11371961 0.16956561
v 0.62864497 0.11371961 0.17456561
v 0.62865687 0.11371961 0.17956561
v 0.62852517 0.11371961 0.18456561
v 0.63214163 0.11371961 0.18943891
v 0.62862696 0.11371961 0.21456561
v 0.63214164 0.11371961 0.21090782
v 0.62771351 0.11871961 -0.00543438
v 0.63214163 0.11871961 -0.00297855
v 0.62875706 0.11871961 0.06956561
v 0.63214163 0.11871961 0.06484659
v 0.63214163 0.11454556 0.06956561
v 0.63214163 0.11484962 0.07456561
v 0.62868510 0.11871961 0.07456561
v 0.63214163 0.11483861 0.07956561
v 0.62891236 0.11871961 0.07956561
v 0.63214163 0.11522354 0.08456561
v 0.62900246 0.11871961 0.08456561
v 0.63214163 0.11522890 0.08956561
v 0.62893662 0.11871961 0.08956561
v 0.63214163 0.11524194 0.09456561
v 0.62891339 0.11871961 0.09456561
v 0.62898503 0.11871961 0.09956561
v 0.63214163 0.11871961 0.10348448
v 0.62897919 0.11871961 0.12956561
v 0.63214163 0.11871961 0.12565796
v 0.63214163 0.11486564 0.12956561
v 0.63214163 0.11447944 0.13456561
v 0.62890931 0.11871961 0.13456561
v 0.63214163 0.11513606 0.13956561
v 0.62887425 0.11871961 0.13956561
v 0.63214163 0.11463260 0.14456561
v 0.62880938 0.11871961 0.14456561
v 0.62862395 0.11871961 0.14956561
v 0.62872830 0.11871961 0.15456561
v 0.62874640 0.11871961 0.15956561
v 0.62853281 0.11871961 0.16456561
v 0.62844222 0.11871961 0.16956561
v 0.62843150 0.11871961 0.17456561
v 0.62835885 0.11871961 0.17956561
v 0.62857369 0.11871961 0.18456561
v 0.63214163 0.11384632 0.18956561
v 0.62861910 0.11871961 0.18956561
v 0.63214163 0.11386603 0.19456561
v 0.62854739 0.11871961 0.19456561
v 0.63214163 0.11871961 0.19863961
v 0.62871690 0.11871961 0.21456561
v 0.63214164 0.11871961 0.21088083
v 0.63214163 0.12371961 -0.00292227
v 0.63211029 0.12371961 0.06456561
v 0.63214163 0.12371961 0.06445777
v 0.63214163 0.12353422 0.06456561
v 0.62874922 0.12371961 0.06956561
v 0.62864317 0.12371961 0.07456561
v 0.62872545 0.12371961 0.07956561
v 0.62875035 0.12371961 0.08456561
v 0.62871115 0.12371961 0.08956561
v 0.62881155 0.12371961 0.09456561
v 0.62883307 0.12371961 0.09956561
v 0.63214163 0.11980074 0.10456561
v 0.62882342 0.12371961 0.10456561
v 0.63214163 0.11967697 0.10956561
v 0.62869381 0.12371961 0.10956561
v 0.63214163 0.11979097 0.11456561
v 0.62895657 0.12371961 0.11456561
v 0.63214163 0.11931626 0.11956561
v 0.62905730 0.12371961 0.11956561
v 0.63214163 0.11981196 0.12456561
v 0.62893963 0.12371961 0.12456561
v 0.62884373 0.12371961 0.12956561
v 0.62884692 0.12371961 0.13456561
v 0.62879904 0.12371961 0.13956561
v 0.62884585 0.12371961 0.14456561
v 0.62851235 0.12371961 0.14956561
v 0.62855620 0.12371961 0.15456561
v 0.62861607 0.12371961 0.15956561
v 0.62779112 0.12371961 0.16456561
v 0.62820696 0.12371961 0.16956561
v 0.62812634 0.12371961 0.17456561
v 0.62823920 0.12371961 0.17956561
v 0.62839621 0.12371961 0.18456561
v 0.62847270 0.12371961 0.18956561
v 0.62838246 0.12371961 0.19456561
v 0.63214163 0.11964561 0.19956561
v 0.62875315 0.12371961 0.19956561
v 0.63214163 0.11955743 0.20456561
v 0.62892758 0.12371961 0.20456561
v 0.63214164 0.12003483 0.20956561
v 0.62900918 0.12371961 0.20956561
v 0.62830283 0.12371961 0.21456561
v 0.63214163 0.12871961 -0.00284309
v 0.63212160 0.12871961 0.06456561
v 0.63214163 0.12871961 0.06452073
v 0.62838246 0.12871961 0.06956561
v 0.62837277 0.12871961 0.07456561
v 0.62834412 0.12871961 0.07956561
v 0.62855116 0.12871961 0.08456561
v 0.62863838 0.12871961 0.08956561
v 0.62878315 0.12871961 0.09456561
v 0.62880015 0.12871961 0.09956561
v 0.62869498 0.12871961 0.10456561
v 0.62879851 0.12871961 0.10956561
v 0.62874020 0.12871961 0.11456561
v 0.62880068 0.12871961 0.11956561
v 0.62876433 0.12871961 0.12456561
v 0.62871746 0.12871961 0.12956561
v 0.62869557 0.12871961 0.13456561
v 0.62891135 0.12871961 0.13956561
v 0.62888152 0.12871961 0.14456561
v 0.62875370 0.12871961 0.14956561
v 0.62836861 0.12871961 0.15456561
v 0.62823845 0.12871961 0.15956561
v 0.62776183 0.12871961 0.16456561
v 0.62812043 0.12871961 0.16956561
v 0.62789883 0.12871961 0.17456561
v 0.62820166 0.12871961 0.17956561
v 0.62814007 0.12871961 0.18456561
v 0.62810855 0.12871961 0.18956561
v 0.62846346 0.12871961 0.19456561
v 0.62862877 0.12871961 0.19956561
v 0.62892758 0.12871961 0.20456561
v 0.62895459 0.12871961 0.20956561
v 0.62860816 0.12871961 0.21456561
v 0.63214163 0.13371961 -0.00202355
v 0.63091601 0.13371961 0.06456561
v 0.63214163 0.13371961 0.06033156
v 0.62764128 0.13371961 0.06956561
v 0.62800761 0.13371961 0.07456561
v 0.62779436 0.13371961 0.07956561
v 0.62797013 0.13371961 0.08456561
v 0.62800133 0.13371961 0.08956561
v 0.62790585 0.13371961 0.09456561
v 0.62833988 0.13371961 0.09956561
v 0.62821600 0.13371961 0.10456561
v 0.62848906 0.13371961 0.10956561
v 0.62842003 0.13371961 0.11456561
v 0.62843081 0.13371961 0.11956561
v 0.62866160 0.13371961 0.12456561
v 0.62852517 0.13371961 0.12956561
v 0.62851364 0.13371961 0.13456561
v 0.62854487 0.13371961 0.13956561
v 0.62862576 0.13371961 0.14456561
v 0.62857556 0.13371961 0.14956561
v 0.62836930 0.13371961 0.15456561
v 0.62810257 0.13371961 0.15956561
v 0.62756535 0.13371961 0.16456561
v 0.62764990 0.13371961 0.16956561
v 0.62808257 0.13371961 0.17456561
v 0.62792069 0.13371961 0.17956561
v 0.62786517 0.13371961 0.18456561
v 0.62753369 0.13371961 0.18956561
v 0.62821826 0.13371961 0.19456561
v 0.62857680 0.13371961 0.19956561
v 0.62882880 0.13371961 0.20456561
v 0.62899764 0.13371961 0.20956561
v 0.62831503 0.13371961 0.21456561
v 0.63214163 0.13871961 -0.00191275
v 0.63037455 0.13871961 0.05956561
v 0.63214163 0.13871961 0.05665774
v 0.63214163 0.13446981 0.05956561
v 0.63214163 0.13657516 0.06456561
v 0.63214163 0.13871961 0.06245108
v 0.62798746 0.13871961 0.06956561
v 0.63214163 0.13871961 0.06489408
v 0.62779989 0.13871961 0.07456561
v 0.62743899 0.13871961 0.07956561
v 0.62793499 0.13871961 0.08956561
v 0.62724497 0.13871961 0.09956561
v 0.62721907 0.13871961 0.10456561
v 0.62748259 0.13871961 0.10956561
v 0.62770104 0.13871961 0.11456561
v 0.62821148 0.13871961 0.11956561
v 0.62818491 0.13871961 0.12456561
v 0.62812003 0.13871961 0.12956561
v 0.62792200 0.13871961 0.13456561
v 0.62814320 0.13871961 0.13956561
v 0.62758242 0.13871961 0.14456561
v 0.62786784 0.13871961 0.14956561
v 0.62792200 0.13871961 0.15456561
v 0.62796715 0.13871961 0.15956561
v 0.62798958 0.13871961 0.16456561
v 0.62720395 0.13871961 0.16956561
v 0.62719145 0.13871961 0.17456561
v 0.62740405 0.13871961 0.17956561
v 0.62805667 0.13871961 0.18956561
v 0.62790322 0.13871961 0.19456561
v 0.62827967 0.13871961 0.19956561
v 0.62861182 0.13871961 0.20456561
v 0.62877099 0.13871961 0.20956561
v 0.62811965 0.13871961 0.21456561
v 0.63214163 0.14371961 -0.00157682
v 0.63166909 0.14371961 0.04956562
v 0.63214163 0.14371961 0.04879274
v 0.63214163 0.14268762 0.04956562
v 0.63214163 0.14094249 0.05456562
v 0.63102534 0.14371961 0.05456562
v 0.63214163 0.14302381 0.05956561
v 0.63214163 0.14371961 0.05880345
v 0.63214163 0.14361107 0.06456561
v 0.63208012 0.14371961 0.06456561
v 0.63214163 0.14371961 0.06410863
v 0.62828756 0.14371961 0.06956561
v 0.62975212 0.14371961 0.07456561
v 0.62745835 0.14371961 0.07956561
v 0.62749447 0.14371961 0.08456561
v 0.62755844 0.14371961 0.09456561
v 0.62741961 0.14371961 0.11456561
v 0.62716237 0.14371961 0.11956561
v 0.62757580 0.14371961 0.12456561
v 0.62733101 0.14371961 0.12956561
v 0.62766365 0.14371961 0.13456561
v 0.62728755 0.14371961 0.13956561
v 0.62721777 0.14371961 0.15956561
v 0.62732522 0.14371961 0.17456561
v 0.62718489 0.14371961 0.17956561
v 0.62742478 0.14371961 0.18456561
v 0.62807694 0.14371961 0.19456561
v 0.62788163 0.14371961 0.19956561
v 0.62859469 0.14371961 0.20456561
v 0.62851813 0.14371961 0.20956561
v 0.62812239 0.14371961 0.21456561
v 0.63214163 0.14871961 -0.00253441
v 0.63087952 0.14871961 0.04956562
v 0.63214163 0.14871961 0.04530640
v 0.63076097 0.14871961 0.05456562
v 0.63214163 0.14468504 0.05956561
v 0.63090388 0.14871961 0.05956561
v 0.62895336 0.14871961 0.06456561
v 0.62790810 0.14871961 0.06956561
v 0.62845827 0.14871961 0.07456561
v 0.62728308 0.14871961 0.07956561
v 0.62730688 0.14871961 0.08456561
v 0.62771113 0.14871961 0.08956561
v 0.62727890 0.14871961 0.09956561
v 0.62715008 0.14871961 0.10456561
v 0.62785801 0.14871961 0.10956561
v 0.62743872 0.14871961 0.12456561
v 0.62747675 0.14871961 0.13456561
v 0.62719716 0.14871961 0.16956561
v 0.62729250 0.14871961 0.17456561
v 0.62742613 0.14871961 0.18456561
v 0.62749423 0.14871961 0.18956561
v 0.62798241 0.14871961 0.19956561
v 0.62839415 0.14871961 0.20456561
v 0.62830140 0.14871961 0.20956561
v 0.62717934 0.14871961 0.21456561
v 0.63214163 0.15029085 -0.00043439
v 0.62905451 0.15371961 -0.00043439
v 0.63214163 0.15371961 0.00281434
v 0.63214163 0.15127976 0.04956562
v 0.62972847 0.15371961 0.05456562
v 0.63214163 0.15371961 0.05086747
v 0.63175360 0.15371961 0.05956561
v 0.63100741 0.15371961 0.06456561
v 0.62867308 0.15371961 0.06956561
v 0.62907124 0.15371961 0.07456561
v 0.62749184 0.15371961 0.07956561
v 0.62717514 0.15371961 0.08456561
v 0.62730389 0.15371961 0.09456561
v 0.62723771 0.15371961 0.12956561
v 0.62771401 0.15371961 0.15456561
v 0.62753344 0.15371961 0.18456561
v 0.62756535 0.15371961 0.19956561
v 0.62760514 0.15371961 0.20456561
v 0.62827092 0.15371961 0.20956561
v 0.62902063 0.15871961 -0.00043439
v 0.63214163 0.15871961 0.00293127
v 0.63067791 0.15871961 0.04456562
v 0.63214163 0.15871961 0.04157182
v 0.63214163 0.15567276 0.04456562
v 0.63214163 0.15707040 0.04956562
v 0.63147839 0.15871961 0.04956562
v 0.63214163 0.15791984 0.05456561
v 0.63214163 0.15871961 0.05194774
v 0.63153143 0.15871961 0.05956561
v 0.63214163 0.15871961 0.05742208
v 0.63214163 0.15871961 0.06281941
v 0.63214163 0.15704602 0.06456561
v 0.62789971 0.15871961 0.06956561
v 0.63214163 0.15871961 0.06467377
v 0.62727377 0.15871961 0.07456561
v 0.62777489 0.15871961 0.07956561
v 0.62745568 0.15871961 0.08956561
v 0.62754326 0.15871961 0.12456561
v 0.62764227 0.15871961 0.16956561
v 0.62838728 0.15871961 0.20956561
v 0.62775572 0.15871961 0.21456561
v 0.62862394 0.16371961 -0.00043439
v 0.63214163 0.16371961 0.00308391
v 0.63214163 0.16092369 0.04456562
v 0.63214163 0.16059047 0.04956562
v 0.62985770 0.16371961 0.05956561
v 0.63214163 0.16371961 0.05661944
v 0.63214163 0.16371961 0.06270119
v 0.62771256 0.16371961 0.06956561
v 0.63214163 0.16371961 0.06502383
v 0.62765015 0.16371961 0.07456561
v 0.62747994 0.16371961 0.09456561
v 0.62764029 0.16371961 0.16456561
v 0.62756049 0.16371961 0.20456561
v 0.62808057 0.16371961 0.20956561
v 0.62727790 0.16371961 0.21456561
v 0.62811291 0.16871961 -0.00043439
v 0.63214163 0.16871961 0.00297724
v 0.63145271 0.16871961 0.03956562
v 0.63214163 0.16871961 0.03585811
v 0.63214163 0.16474392 0.03956562
v 0.63214163 0.16871961 0.04164547
v 0.63061423 0.16871961 0.04956562
v 0.63214163 0.16871961 0.04670410
v 0.63214163 0.16577147 0.04956562
v 0.63214163 0.16547696 0.05456561
v 0.62947537 0.16871961 0.05456561
v 0.63036249 0.16871961 0.05956561
v 0.63214163 0.16814562 0.06456561
v 0.62772640 0.16871961 0.06956561
v 0.62733426 0.16871961 0.17956561
v 0.62767172 0.16871961 0.20956561
v 0.62775665 0.17371961 -0.00043439
v 0.63214163 0.17371961 0.00305513
v 0.63197066 0.17371961 0.02456562
v 0.63214163 0.17371961 0.02424675
v 0.63214163 0.17291200 0.02456562
v 0.63214163 0.17371961 0.02633770
v 0.63077558 0.17371961 0.03456562
v 0.63214163 0.17371961 0.03031003
v 0.63214163 0.16931817 0.03456562
v 0.63063364 0.17371961 0.03956562
v 0.63214163 0.17078887 0.04456562
v 0.63080530 0.17371961 0.04456562
v 0.62960387 0.17371961 0.04956562
v 0.62927655 0.17371961 0.05456561
v 0.62870962 0.17371961 0.05956561
v 0.62955170 0.17371961 0.06456561
v 0.62718706 0.17371961 0.07456561
v 0.62771544 0.17371961 0.20956561
v 0.62761841 0.17371961 0.21456561
v 0.62806520 0.17871961 -0.00043439
v 0.63214163 0.17871961 0.00313792
v 0.63106198 0.17871961 0.02456562
v 0.63214163 0.17871961 0.02113772
v 0.63214163 0.17441506 0.02956561
v 0.63059424 0.17871961 0.02956561
v 0.63074972 0.17871961 0.03456562
v 0.62942150 0.17871961 0.03956562
v 0.62802864 0.17871961 0.04456562
v 0.62929731 0.17871961 0.04956562
v 0.62791540 0.17871961 0.05456561
v 0.62735140 0.17871961 0.19956561
v 0.62758774 0.17871961 0.20456561
v 0.62758013 0.17871961 0.20956561
v 0.63214163 0.18231827 -0.00043439
v 0.63214163 0.18371961 -0.00289580
v 0.63207935 0.18371961 0.01456562
v 0.63214163 0.18371961 0.01447606
v 0.63214163 0.18355904 0.01456562
v 0.63214163 0.18075142 0.01956561
v 0.63143248 0.18371961 0.01956561
v 0.63066139 0.18371961 0.02456562
v 0.63031468 0.18371961 0.02956561
v 0.62736630 0.18371961 0.03956562
v 0.62734930 0.18371961 0.04456562
v 0.62804604 0.18371961 0.05456561
v 0.62720246 0.18371961 0.20456561
v 0.62762938 0.18371961 0.21456561
v 0.63214163 0.18871961 -0.00177951
v 0.63178925 0.18871961 0.01456562
v 0.63214163 0.18871961 0.01393465
v 0.62973280 0.18871961 0.01956561
v 0.62975334 0.18871961 0.02456562
v 0.62800684 0.18871961 0.02956561
v 0.62851580 0.18871961 0.03456562
v 0.62733412 0.18871961 0.05956561
v 0.62773827 0.18871961 0.21456561
v 0.63214163 0.19371961 -0.00229099
v 0.63214163 0.19092416 0.01456562
v 0.63214163 0.19283678 0.01956561
v 0.62983589 0.19371961 0.02456562
v 0.63214163 0.19371961 0.02054994
v 0.62917059 0.19371961 0.02956561
v 0.62759346 0.19371961 0.03456562
v 0.62734692 0.19371961 0.04456562
v 0.62800175 0.19371961 0.20956561
v 0.63214163 0.19871961 -0.00470551
v 0.63072415 0.19871961 0.01456562
v 0.63214163 0.19871961 0.01192627
v 0.63214163 0.19517927 0.01456562
v 0.63214163 0.19442707 0.01956561
v 0.62979267 0.19871961 0.01956561
v 0.62901682 0.19871961 0.02456562
v 0.62848934 0.19871961 0.02956561
v 0.62790796 0.19871961 0.03956562
v 0.63205683 0.20371961 -0.00543438
v 0.63214163 0.20299146 -0.00543438
v 0.63214163 0.20371961 -0.00551882
v 0.63001347 0.20371961 -0.00043439
v 0.63108791 0.20371961 0.01456562
v 0.63214163 0.20371961 0.01107135
v 0.63094992 0.20371961 0.01956561
v 0.62892779 0.20371961 0.02456562
v 0.62818476 0.20371961 0.03956562
v 0.63214163 0.20408756 -0.00543438
v 0.63214163 0.20659937 -0.00043439
v 0.63214163 0.20871961 0.00103749
v 0.63102989 0.20871961 0.00956561
v 0.63214163 0.20871961 0.00766242
v 0.63214163 0.20494739 0.00956561
v 0.63026173 0.20871961 0.01456562
v 0.63018391 0.20871961 0.01956561
v 0.62902952 0.20871961 0.02456562
v 0.62941532 0.20871961 0.02956561
v 0.63214163 0.20993780 -0.00043439
v 0.63214163 0.21371962 -0.00537695
v 0.63214163 0.21059890 0.00956561
v 0.63214163 0.21172895 0.01456562
v 0.63214163 0.21219189 0.01956561
v 0.63214163 0.21195253 0.02456562
v 0.63214163 0.21111444 0.02956561
v 0.63214163 0.21204586 0.03456562
v 0.63214163 0.21279880 0.03956561
v 0.63214163 0.21245107 0.04456561
v 0.63204277 0.21371961 0.04956561
v 0.63214163 0.21371961 0.04936932
v 0.63214163 0.21371961 0.04973788
v 0.63214163 0.21253990 0.05456561
v 0.63214163 0.21283010 0.05956561
v 0.62824291 0.21371961 0.06456561
v 0.63214163 0.21371961 0.06012117
v 0.62844021 0.21371961 0.06956561
v 0.62846346 0.21371961 0.07456561
v 0.62865805 0.21371961 0.07956561
v 0.62798874 0.21371961 0.08456561
v 0.62801592 0.21371961 0.08956561
v 0.62824513 0.21371961 0.09456561
v 0.62800217 0.21371961 0.09956561
v 0.62817341 0.21371961 0.10456561
v 0.62835184 0.21371961 0.10956561
v 0.62790760 0.21371961 0.11456561
v 0.62836930 0.21371961 0.11956561
v 0.62794533 0.21371961 0.12456561
v 0.62823697 0.21371961 0.12956561
v 0.62783595 0.21371961 0.13456561
v 0.62752720 0.21371961 0.13956561
v 0.62771639 0.21371961 0.14456561
v 0.62842139 0.21371961 0.14956561
v 0.62770634 0.21371961 0.15456561
v 0.62758774 0.21371961 0.15956561
v 0.62776463 0.21371961 0.16456561
v 0.62787585 0.21371961 0.17456561
v 0.62726006 0.21371961 0.18456561
v 0.62806521 0.21371961 0.20956561
v 0.63214163 0.21376247 -0.00543438
v 0.63214163 0.21871962 -0.00901167
v 0.63214163 0.21383268 0.04956561
v 0.63214163 0.21743110 0.06456561
v 0.63214163 0.21771726 0.06956561
v 0.63214163 0.21743110 0.07456561
v 0.63214163 0.21755195 0.07956561
v 0.63214163 0.21755626 0.08456561
v 0.63214163 0.21749056 0.08956561
v 0.63214163 0.21737938 0.09456561
v 0.63214163 0.21748779 0.09956561
v 0.62859162 0.21871961 0.10456561
v 0.63214163 0.21871961 0.10079745
v 0.62854676 0.21871961 0.10956561
v 0.62866515 0.21871961 0.11456561
v 0.62857928 0.21871961 0.11956561
v 0.62841122 0.21871961 0.12456561
v 0.62856059 0.21871961 0.12956561
v 0.62893963 0.21871961 0.13456561
v 0.62867457 0.21871961 0.13956561
v 0.62906563 0.21871961 0.14456561
v 0.62886693 0.21871961 0.14956561
v 0.62891034 0.21871961 0.15456561
v 0.62857617 0.21871961 0.15956561
v 0.62859900 0.21871961 0.16456561
v 0.62809939 0.21871961 0.16956561
v 0.62854613 0.21871961 0.17456561
v 0.62832217 0.21871961 0.17956561
v 0.62864018 0.21871961 0.18456561
v 0.62881911 0.21871961 0.18956561
v 0.62845818 0.21871961 0.19456561
v 0.62848187 0.21871961 0.19956561
v 0.62845885 0.21871961 0.20456561
v 0.62825991 0.21871961 0.20956561
v 0.63043558 0.22371962 -0.01043439
v 0.63214163 0.22371962 -0.00947585
v 0.62871287 0.22371961 0.10456561
v 0.63214163 0.22371961 0.10001627
v 0.62851813 0.22371961 0.10956561
v 0.62855557 0.22371961 0.11456561
v 0.62836443 0.22371961 0.11956561
v 0.62841053 0.22371961 0.12456561
v 0.62838383 0.22371961 0.12956561
v 0.62846083 0.22371961 0.13456561
v 0.62857680 0.22371961 0.13956561
v 0.62886063 0.22371961 0.14456561
v 0.62852326 0.22371961 0.14956561
v 0.62853156 0.22371961 0.15456561
v 0.62850914 0.22371961 0.15956561
v 0.62837346 0.22371961 0.16456561
v 0.62828112 0.22371961 0.16956561
v 0.62867045 0.22371961 0.17456561
v 0.62808979 0.22371961 0.17956561
v 0.62810258 0.22371961 0.18456561
v 0.62831503 0.22371961 0.18956561
v 0.62841529 0.22371961 0.19456561
v 0.62875596 0.22371961 0.19956561
v 0.62852582 0.22371961 0.20456561
v 0.62761416 0.22371961 0.20956561
v 0.62748312 0.22871962 -0.01043439
v 0.63214163 0.22478645 -0.00543438
v 0.62745298 0.22871962 -0.00543438
v 0.63214163 0.22529371 -0.00043439
v 0.62823547 0.22871962 -0.00043439
v 0.63214163 0.22871962 0.00319489
v 0.62991688 0.22871962 0.01956561
v 0.63214163 0.22871962 0.01666502
v 0.63214163 0.22625973 0.01956561
v 0.63214163 0.22719725 0.02456562
v 0.63160118 0.22871962 0.02456562
v 0.63214163 0.22776987 0.02956561
v 0.63119968 0.22871962 0.02956561
v 0.63214163 0.22752245 0.03456562
v 0.63068037 0.22871962 0.03456562
v 0.63214163 0.22871962 0.03617477
v 0.62952664 0.22871962 0.04956561
v 0.62780596 0.22871962 0.05456561
v 0.62943684 0.22871962 0.05956561
v 0.63214163 0.22871962 0.05586729
v 0.63214163 0.22671846 0.05956561
v 0.63214163 0.22743231 0.06456561
v 0.62922360 0.22871962 0.06456561
v 0.63214163 0.22625277 0.06956561
v 0.63029537 0.22871961 0.06956561
v 0.63214163 0.22862228 0.07456561
v 0.63205607 0.22871961 0.07456561
v 0.63214163 0.22871961 0.07555140
v 0.63024582 0.22871961 0.08456561
v 0.63214163 0.22871961 0.07999405
v 0.63214163 0.22583681 0.08456561
v 0.63214163 0.22871961 0.08686806
v 0.62999685 0.22871961 0.09956561
v 0.63214163 0.22871961 0.09470414
v 0.63214163 0.22520670 0.09956561
v 0.62833542 0.22871961 0.10456561
v 0.62980894 0.22871961 0.10956561
v 0.62829634 0.22871961 0.11456561
v 0.62838520 0.22871961 0.11956561
v 0.62803948 0.22871961 0.12456561
v 0.62862816 0.22871961 0.12956561
v 0.62848971 0.22871961 0.13456561
v 0.62825770 0.22871961 0.13956561
v 0.62808419 0.22871961 0.14456561
v 0.62824736 0.22871961 0.14956561
v 0.62825991 0.22871961 0.15456561
v 0.62775197 0.22871961 0.15956561
v 0.62735896 0.22871961 0.16456561
v 0.62816184 0.22871961 0.16956561
v 0.62846083 0.22871961 0.19956561
v 0.62783459 0.22871961 0.20456561
v 0.62746316 0.22871961 0.20956561
v 0.62824587 0.23371961 -0.00543438
v 0.62762215 0.23371961 -0.00043439
v 0.63214163 0.23371961 0.00333517
v 0.63106073 0.23371961 0.01456562
v 0.63214163 0.23371961 0.01246183
v 0.63214163 0.23238660 0.01456562
v 0.62821526 0.23371961 0.01956561
v 0.62804985 0.23371961 0.02456562
v 0.62810333 0.23371961 0.02956561
v 0.62773457 0.23371961 0.03456562
v 0.63214163 0.23056396 0.03956561
v 0.62897011 0.23371961 0.03956561
v 0.63214163 0.23130634 0.04456561
v 0.63009697 0.23371961 0.04456561
v 0.63214163 0.22994598 0.04956561
v 0.62792435 0.23371961 0.04956561
v 0.63214163 0.22958998 0.05456561
v 0.62792168 0.23371961 0.06456561
v 0.62768256 0.23371961 0.07456561
v 0.63214163 0.22887947 0.07956561
v 0.62794905 0.23371961 0.07956561
v 0.63214163 0.23074183 0.08956561
v 0.62743460 0.23371961 0.08956561
v 0.63214163 0.22876765 0.09456561
v 0.62812679 0.23371961 0.09456561
v 0.62783764 0.23371961 0.09956561
v 0.62785883 0.23371961 0.10456561
v 0.62804220 0.23371961 0.10956561
v 0.62789927 0.23371961 0.11456561
v 0.62744950 0.23371961 0.11956561
v 0.62771687 0.23871962 -0.00543438
v 0.62797480 0.23871962 -0.00043439
v 0.63214163 0.23805737 0.00456562
v 0.63124447 0.23871962 0.00456562
v 0.63214163 0.23871962 0.00715521
v 0.63214163 0.23871962 0.01064762
v 0.62817572 0.24371961 -0.00043439
v 0.63210310 0.24371961 0.00456562
v 0.63214163 0.24364282 0.00456562
v 0.63214163 0.24371961 0.00456173
v 0.62814671 0.24371961 0.00956561
v 0.63214163 0.23937614 0.00956561
v 0.63214163 0.24371961 0.00457824
v 0.63214163 0.24373848 0.00456562
v 0.63238360 0.07871961 0.13956561
v 0.63374800 0.07871961 0.16456561
v 0.63258002 0.07871961 0.16956561
v 0.63395240 0.07871961 0.18956561
v 0.63307662 0.07871961 0.19456561
v 0.63427005 0.07871961 0.19956561
v 0.63461648 0.07871961 0.20456561
v 0.63358908 0.08371961 0.00456562
v 0.63714163 0.08219535 0.00456562
v 0.63714163 0.08371961 0.00340560
v 0.63714163 0.08141099 0.00956561
v 0.63714163 0.08125040 0.01456562
v 0.63350778 0.08371961 0.01956561
v 0.63714163 0.08191873 0.01956561
v 0.63714163 0.08371961 0.02156909
v 0.63219557 0.08371961 0.02956561
v 0.63344256 0.08371961 0.04456562
v 0.63257168 0.08371961 0.05456562
v 0.63714163 0.07923978 0.05456562
v 0.63714163 0.08371961 0.05054316
v 0.63318449 0.08371961 0.05956562
v 0.63714163 0.08371961 0.05818775
v 0.63714163 0.08249643 0.06956561
v 0.63714163 0.08371961 0.06787851
v 0.63395701 0.08371961 0.07456561
v 0.63714163 0.08129459 0.07456561
v 0.63714163 0.08371961 0.07689145
v 0.63714163 0.08262777 0.08956561
v 0.63714163 0.08371961 0.08826865
v 0.63423674 0.08371961 0.09456561
v 0.63714163 0.08371961 0.09052040
v 0.63370857 0.08371961 0.09956561
v 0.63379528 0.08371961 0.10956561
v 0.63714163 0.08371961 0.11441165
v 0.63714163 0.08363829 0.11456561
v 0.63396311 0.08371961 0.11956561
v 0.63714163 0.08371961 0.11501800
v 0.63714163 0.08371961 0.12152047
v 0.63714163 0.08282777 0.12456561
v 0.63356409 0.08371961 0.12456561
v 0.63714163 0.08352285 0.12956561
v 0.63396733 0.08371961 0.13456561
v 0.63714163 0.08197302 0.13456561
v 0.63714163 0.08360980 0.13956561
v 0.63714163 0.08236166 0.14456561
v 0.63714163 0.08245680 0.14956561
v 0.63714163 0.08123258 0.15456561
v 0.63305291 0.08371961 0.15956561
v 0.63714163 0.08202848 0.15956561
v 0.63714163 0.08371961 0.16018205
v 0.63553097 0.08371961 0.18456561
v 0.63714163 0.08371961 0.18837112
v 0.63714163 0.08327455 0.18956561
v 0.63666564 0.08371961 0.19456561
v 0.63714163 0.08371961 0.19222804
v 0.63714163 0.08871961 0.00250325
v 0.63714163 0.08772562 0.02456562
v 0.63714163 0.08654205 0.02956561
v 0.63714163 0.08379516 0.03456562
v 0.63714163 0.08478565 0.03956562
v 0.63714163 0.08458849 0.04456562
v 0.63714163 0.08451308 0.04956562
v 0.63714163 0.08477103 0.05956562
v 0.63714163 0.08615738 0.06456561
v 0.63219116 0.08871961 0.06956561
v 0.63714163 0.08657743 0.07956561
v 0.63714163 0.08523186 0.08456561
v 0.63714163 0.08567311 0.09456561
v 0.63714163 0.08496326 0.09956561
v 0.63714163 0.08433529 0.10456561
v 0.63714163 0.08524400 0.10956561
v 0.63714163 0.08438887 0.11956561
v 0.63714163 0.08871961 0.16073112
v 0.63700379 0.08871961 0.18456561
v 0.63714163 0.08871961 0.18504817
v 0.63714163 0.08812871 0.19456561
v 0.63714163 0.08871961 0.19458283
v 0.63681585 0.09371961 -0.00043439
v 0.63714163 0.09371961 -0.00019901
v 0.63714163 0.09371961 0.16014133
v 0.63714163 0.08928863 0.18956561
v 0.63714163 0.08873685 0.19456561
v 0.63714163 0.09268322 0.19956561
v 0.63714163 0.09371961 0.19852924
v 0.63714163 0.09261389 0.20456561
v 0.63714164 0.09290946 0.20956561
v 0.63714164 0.09371961 0.21037576
v 0.63714163 0.09392635 -0.00043439
v 0.63714163 0.09871961 -0.00283191
v 0.63714163 0.09871961 0.14998550
v 0.63714163 0.09417178 0.15456561
v 0.63714163 0.09429533 0.15956561
v 0.63651644 0.09871961 0.18956561
v 0.63664820 0.09871961 0.19456561
v 0.63714163 0.09871961 0.19772760
v 0.63625735 0.09871961 0.20956561
v 0.63714164 0.09871961 0.20768698
v 0.63714164 0.09681820 0.20956561
v 0.63714163 0.10371961 -0.00302734
v 0.63647227 0.10371961 0.05956561
v 0.63714163 0.10371961 0.05624241
v 0.63714163 0.10163762 0.05956561
v 0.63714163 0.10371961 0.06327986
v 0.63597496 0.10371961 0.06956561
v 0.63714163 0.10371961 0.06538269
v 0.63714163 0.10127775 0.06956561
v 0.63714163 0.10371961 0.07299232
v 0.63608567 0.10371961 0.14956561
v 0.63714163 0.10371961 0.14733072
v 0.63714163 0.10072978 0.14956561
v 0.63456179 0.10371961 0.18956561
v 0.63591433 0.10371961 0.19456561
v 0.63714163 0.10371961 0.19769971
v 0.63616736 0.10371961 0.20456561
v 0.63714163 0.10371961 0.20142488
v 0.63714163 0.10173831 0.20456561
v 0.63714164 0.10104831 0.20956561
v 0.63714164 0.10371961 0.20700241
v 0.63714164 0.10371961 0.21016462
v 0.63714163 0.10871961 -0.00300190
v 0.63646093 0.10871961 0.04956562
v 0.63714163 0.10871961 0.04678453
v 0.63714163 0.10733165 0.04956562
v 0.63714163 0.10871961 0.05434947
v 0.63588684 0.10871961 0.05956561
v 0.63714163 0.10871961 0.05472629
v 0.63714163 0.10464411 0.06456561
v 0.63587500 0.10871961 0.06456561
v 0.63714163 0.10773554 0.06956561
v 0.63714163 0.10871961 0.06845799
v 0.63714163 0.10871961 0.09564824
v 0.63714163 0.10484889 0.09956561
v 0.63714163 0.10871961 0.10319103
v 0.63548346 0.10871961 0.12456561
v 0.63714163 0.10871961 0.11986451
v 0.63714163 0.10652710 0.12456561
v 0.63714163 0.10871961 0.12939484
v 0.63693165 0.10871961 0.13456561
v 0.63714163 0.10871961 0.13105676
v 0.63714163 0.10802785 0.13456561
v 0.63714163 0.10708136 0.13956561
v 0.63657620 0.10871961 0.13956561
v 0.63714163 0.10871961 0.14131334
v 0.63714163 0.10871961 0.14504863
v 0.63431349 0.10871961 0.18956561
v 0.63499852 0.10871961 0.19456561
v 0.63714163 0.10441015 0.19956561
v 0.63377564 0.10871961 0.19956561
v 0.63666020 0.10871961 0.20456561
v 0.63714164 0.10759854 0.20956561
v 0.63670287 0.10871961 0.20956561
v 0.63714163 0.11371961 -0.00238732
v 0.63701311 0.11371961 0.04956562
v 0.63714163 0.11371961 0.04926291
v 0.63714163 0.11371961 0.05012191
v 0.63585665 0.11371961 0.05956561
v 0.63714163 0.11371961 0.05668654
v 0.63714163 0.11371961 0.06412806
v 0.63714163 0.11335117 0.06456561
v 0.63714163 0.11371961 0.06487140
v 0.63489281 0.11371961 0.06956561
v 0.63714163 0.10966452 0.06956561
v 0.63714163 0.11027720 0.07456561
v 0.63448397 0.11371961 0.07456561
v 0.63714163 0.11371961 0.07881221
v 0.63628264 0.11371961 0.08456561
v 0.63714163 0.11371961 0.08155118
v 0.63714163 0.11231869 0.08456561
v 0.63714163 0.11371961 0.08818891
v 0.63682661 0.11371961 0.09456561
v 0.63714163 0.11371961 0.09224208
v 0.63714163 0.11323835 0.09456561
v 0.63714163 0.11371961 0.10391104
v 0.63453444 0.11371961 0.12456561
v 0.63714163 0.11371961 0.11993076
v 0.63714163 0.10917402 0.12956561
v 0.63598088 0.11371961 0.12956561
v 0.63714163 0.11219329 0.13456561
v 0.63714163 0.11371961 0.13409723
v 0.63559439 0.11371961 0.13956561
v 0.63714163 0.11371961 0.13481487
v 0.63714163 0.11356148 0.14456561
v 0.63706467 0.11371961 0.14456561
v 0.63235648 0.11371961 0.18956561
v 0.63265969 0.11371961 0.19456561
v 0.63326558 0.11371961 0.19956561
v 0.63698308 0.11371961 0.20456561
v 0.63491061 0.11371961 0.20956561
v 0.63714163 0.11871961 -0.00240450
v 0.63629790 0.11871961 0.01956561
v 0.63714163 0.11871961 0.01799049
v 0.63714163 0.11657000 0.01956561
v 0.63714163 0.11871961 0.02193788
v 0.63651373 0.11871961 0.03456562
v 0.63714163 0.11871961 0.03151836
v 0.63714163 0.11639556 0.03456562
v 0.63714163 0.11627545 0.03956562
v 0.63582766 0.11871961 0.03956562
v 0.63714163 0.11679507 0.04456562
v 0.63539477 0.11871961 0.04456562
v 0.63480549 0.11871961 0.04956562
v 0.63714163 0.11526147 0.05456562
v 0.63428751 0.11871961 0.05456562
v 0.63580406 0.11871961 0.05956561
v 0.63714163 0.11387744 0.06456561
v 0.63291935 0.11871961 0.06456561
v 0.63714163 0.11399718 0.07956561
v 0.63714163 0.11388358 0.08956561
v 0.63714163 0.11850024 0.10456561
v 0.63701941 0.11871961 0.10456561
v 0.63714163 0.11835317 0.10956561
v 0.63689827 0.11871961 0.10956561
v 0.63714163 0.11871961 0.11223632
v 0.63672604 0.11871961 0.11956561
v 0.63714163 0.11871961 0.11687780
v 0.63714163 0.11733407 0.11956561
v 0.63593869 0.11871961 0.12456561
v 0.63714163 0.11376565 0.13456561
v 0.63351357 0.11871961 0.19956561
v 0.63419621 0.11871961 0.20456561
v 0.63451888 0.11871961 0.20956561
v 0.63714163 0.12371961 -0.00292376
v 0.63599335 0.12371961 0.01956561
v 0.63714163 0.12371961 0.01751773
v 0.63714163 0.12371961 0.02421663
v 0.63586283 0.12371961 0.02956561
v 0.63714163 0.12371961 0.02512228
v 0.63714163 0.12014089 0.02956561
v 0.63703947 0.12371961 0.03456562
v 0.63465208 0.12371961 0.03956562
v 0.63397339 0.12371961 0.04456562
v 0.63449782 0.12371961 0.04956562
v 0.63444754 0.12371961 0.05456562
v 0.63416538 0.12371961 0.05956561
v 0.63714163 0.11877189 0.11456561
v 0.63714163 0.12871961 -0.00296975
v 0.63547966 0.12871961 0.01956561
v 0.63714163 0.12871961 0.01691481
v 0.63714163 0.12871961 0.02328832
v 0.63714163 0.12852318 0.02956561
v 0.63714163 0.12440105 0.03456562
v 0.63714163 0.12793717 0.03956562
v 0.63714163 0.12860201 0.04456562
v 0.63581034 0.12871961 0.04956562
v 0.63714163 0.12871961 0.04533134
v 0.63377842 0.12871961 0.05456562
v 0.63353739 0.12871961 0.05956561
v 0.63714163 0.13371961 -0.00281752
v 0.63615643 0.13371961 0.01956561
v 0.63714163 0.13371961 0.01650278
v 0.63714163 0.13032776 0.02456562
v 0.63548252 0.13371961 0.02456562
v 0.63714163 0.13371961 0.02909659
v 0.63612822 0.13371961 0.03456562
v 0.63714163 0.13371961 0.03046430
v 0.63714163 0.13064916 0.03456562
v 0.63714163 0.12931828 0.03956562
v 0.63462132 0.13371961 0.03956562
v 0.63714163 0.12878005 0.04456562
v 0.63373165 0.13371961 0.04456562
v 0.63616934 0.13371961 0.04956562
v 0.63284491 0.13371961 0.05456562
v 0.63240574 0.13371961 0.05956561
v 0.63714163 0.13871961 -0.00231278
v 0.63558972 0.13871961 0.01956561
v 0.63714163 0.13871961 0.01642745
v 0.63581413 0.13871961 0.02456562
v 0.63714163 0.13871961 0.02711166
v 0.63504049 0.13871961 0.03456562
v 0.63714163 0.13871961 0.03237962
v 0.63641602 0.13871961 0.03956562
v 0.63545580 0.13871961 0.04456562
v 0.63354887 0.13871961 0.04956562
v 0.63268149 0.13871961 0.05456562
v 0.63294520 0.13871961 0.06456561
v 0.63714163 0.14371961 -0.00250491
v 0.63641150 0.14371961 0.01456562
v 0.63714163 0.14371961 0.01189799
v 0.63714163 0.14135611 0.01456562
v 0.63569502 0.14371961 0.01956561
v 0.63540182 0.14371961 0.02456562
v 0.63714163 0.14312954 0.02956561
v 0.63666769 0.14371961 0.02956561
v 0.63534958 0.14371961 0.03456562
v 0.63403200 0.14371961 0.03956562
v 0.63395674 0.14371961 0.04456562
v 0.63232186 0.14371961 0.05956561
v 0.63714163 0.14871961 -0.00279752
v 0.63546955 0.14871961 0.01456562
v 0.63714163 0.14871961 0.01152131
v 0.63687292 0.14871961 0.01956561
v 0.63422075 0.14871961 0.02456562
v 0.63530369 0.14871961 0.02956561
v 0.63350239 0.14871961 0.03456562
v 0.63423836 0.14871961 0.03956562
v 0.63254940 0.14871961 0.04456562
v 0.63714163 0.14996870 -0.00043439
v 0.63714163 0.15371961 0.00357266
v 0.63602079 0.15371961 0.01456562
v 0.63714163 0.15371961 0.01148220
v 0.63524313 0.15371961 0.01956561
v 0.63577999 0.15371961 0.02456562
v 0.63540070 0.15371961 0.02956561
v 0.63400492 0.15371961 0.03456562
v 0.63374641 0.15371961 0.03956562
v 0.63380829 0.15371961 0.04456562
v 0.63395991 0.15371961 0.04956562
v 0.63714163 0.15871961 0.00319168
v 0.63644600 0.15871961 0.01456562
v 0.63714163 0.15871961 0.01292531
v 0.63454134 0.15871961 0.01956561
v 0.63529129 0.15871961 0.02456562
v 0.63445658 0.15871961 0.02956561
v 0.63489865 0.15871961 0.03456562
v 0.63377022 0.15871961 0.03956562
v 0.63305289 0.15871961 0.05456561
v 0.63274412 0.15871961 0.06456561
v 0.63714163 0.16306635 0.00456562
v 0.63654608 0.16371961 0.00456562
v 0.63714163 0.16371961 0.00590961
v 0.63681362 0.16371961 0.01456562
v 0.63714163 0.16371961 0.01380480
v 0.63561323 0.16371961 0.01956561
v 0.63639292 0.16371961 0.02456562
v 0.63437754 0.16371961 0.02956561
v 0.63349892 0.16371961 0.03456562
v 0.63234217 0.16371961 0.03956562
v 0.63545002 0.16371961 0.04456562
v 0.63369696 0.16371961 0.04956561
v 0.63469298 0.16371961 0.05456561
v 0.63379496 0.16371961 0.06456561
v 0.63714163 0.16799502 0.00456562
v 0.63714163 0.16871961 0.00451782
v 0.63696384 0.16871961 0.01456562
v 0.63714163 0.16871961 0.01417797
v 0.63275047 0.16871961 0.01956561
v 0.63426813 0.16871961 0.02456562
v 0.63379931 0.16871961 0.02956561
v 0.63292055 0.16871961 0.03456562
v 0.63315935 0.16871961 0.04456562
v 0.63714163 0.17371961 0.00444130
v 0.63714163 0.17088835 0.01456562
v 0.63398569 0.17371961 0.01956561
v 0.63714163 0.17371961 0.01471486
v 0.63279308 0.17371961 0.02956561
v 0.63714163 0.17871961 0.00413067
v 0.63452782 0.17871961 0.01456562
v 0.63714163 0.17871961 0.00998621
v 0.63714163 0.17398791 0.01456562
v 0.63296013 0.17871961 0.01956561
v 0.63529194 0.18371961 -0.00043439
v 0.63714163 0.18371961 0.00280274
v 0.63605158 0.18371961 0.00956561
v 0.63714163 0.18371961 0.00734718
v 0.63714163 0.17954729 0.00956561
v 0.63473907 0.18871961 -0.00043439
v 0.63714163 0.18871961 0.00321508
v 0.63520021 0.18871961 0.00956561
v 0.63714163 0.18871961 0.00600195
v 0.63637300 0.19371961 -0.00543438
v 0.63714163 0.19272676 -0.00543438
v 0.63714163 0.19371961 -0.00583911
v 0.63714163 0.19371961 -0.00323737
v 0.63573263 0.19371961 -0.00043439
v 0.63714163 0.19290728 0.00456562
v 0.63685059 0.19371961 0.00456562
v 0.63616981 0.19371961 0.00956561
v 0.63262123 0.19371961 0.01456562
v 0.63251892 0.19371961 0.01956561
v 0.63303291 0.19871961 -0.00543438
v 0.63714163 0.19871961 -0.00657969
v 0.63518625 0.19659185 -0.00309716
v 0.63714163 0.19871961 -0.00144357
v 0.63631201 0.19871961 -0.00043439
v 0.63454449 0.19871961 0.00456562
v 0.63598881 0.19871961 0.00956561
v 0.63714163 0.20371961 -0.00748838
v 0.63714163 0.20371961 -0.00204911
v 0.63471226 0.20371961 -0.00043439
v 0.63443609 0.20371961 0.00456562
v 0.63268997 0.20371961 0.00956561
v 0.63690151 0.20871961 -0.00543438
v 0.63714163 0.20871961 -0.00550300
v 0.63714163 0.20871961 -0.00531761
v 0.63399698 0.20871961 0.00456562
v 0.63714163 0.20882418 -0.00543438
v 0.63678734 0.21371962 -0.00043439
v 0.63714163 0.21371962 0.00047556
v 0.63714163 0.21268177 0.00456562
v 0.63671951 0.21371962 0.00956561
v 0.63714163 0.21371962 0.00869118
v 0.63473648 0.21371961 0.01456562
v 0.63410223 0.21371961 0.01956561
v 0.63714163 0.21371961 0.02187436
v 0.63714163 0.21188785 0.02456562
v 0.63714163 0.21194202 0.02956561
v 0.63714163 0.21296368 0.03456561
v 0.63714163 0.21330007 0.03956561
v 0.63407545 0.21371961 0.04456561
v 0.63714163 0.21371961 0.04041006
v 0.63487705 0.21371961 0.05456561
v 0.63439613 0.21371961 0.05956561
v 0.63634678 0.21871962 -0.00543438
v 0.63714163 0.21871962 -0.00481240
v 0.63714163 0.21392410 -0.00043439
v 0.63714163 0.21400789 0.00956561
v 0.63714163 0.21680740 0.01456562
v 0.63496929 0.21871962 0.01956561
v 0.63714163 0.21871962 0.01624018
v 0.63714163 0.21871962 0.02453582
v 0.63714163 0.21807718 0.04456561
v 0.63644531 0.21871961 0.04956561
v 0.63714163 0.21871961 0.04681544
v 0.63714163 0.21871961 0.05129794
v 0.63714163 0.21690729 0.05456561
v 0.63650820 0.21871961 0.05956561
v 0.63714163 0.21871961 0.05816321
v 0.63714163 0.21839195 0.06456561
v 0.63714163 0.21871961 0.06124672
v 0.63447255 0.21871961 0.06956561
v 0.63714163 0.21871961 0.06554716
v 0.63714163 0.21871961 0.07380765
v 0.63714163 0.21847563 0.07456561
v 0.63661474 0.21871961 0.07956561
v 0.63714163 0.21871961 0.07750751
v 0.63504961 0.21871961 0.08456561
v 0.63541129 0.21871961 0.08956561
v 0.63502958 0.21871961 0.09456561
v 0.63459132 0.21871961 0.09956561
v 0.63714163 0.22044901 -0.00543438
v 0.63714163 0.22371962 -0.00687314
v 0.63603487 0.22371962 0.01456562
v 0.63714163 0.22371962 0.01225380
v 0.63714163 0.22104078 0.01456562
v 0.63518307 0.22371962 0.01956561
v 0.63714163 0.22371962 0.02442884
v 0.63405930 0.22371962 0.02956561
v 0.63714163 0.22371962 0.02461421
v 0.63714163 0.21907244 0.02956561
v 0.63714163 0.22171259 0.03456561
v 0.63675589 0.22371962 0.03456561
v 0.63714163 0.22123236 0.03956561
v 0.63591864 0.22371962 0.03956561
v 0.63714163 0.22082874 0.04456561
v 0.63640248 0.22371962 0.04456561
v 0.63542284 0.22371962 0.04956561
v 0.63714163 0.22038776 0.05456561
v 0.63524130 0.22371962 0.05456561
v 0.63581011 0.22371961 0.05956561
v 0.63714163 0.21988848 0.06456561
v 0.63523691 0.22371961 0.06456561
v 0.63316347 0.22371961 0.06956561
v 0.63714163 0.21951008 0.07456561
v 0.63465937 0.22371961 0.07456561
v 0.63435931 0.22371961 0.07956561
v 0.63383818 0.22371961 0.08456561
v 0.63448071 0.22371961 0.08956561
v 0.63444472 0.22371961 0.09456561
v 0.63289645 0.22371961 0.09956561
v 0.63714163 0.22426332 -0.00543438
v 0.63714163 0.22492140 -0.00043439
v 0.63714163 0.22871962 0.00376707
v 0.63560392 0.22871962 0.01456562
v 0.63714163 0.22871962 0.01284534
v 0.63714163 0.22377087 0.02456562
v 0.63418205 0.22871962 0.03956561
v 0.63345873 0.22871962 0.04456561
v 0.63359427 0.22871962 0.04956561
v 0.63282059 0.22871962 0.05456561
v 0.63227183 0.22871961 0.07956561
v 0.63394850 0.22871961 0.08956561
v 0.63220171 0.22871961 0.09456561
v 0.63714163 0.23371961 0.00437835
v 0.63394176 0.23371961 0.00956561
v 0.63714163 0.23371961 0.00576777
v 0.63714163 0.23115793 0.00956561
v 0.63714163 0.23624537 0.00456562
v 0.63312557 0.23871962 0.00956561
v 0.63215510 0.24371961 0.00456562
v 0.64214163 0.08249436 0.00456562
v 0.64214163 0.08371961 0.00356166
v 0.63945866 0.08371961 0.00956561
v 0.64214163 0.08371961 0.00715289
v 0.63887169 0.08371961 0.01456562
v 0.63939905 0.08371961 0.01956561
v 0.63899920 0.08371961 0.05456562
v 0.63758545 0.08371961 0.06956561
v 0.63815020 0.08371961 0.07456561
v 0.63735155 0.08371961 0.08956561
v 0.63716479 0.08371961 0.11456561
v 0.63748126 0.08371961 0.12456561
v 0.63721892 0.08371961 0.12956561
v 0.63753109 0.08371961 0.13456561
v 0.63716929 0.08371961 0.13956561
v 0.63780861 0.08371961 0.14456561
v 0.63769646 0.08371961 0.14956561
v 0.63823771 0.08371961 0.15456561
v 0.63775807 0.08371961 0.15956561
v 0.63728438 0.08371961 0.18956561
v 0.64214163 0.08871961 0.00253095
v 0.64214163 0.08763291 0.00956561
v 0.64169878 0.08871961 0.01456562
v 0.64214163 0.08871961 0.01263261
v 0.64214163 0.08871961 0.01604350
v 0.64214163 0.08713229 0.01956561
v 0.63878643 0.08871961 0.02456562
v 0.64214163 0.08871961 0.02170268
v 0.64214163 0.08871961 0.02637459
v 0.64214163 0.08491783 0.02956561
v 0.64075491 0.08871961 0.03456562
v 0.64214163 0.08871961 0.03308269
v 0.64109087 0.08871961 0.03956562
v 0.64189118 0.08871961 0.04456562
v 0.63945824 0.08871961 0.04956562
v 0.63848906 0.08871961 0.05456562
v 0.63886164 0.08871961 0.05956561
v 0.63797861 0.08871961 0.06456561
v 0.63821074 0.08871961 0.06956561
v 0.63823399 0.08871961 0.07456561
v 0.63803578 0.08871961 0.07956561
v 0.63826138 0.08871961 0.08456561
v 0.63799881 0.08871961 0.08956561
v 0.63826432 0.08871961 0.09456561
v 0.63851492 0.08871961 0.09956561
v 0.63842205 0.08871961 0.10456561
v 0.63839346 0.08871961 0.10956561
v 0.63810974 0.08871961 0.11456561
v 0.63830355 0.08871961 0.11956561
v 0.63831288 0.08871961 0.12456561
v 0.63844221 0.08871961 0.12956561
v 0.63802712 0.08871961 0.13456561
v 0.63844355 0.08871961 0.13956561
v 0.63855368 0.08871961 0.14456561
v 0.63851042 0.08871961 0.14956561
v 0.63815255 0.08871961 0.15456561
v 0.63830714 0.08871961 0.15956561
v 0.63771065 0.08871961 0.18956561
v 0.63715886 0.08871961 0.19456561
v 0.64214163 0.09371961 0.00360825
v 0.64214163 0.08983916 0.01456562
v 0.64059246 0.09371961 0.02456562
v 0.64214163 0.09371961 0.02062509
v 0.64214163 0.09371961 0.02816529
v 0.64112091 0.09371961 0.03456562
v 0.64214163 0.09371961 0.03107835
v 0.63859346 0.09371961 0.03956562
v 0.63849815 0.09371961 0.04456562
v 0.63852644 0.09371961 0.04956562
v 0.63845087 0.09371961 0.05456562
v 0.63797394 0.09371961 0.05956561
v 0.63849556 0.09371961 0.06456561
v 0.63817724 0.09371961 0.06956561
v 0.63840645 0.09371961 0.07456561
v 0.63836023 0.09371961 0.07956561
v 0.63854676 0.09371961 0.08456561
v 0.63817955 0.09371961 0.08956561
v 0.63817955 0.09371961 0.09456561
v 0.63861849 0.09371961 0.09956561
v 0.63855871 0.09371961 0.10456561
v 0.63841053 0.09371961 0.10956561
v 0.63867692 0.09371961 0.11456561
v 0.63843752 0.09371961 0.11956561
v 0.63824513 0.09371961 0.12456561
v 0.63843819 0.09371961 0.12956561
v 0.63784724 0.09371961 0.13456561
v 0.63795305 0.09371961 0.13956561
v 0.63798030 0.09371961 0.14456561
v 0.63810257 0.09371961 0.14956561
v 0.63759381 0.09371961 0.15456561
v 0.63771735 0.09371961 0.15956561
v 0.63817801 0.09371961 0.19956561
v 0.63824736 0.09371961 0.20456561
v 0.63795178 0.09371961 0.20956561
v 0.63891235 0.09871961 -0.00043439
v 0.64214163 0.09871961 0.00335260
v 0.63806114 0.09871961 0.01956561
v 0.64214163 0.09871961 0.01563018
v 0.64214163 0.09386322 0.01956561
v 0.63829851 0.09871961 0.02456562
v 0.64214163 0.09392476 0.02956561
v 0.63848841 0.09871961 0.02956561
v 0.63851557 0.09871961 0.03456562
v 0.63844555 0.09871961 0.03956562
v 0.63823771 0.09871961 0.04456562
v 0.63851492 0.09871961 0.04956562
v 0.63790190 0.09871961 0.05456562
v 0.63768389 0.09871961 0.05956561
v 0.63751574 0.09871961 0.06456561
v 0.63783548 0.09871961 0.06956561
v 0.63747330 0.09871961 0.07456561
v 0.63805788 0.09871961 0.07956561
v 0.63803620 0.09871961 0.08456561
v 0.63824736 0.09871961 0.08956561
v 0.63853663 0.09871961 0.09456561
v 0.63861120 0.09871961 0.09956561
v 0.63835045 0.09871961 0.10456561
v 0.63832144 0.09871961 0.10956561
v 0.63842812 0.09871961 0.11456561
v 0.63819634 0.09871961 0.11956561
v 0.63774632 0.09871961 0.12456561
v 0.63839415 0.09871961 0.12956561
v 0.63742097 0.09871961 0.13456561
v 0.63800343 0.09871961 0.13956561
v 0.63758038 0.09871961 0.14456561
v 0.63756152 0.09871961 0.14956561
v 0.63730574 0.09871961 0.19956561
v 0.63796502 0.09871961 0.20456561
v 0.63910576 0.10371961 -0.00043439
v 0.64214163 0.10371961 0.00382828
v 0.64127123 0.10371961 0.01456562
v 0.64214163 0.10371961 0.01314805
v 0.64214163 0.10270881 0.01456562
v 0.63794662 0.10371961 0.01956561
v 0.63849945 0.10371961 0.02456562
v 0.63842272 0.10371961 0.02956561
v 0.63853853 0.10371961 0.03456562
v 0.63839483 0.10371961 0.03956562
v 0.63836722 0.10371961 0.04456562
v 0.63810059 0.10371961 0.04956562
v 0.63735140 0.10371961 0.05456562
v 0.63728747 0.10371961 0.06456561
v 0.63747143 0.10371961 0.07456561
v 0.63775479 0.10371961 0.07956561
v 0.63833847 0.10371961 0.08456561
v 0.63815720 0.10371961 0.08956561
v 0.63824661 0.10371961 0.09456561
v 0.63827091 0.10371961 0.09956561
v 0.63855871 0.10371961 0.10456561
v 0.63803578 0.10371961 0.10956561
v 0.63829273 0.10371961 0.11456561
v 0.63836024 0.10371961 0.11956561
v 0.63836930 0.10371961 0.12456561
v 0.63788428 0.10371961 0.12956561
v 0.63772355 0.10371961 0.13456561
v 0.63766903 0.10371961 0.13956561
v 0.63786337 0.10371961 0.14456561
v 0.63749737 0.10371961 0.19956561
v 0.63774064 0.10371961 0.20956561
v 0.64140637 0.10871961 -0.00043439
v 0.64214163 0.10871961 0.00095062
v 0.64214163 0.10632639 0.01456562
v 0.64214163 0.10827578 0.01956561
v 0.64128710 0.10871961 0.02456562
v 0.64214163 0.10871961 0.02301269
v 0.64008461 0.10871961 0.02956561
v 0.64102760 0.10871961 0.03456562
v 0.64037403 0.10871961 0.03956562
v 0.63748074 0.10871961 0.04456562
v 0.63716215 0.10871961 0.05456562
v 0.63732323 0.10871961 0.06956561
v 0.63779343 0.10871961 0.07456561
v 0.63730345 0.10871961 0.07956561
v 0.63807409 0.10871961 0.08456561
v 0.63830067 0.10871961 0.08956561
v 0.63822426 0.10871961 0.09456561
v 0.63851622 0.10871961 0.10456561
v 0.63785038 0.10871961 0.10956561
v 0.63815874 0.10871961 0.11456561
v 0.63722115 0.10871961 0.11956561
v 0.63718617 0.10871961 0.12956561
v 0.63762465 0.10871961 0.14456561
v 0.64081579 0.11371961 -0.00043439
v 0.64214163 0.11371961 0.00240287
v 0.64025465 0.11371961 0.01456562
v 0.64214163 0.11371961 0.01149846
v 0.64214163 0.11015594 0.01456562
v 0.64214163 0.11371961 0.01956340
v 0.63973747 0.11371961 0.02456562
v 0.64214163 0.11371961 0.01956731
v 0.64193156 0.11371961 0.02956561
v 0.63967091 0.11371961 0.03456562
v 0.63840004 0.11371961 0.03956562
v 0.63782095 0.11371961 0.04456562
v 0.63751598 0.11371961 0.05456562
v 0.63719376 0.11371961 0.06456561
v 0.63741921 0.11371961 0.07956561
v 0.63730561 0.11371961 0.08956561
v 0.63779619 0.11371961 0.10456561
v 0.63780587 0.11371961 0.10956561
v 0.63757988 0.11371961 0.11456561
v 0.63729687 0.11371961 0.11956561
v 0.63718768 0.11371961 0.13456561
v 0.63927927 0.11871961 -0.00043439
v 0.64214163 0.11871961 0.00349082
v 0.64112095 0.11871961 0.00956561
v 0.64214163 0.11871961 0.00789819
v 0.64214163 0.11634245 0.00956561
v 0.63996399 0.11871961 0.01456562
v 0.64214163 0.11372076 0.01956561
v 0.63831993 0.11871961 0.02456562
v 0.63751728 0.11871961 0.02956561
v 0.63719391 0.11871961 0.11456561
v 0.63930521 0.12371961 -0.00043439
v 0.64214163 0.12371961 0.00392578
v 0.64024393 0.12371961 0.00956561
v 0.64214163 0.12371961 0.00606513
v 0.63987154 0.12371961 0.01456562
v 0.63737700 0.12371961 0.02456562
v 0.63907934 0.12871961 -0.00043439
v 0.64214163 0.12558427 0.00456562
v 0.64080502 0.12871961 0.00456562
v 0.64214163 0.12657205 0.00956561
v 0.64214163 0.12871961 0.00701031
v 0.64214163 0.12763329 0.01456562
v 0.64214163 0.12871961 0.01501949
v 0.63793350 0.12871961 0.02456562
v 0.63718626 0.12871961 0.02956561
v 0.63773077 0.12871961 0.03456562
v 0.63731087 0.12871961 0.03956562
v 0.63715842 0.12871961 0.04456562
v 0.63904993 0.13371961 -0.00043439
v 0.64013288 0.13371961 0.00456562
v 0.64214163 0.13371961 0.00912769
v 0.63841490 0.13371961 0.01456562
v 0.64214163 0.13371961 0.01032473
v 0.64214163 0.12980721 0.01456562
v 0.63731924 0.13371961 0.02956561
v 0.63886049 0.13871961 -0.00043439
v 0.64025467 0.13871961 0.00456562
v 0.64214163 0.13459472 0.00956561
v 0.63997368 0.13871961 0.00956561
v 0.63791502 0.13871961 0.01456562
v 0.63823744 0.13871961 0.02956561
v 0.63823399 0.14371961 -0.00043439
v 0.63957323 0.14371961 0.00456562
v 0.63777895 0.14371961 0.00956561
v 0.63839071 0.14871961 -0.00043439
v 0.63967178 0.14871961 0.00456562
v 0.64214163 0.14871961 0.00843927
v 0.64214163 0.14759764 0.00956561
v 0.64214163 0.14871961 0.01045060
v 0.63855019 0.15371961 0.00456562
v 0.64214163 0.15042418 0.00956561
v 0.63856857 0.15371961 0.00956561
v 0.63935877 0.15871961 0.00456562
v 0.63935259 0.15871961 0.00956561
v 0.63944723 0.16371961 0.00956561
v 0.63720125 0.16871961 0.00456562
v 0.63913811 0.16871961 0.00956561
v 0.63725944 0.17371961 0.00456562
v 0.63784275 0.17371961 0.00956561
v 0.63739414 0.17371961 0.01456562
v 0.63760685 0.17871961 0.00456562
v 0.63731729 0.17871961 0.00956561
v 0.63780848 0.18371961 0.00456562
v 0.63751781 0.18871961 0.00456562
v 0.63801270 0.19371961 -0.00543438
v 0.63902670 0.19871961 -0.00543438
v 0.63849543 0.20371961 -0.00543438
v 0.63718212 0.20871961 -0.00543438
v 0.63786081 0.21371962 0.00456562
v 0.63909163 0.21371961 0.02456562
v 0.63792286 0.21371961 0.02956561
v 0.63750422 0.21371961 0.03456561
v 0.63739992 0.21371961 0.03956561
v 0.63870308 0.21871962 -0.00043439
v 0.64214163 0.21871962 0.00444747
v 0.64214163 0.21849647 0.00456562
v 0.64070995 0.21871962 0.00956561
v 0.64214163 0.21871962 0.00539912
v 0.63895981 0.21871962 0.01456562
v 0.63715733 0.21871962 0.02456562
v 0.63742685 0.21871962 0.02956561
v 0.63758144 0.21871962 0.03456561
v 0.63758089 0.21871961 0.03956561
v 0.63733171 0.21871961 0.04456561
v 0.63755921 0.21871961 0.05456561
v 0.63746929 0.21871961 0.06456561
v 0.63738562 0.21871961 0.07456561
v 0.63768534 0.22371962 -0.00543438
v 0.63834341 0.22371962 -0.00043439
v 0.64214163 0.22152273 0.00456562
v 0.64193252 0.22371962 0.00456562
v 0.64123713 0.22371962 0.00956561
v 0.63717425 0.22371962 0.02456562
v 0.64000693 0.22871962 0.00456562
v 0.64012853 0.22871962 0.00956561
v 0.63749340 0.23371961 0.00456562
v 0.64288162 0.08371961 0.00456562
v 0.64361668 0.08871961 0.00456562
v 0.64235685 0.08871961 0.00956561
v 0.64245808 0.08871961 0.01956561
v 0.64283005 0.08871961 0.02956561
v 0.64309898 0.09371961 0.00456562
v 0.64285801 0.09371961 0.00956561
v 0.64258900 0.09371961 0.01456562
v 0.64228523 0.09371961 0.01956561
v 0.64234678 0.09371961 0.02956561
v 0.64335465 0.09871961 0.00456562
v 0.64303741 0.09871961 0.00956561
v 0.64320620 0.09871961 0.01456562
v 0.64287895 0.10371961 0.00456562
v 0.64287985 0.10371961 0.00956561
v 0.64328549 0.10871961 0.00456562
v 0.64240212 0.10871961 0.00956561
v 0.64243763 0.10871961 0.01456562
v 0.64258545 0.10871961 0.01956561
v 0.64277861 0.11371961 0.00456562
v 0.64258951 0.11371961 0.00956561
v 0.64214197 0.11371961 0.01956561
v 0.64335345 0.11871961 0.00456562
v 0.64252512 0.12371961 0.00456562
v 0.64399738 0.12871961 0.00956561
v 0.64265896 0.12871961 0.01456562
v 0.64246269 0.13371961 0.00956561
v 0.64259127 0.14871961 0.00956561
v 0.64225977 0.21871962 0.00456562
f 3 2 1
f 4 1 2
f 5 3 1
f 5 1 4
f 8 7 6
f 10 9 6
f 10 6 7
f 12 11 9
f 12 9 10
f 13 11 12
f 16 15 14
f 18 17 14
f 18 14 15
f 17 18 8
f 6 17 8
f 19 17 6
f 9 21 20
f 19 9 20
f 6 9 19
f 23 22 21
f 9 23 21
f 11 23 9
f 11 13 24
f 11 24 23
f 25 16 14
f 27 26 25
f 14 27 25
f 17 27 14
f 28 17 19
f 27 17 28
f 19 20 29
f 30 19 29
f 28 19 30
f 30 32 31
f 30 23 32
f 30 29 22
f 23 30 22
f 32 23 24
f 35 34 33
f 36 33 34
f 26 27 37
f 26 37 38
f 39 27 28
f 37 27 39
f 40 28 30
f 39 28 40
f 30 31 41
f 30 41 40
f 44 43 42
f 46 45 42
f 46 42 43
f 45 48 47
f 45 33 48
f 45 46 35
f 33 45 35
f 33 49 48
f 33 50 49
f 33 36 51
f 50 33 51
f 50 51 38
f 37 50 38
f 52 50 37
f 53 37 39
f 52 37 53
f 54 39 40
f 53 39 54
f 40 41 55
f 40 55 54
f 56 44 42
f 56 42 45
f 56 45 57
f 45 58 57
f 45 59 58
f 45 47 60
f 59 45 60
f 59 60 49
f 50 59 49
f 61 59 50
f 52 63 62
f 61 52 62
f 50 52 61
f 63 52 53
f 63 53 64
f 64 53 54
f 64 54 65
f 65 54 55
f 66 58 59
f 66 59 61
f 66 61 67
f 67 61 62
f 70 69 68
f 72 71 68
f 72 68 69
f 73 71 72
f 74 70 68
f 74 68 71
f 74 71 75
f 75 71 73
f 78 77 76
f 80 79 76
f 80 76 77
f 81 79 80
f 78 76 82
f 78 82 83
f 84 76 79
f 82 76 84
f 79 81 85
f 79 85 84
f 88 87 86
f 86 87 83
f 82 86 83
f 89 86 82
f 90 82 84
f 89 82 90
f 84 85 91
f 92 84 91
f 90 84 92
f 93 92 91
f 96 95 94
f 98 97 94
f 98 94 95
f 97 98 88
f 86 97 88
f 99 97 86
f 100 86 89
f 99 86 100
f 101 89 90
f 100 89 101
f 102 90 92
f 101 90 102
f 92 93 103
f 92 103 102
f 96 94 104
f 96 104 105
f 97 107 106
f 104 97 106
f 94 97 104
f 109 108 107
f 97 109 107
f 99 109 97
f 110 99 100
f 109 99 110
f 111 100 101
f 110 100 111
f 102 113 112
f 111 102 112
f 101 102 111
f 113 102 103
f 105 104 114
f 105 114 115
f 104 106 116
f 117 104 116
f 114 104 117
f 117 116 108
f 109 117 108
f 118 117 109
f 119 109 110
f 118 109 119
f 120 110 111
f 119 110 120
f 111 112 121
f 122 111 121
f 120 111 122
f 123 122 121
f 126 125 124
f 115 114 127
f 125 128 124
f 130 129 127
f 114 130 127
f 117 130 114
f 131 117 118
f 130 117 131
f 119 133 132
f 131 119 132
f 118 119 131
f 135 134 133
f 119 135 133
f 120 135 119
f 122 137 136
f 135 122 136
f 120 122 135
f 137 122 123
f 138 126 124
f 138 124 128
f 129 130 139
f 129 139 140
f 141 130 131
f 139 130 141
f 131 132 142
f 143 131 142
f 141 131 143
f 143 142 134
f 135 143 134
f 144 143 135
f 135 136 145
f 146 135 145
f 144 135 146
f 147 146 145
f 140 139 148
f 140 148 149
f 150 139 141
f 148 139 150
f 151 141 143
f 150 141 151
f 152 143 144
f 151 143 152
f 153 144 146
f 152 144 153
f 146 147 154
f 146 154 153
f 157 156 155
f 155 156 149
f 148 155 149
f 158 155 148
f 159 148 150
f 158 148 159
f 160 150 151
f 159 150 160
f 161 151 152
f 160 151 161
f 162 152 153
f 161 152 162
f 153 154 163
f 153 163 162
f 157 155 164
f 157 164 165
f 166 155 158
f 164 155 166
f 167 158 159
f 166 158 167
f 168 159 160
f 167 159 168
f 169 160 161
f 168 160 169
f 3 169 2
f 169 162 2
f 169 161 162
f 4 2 162
f 163 4 162
f 170 4 163
f 173 172 171
f 174 171 172
f 165 164 175
f 165 175 176
f 177 164 166
f 175 164 177
f 178 166 167
f 177 166 178
f 179 167 168
f 178 167 179
f 180 168 169
f 179 168 180
f 5 181 3
f 181 169 3
f 181 180 169
f 4 170 182
f 181 4 182
f 183 181 182
f 5 4 181
f 184 183 182
f 187 186 185
f 189 188 185
f 189 185 186
f 191 190 188
f 191 188 189
f 193 192 190
f 193 190 191
f 195 194 192
f 195 192 193
f 194 195 173
f 171 194 173
f 196 194 171
f 171 174 197
f 198 171 197
f 196 171 198
f 198 197 176
f 175 198 176
f 199 198 175
f 200 175 177
f 199 175 200
f 201 177 178
f 200 177 201
f 202 178 179
f 201 178 202
f 8 202 7
f 202 180 7
f 202 179 180
f 7 180 10
f 10 180 181
f 10 203 12
f 203 10 204
f 181 204 10
f 204 181 205
f 183 205 181
f 183 184 205
f 12 203 13
f 208 207 206
f 210 209 206
f 210 206 207
f 209 210 187
f 185 209 187
f 211 209 185
f 212 185 188
f 211 185 212
f 213 188 190
f 212 188 213
f 214 190 192
f 213 190 214
f 215 192 194
f 214 192 215
f 216 194 196
f 215 194 216
f 217 196 198
f 216 196 217
f 218 198 199
f 217 198 218
f 219 199 200
f 218 199 219
f 16 219 15
f 219 201 15
f 219 200 201
f 15 201 18
f 18 201 202
f 18 202 8
f 220 20 21
f 21 22 220
f 204 221 203
f 222 203 221
f 222 24 13
f 222 13 203
f 225 224 223
f 226 223 224
f 229 228 227
f 231 230 227
f 231 227 228
f 230 231 208
f 206 230 208
f 232 230 206
f 233 206 209
f 232 206 233
f 234 209 211
f 233 209 234
f 235 211 212
f 234 211 235
f 236 212 213
f 235 212 236
f 237 213 214
f 236 213 237
f 238 214 215
f 237 214 238
f 239 215 216
f 238 215 239
f 240 216 217
f 239 216 240
f 241 217 218
f 240 217 241
f 242 218 219
f 241 218 242
f 25 243 16
f 243 219 16
f 243 242 219
f 26 243 25
f 220 29 20
f 220 22 29
f 221 32 222
f 32 221 31
f 244 31 221
f 31 244 245
f 32 24 222
f 245 244 246
f 225 223 247
f 225 247 248
f 223 226 249
f 223 249 247
f 252 251 250
f 253 250 251
f 256 255 254
f 258 257 254
f 258 254 255
f 257 258 229
f 227 257 229
f 259 257 227
f 260 227 230
f 259 227 260
f 261 230 232
f 260 230 261
f 262 232 233
f 261 232 262
f 263 233 234
f 262 233 263
f 264 234 235
f 263 234 264
f 265 235 236
f 264 235 265
f 266 236 237
f 265 236 266
f 267 237 238
f 266 237 267
f 268 238 239
f 267 238 268
f 269 239 240
f 268 239 269
f 270 240 241
f 269 240 270
f 35 270 34
f 270 242 34
f 270 241 242
f 34 242 36
f 242 271 36
f 242 243 271
f 38 271 26
f 26 271 243
f 273 272 245
f 272 31 245
f 272 41 31
f 273 245 246
f 276 275 274
f 278 277 274
f 278 274 275
f 279 277 278
f 248 247 280
f 248 280 281
f 247 249 282
f 283 247 282
f 280 247 283
f 283 282 252
f 250 283 252
f 284 283 250
f 250 253 285
f 286 250 285
f 284 250 286
f 287 286 285
f 256 254 288
f 256 288 289
f 257 291 290
f 288 257 290
f 254 257 288
f 293 292 291
f 257 293 291
f 259 293 257
f 294 259 260
f 293 259 294
f 295 260 261
f 294 260 295
f 296 261 262
f 295 261 296
f 297 262 263
f 296 262 297
f 298 263 264
f 297 263 298
f 299 264 265
f 298 264 299
f 300 265 266
f 299 265 300
f 301 266 267
f 300 266 301
f 302 267 268
f 301 267 302
f 44 302 43
f 302 269 43
f 302 268 269
f 43 269 46
f 46 269 270
f 46 270 35
f 303 47 48
f 36 271 51
f 303 48 49
f 51 271 38
f 272 55 41
f 304 55 272
f 305 276 274
f 305 274 277
f 305 277 306
f 306 277 279
f 307 281 280
f 307 280 283
f 307 283 308
f 308 283 284
f 308 284 309
f 309 284 286
f 309 286 310
f 310 286 287
f 311 289 288
f 311 288 290
f 312 292 293
f 312 293 294
f 312 294 313
f 313 294 295
f 313 295 314
f 314 295 296
f 314 296 315
f 315 296 297
f 315 297 316
f 318 317 316
f 297 318 316
f 298 318 297
f 299 320 319
f 318 299 319
f 298 299 318
f 320 299 300
f 320 300 321
f 321 300 301
f 321 301 322
f 322 301 302
f 322 302 323
f 323 302 44
f 56 323 44
f 324 323 56
f 325 56 57
f 325 324 56
f 303 60 47
f 325 57 326
f 58 326 57
f 60 303 49
f 329 328 327
f 62 63 328
f 63 327 328
f 63 330 327
f 332 330 331
f 330 64 331
f 330 63 64
f 331 64 333
f 64 334 333
f 64 65 334
f 65 55 304
f 65 304 334
f 335 317 318
f 335 318 319
f 336 326 58
f 336 58 66
f 67 328 329
f 336 67 329
f 66 67 336
f 328 67 62
f 337 332 331
f 337 331 333
f 340 339 338
f 341 338 339
f 344 343 342
f 346 345 342
f 346 342 343
f 348 347 345
f 348 345 346
f 349 347 348
f 352 351 350
f 353 350 351
f 340 338 354
f 340 354 355
f 338 341 356
f 357 338 356
f 354 338 357
f 359 358 357
f 359 357 356
f 344 342 360
f 359 361 358
f 360 342 345
f 360 345 362
f 362 345 347
f 362 347 363
f 363 347 349
f 366 365 364
f 367 364 365
f 370 369 368
f 371 368 369
f 372 352 350
f 372 350 353
f 373 355 354
f 373 354 357
f 373 357 374
f 374 357 358
f 374 358 375
f 375 358 361
f 376 366 364
f 376 364 367
f 377 370 368
f 377 368 371
f 380 379 378
f 381 378 379
f 384 383 382
f 385 382 383
f 388 387 386
f 389 386 387
f 390 380 378
f 390 378 381
f 393 392 391
f 391 392 384
f 382 391 384
f 394 391 382
f 382 385 395
f 382 395 394
f 396 388 386
f 396 386 389
f 393 391 397
f 393 397 398
f 394 400 399
f 397 394 399
f 391 394 397
f 400 394 395
f 403 402 401
f 404 401 402
f 407 406 405
f 405 409 408
f 405 397 409
f 405 406 398
f 397 405 398
f 397 410 409
f 397 411 410
f 397 399 412
f 411 397 412
f 413 411 412
f 414 403 401
f 414 401 404
f 407 405 415
f 407 415 416
f 405 408 417
f 418 405 417
f 415 405 418
f 418 417 410
f 411 418 410
f 419 418 411
f 411 413 420
f 421 411 420
f 419 411 421
f 422 421 420
f 425 424 423
f 426 423 424
f 429 428 427
f 431 430 427
f 431 427 428
f 430 431 416
f 415 430 416
f 432 430 415
f 433 415 418
f 432 415 433
f 434 418 419
f 433 418 434
f 435 419 421
f 434 419 435
f 421 422 436
f 421 436 435
f 425 423 437
f 425 437 438
f 423 426 439
f 440 423 439
f 437 423 440
f 441 440 439
f 429 427 442
f 429 442 443
f 444 427 430
f 442 427 444
f 445 430 432
f 444 430 445
f 446 432 433
f 445 432 446
f 447 433 434
f 446 433 447
f 448 434 435
f 447 434 448
f 435 436 449
f 435 449 448
f 450 438 437
f 450 437 440
f 450 440 451
f 451 440 441
f 452 443 442
f 454 453 452
f 442 454 452
f 444 454 442
f 455 444 445
f 454 444 455
f 456 445 446
f 455 445 456
f 457 446 447
f 456 446 457
f 458 447 448
f 457 447 458
f 448 449 459
f 448 459 458
f 453 454 460
f 453 460 461
f 462 454 455
f 460 454 462
f 463 455 456
f 462 455 463
f 464 456 457
f 463 456 464
f 465 457 458
f 464 457 465
f 458 459 466
f 458 466 465
f 461 460 467
f 461 467 468
f 469 460 462
f 467 460 469
f 70 469 69
f 469 463 69
f 469 462 463
f 69 463 72
f 72 463 464
f 72 464 73
f 464 470 73
f 464 465 470
f 465 466 471
f 465 471 470
f 474 473 472
f 475 472 473
f 478 477 476
f 480 479 476
f 480 476 477
f 482 481 479
f 482 479 480
f 484 483 481
f 484 481 482
f 486 485 483
f 486 483 484
f 485 486 468
f 467 485 468
f 487 485 467
f 488 467 469
f 487 467 488
f 74 489 70
f 489 469 70
f 489 488 469
f 75 490 74
f 74 490 489
f 73 470 75
f 470 490 75
f 470 491 490
f 470 471 492
f 470 492 491
f 493 474 472
f 496 495 494
f 475 493 472
f 498 497 495
f 498 495 496
f 499 497 498
f 478 476 500
f 478 500 501
f 502 476 479
f 500 476 502
f 481 504 503
f 502 481 503
f 479 481 502
f 506 505 504
f 481 506 504
f 483 506 481
f 507 483 485
f 506 483 507
f 508 485 487
f 507 485 508
f 509 487 488
f 508 487 509
f 78 509 77
f 509 489 77
f 509 488 489
f 77 489 80
f 80 489 490
f 80 490 81
f 490 510 81
f 490 491 510
f 491 492 511
f 491 511 510
f 514 513 512
f 512 513 494
f 495 512 494
f 515 512 495
f 497 517 516
f 515 497 516
f 495 497 515
f 517 497 499
f 520 519 518
f 522 521 518
f 522 518 519
f 523 521 522
f 526 525 524
f 524 525 501
f 500 524 501
f 527 524 500
f 528 500 502
f 527 500 528
f 502 503 529
f 530 502 529
f 528 502 530
f 530 529 505
f 506 530 505
f 531 530 506
f 532 506 507
f 531 506 532
f 533 507 508
f 532 507 533
f 534 508 509
f 533 508 534
f 83 534 78
f 78 534 509
f 535 85 510
f 510 85 81
f 510 511 536
f 510 536 535
f 537 514 512
f 537 512 515
f 537 515 538
f 515 539 538
f 515 540 539
f 515 516 541
f 540 515 541
f 542 540 541
f 543 520 518
f 543 518 521
f 543 521 544
f 544 521 523
f 547 546 545
f 549 548 545
f 549 545 546
f 548 549 526
f 524 548 526
f 550 548 524
f 551 524 527
f 550 524 551
f 552 527 528
f 551 527 552
f 553 528 530
f 552 528 553
f 554 530 531
f 553 530 554
f 555 531 532
f 554 531 555
f 556 532 533
f 555 532 556
f 88 556 87
f 556 534 87
f 556 533 534
f 87 534 83
f 535 91 85
f 93 91 535
f 536 93 535
f 557 93 536
f 560 559 558
f 561 558 559
f 539 540 562
f 539 562 563
f 540 542 564
f 540 564 562
f 567 566 565
f 568 565 566
f 571 570 569
f 572 569 570
f 573 547 545
f 573 545 548
f 573 548 574
f 576 575 574
f 548 576 574
f 550 576 548
f 577 550 551
f 576 550 577
f 578 551 552
f 577 551 578
f 579 552 553
f 578 552 579
f 580 553 554
f 579 553 580
f 96 580 95
f 580 555 95
f 580 554 555
f 95 555 98
f 98 555 556
f 98 556 88
f 557 103 93
f 581 103 557
f 582 560 558
f 585 584 583
f 561 582 558
f 584 587 586
f 584 562 587
f 584 585 563
f 562 584 563
f 587 562 564
f 588 567 565
f 588 565 568
f 591 590 589
f 571 569 592
f 590 593 589
f 592 569 572
f 596 595 594
f 598 597 594
f 598 594 595
f 597 598 575
f 576 597 575
f 599 597 576
f 600 576 577
f 599 576 600
f 601 577 578
f 600 577 601
f 602 578 579
f 601 578 602
f 603 579 580
f 602 579 603
f 105 603 96
f 96 603 580
f 604 106 107
f 108 604 107
f 605 112 113
f 606 605 113
f 103 606 113
f 581 606 103
f 609 608 607
f 583 584 610
f 608 611 607
f 610 584 586
f 614 613 612
f 615 612 613
f 616 591 589
f 616 589 593
f 619 618 617
f 617 618 596
f 594 617 596
f 620 617 594
f 621 594 597
f 620 594 621
f 622 597 599
f 621 597 622
f 623 599 600
f 622 599 623
f 624 600 601
f 623 600 624
f 625 601 602
f 624 601 625
f 626 602 603
f 625 602 626
f 115 626 105
f 105 626 603
f 604 116 106
f 116 604 108
f 605 121 112
f 123 121 605
f 606 123 605
f 627 123 606
f 609 607 628
f 609 628 629
f 607 611 630
f 631 607 630
f 628 607 631
f 632 631 630
f 635 634 633
f 636 633 634
f 639 638 637
f 640 637 638
f 641 614 612
f 641 612 615
f 619 617 642
f 619 642 643
f 620 645 644
f 642 620 644
f 617 620 642
f 647 646 645
f 620 647 645
f 621 647 620
f 648 621 622
f 647 621 648
f 649 622 623
f 648 622 649
f 650 623 624
f 649 623 650
f 651 624 625
f 650 624 651
f 126 651 125
f 651 626 125
f 651 625 626
f 128 125 652
f 125 626 652
f 115 127 652
f 115 652 626
f 129 652 127
f 653 132 133
f 134 653 133
f 654 136 137
f 655 654 137
f 123 655 137
f 627 655 123
f 629 628 656
f 629 656 657
f 658 628 631
f 656 628 658
f 631 632 659
f 660 631 659
f 658 631 660
f 661 660 659
f 662 635 633
f 662 633 636
f 663 639 637
f 663 637 640
f 666 665 664
f 667 664 665
f 643 642 668
f 643 668 669
f 642 644 670
f 671 642 670
f 668 642 671
f 671 670 646
f 647 671 646
f 672 671 647
f 673 647 648
f 672 647 673
f 674 648 649
f 673 648 674
f 675 649 650
f 674 649 675
f 676 650 651
f 675 650 676
f 138 677 126
f 677 651 126
f 677 676 651
f 128 652 138
f 652 677 138
f 652 678 677
f 140 678 129
f 129 678 652
f 653 142 132
f 142 653 134
f 654 145 136
f 147 145 654
f 655 147 654
f 679 147 655
f 657 656 680
f 657 680 681
f 682 656 658
f 680 656 682
f 660 684 683
f 682 660 683
f 658 660 682
f 684 660 661
f 666 664 685
f 666 685 686
f 664 667 687
f 664 687 685
f 690 689 688
f 688 689 669
f 668 688 669
f 691 688 668
f 692 668 671
f 691 668 692
f 693 671 672
f 692 671 693
f 694 672 673
f 693 672 694
f 695 673 674
f 694 673 695
f 696 674 675
f 695 674 696
f 697 675 676
f 696 675 697
f 698 676 677
f 697 676 698
f 699 677 678
f 698 677 699
f 149 699 140
f 140 699 678
f 701 154 700
f 154 679 700
f 154 147 679
f 702 701 700
f 681 680 703
f 681 703 704
f 705 680 682
f 703 680 705
f 682 683 706
f 707 682 706
f 705 682 707
f 708 707 706
f 709 686 685
f 709 685 687
f 712 711 710
f 713 710 711
f 690 688 714
f 690 714 715
f 716 688 691
f 714 688 716
f 717 691 692
f 716 691 717
f 718 692 693
f 717 692 718
f 719 693 694
f 718 693 719
f 720 694 695
f 719 694 720
f 721 695 696
f 720 695 721
f 722 696 697
f 721 696 722
f 723 697 698
f 722 697 723
f 157 723 156
f 723 699 156
f 723 698 699
f 156 699 149
f 725 724 701
f 724 154 701
f 724 163 154
f 725 701 702
f 704 703 726
f 704 726 727
f 728 703 705
f 726 703 728
f 707 730 729
f 728 707 729
f 705 707 728
f 730 707 708
f 733 732 731
f 735 734 731
f 735 731 732
f 736 734 735
f 739 738 737
f 737 738 712
f 710 737 712
f 740 737 710
f 710 713 741
f 742 710 741
f 740 710 742
f 742 741 715
f 714 742 715
f 743 742 714
f 744 714 716
f 743 714 744
f 745 716 717
f 744 716 745
f 746 717 718
f 745 717 746
f 747 718 719
f 746 718 747
f 748 719 720
f 747 719 748
f 749 720 721
f 748 720 749
f 750 721 722
f 749 721 750
f 751 722 723
f 750 722 751
f 165 751 157
f 157 751 723
f 724 170 163
f 752 170 724
f 727 726 753
f 727 753 754
f 755 726 728
f 753 726 755
f 728 729 756
f 728 756 755
f 759 758 757
f 760 757 758
f 763 762 761
f 764 761 762
f 765 733 731
f 765 731 734
f 765 734 766
f 766 734 736
f 769 768 767
f 771 770 767
f 771 767 768
f 770 771 739
f 737 770 739
f 772 770 737
f 773 737 740
f 772 737 773
f 742 775 774
f 773 742 774
f 740 742 773
f 777 776 775
f 742 777 775
f 743 777 742
f 778 743 744
f 777 743 778
f 779 744 745
f 778 744 779
f 780 745 746
f 779 745 780
f 781 746 747
f 780 746 781
f 782 747 748
f 781 747 782
f 783 748 749
f 782 748 783
f 173 783 172
f 783 750 172
f 783 749 750
f 172 750 174
f 750 784 174
f 750 751 784
f 176 784 165
f 165 784 751
f 752 785 170
f 170 785 182
f 184 182 785
f 184 785 786
f 787 754 753
f 789 788 787
f 753 789 787
f 755 789 753
f 755 756 790
f 791 755 790
f 789 755 791
f 791 790 759
f 757 791 759
f 792 791 757
f 757 760 793
f 794 757 793
f 792 757 794
f 794 793 763
f 761 794 763
f 795 794 761
f 761 764 796
f 761 796 795
f 799 798 797
f 800 797 798
f 803 802 801
f 805 804 801
f 805 801 802
f 807 806 804
f 807 804 805
f 809 808 806
f 809 806 807
f 811 810 808
f 811 808 809
f 813 812 810
f 813 810 811
f 815 814 812
f 815 812 813
f 817 816 814
f 817 814 815
f 819 818 816
f 819 816 817
f 821 820 818
f 821 818 819
f 823 822 820
f 823 820 821
f 825 824 822
f 825 822 823
f 824 825 769
f 767 824 769
f 826 824 767
f 827 767 770
f 826 767 827
f 828 770 772
f 827 770 828
f 829 772 773
f 828 772 829
f 773 774 830
f 831 773 830
f 829 773 831
f 831 830 776
f 777 831 776
f 832 831 777
f 833 777 778
f 832 777 833
f 187 833 186
f 833 779 186
f 833 778 779
f 186 779 189
f 189 779 780
f 189 780 191
f 191 780 781
f 191 781 193
f 193 781 782
f 193 782 195
f 195 782 783
f 195 783 173
f 784 197 174
f 197 784 176
f 835 834 205
f 205 834 204
f 205 184 786
f 205 786 835
f 838 837 836
f 836 837 788
f 789 836 788
f 839 836 789
f 840 789 791
f 839 789 840
f 841 791 792
f 840 791 841
f 842 792 794
f 841 792 842
f 843 794 795
f 842 794 843
f 795 796 844
f 845 795 844
f 843 795 845
f 845 844 799
f 797 845 799
f 846 845 797
f 797 800 847
f 848 797 847
f 846 797 848
f 848 847 803
f 801 848 803
f 849 848 801
f 850 801 804
f 849 801 850
f 851 804 806
f 850 804 851
f 852 806 808
f 851 806 852
f 853 808 810
f 852 808 853
f 854 810 812
f 853 810 854
f 855 812 814
f 854 812 855
f 856 814 816
f 855 814 856
f 857 816 818
f 856 816 857
f 858 818 820
f 857 818 858
f 859 820 822
f 858 820 859
f 860 822 824
f 859 822 860
f 861 824 826
f 860 824 861
f 862 826 827
f 861 826 862
f 863 827 828
f 862 827 863
f 864 828 829
f 863 828 864
f 865 829 831
f 864 829 865
f 208 865 207
f 865 832 207
f 865 831 832
f 207 832 210
f 210 832 833
f 210 833 187
f 867 221 866
f 221 834 866
f 221 204 834
f 868 867 866
f 838 836 869
f 838 869 870
f 871 836 839
f 869 836 871
f 872 839 840
f 871 839 872
f 873 840 841
f 872 840 873
f 874 841 842
f 873 841 874
f 875 842 843
f 874 842 875
f 876 843 845
f 875 843 876
f 877 845 846
f 876 845 877
f 878 846 848
f 877 846 878
f 879 848 849
f 878 848 879
f 880 849 850
f 879 849 880
f 881 850 851
f 880 850 881
f 882 851 852
f 881 851 882
f 883 852 853
f 882 852 883
f 884 853 854
f 883 853 884
f 885 854 855
f 884 854 885
f 886 855 856
f 885 855 886
f 889 888 887
f 224 225 857
f 886 857 225
f 857 886 856
f 889 890 888
f 226 224 891
f 857 891 224
f 891 857 858
f 892 858 859
f 891 858 892
f 893 859 860
f 892 859 893
f 894 860 861
f 893 860 894
f 895 861 862
f 894 861 895
f 896 862 863
f 895 862 896
f 229 896 228
f 896 864 228
f 896 863 864
f 228 864 231
f 231 864 865
f 231 865 208
f 898 244 897
f 244 221 897
f 897 221 867
f 899 897 867
f 867 868 899
f 244 898 246
f 870 869 900
f 870 900 901
f 902 869 871
f 900 869 902
f 903 871 872
f 902 871 903
f 904 872 873
f 903 872 904
f 905 873 874
f 904 873 905
f 906 874 875
f 905 874 906
f 907 875 876
f 906 875 907
f 908 876 877
f 907 876 908
f 909 877 878
f 908 877 909
f 910 878 879
f 909 878 910
f 911 879 880
f 910 879 911
f 912 880 881
f 911 880 912
f 913 881 882
f 912 881 913
f 914 882 883
f 913 882 914
f 915 883 884
f 914 883 915
f 916 884 885
f 915 884 916
f 917 885 886
f 916 885 917
f 889 887 918
f 917 225 248
f 225 917 886
f 918 890 889
f 249 226 919
f 891 919 226
f 252 919 251
f 919 892 251
f 919 891 892
f 251 892 253
f 892 920 253
f 892 893 920
f 921 893 894
f 920 893 921
f 256 921 255
f 921 895 255
f 921 894 895
f 255 895 258
f 258 895 896
f 258 896 229
f 898 897 273
f 897 272 273
f 897 922 272
f 898 273 246
f 901 900 923
f 901 923 924
f 925 900 902
f 923 900 925
f 926 902 903
f 925 902 926
f 927 903 904
f 926 903 927
f 928 904 905
f 927 904 928
f 929 905 906
f 928 905 929
f 930 906 907
f 929 906 930
f 908 932 931
f 930 908 931
f 907 908 930
f 934 933 932
f 908 934 932
f 909 934 908
f 935 909 910
f 934 909 935
f 936 910 911
f 935 910 936
f 937 911 912
f 936 911 937
f 938 912 913
f 937 912 938
f 939 913 914
f 938 913 939
f 276 939 275
f 939 915 275
f 939 914 915
f 275 915 278
f 278 915 916
f 278 916 279
f 916 940 279
f 916 917 940
f 281 940 248
f 248 940 917
f 919 282 249
f 282 919 252
f 920 285 253
f 285 920 287
f 920 941 287
f 920 921 941
f 289 941 256
f 256 941 921
f 942 290 291
f 292 942 291
f 922 304 272
f 943 304 922
f 924 923 944
f 924 944 945
f 925 947 946
f 944 925 946
f 923 925 944
f 949 948 947
f 925 949 947
f 926 949 925
f 950 926 927
f 949 926 950
f 951 927 928
f 950 927 951
f 952 928 929
f 951 928 952
f 953 929 930
f 952 929 953
f 930 931 954
f 930 954 953
f 933 934 955
f 933 955 956
f 935 958 957
f 955 935 957
f 934 935 955
f 958 935 936
f 958 936 959
f 959 936 937
f 959 937 960
f 962 961 960
f 937 962 960
f 938 962 937
f 963 938 939
f 962 938 963
f 963 939 276
f 964 963 276
f 305 964 276
f 965 963 964
f 966 305 306
f 966 964 305
f 306 279 940
f 967 306 940
f 966 306 967
f 967 940 281
f 307 967 281
f 968 967 307
f 969 307 308
f 969 968 307
f 970 308 309
f 970 969 308
f 971 309 310
f 971 970 309
f 310 287 941
f 972 310 941
f 971 310 972
f 972 941 289
f 311 972 289
f 973 972 311
f 311 290 942
f 974 311 942
f 973 311 974
f 974 942 292
f 312 974 292
f 975 974 312
f 976 312 313
f 976 975 312
f 978 976 977
f 976 314 977
f 976 313 314
f 315 979 314
f 314 979 977
f 979 315 980
f 315 981 980
f 315 316 981
f 316 317 981
f 981 317 982
f 983 319 320
f 321 984 320
f 320 984 983
f 322 985 321
f 321 985 984
f 985 322 986
f 322 987 986
f 322 323 987
f 988 323 324
f 988 987 323
f 990 988 989
f 988 325 989
f 988 324 325
f 989 325 326
f 993 992 991
f 329 327 994
f 993 991 995
f 330 996 327
f 327 996 994
f 332 996 330
f 998 997 334
f 334 997 333
f 334 304 943
f 334 943 998
f 999 945 944
f 999 944 946
f 1000 948 949
f 1000 949 950
f 1000 950 1001
f 1001 950 951
f 1001 951 1002
f 1002 951 952
f 1002 952 1003
f 1003 952 953
f 1003 953 1004
f 1004 953 954
f 1005 956 955
f 1005 955 957
f 1006 961 962
f 1006 962 963
f 1006 963 1007
f 1007 963 965
f 1008 978 977
f 1008 977 979
f 1008 979 1009
f 1009 979 980
f 1010 982 317
f 1010 317 335
f 335 319 983
f 1011 335 983
f 1010 335 1011
f 1011 983 984
f 1011 984 1012
f 1012 984 985
f 1012 985 1013
f 1013 985 986
f 1014 990 989
f 1014 991 992
f 1014 336 991
f 1014 989 326
f 336 1014 326
f 995 991 1015
f 336 1015 991
f 1015 336 1016
f 329 1016 336
f 1016 329 994
f 996 1018 1017
f 1016 996 1017
f 994 996 1016
f 1018 996 332
f 337 1018 332
f 1019 1018 337
f 337 333 997
f 337 997 1019
f 1020 1015 1016
f 1020 1016 1017
f 1023 1022 1021
f 1025 1024 1021
f 1025 1021 1022
f 1026 1024 1025
f 1029 1028 1027
f 1031 1030 1027
f 1031 1027 1028
f 1032 1030 1031
f 1035 1034 1033
f 1037 1036 1033
f 1037 1033 1034
f 1039 1038 1036
f 1039 1036 1037
f 1040 1038 1039
f 1043 1042 1041
f 1045 1044 1041
f 1045 1041 1042
f 1047 1046 1044
f 1047 1044 1045
f 1049 1048 1046
f 1049 1046 1047
f 1051 1050 1048
f 1051 1048 1049
f 1050 1051 1023
f 1021 1050 1023
f 1052 1050 1021
f 340 1052 339
f 1052 1024 339
f 1052 1021 1024
f 1054 1053 341
f 1054 341 339
f 1026 1054 339
f 1024 1026 339
f 1056 1055 1053
f 1056 1053 1054
f 343 344 1055
f 1056 343 1055
f 1057 343 1056
f 1027 346 1029
f 346 1057 1029
f 346 343 1057
f 346 1027 348
f 348 1027 1030
f 1059 1058 349
f 1059 349 348
f 1032 1059 348
f 1030 1032 348
f 1060 1058 1059
f 1063 1062 1061
f 1065 1064 1061
f 1065 1061 1062
f 1066 1064 1065
f 1069 1068 1067
f 1070 1067 1068
f 1073 1072 1071
f 1075 1074 1071
f 1075 1071 1072
f 1076 1074 1075
f 1079 1078 1077
f 1080 1077 1078
f 1083 1082 1081
f 1085 1084 1081
f 1085 1081 1082
f 1087 1086 1084
f 1087 1084 1085
f 1089 1088 1086
f 1089 1086 1087
f 1091 1090 1088
f 1091 1088 1089
f 1093 1092 1090
f 1093 1090 1091
f 1092 1093 1035
f 1033 1092 1035
f 1094 1092 1033
f 1095 1033 1036
f 1094 1033 1095
f 1096 1036 1038
f 1095 1036 1096
f 1038 1040 1097
f 1098 1038 1097
f 1096 1038 1098
f 1098 1097 1043
f 1098 1043 1041
f 352 1098 1041
f 351 352 1041
f 351 1041 353
f 1041 1099 353
f 1041 1044 1099
f 1100 1044 1046
f 1099 1044 1100
f 1101 1046 1048
f 1100 1046 1101
f 1102 1048 1050
f 1101 1048 1102
f 1103 1050 1052
f 1102 1050 1103
f 355 1103 340
f 340 1103 1052
f 1053 356 341
f 356 1053 359
f 359 1053 1055
f 361 359 1104
f 359 1055 1104
f 344 360 1104
f 344 1104 1055
f 362 1105 360
f 360 1105 1104
f 363 1106 362
f 362 1106 1105
f 349 1058 363
f 1058 1106 363
f 1058 1107 1106
f 1058 1060 1108
f 1058 1108 1107
f 1063 1061 1109
f 1063 1109 1110
f 1111 1061 1064
f 1109 1061 1111
f 1112 365 366
f 1064 1112 366
f 1111 1064 366
f 1112 1064 1066
f 367 365 1112
f 367 1112 1113
f 1116 1115 1114
f 1118 1117 1114
f 1118 1114 1115
f 1120 1119 1117
f 1120 1117 1118
f 1122 1121 1119
f 1122 1119 1120
f 1121 1122 1069
f 1067 1121 1069
f 1123 1121 1067
f 1067 1070 1124
f 1125 1067 1124
f 1123 1067 1125
f 1127 1126 1125
f 1127 1125 1124
f 1129 1128 1126
f 1129 1126 1127
f 369 370 1128
f 1129 369 1128
f 1130 369 1129
f 1071 1131 371
f 1130 1071 371
f 369 1130 371
f 1073 1071 1130
f 1132 1071 1074
f 1131 1071 1132
f 1074 1076 1133
f 1134 1074 1133
f 1132 1074 1134
f 1134 1133 1079
f 1077 1134 1079
f 1135 1134 1077
f 1077 1080 1136
f 1137 1077 1136
f 1135 1077 1137
f 1083 1081 1138
f 1136 1139 1137
f 1141 1140 1138
f 1081 1141 1138
f 1084 1141 1081
f 1142 1084 1086
f 1141 1084 1142
f 1143 1086 1088
f 1142 1086 1143
f 1144 1088 1090
f 1143 1088 1144
f 1145 1090 1092
f 1144 1090 1145
f 1146 1092 1094
f 1145 1092 1146
f 1147 1094 1095
f 1146 1094 1147
f 1148 1095 1096
f 1147 1095 1148
f 1149 1096 1098
f 1148 1096 1149
f 372 1150 352
f 1150 1098 352
f 1150 1149 1098
f 353 1099 372
f 1099 1150 372
f 1099 1151 1150
f 1152 1099 1100
f 1151 1099 1152
f 1153 1100 1101
f 1152 1100 1153
f 1154 1101 1102
f 1153 1101 1154
f 1155 1102 1103
f 1154 1102 1155
f 373 1156 355
f 1156 1103 355
f 1156 1155 1103
f 374 1157 373
f 373 1157 1156
f 375 1158 374
f 374 1158 1157
f 361 1104 375
f 1104 1158 375
f 1104 1159 1158
f 1160 1104 1105
f 1159 1104 1160
f 1161 1105 1106
f 1160 1105 1161
f 1162 1106 1107
f 1161 1106 1162
f 1107 1108 1163
f 1107 1163 1162
f 1166 1165 1164
f 1164 1165 1110
f 1109 1164 1110
f 1167 1164 1109
f 1168 1109 1111
f 1167 1109 1168
f 376 1169 366
f 1169 1111 366
f 1169 1168 1111
f 367 1113 1170
f 1169 367 1170
f 1171 1169 1170
f 376 367 1169
f 1171 1170 1116
f 1114 1171 1116
f 1172 1171 1114
f 1173 1114 1117
f 1172 1114 1173
f 1174 1117 1119
f 1173 1117 1174
f 1175 1119 1121
f 1174 1119 1175
f 1176 1121 1123
f 1175 1121 1176
f 1177 1123 1125
f 1176 1123 1177
f 1178 1125 1126
f 1177 1125 1178
f 1179 1126 1128
f 1178 1126 1179
f 377 1180 370
f 1180 1128 370
f 1180 1179 1128
f 371 1131 377
f 1131 1180 377
f 1131 1181 1180
f 1132 1183 1182
f 1181 1132 1182
f 1131 1132 1181
f 1183 1132 1134
f 1183 1134 1184
f 1186 1185 1184
f 1134 1186 1184
f 1135 1186 1134
f 1187 1135 1137
f 1186 1135 1187
f 1137 1139 1188
f 1137 1188 1187
f 1140 1141 1189
f 1140 1189 1190
f 1191 1141 1142
f 1189 1141 1191
f 1192 1142 1143
f 1191 1142 1192
f 1193 1143 1144
f 1192 1143 1193
f 1145 1195 1194
f 1193 1145 1194
f 1144 1145 1193
f 1197 1196 1195
f 1145 1197 1195
f 1146 1197 1145
f 1198 1146 1147
f 1197 1146 1198
f 1199 1147 1148
f 1198 1147 1199
f 1200 1148 1149
f 1199 1148 1200
f 1201 1149 1150
f 1200 1149 1201
f 1202 1150 1151
f 1201 1150 1202
f 1203 1151 1152
f 1202 1151 1203
f 1204 1152 1153
f 1203 1152 1204
f 1205 1153 1154
f 1204 1153 1205
f 1206 1154 1155
f 1205 1154 1206
f 1207 1155 1156
f 1206 1155 1207
f 1208 1156 1157
f 1207 1156 1208
f 380 1208 379
f 1208 1158 379
f 1208 1157 1158
f 379 1158 381
f 1158 1209 381
f 1158 1159 1209
f 1210 1159 1160
f 1209 1159 1210
f 384 1210 383
f 1210 1161 383
f 1210 1160 1161
f 383 1161 385
f 1161 1211 385
f 1161 1162 1211
f 1162 1163 1212
f 1162 1212 1211
f 1213 1166 1164
f 1215 1214 1213
f 1164 1215 1213
f 1167 1215 1164
f 1216 1167 1168
f 1215 1167 1216
f 1217 1168 1169
f 1216 1168 1217
f 1218 1169 1171
f 1217 1169 1218
f 1219 1171 1172
f 1218 1171 1219
f 1220 1172 1173
f 1219 1172 1220
f 1221 1173 1174
f 1220 1173 1221
f 1222 1174 1175
f 1221 1174 1222
f 1176 1224 1223
f 1222 1176 1223
f 1175 1176 1222
f 1224 1176 1177
f 1224 1177 1225
f 1225 1177 1178
f 1225 1178 1226
f 1228 1227 1226
f 1178 1228 1226
f 1179 1228 1178
f 1180 1230 1229
f 1228 1180 1229
f 1179 1180 1228
f 1230 1180 1181
f 1230 1181 1231
f 1231 1181 1182
f 1232 1185 1186
f 1232 1186 1187
f 1232 1187 1233
f 1233 1187 1188
f 1234 1190 1189
f 1236 1235 1234
f 1189 1236 1234
f 1191 1236 1189
f 1192 1238 1237
f 1236 1192 1237
f 1191 1192 1236
f 1238 1192 1193
f 1238 1193 1239
f 1239 1193 1194
f 1196 1197 1240
f 1196 1240 1241
f 1242 1197 1198
f 1240 1197 1242
f 1243 1198 1199
f 1242 1198 1243
f 1200 1245 1244
f 1243 1200 1244
f 1199 1200 1243
f 388 1246 387
f 1246 1200 387
f 1200 1201 387
f 1246 1245 1200
f 387 1201 389
f 1201 1247 389
f 1201 1202 1247
f 1248 1202 1203
f 1247 1202 1248
f 1249 1203 1204
f 1248 1203 1249
f 1250 1204 1205
f 1249 1204 1250
f 1251 1205 1206
f 1250 1205 1251
f 1252 1206 1207
f 1251 1206 1252
f 1253 1207 1208
f 1252 1207 1253
f 390 1254 380
f 1254 1208 380
f 1254 1253 1208
f 381 1209 390
f 1209 1254 390
f 1209 1255 1254
f 393 1255 392
f 1255 1210 392
f 1255 1209 1210
f 392 1210 384
f 1256 395 1211
f 1211 395 385
f 1211 1212 1257
f 1211 1257 1256
f 1214 1215 1258
f 1214 1258 1259
f 1260 1215 1216
f 1258 1215 1260
f 1261 1216 1217
f 1260 1216 1261
f 1262 1217 1218
f 1261 1217 1262
f 1263 1218 1219
f 1262 1218 1263
f 1264 1219 1220
f 1263 1219 1264
f 1221 1266 1265
f 1264 1221 1265
f 1220 1221 1264
f 1266 1221 1222
f 1266 1222 1267
f 1267 1222 1223
f 1270 1269 1268
f 1271 1268 1269
f 1272 1227 1228
f 1272 1228 1229
f 1273 1235 1236
f 1236 1274 1273
f 1236 1275 1274
f 1236 1237 1276
f 1275 1236 1276
f 1277 1275 1276
f 1278 1241 1240
f 1280 1279 1278
f 1240 1280 1278
f 1242 1280 1240
f 1243 1282 1281
f 1280 1243 1281
f 1242 1243 1280
f 1282 1243 1244
f 388 396 1283
f 1284 388 1283
f 1246 388 1284
f 1285 1283 396
f 1285 396 389
f 1286 1285 389
f 1247 1286 389
f 1288 1287 1286
f 1247 1288 1286
f 1248 1288 1247
f 1289 1248 1249
f 1288 1248 1289
f 1290 1249 1250
f 1289 1249 1290
f 1251 1292 1291
f 1290 1251 1291
f 1250 1251 1290
f 1294 1293 1292
f 1251 1294 1292
f 1252 1294 1251
f 1295 1252 1253
f 1294 1252 1295
f 1296 1253 1254
f 1295 1253 1296
f 1297 1254 1255
f 1296 1254 1297
f 398 1297 393
f 393 1297 1255
f 1298 399 400
f 395 1256 400
f 1256 1298 400
f 1256 1299 1298
f 1256 1257 1300
f 1256 1300 1299
f 1259 1258 1301
f 1259 1301 1302
f 403 1301 402
f 1301 1260 402
f 1301 1258 1260
f 402 1260 404
f 1260 1303 404
f 1260 1261 1303
f 1304 1261 1262
f 1303 1261 1304
f 1305 1262 1263
f 1304 1262 1305
f 1264 1307 1306
f 1305 1264 1306
f 1263 1264 1305
f 1307 1264 1265
f 1308 1270 1268
f 1308 1268 1271
f 1311 1310 1309
f 1313 1312 1309
f 1313 1309 1310
f 1314 1312 1313
f 1274 1275 1315
f 1274 1315 1316
f 1275 1277 1317
f 1275 1317 1315
f 1318 1279 1280
f 1318 1280 1281
f 1284 1283 1319
f 1284 1319 1320
f 1283 1285 1321
f 1283 1321 1319
f 1322 1287 1288
f 1324 1323 1322
f 1288 1324 1322
f 1289 1324 1288
f 1290 1326 1325
f 1324 1290 1325
f 1289 1290 1324
f 1290 1327 1326
f 1290 1328 1327
f 1290 1291 1329
f 1328 1290 1329
f 1328 1329 1293
f 1294 1328 1293
f 1330 1328 1294
f 1331 1294 1295
f 1330 1294 1331
f 1332 1295 1296
f 1331 1295 1332
f 407 1332 406
f 1332 1297 406
f 1332 1296 1297
f 406 1297 398
f 1333 408 409
f 399 1298 412
f 1333 409 410
f 412 1298 413
f 1298 1334 413
f 1298 1299 1334
f 1299 1300 1335
f 1299 1335 1334
f 1302 1301 1336
f 1302 1336 1337
f 414 1338 403
f 1338 1301 403
f 1338 1336 1301
f 404 1303 414
f 1303 1338 414
f 1303 1339 1338
f 1340 1303 1304
f 1339 1303 1340
f 1341 1304 1305
f 1340 1304 1341
f 1305 1306 1342
f 1343 1305 1342
f 1341 1305 1343
f 1344 1343 1342
f 1347 1346 1345
f 1348 1345 1346
f 1349 1311 1309
f 1349 1309 1312
f 1349 1312 1350
f 1350 1312 1314
f 1351 1316 1315
f 1351 1315 1317
f 1354 1353 1352
f 1355 1352 1353
f 1356 1320 1319
f 1356 1319 1321
f 1359 1358 1357
f 1323 1324 1360
f 1358 1361 1357
f 1364 1363 1362
f 1325 1360 1324
f 1363 1364 1327
f 1328 1363 1327
f 1365 1363 1328
f 1366 1328 1330
f 1365 1328 1366
f 1367 1330 1331
f 1366 1330 1367
f 1368 1331 1332
f 1367 1331 1368
f 416 1368 407
f 407 1368 1332
f 1333 417 408
f 417 1333 410
f 1334 420 413
f 422 420 1334
f 1335 422 1334
f 1369 422 1335
f 1337 1336 1370
f 1337 1370 1371
f 425 1370 424
f 1370 1338 424
f 1370 1336 1338
f 424 1338 426
f 1338 1372 426
f 1338 1339 1372
f 1373 1339 1340
f 1372 1339 1373
f 1374 1340 1341
f 1373 1340 1374
f 1375 1341 1343
f 1374 1341 1375
f 1343 1344 1376
f 1343 1376 1375
f 1377 1347 1345
f 1377 1345 1348
f 1380 1379 1378
f 1381 1378 1379
f 1382 1354 1352
f 1382 1352 1355
f 1385 1384 1383
f 1383 1387 1386
f 1383 1357 1387
f 1383 1384 1359
f 1357 1383 1359
f 1357 1388 1387
f 1357 1389 1388
f 1357 1361 1390
f 1389 1357 1390
f 1389 1392 1391
f 1389 1363 1392
f 1389 1390 1362
f 1363 1389 1362
f 1394 1393 1392
f 1363 1394 1392
f 1365 1394 1363
f 1395 1365 1366
f 1394 1365 1395
f 429 1395 428
f 1395 1367 428
f 1395 1366 1367
f 428 1367 431
f 431 1367 1368
f 431 1368 416
f 1369 436 422
f 1396 436 1369
f 1371 1370 1397
f 1371 1397 1398
f 438 1397 425
f 425 1397 1370
f 1372 439 426
f 439 1372 441
f 1372 1399 441
f 1372 1373 1399
f 1400 1373 1374
f 1399 1373 1400
f 1375 1402 1401
f 1400 1375 1401
f 1374 1375 1400
f 1405 1404 1403
f 1376 1402 1375
f 1406 1404 1405
f 1407 1380 1378
f 1407 1378 1381
f 1408 1385 1383
f 1383 1409 1408
f 1383 1410 1409
f 1383 1386 1411
f 1410 1383 1411
f 1410 1411 1388
f 1389 1410 1388
f 1412 1410 1389
f 1389 1391 1413
f 1414 1389 1413
f 1412 1389 1414
f 1414 1413 1393
f 1394 1414 1393
f 1415 1414 1394
f 1416 1394 1395
f 1415 1394 1416
f 443 1416 429
f 429 1416 1395
f 1396 449 436
f 1417 449 1396
f 1398 1397 1418
f 1398 1418 1419
f 450 1420 438
f 1420 1397 438
f 1420 1418 1397
f 451 1421 450
f 450 1421 1420
f 1422 1421 451
f 1422 451 441
f 1423 1422 441
f 1399 1423 441
f 1425 1424 1423
f 1399 1425 1423
f 1400 1425 1399
f 1400 1401 1426
f 1427 1400 1426
f 1425 1400 1427
f 1427 1429 1428
f 1427 1404 1429
f 1427 1426 1403
f 1404 1427 1403
f 1404 1430 1429
f 1404 1431 1430
f 1404 1406 1432
f 1431 1404 1432
f 1433 1431 1432
f 1436 1435 1434
f 1434 1435 1409
f 1410 1434 1409
f 1437 1434 1410
f 1438 1410 1412
f 1437 1410 1438
f 1439 1412 1414
f 1438 1412 1439
f 1440 1414 1415
f 1439 1414 1440
f 1441 1415 1416
f 1440 1415 1441
f 452 1442 443
f 1442 1416 443
f 1442 1441 1416
f 453 1442 452
f 1417 459 449
f 1443 459 1417
f 1419 1418 1444
f 1419 1444 1445
f 1446 1418 1420
f 1444 1418 1446
f 1447 1420 1421
f 1446 1420 1447
f 1421 1422 1448
f 1449 1421 1448
f 1447 1421 1449
f 1449 1448 1424
f 1425 1449 1424
f 1450 1449 1425
f 1451 1425 1427
f 1450 1425 1451
f 1427 1428 1452
f 1427 1452 1451
f 1453 1430 1431
f 1453 1431 1433
f 1456 1455 1454
f 1457 1454 1455
f 1460 1459 1458
f 1461 1458 1459
f 1436 1434 1462
f 1436 1462 1463
f 1464 1434 1437
f 1462 1434 1464
f 1465 1437 1438
f 1464 1437 1465
f 1466 1438 1439
f 1465 1438 1466
f 1467 1439 1440
f 1466 1439 1467
f 1468 1440 1441
f 1467 1440 1468
f 1469 1441 1442
f 1468 1441 1469
f 461 1469 453
f 453 1469 1442
f 1471 466 1470
f 466 1443 1470
f 466 459 1443
f 1472 1471 1470
f 1445 1444 1473
f 1445 1473 1474
f 1475 1444 1446
f 1473 1444 1475
f 1476 1446 1447
f 1475 1446 1476
f 1477 1447 1449
f 1476 1447 1477
f 1478 1449 1450
f 1477 1449 1478
f 1479 1450 1451
f 1478 1450 1479
f 1451 1452 1480
f 1451 1480 1479
f 1483 1482 1481
f 1485 1484 1481
f 1485 1481 1482
f 1486 1484 1485
f 1487 1456 1454
f 1487 1454 1457
f 1490 1489 1488
f 1491 1488 1489
f 1494 1493 1492
f 1495 1492 1493
f 1498 1497 1496
f 1499 1496 1497
f 1460 1458 1500
f 1460 1500 1501
f 1458 1461 1502
f 1503 1458 1502
f 1500 1458 1503
f 1505 1504 1503
f 1505 1503 1502
f 1504 1505 1463
f 1462 1504 1463
f 1506 1504 1462
f 1507 1462 1464
f 1506 1462 1507
f 1508 1464 1465
f 1507 1464 1508
f 1509 1465 1466
f 1508 1465 1509
f 1510 1466 1467
f 1509 1466 1510
f 1511 1467 1468
f 1510 1467 1511
f 1512 1468 1469
f 1511 1468 1512
f 468 1512 461
f 461 1512 1469
f 1514 1513 1471
f 1513 466 1471
f 1513 471 466
f 1514 1471 1472
f 1474 1473 473
f 474 1474 473
f 1515 1474 474
f 473 1473 475
f 1473 1516 475
f 1473 1475 1516
f 1517 1475 1476
f 1516 1475 1517
f 1518 1476 1477
f 1517 1476 1518
f 1519 1477 1478
f 1518 1477 1519
f 1520 1478 1479
f 1519 1478 1520
f 1479 1480 1521
f 1522 1479 1521
f 1520 1479 1522
f 1522 1521 1483
f 1481 1522 1483
f 1523 1522 1481
f 1524 1481 1484
f 1523 1481 1524
f 1484 1486 1525
f 1526 1484 1525
f 1524 1484 1526
f 1528 1527 1526
f 1528 1526 1525
f 1530 1529 1527
f 1530 1527 1528
f 1531 1529 1530
f 1532 1490 1488
f 1488 1533 1532
f 1488 1534 1533
f 1488 1491 1535
f 1534 1488 1535
f 1536 1534 1535
f 1494 1492 1537
f 1494 1537 1538
f 1492 1495 1539
f 1540 1492 1539
f 1537 1492 1540
f 1540 1539 1498
f 1496 1540 1498
f 1541 1540 1496
f 1496 1499 1542
f 1543 1496 1542
f 1541 1496 1543
f 1543 1542 1501
f 1500 1543 1501
f 1544 1543 1500
f 1545 1500 1503
f 1544 1500 1545
f 1546 1503 1504
f 1545 1503 1546
f 1547 1504 1506
f 1546 1504 1547
f 1548 1506 1507
f 1547 1506 1548
f 478 1548 477
f 1548 1508 477
f 1548 1507 1508
f 477 1508 480
f 480 1508 1509
f 480 1509 482
f 482 1509 1510
f 482 1510 484
f 484 1510 1511
f 484 1511 486
f 486 1511 1512
f 486 1512 468
f 1513 492 471
f 1549 492 1513
f 474 493 1550
f 1551 474 1550
f 1515 474 1551
f 493 475 1550
f 475 1516 1550
f 496 494 1550
f 496 1550 1516
f 496 1516 498
f 498 1516 1517
f 498 1517 499
f 1517 1552 499
f 1517 1518 1552
f 1553 1518 1519
f 1552 1518 1553
f 1554 1519 1520
f 1553 1519 1554
f 1555 1520 1522
f 1554 1520 1555
f 1556 1522 1523
f 1555 1522 1556
f 1557 1523 1524
f 1556 1523 1557
f 1526 1559 1558
f 1557 1526 1558
f 1524 1526 1557
f 1561 1560 1559
f 1526 1561 1559
f 1527 1561 1526
f 1562 1527 1529
f 1561 1527 1562
f 1529 1531 1563
f 1529 1563 1562
f 1566 1565 1564
f 1567 1564 1565
f 1570 1569 1568
f 1572 1571 1568
f 1572 1568 1569
f 1573 1571 1572
f 1574 1533 1534
f 1574 1534 1536
f 1577 1576 1575
f 1538 1537 1578
f 1576 1579 1575
f 1578 1537 1540
f 1578 1540 1580
f 1582 1581 1580
f 1540 1582 1580
f 1541 1582 1540
f 1583 1541 1543
f 1582 1541 1583
f 1584 1543 1544
f 1583 1543 1584
f 1585 1544 1545
f 1584 1544 1585
f 1586 1545 1546
f 1585 1545 1586
f 1587 1546 1547
f 1586 1546 1587
f 1588 1547 1548
f 1587 1547 1588
f 501 1588 478
f 478 1588 1548
f 1589 503 504
f 505 1589 504
f 1549 511 492
f 1590 511 1549
f 1551 1550 513
f 514 1551 513
f 1591 1551 514
f 513 1550 494
f 1592 516 517
f 499 1552 517
f 1552 1592 517
f 1552 1593 1592
f 520 1593 519
f 1593 1553 519
f 1593 1552 1553
f 519 1553 522
f 522 1553 1554
f 522 1554 523
f 1554 1594 523
f 1554 1555 1594
f 1595 1555 1556
f 1594 1555 1595
f 1596 1556 1557
f 1595 1556 1596
f 1557 1558 1597
f 1598 1557 1597
f 1596 1557 1598
f 1598 1600 1599
f 1598 1561 1600
f 1598 1597 1560
f 1561 1598 1560
f 1600 1561 1562
f 1600 1562 1601
f 1601 1562 1563
f 1566 1564 1602
f 1566 1602 1603
f 1564 1567 1604
f 1564 1604 1602
f 1605 1570 1568
f 1605 1568 1571
f 1605 1571 1606
f 1606 1571 1573
f 1609 1608 1607
f 1607 1608 1577
f 1575 1607 1577
f 1610 1607 1575
f 1575 1579 1611
f 1612 1575 1611
f 1610 1575 1612
f 1614 1613 1612
f 1614 1612 1611
f 1613 1614 1581
f 1582 1613 1581
f 1615 1613 1582
f 1616 1582 1583
f 1615 1582 1616
f 1617 1583 1584
f 1616 1583 1617
f 1618 1584 1585
f 1617 1584 1618
f 1619 1585 1586
f 1618 1585 1619
f 1620 1586 1587
f 1619 1586 1620
f 526 1620 525
f 1620 1588 525
f 1620 1587 1588
f 525 1588 501
f 1589 529 503
f 529 1589 505
f 1590 536 511
f 1621 536 1590
f 514 537 1622
f 1623 514 1622
f 1591 514 1623
f 538 1624 537
f 537 1624 1622
f 516 1592 541
f 1624 538 539
f 541 1592 542
f 1592 1625 542
f 1592 1593 1625
f 543 1626 520
f 1626 1593 520
f 1626 1625 1593
f 544 1627 543
f 543 1627 1626
f 523 1594 544
f 1594 1627 544
f 1594 1628 1627
f 1629 1594 1595
f 1628 1594 1629
f 1630 1595 1596
f 1629 1595 1630
f 1598 1632 1631
f 1630 1598 1631
f 1596 1598 1630
f 1632 1598 1599
f 1635 1634 1633
f 1603 1602 1636
f 1634 1637 1633
f 1636 1602 1604
f 1640 1639 1638
f 1642 1641 1638
f 1642 1638 1639
f 1643 1641 1642
f 1644 1609 1607
f 1644 1607 1610
f 1644 1610 1645
f 1647 1646 1645
f 1610 1647 1645
f 1612 1647 1610
f 1648 1612 1613
f 1647 1612 1648
f 1649 1613 1615
f 1648 1613 1649
f 1650 1615 1616
f 1649 1615 1650
f 1651 1616 1617
f 1650 1616 1651
f 1652 1617 1618
f 1651 1617 1652
f 547 1652 546
f 1652 1619 546
f 1652 1618 1619
f 546 1619 549
f 549 1619 1620
f 549 1620 526
f 1621 557 536
f 1653 557 1621
f 1623 1622 559
f 560 1623 559
f 1654 1623 560
f 559 1622 561
f 1622 1655 561
f 1622 1624 1655
f 563 1655 539
f 539 1655 1624
f 1656 564 1625
f 1625 564 542
f 1657 1625 1626
f 1656 1625 1657
f 1658 1626 1627
f 1657 1626 1658
f 567 1658 566
f 1658 1628 566
f 1658 1627 1628
f 566 1628 568
f 1628 1659 568
f 1628 1629 1659
f 1660 1629 1630
f 1659 1629 1660
f 1630 1631 1661
f 1630 1661 1660
f 1664 1663 1662
f 1635 1633 1665
f 1663 1666 1662
f 1669 1668 1667
f 1637 1665 1633
f 1670 1668 1669
f 1671 1640 1638
f 1671 1638 1641
f 1671 1641 1672
f 1672 1641 1643
f 1675 1674 1673
f 1673 1674 1646
f 1647 1673 1646
f 1676 1673 1647
f 1648 1678 1677
f 1676 1648 1677
f 1647 1648 1676
f 1680 1679 1678
f 1648 1680 1678
f 1649 1680 1648
f 1681 1649 1650
f 1680 1649 1681
f 571 1681 570
f 1681 1651 570
f 1681 1650 1651
f 570 1651 572
f 1651 1682 572
f 1651 1652 1682
f 573 1683 547
f 1683 1652 547
f 1683 1682 1652
f 574 1684 573
f 573 1684 1683
f 575 1684 574
f 1686 581 1685
f 581 1653 1685
f 581 557 1653
f 1687 1686 1685
f 560 582 1688
f 1689 560 1688
f 1654 560 1689
f 582 561 1688
f 561 1655 1688
f 585 583 1688
f 585 1688 1655
f 585 1655 563
f 1690 586 587
f 564 1656 587
f 1656 1690 587
f 1656 1691 1690
f 1692 1656 1657
f 1691 1656 1692
f 1693 1657 1658
f 1692 1657 1693
f 588 1694 567
f 1694 1658 567
f 1694 1693 1658
f 568 1659 588
f 1659 1694 588
f 1659 1695 1694
f 1696 1659 1660
f 1695 1659 1696
f 1660 1661 1697
f 1660 1697 1696
f 1700 1699 1698
f 1698 1699 1664
f 1662 1698 1664
f 1701 1698 1662
f 1662 1666 1702
f 1662 1702 1701
f 1667 1668 1703
f 1667 1703 1704
f 1668 1670 1705
f 1668 1705 1703
f 1708 1707 1706
f 1710 1709 1706
f 1710 1706 1707
f 1711 1709 1710
f 1714 1713 1712
f 1712 1713 1675
f 1673 1712 1675
f 1715 1712 1673
f 1716 1673 1676
f 1715 1673 1716
f 1676 1677 1717
f 1718 1676 1717
f 1716 1676 1718
f 1718 1717 1679
f 1680 1718 1679
f 1719 1718 1680
f 591 1719 590
f 1719 1681 590
f 1719 1680 1681
f 593 590 1720
f 590 1681 1720
f 571 592 1720
f 571 1720 1681
f 572 1682 592
f 1682 1720 592
f 1682 1721 1720
f 596 1721 595
f 1721 1683 595
f 1721 1682 1683
f 595 1683 598
f 598 1683 1684
f 598 1684 575
f 1723 1722 1686
f 1722 581 1686
f 1722 606 581
f 1723 1686 1687
f 1689 1688 608
f 609 1689 608
f 1724 1689 609
f 611 608 1725
f 608 1688 1725
f 583 610 1725
f 583 1725 1688
f 586 1690 610
f 1690 1725 610
f 1690 1726 1725
f 1727 1690 1691
f 1726 1690 1727
f 1728 1691 1692
f 1727 1691 1728
f 1729 1692 1693
f 1728 1692 1729
f 1730 1693 1694
f 1729 1693 1730
f 1731 1694 1695
f 1730 1694 1731
f 1732 1695 1696
f 1731 1695 1732
f 1696 1697 1733
f 1734 1696 1733
f 1732 1696 1734
f 1734 1736 1735
f 1734 1698 1736
f 1734 1733 1700
f 1698 1734 1700
f 1738 1737 1736
f 1698 1738 1736
f 1701 1738 1698
f 1701 1702 1739
f 1701 1739 1738
f 1704 1703 1740
f 1704 1740 1741
f 1703 1705 1742
f 1703 1742 1740
f 1743 1708 1706
f 1743 1706 1709
f 1743 1709 1744
f 1747 1746 1745
f 1711 1744 1709
f 1746 1747 1714
f 1712 1746 1714
f 1748 1746 1712
f 1749 1712 1715
f 1748 1712 1749
f 614 1749 613
f 1749 1716 613
f 1749 1715 1716
f 613 1716 615
f 1716 1750 615
f 1716 1718 1750
f 1751 1718 1719
f 1750 1718 1751
f 616 1752 591
f 1752 1719 591
f 1752 1751 1719
f 593 1720 616
f 1720 1752 616
f 1720 1753 1752
f 619 1753 618
f 1753 1721 618
f 1753 1720 1721
f 618 1721 596
f 1722 627 606
f 1754 627 1722
f 629 1724 609
f 629 1755 1724
f 1725 630 611
f 630 1725 632
f 1725 1756 632
f 1725 1726 1756
f 1757 1726 1727
f 1756 1726 1757
f 635 1757 634
f 1757 1728 634
f 1757 1727 1728
f 634 1728 636
f 1728 1758 636
f 1728 1729 1758
f 639 1758 638
f 1758 1730 638
f 1758 1729 1730
f 638 1730 640
f 1730 1759 640
f 1730 1731 1759
f 1760 1731 1732
f 1759 1731 1760
f 1734 1762 1761
f 1760 1734 1761
f 1732 1734 1760
f 1734 1763 1762
f 1734 1764 1763
f 1734 1735 1765
f 1764 1734 1765
f 1764 1765 1737
f 1738 1764 1737
f 1766 1764 1738
f 1738 1739 1767
f 1768 1738 1767
f 1766 1738 1768
f 1768 1767 1741
f 1740 1768 1741
f 1769 1768 1740
f 1740 1742 1770
f 1740 1770 1769
f 1773 1772 1771
f 1771 1775 1774
f 1771 1746 1775
f 1771 1772 1745
f 1746 1771 1745
f 1775 1746 1748
f 1775 1748 1776
f 1778 1777 1776
f 1748 1778 1776
f 1749 1778 1748
f 641 1779 614
f 1779 1749 614
f 1779 1778 1749
f 615 1750 641
f 1750 1779 641
f 1750 1780 1779
f 1781 1750 1751
f 1780 1750 1781
f 1782 1751 1752
f 1781 1751 1782
f 1783 1752 1753
f 1782 1752 1783
f 643 1783 619
f 619 1783 1753
f 1784 644 645
f 646 1784 645
f 1754 655 627
f 1785 655 1754
f 1788 1787 1786
f 1787 1755 1786
f 1755 657 1786
f 1755 629 657
f 1756 659 632
f 659 1756 661
f 1756 1789 661
f 1756 1757 1789
f 662 1790 635
f 1790 1757 635
f 1790 1789 1757
f 636 1758 662
f 1758 1790 662
f 1758 1791 1790
f 663 1792 639
f 1792 1758 639
f 1792 1791 1758
f 640 1759 663
f 1759 1792 663
f 1759 1793 1792
f 1794 1759 1760
f 1793 1759 1794
f 1760 1761 1795
f 1796 1760 1795
f 1794 1760 1796
f 1796 1795 1763
f 1764 1796 1763
f 1797 1796 1764
f 1798 1764 1766
f 1797 1764 1798
f 1799 1766 1768
f 1798 1766 1799
f 1800 1768 1769
f 1799 1768 1800
f 1769 1770 1801
f 1802 1769 1801
f 1800 1769 1802
f 1803 1802 1801
f 1806 1805 1804
f 1804 1805 1773
f 1771 1804 1773
f 1807 1804 1771
f 1771 1774 1808
f 1771 1808 1807
f 1811 1810 1809
f 1809 1813 1812
f 1809 1778 1813
f 1809 1810 1777
f 1778 1809 1777
f 666 1814 665
f 1814 1778 665
f 1778 1779 665
f 1814 1813 1778
f 665 1779 667
f 1779 1815 667
f 1779 1780 1815
f 1816 1780 1781
f 1815 1780 1816
f 1817 1781 1782
f 1816 1781 1817
f 1818 1782 1783
f 1817 1782 1818
f 669 1818 643
f 643 1818 1783
f 1784 670 644
f 670 1784 646
f 1820 679 1819
f 679 1785 1819
f 679 655 1785
f 1821 1820 1819
f 1822 1788 1786
f 1786 657 1822
f 657 1823 1822
f 657 681 1823
f 1824 683 684
f 661 1789 684
f 1789 1824 684
f 1789 1825 1824
f 1826 1789 1790
f 1825 1789 1826
f 1827 1790 1791
f 1826 1790 1827
f 1828 1791 1792
f 1827 1791 1828
f 1829 1792 1793
f 1828 1792 1829
f 1830 1793 1794
f 1829 1793 1830
f 1831 1794 1796
f 1830 1794 1831
f 1832 1796 1797
f 1831 1796 1832
f 1833 1797 1798
f 1832 1797 1833
f 1799 1835 1834
f 1833 1799 1834
f 1798 1799 1833
f 1837 1836 1835
f 1799 1837 1835
f 1800 1837 1799
f 1802 1839 1838
f 1837 1802 1838
f 1800 1802 1837
f 1802 1840 1839
f 1802 1841 1840
f 1802 1803 1842
f 1841 1802 1842
f 1844 1843 1841
f 1844 1841 1842
f 1843 1844 1806
f 1804 1843 1806
f 1845 1843 1804
f 1846 1804 1807
f 1845 1804 1846
f 1807 1808 1847
f 1848 1807 1847
f 1846 1807 1848
f 1848 1847 1811
f 1809 1848 1811
f 1849 1848 1809
f 1809 1812 1850
f 1809 1850 1849
f 686 1814 666
f 686 1851 1814
f 1852 687 1815
f 1815 687 667
f 1853 1815 1816
f 1852 1815 1853
f 1854 1816 1817
f 1853 1816 1854
f 690 1854 689
f 1854 1818 689
f 1854 1817 1818
f 689 1818 669
f 700 679 1820
f 1857 1856 1855
f 702 1855 1856
f 702 1821 1855
f 702 700 1820
f 1821 702 1820
f 704 1823 681
f 704 1858 1823
f 1824 706 683
f 706 1824 708
f 1824 1859 708
f 1824 1825 1859
f 1860 1825 1826
f 1859 1825 1860
f 1861 1826 1827
f 1860 1826 1861
f 1862 1827 1828
f 1861 1827 1862
f 1863 1828 1829
f 1862 1828 1863
f 1864 1829 1830
f 1863 1829 1864
f 1865 1830 1831
f 1864 1830 1865
f 1866 1831 1832
f 1865 1831 1866
f 1867 1832 1833
f 1866 1832 1867
f 1833 1834 1868
f 1869 1833 1868
f 1867 1833 1869
f 1869 1868 1836
f 1837 1869 1836
f 1870 1869 1837
f 1837 1838 1871
f 1872 1837 1871
f 1870 1837 1872
f 1840 1841 1873
f 1871 1874 1872
f 1873 1841 1843
f 1873 1843 1875
f 1877 1876 1875
f 1843 1877 1875
f 1845 1877 1843
f 1878 1845 1846
f 1877 1845 1878
f 1879 1846 1848
f 1878 1846 1879
f 1880 1848 1849
f 1879 1848 1880
f 1849 1850 1881
f 1882 1849 1881
f 1880 1849 1882
f 1883 1882 709
f 1882 1851 709
f 1851 686 709
f 1851 1882 1881
f 687 1852 709
f 1852 1883 709
f 1852 1884 1883
f 712 1884 711
f 1884 1853 711
f 1884 1852 1853
f 711 1853 713
f 1853 1885 713
f 1853 1854 1885
f 715 1885 690
f 690 1885 1854
f 1886 724 725
f 1857 1887 1856
f 1888 1856 1887
f 1888 702 1856
f 1888 1886 725
f 702 1888 725
f 727 1858 704
f 727 1889 1858
f 1890 729 730
f 708 1859 730
f 1859 1890 730
f 1859 1891 1890
f 1892 1859 1860
f 1891 1859 1892
f 1893 1860 1861
f 1892 1860 1893
f 1894 1861 1862
f 1893 1861 1894
f 1895 1862 1863
f 1894 1862 1895
f 733 1895 732
f 1895 1864 732
f 1895 1863 1864
f 732 1864 735
f 735 1864 1865
f 735 1865 736
f 1865 1896 736
f 1865 1866 1896
f 1897 1866 1867
f 1896 1866 1897
f 1898 1867 1869
f 1897 1867 1898
f 1899 1869 1870
f 1898 1869 1899
f 1900 1870 1872
f 1899 1870 1900
f 1872 1874 1901
f 1872 1901 1900
f 1904 1903 1902
f 1902 1903 1876
f 1877 1902 1876
f 1905 1902 1877
f 1906 1877 1878
f 1905 1877 1906
f 1907 1878 1879
f 1906 1878 1907
f 1908 1879 1880
f 1907 1879 1908
f 1909 1880 1882
f 1908 1880 1909
f 1910 1882 1883
f 1909 1882 1910
f 739 1910 738
f 1910 1884 738
f 1910 1883 1884
f 738 1884 712
f 1885 741 713
f 741 1885 715
f 1911 752 1886
f 1886 752 724
f 1886 1888 1912
f 1886 1912 1911
f 1915 1914 1913
f 1914 1889 1913
f 1889 754 1913
f 1889 727 754
f 1916 756 1890
f 1890 756 729
f 759 1916 758
f 1916 1891 758
f 1916 1890 1891
f 758 1891 760
f 1891 1917 760
f 1891 1892 1917
f 763 1917 762
f 1917 1893 762
f 1917 1892 1893
f 762 1893 764
f 1893 1918 764
f 1893 1894 1918
f 1919 1894 1895
f 1918 1894 1919
f 765 1920 733
f 1920 1895 733
f 1920 1919 1895
f 766 1921 765
f 765 1921 1920
f 736 1896 766
f 1896 1921 766
f 1896 1922 1921
f 1923 1896 1897
f 1922 1896 1923
f 1898 1925 1924
f 1923 1898 1924
f 1897 1898 1923
f 1927 1926 1925
f 1898 1927 1925
f 1899 1927 1898
f 1928 1899 1900
f 1927 1899 1928
f 1900 1901 1929
f 1930 1900 1929
f 1928 1900 1930
f 1930 1929 1904
f 1902 1930 1904
f 1931 1930 1902
f 1932 1902 1905
f 1931 1902 1932
f 1933 1905 1906
f 1932 1905 1933
f 1934 1906 1907
f 1933 1906 1934
f 1935 1907 1908
f 1934 1907 1935
f 769 1935 768
f 1935 1909 768
f 1935 1908 1909
f 768 1909 771
f 771 1909 1910
f 771 1910 739
f 1936 774 775
f 776 1936 775
f 785 752 1911
f 1939 1938 1937
f 786 1937 1938
f 786 1912 1937
f 786 785 1911
f 1912 786 1911
f 1915 1913 1940
f 1915 1940 1941
f 787 1942 754
f 1942 1913 754
f 1942 1940 1913
f 788 1942 787
f 1916 790 756
f 790 1916 759
f 1917 793 760
f 793 1917 763
f 1943 796 1918
f 1918 796 764
f 799 1943 798
f 1943 1919 798
f 1943 1918 1919
f 798 1919 800
f 1919 1944 800
f 1919 1920 1944
f 803 1944 802
f 1944 1921 802
f 1944 1920 1921
f 802 1921 805
f 805 1921 1922
f 805 1922 807
f 807 1922 1923
f 1924 1945 1923
f 1945 807 1923
f 1945 809 807
f 1927 811 1926
f 811 1945 1926
f 811 809 1945
f 811 1927 813
f 813 1927 1928
f 813 1928 815
f 815 1928 1930
f 815 1930 817
f 817 1930 1931
f 817 1931 819
f 819 1931 1932
f 819 1932 821
f 821 1932 1933
f 821 1933 823
f 823 1933 1934
f 823 1934 825
f 825 1934 1935
f 825 1935 769
f 1936 830 774
f 830 1936 776
f 1938 1939 835
f 1939 834 835
f 1939 1946 834
f 1938 835 786
f 1941 1940 1947
f 1941 1947 1948
f 838 1947 837
f 1947 1942 837
f 1947 1940 1942
f 837 1942 788
f 1943 844 796
f 844 1943 799
f 1944 847 800
f 847 1944 803
f 866 834 1949
f 834 1950 1949
f 834 1946 1950
f 1949 868 866
f 1948 1947 1951
f 1948 1951 1952
f 870 1951 838
f 838 1951 1947
f 1953 887 888
f 890 1953 888
f 1954 897 899
f 1950 1955 1949
f 1956 1949 1955
f 1956 868 1949
f 1956 1954 899
f 868 1956 899
f 1959 1958 1957
f 1957 1958 1952
f 1951 1957 1952
f 1960 1957 1951
f 901 1960 870
f 870 1960 1951
f 1953 918 887
f 918 1953 890
f 1961 922 1954
f 1954 922 897
f 1954 1956 1962
f 1954 1962 1961
f 1963 1959 1957
f 1965 1964 1963
f 1957 1965 1963
f 1960 1965 1957
f 924 1965 901
f 901 1965 1960
f 1966 931 932
f 933 1966 932
f 1969 1968 1967
f 1967 1970 1969
f 1973 1972 1971
f 1971 1974 1973
f 1975 943 1961
f 1961 943 922
f 1961 1962 1976
f 1961 1976 1975
f 1964 1965 1977
f 1964 1977 1978
f 945 1977 924
f 924 1977 1965
f 1979 946 947
f 948 1979 947
f 1982 1981 1980
f 1980 1983 1982
f 1985 1984 1966
f 1984 931 1966
f 1984 954 931
f 933 956 1966
f 956 1986 1966
f 1986 1985 1966
f 1986 956 1987
f 957 958 1987
f 958 1986 1987
f 958 1988 1986
f 1989 958 959
f 1989 1988 958
f 1990 959 960
f 1990 1989 959
f 960 961 1990
f 1990 961 1991
f 1993 1992 964
f 964 1992 965
f 1994 964 966
f 1994 1993 964
f 1996 1994 1995
f 1994 967 1995
f 1994 966 967
f 1995 967 1997
f 967 1998 1997
f 967 968 1998
f 1999 968 969
f 1999 1998 968
f 2000 969 970
f 2000 1999 969
f 2001 970 971
f 2001 2000 970
f 2003 2001 2002
f 2001 972 2002
f 2001 971 972
f 2002 972 2004
f 972 2005 2004
f 972 973 2005
f 2007 2005 2006
f 2005 974 2006
f 2005 973 974
f 2006 974 2008
f 974 2009 2008
f 974 975 2009
f 976 1967 1968
f 2009 976 1968
f 975 976 2009
f 2011 2010 978
f 978 2010 976
f 2010 1970 976
f 1970 1967 976
f 2010 2011 1972
f 2011 1971 1972
f 2011 2012 1971
f 2013 980 981
f 1971 2014 1974
f 2014 1971 2012
f 982 2013 981
f 2017 2016 2015
f 2015 2018 2017
f 2021 2020 2019
f 986 987 2022
f 2021 2019 2023
f 2022 987 2024
f 987 2025 2024
f 987 988 2025
f 988 990 2025
f 2025 990 2026
f 2028 2027 993
f 993 2027 992
f 2030 2029 995
f 2029 993 995
f 2029 2028 993
f 2030 2031 2029
f 2033 2032 998
f 998 2032 997
f 998 943 1975
f 2034 998 1975
f 2033 998 2034
f 2034 1975 1976
f 2035 1978 1977
f 2035 1977 945
f 999 2035 945
f 2036 2035 999
f 2036 999 946
f 2037 2036 946
f 1979 2037 946
f 2036 2037 2038
f 2037 1979 948
f 2039 2037 948
f 1000 2039 948
f 2040 2037 2039
f 2041 1000 1001
f 2041 2039 1000
f 2044 2043 2042
f 2041 1980 1981
f 1980 2041 1002
f 1001 1002 2041
f 2042 2045 2044
f 1983 1980 2046
f 1002 2046 1980
f 2046 1002 1003
f 2047 1003 1004
f 2047 2046 1003
f 1004 954 1984
f 1004 1984 2047
f 1005 1987 956
f 1987 1005 957
f 961 1006 2048
f 2049 961 2048
f 1991 961 2049
f 2048 1006 2050
f 1006 2051 2050
f 1006 1007 2051
f 1007 965 1992
f 1007 1992 2051
f 2052 1996 1995
f 1995 2053 2052
f 1995 2054 2053
f 1995 1997 2055
f 2054 1995 2055
f 2056 2054 2055
f 2057 2003 2002
f 2057 2002 2004
f 2058 2007 2006
f 2058 2006 2008
f 1008 2011 978
f 2011 1008 1009
f 2011 1009 2012
f 1009 2014 2012
f 1009 2059 2014
f 1009 980 2013
f 2059 1009 2013
f 2059 2013 982
f 1010 2059 982
f 2060 2059 1010
f 1011 2015 2016
f 2060 1011 2016
f 1010 1011 2060
f 2061 2018 2015
f 1011 2061 2015
f 1012 2061 1011
f 1013 2019 2020
f 2061 1013 2020
f 1012 1013 2061
f 1013 2023 2019
f 1013 2062 2023
f 1013 986 2022
f 2062 1013 2022
f 2062 2022 2024
f 2063 2026 990
f 2063 990 1014
f 1014 992 2027
f 1014 2027 2063
f 2065 2064 2030
f 995 2065 2030
f 1015 2065 995
f 2064 2031 2030
f 1018 2066 1017
f 2066 1018 2067
f 2068 1018 1019
f 2068 2067 1018
f 2071 2070 2069
f 997 2032 1019
f 2068 1019 2032
f 2072 2071 2069
f 2073 2038 2037
f 2073 2037 2040
f 2074 2043 2044
f 2074 2044 2045
f 2075 2049 2048
f 2075 2048 2050
f 2076 2053 2054
f 2076 2054 2056
f 2077 2065 1015
f 2077 1015 1020
f 1020 1017 2066
f 1020 2066 2077
f 2078 2070 2071
f 2078 2071 2072
f 2081 2080 2079
f 2082 2079 2080
f 2085 2084 2083
f 2086 2083 2084
f 2089 2088 2087
f 2090 2087 2088
f 2093 2092 2091
f 2094 2091 2092
f 2081 2079 2095
f 2081 2095 2096
f 2079 2082 2097
f 2098 2079 2097
f 2095 2079 2098
f 2100 2099 2098
f 2100 2098 2097
f 2102 2101 2099
f 2102 2099 2100
f 2104 2103 2101
f 2104 2101 2102
f 2106 2105 2103
f 2106 2103 2104
f 2108 2107 2105
f 2108 2105 2106
f 2110 2109 2107
f 2110 2107 2108
f 2109 2110 2085
f 2083 2109 2085
f 2111 2109 2083
f 2083 2086 2112
f 2113 2083 2112
f 2111 2083 2113
f 1022 1023 2113
f 2112 1022 2113
f 2114 1022 2112
f 1022 2115 1025
f 2114 2115 1022
f 2117 2116 1026
f 1025 2117 1026
f 2115 2117 1025
f 2119 2118 2116
f 2119 2116 2117
f 2121 2120 2118
f 2121 2118 2119
f 1028 1029 2120
f 2121 1028 2120
f 2122 1028 2121
f 1028 2123 1031
f 2122 2123 1028
f 2125 2124 1032
f 1031 2125 1032
f 2123 2125 1031
f 2126 2124 2125
f 2129 2128 2127
f 2131 2130 2127
f 2131 2127 2128
f 2133 2132 2130
f 2133 2130 2131
f 2135 2134 2132
f 2135 2132 2133
f 2137 2136 2134
f 2137 2134 2135
f 2139 2138 2136
f 2139 2136 2137
f 2138 2139 2089
f 2087 2138 2089
f 2140 2138 2087
f 2087 2090 2141
f 2142 2087 2141
f 2140 2087 2142
f 2144 2143 2142
f 2144 2142 2141
f 2146 2145 2143
f 2146 2143 2144
f 2148 2147 2145
f 2148 2145 2146
f 2150 2149 2147
f 2150 2147 2148
f 2151 2149 2150
f 2154 2153 2152
f 2156 2155 2152
f 2156 2152 2153
f 2158 2157 2155
f 2158 2155 2156
f 2160 2159 2157
f 2160 2157 2158
f 2162 2161 2159
f 2162 2159 2160
f 2164 2163 2161
f 2164 2161 2162
f 2166 2165 2163
f 2166 2163 2164
f 2165 2166 2093
f 2091 2165 2093
f 2167 2165 2091
f 2091 2094 2168
f 2169 2091 2168
f 2167 2091 2169
f 2171 2170 2169
f 2171 2169 2168
f 2170 2171 2096
f 2095 2170 2096
f 2172 2170 2095
f 1035 2172 1034
f 2172 2098 1034
f 2172 2095 2098
f 1034 2098 1037
f 1037 2098 2099
f 1037 2099 1039
f 1039 2099 2101
f 1039 2101 1040
f 2101 2173 1040
f 2101 2103 2173
f 1043 2173 1042
f 2173 2105 1042
f 2173 2103 2105
f 1042 2105 1045
f 1045 2105 2107
f 1045 2107 1047
f 1047 2107 2109
f 1047 2109 1049
f 1049 2109 2111
f 1049 2111 1051
f 1051 2111 2113
f 1051 2113 1023
f 2116 1054 1026
f 1054 2116 1056
f 1056 2116 2118
f 1056 2118 1057
f 1057 2118 2120
f 1057 2120 1029
f 2124 1059 1032
f 1060 1059 2124
f 2126 1060 2124
f 2174 1060 2126
f 2177 2176 2175
f 2175 2176 2129
f 2175 2129 2127
f 1063 2175 2127
f 1062 1063 2127
f 1062 2127 1065
f 1065 2127 2130
f 1065 2130 1066
f 2130 2178 1066
f 2130 2132 2178
f 2179 2132 2134
f 2178 2132 2179
f 2180 2134 2136
f 2179 2134 2180
f 2181 2136 2138
f 2180 2136 2181
f 2182 2138 2140
f 2181 2138 2182
f 2183 2140 2142
f 2182 2140 2183
f 1069 2183 1068
f 2183 2143 1068
f 2183 2142 2143
f 1068 2143 1070
f 2143 2184 1070
f 2143 2145 2184
f 2185 2145 2147
f 2184 2145 2185
f 2186 2147 2149
f 2185 2147 2186
f 2149 2151 2187
f 2188 2149 2187
f 2186 2149 2188
f 2188 2187 2154
f 2188 2154 2152
f 1073 2188 2152
f 1072 1073 2152
f 1072 2152 1075
f 1075 2152 2155
f 1075 2155 1076
f 2155 2189 1076
f 2155 2157 2189
f 1079 2189 1078
f 2189 2159 1078
f 2189 2157 2159
f 1078 2159 1080
f 2159 2190 1080
f 2159 2161 2190
f 1083 2190 1082
f 2190 2163 1082
f 2190 2161 2163
f 1082 2163 1085
f 1085 2163 2165
f 1085 2165 1087
f 1087 2165 2167
f 1087 2167 1089
f 1089 2167 2169
f 1089 2169 1091
f 1091 2169 2170
f 1091 2170 1093
f 1093 2170 2172
f 1093 2172 1035
f 2173 1097 1040
f 1097 2173 1043
f 2174 1108 1060
f 2191 1108 2174
f 2177 2175 2192
f 2177 2192 2193
f 1110 2192 1063
f 1063 2192 2175
f 2178 1112 1066
f 1112 2178 1113
f 2178 2194 1113
f 2178 2179 2194
f 1116 2194 1115
f 2194 2180 1115
f 2194 2179 2180
f 1115 2180 1118
f 1118 2180 2181
f 1118 2181 1120
f 1120 2181 2182
f 1120 2182 1122
f 1122 2182 2183
f 1122 2183 1069
f 2184 1124 1070
f 1124 2184 1127
f 1127 2184 2185
f 1127 2185 1129
f 1129 2185 2186
f 1129 2186 1130
f 1130 2186 2188
f 1130 2188 1073
f 2189 1133 1076
f 1133 2189 1079
f 2190 1136 1080
f 1139 1136 2195
f 1136 2190 2195
f 1083 1138 2195
f 1083 2195 2190
f 1140 2195 1138
f 2197 1163 2196
f 1163 2191 2196
f 1163 1108 2191
f 2198 2197 2196
f 2201 2200 2199
f 2199 2200 2193
f 2199 2193 2192
f 1166 2199 2192
f 1165 1166 2192
f 1165 2192 1110
f 2194 1170 1113
f 1170 2194 1116
f 2202 1182 1183
f 1184 2203 1183
f 1183 2203 2202
f 1185 2203 1184
f 2204 1188 2195
f 2195 1188 1139
f 1190 2204 1140
f 1140 2204 2195
f 2205 1194 1195
f 1196 2205 1195
f 2207 2206 2197
f 2206 1163 2197
f 2206 1212 1163
f 2207 2197 2198
f 2208 2201 2199
f 2210 2208 2209
f 2209 2208 1213
f 2208 2199 1213
f 2199 1166 1213
f 1214 2209 1213
f 2211 1223 1224
f 1225 2212 1224
f 1224 2212 2211
f 1226 2213 1225
f 1225 2213 2212
f 1227 2213 1226
f 2214 1229 1230
f 1231 2215 1230
f 1230 2215 2214
f 1182 2202 1231
f 2202 2215 1231
f 2202 2216 2215
f 2217 2202 2203
f 2216 2202 2217
f 1232 2218 1185
f 2218 2203 1185
f 2218 2217 2203
f 1233 2219 1232
f 1232 2219 2218
f 1188 2204 1233
f 2204 2219 1233
f 2204 2220 2219
f 1234 2221 1190
f 2221 2204 1190
f 2221 2220 2204
f 1235 2221 1234
f 2222 1237 1238
f 1239 2223 1238
f 1238 2223 2222
f 1194 2205 1239
f 2205 2223 1239
f 2205 2224 2223
f 1241 2224 1196
f 1196 2224 2205
f 2225 1244 1245
f 1246 2225 1245
f 2227 1257 2226
f 1257 2206 2226
f 1257 1212 2206
f 2228 2227 2226
f 2210 2209 2229
f 2210 2229 2230
f 1259 2229 1214
f 1214 2229 2209
f 2231 1265 1266
f 1267 2232 1266
f 1266 2232 2231
f 1223 2211 1267
f 2211 2232 1267
f 2211 2233 2232
f 1270 2233 1269
f 2233 2212 1269
f 2233 2211 2212
f 1269 2212 1271
f 2212 2234 1271
f 2212 2213 2234
f 1272 2235 1227
f 2235 2213 1227
f 2235 2234 2213
f 1229 2214 1272
f 2214 2235 1272
f 2214 2236 2235
f 2237 2214 2215
f 2236 2214 2237
f 2238 2215 2216
f 2237 2215 2238
f 2239 2216 2217
f 2238 2216 2239
f 2240 2217 2218
f 2239 2217 2240
f 2241 2218 2219
f 2240 2218 2241
f 2242 2219 2220
f 2241 2219 2242
f 2243 2220 2221
f 2242 2220 2243
f 1273 2244 1235
f 2244 2221 1235
f 2244 2243 2221
f 1237 2222 1276
f 2244 1273 1274
f 1276 2222 1277
f 2222 2245 1277
f 2222 2223 2245
f 2246 2223 2224
f 2245 2223 2246
f 1278 2247 1241
f 2247 2224 1241
f 2247 2246 2224
f 1279 2247 1278
f 2248 1281 1282
f 1244 2225 1282
f 2225 2248 1282
f 2225 2249 2248
f 1284 2249 1246
f 1246 2249 2225
f 2250 1285 1286
f 1287 2250 1286
f 2251 1291 1292
f 1293 2251 1292
f 2252 1300 2227
f 2227 1300 1257
f 2227 2228 2253
f 2227 2253 2252
f 2230 2229 2254
f 2230 2254 2255
f 1302 2254 1259
f 1259 2254 2229
f 2256 1306 1307
f 1265 2231 1307
f 2231 2256 1307
f 2231 2257 2256
f 2258 2231 2232
f 2257 2231 2258
f 2259 2232 2233
f 2258 2232 2259
f 1308 2260 1270
f 2260 2233 1270
f 2260 2259 2233
f 1271 2234 1308
f 2234 2260 1308
f 2234 2261 2260
f 2262 2234 2235
f 2261 2234 2262
f 2263 2235 2236
f 2262 2235 2263
f 2264 2236 2237
f 2263 2236 2264
f 2265 2237 2238
f 2264 2237 2265
f 2266 2238 2239
f 2265 2238 2266
f 2240 2268 2267
f 2266 2240 2267
f 2239 2240 2266
f 2270 2269 2268
f 2240 2270 2268
f 2241 2270 2240
f 1311 2270 1310
f 2270 2242 1310
f 2270 2241 2242
f 1310 2242 1313
f 1313 2242 2243
f 1313 2243 1314
f 2243 2271 1314
f 2243 2244 2271
f 1316 2271 1274
f 1274 2271 2244
f 2272 1317 2245
f 2245 1317 1277
f 2273 2245 2246
f 2272 2245 2273
f 2274 2246 2247
f 2273 2246 2274
f 1318 2275 1279
f 2275 2247 1279
f 2275 2274 2247
f 1281 2248 1318
f 2248 2275 1318
f 2248 2276 2275
f 2277 2248 2249
f 2276 2248 2277
f 1320 2277 1284
f 1284 2277 2249
f 2278 1321 2250
f 2250 1321 1285
f 1322 2279 1287
f 2279 2250 1287
f 2279 2278 2250
f 1323 2279 1322
f 2280 1325 1326
f 1291 2251 1329
f 2280 1326 1327
f 1329 2251 1293
f 2282 2281 2252
f 2281 1300 2252
f 2281 1335 1300
f 2282 2252 2253
f 2255 2254 2283
f 2255 2283 2284
f 1337 2283 1302
f 1302 2283 2254
f 2256 1342 1306
f 1342 2256 1344
f 2256 2285 1344
f 2256 2257 2285
f 2286 2257 2258
f 2285 2257 2286
f 2287 2258 2259
f 2286 2258 2287
f 2288 2259 2260
f 2287 2259 2288
f 1347 2288 1346
f 2288 2261 1346
f 2288 2260 2261
f 1346 2261 1348
f 2261 2289 1348
f 2261 2262 2289
f 2263 2291 2290
f 2289 2263 2290
f 2262 2263 2289
f 2293 2292 2291
f 2263 2293 2291
f 2264 2293 2263
f 2294 2264 2265
f 2293 2264 2294
f 2295 2265 2266
f 2294 2265 2295
f 2266 2267 2296
f 2297 2266 2296
f 2295 2266 2297
f 2297 2296 2269
f 2270 2297 2269
f 2298 2297 2270
f 1349 2299 1311
f 2299 2270 1311
f 2299 2298 2270
f 1350 2300 1349
f 1349 2300 2299
f 1314 2271 1350
f 2271 2300 1350
f 2271 2301 2300
f 1351 2302 1316
f 2302 2271 1316
f 2302 2301 2271
f 1317 2272 1351
f 2272 2302 1351
f 2272 2303 2302
f 2304 2272 2273
f 2303 2272 2304
f 2305 2273 2274
f 2304 2273 2305
f 1354 2305 1353
f 2305 2275 1353
f 2305 2274 2275
f 1353 2275 1355
f 2275 2306 1355
f 2275 2276 2306
f 2307 2276 2277
f 2306 2276 2307
f 1356 2308 1320
f 2308 2277 1320
f 2308 2307 2277
f 1321 2278 1356
f 2278 2308 1356
f 2278 2309 2308
f 1359 2309 1358
f 2309 2279 1358
f 2309 2278 2279
f 1361 1358 2310
f 1358 2279 2310
f 1323 1360 2310
f 1323 2310 2279
f 1360 1325 2310
f 1325 2280 2310
f 1364 1362 2310
f 1364 2310 2280
f 1364 2280 1327
f 2281 1369 1335
f 2311 1369 2281
f 2284 2283 2312
f 2284 2312 2313
f 1371 2312 1337
f 1337 2312 2283
f 2314 1376 2285
f 2285 1376 1344
f 2315 2285 2286
f 2314 2285 2315
f 2316 2286 2287
f 2315 2286 2316
f 2317 2287 2288
f 2316 2287 2317
f 1377 2318 1347
f 2318 2288 1347
f 2318 2317 2288
f 1348 2289 1377
f 2289 2318 1377
f 2289 2319 2318
f 2289 2290 2320
f 2321 2289 2320
f 2319 2289 2321
f 2321 2320 2292
f 2293 2321 2292
f 2322 2321 2293
f 2323 2293 2294
f 2322 2293 2323
f 2324 2294 2295
f 2323 2294 2324
f 2325 2295 2297
f 2324 2295 2325
f 2326 2297 2298
f 2325 2297 2326
f 2327 2298 2299
f 2326 2298 2327
f 2328 2299 2300
f 2327 2299 2328
f 2329 2300 2301
f 2328 2300 2329
f 1380 2329 1379
f 2329 2302 1379
f 2329 2301 2302
f 1379 2302 1381
f 2302 2330 1381
f 2302 2303 2330
f 2331 2303 2304
f 2330 2303 2331
f 2332 2304 2305
f 2331 2304 2332
f 1382 2333 1354
f 2333 2305 1354
f 2333 2332 2305
f 1355 2306 1382
f 2306 2333 1382
f 2306 2334 2333
f 2335 2306 2307
f 2334 2306 2335
f 2336 2307 2308
f 2335 2307 2336
f 1385 2336 1384
f 2336 2309 1384
f 2336 2308 2309
f 1384 2309 1359
f 2337 1386 1387
f 1361 2310 1390
f 2337 1387 1388
f 1390 2310 1362
f 2338 1391 1392
f 1393 2338 1392
f 2340 1396 2339
f 1396 2311 2339
f 1396 1369 2311
f 2341 2340 2339
f 2313 2312 2342
f 2313 2342 2343
f 1398 2342 1371
f 1371 2342 2312
f 2344 1401 1402
f 1402 1376 2344
f 1376 2314 2344
f 1405 1403 2344
f 1405 2344 2314
f 1405 2314 1406
f 2314 2345 1406
f 2314 2315 2345
f 2346 2315 2316
f 2345 2315 2346
f 2347 2316 2317
f 2346 2316 2347
f 2348 2317 2318
f 2347 2317 2348
f 2349 2318 2319
f 2348 2318 2349
f 2350 2319 2321
f 2349 2319 2350
f 2351 2321 2322
f 2350 2321 2351
f 2352 2322 2323
f 2351 2322 2352
f 2353 2323 2324
f 2352 2323 2353
f 2354 2324 2325
f 2353 2324 2354
f 2355 2325 2326
f 2354 2325 2355
f 2356 2326 2327
f 2355 2326 2356
f 2357 2327 2328
f 2356 2327 2357
f 2358 2328 2329
f 2357 2328 2358
f 1407 2359 1380
f 2359 2329 1380
f 2359 2358 2329
f 1381 2330 1407
f 2330 2359 1407
f 2330 2360 2359
f 2361 2330 2331
f 2360 2330 2361
f 2362 2331 2332
f 2361 2331 2362
f 2363 2332 2333
f 2362 2332 2363
f 2364 2333 2334
f 2363 2333 2364
f 2365 2334 2335
f 2364 2334 2365
f 2366 2335 2336
f 2365 2335 2366
f 1408 2367 1385
f 2367 2336 1385
f 2367 2366 2336
f 1386 2337 1411
f 2367 1408 1409
f 1411 2337 1388
f 2338 1413 1391
f 1413 2338 1393
f 2369 2368 2340
f 2368 1396 2340
f 2368 1417 1396
f 2369 2340 2341
f 2343 2342 2370
f 2343 2370 2371
f 1419 2370 1398
f 1398 2370 2342
f 2372 1422 1423
f 1424 2372 1423
f 2344 1426 1401
f 1426 2344 1403
f 2373 1428 1429
f 1406 2345 1432
f 2373 1429 1430
f 1432 2345 1433
f 2345 2374 1433
f 2345 2346 2374
f 2375 2346 2347
f 2374 2346 2375
f 2376 2347 2348
f 2375 2347 2376
f 2377 2348 2349
f 2376 2348 2377
f 2378 2349 2350
f 2377 2349 2378
f 2379 2350 2351
f 2378 2350 2379
f 2380 2351 2352
f 2379 2351 2380
f 2381 2352 2353
f 2380 2352 2381
f 2382 2353 2354
f 2381 2353 2382
f 2383 2354 2355
f 2382 2354 2383
f 2384 2355 2356
f 2383 2355 2384
f 2385 2356 2357
f 2384 2356 2385
f 2386 2357 2358
f 2385 2357 2386
f 2387 2358 2359
f 2386 2358 2387
f 2388 2359 2360
f 2387 2359 2388
f 2389 2360 2361
f 2388 2360 2389
f 2390 2361 2362
f 2389 2361 2390
f 2391 2362 2363
f 2390 2362 2391
f 2392 2363 2364
f 2391 2363 2392
f 2393 2364 2365
f 2392 2364 2393
f 2394 2365 2366
f 2393 2365 2394
f 1436 2394 1435
f 2394 2367 1435
f 2394 2366 2367
f 1435 2367 1409
f 2368 1443 1417
f 2395 1443 2368
f 2371 2370 2396
f 2371 2396 2397
f 1445 2396 1419
f 1419 2396 2370
f 2372 1448 1422
f 1448 2372 1424
f 2398 1452 2373
f 2373 1452 1428
f 1453 2399 1430
f 2399 2373 1430
f 2399 2398 2373
f 1433 2374 1453
f 2374 2399 1453
f 2374 2400 2399
f 2401 2374 2375
f 2400 2374 2401
f 2402 2375 2376
f 2401 2375 2402
f 2403 2376 2377
f 2402 2376 2403
f 2404 2377 2378
f 2403 2377 2404
f 2405 2378 2379
f 2404 2378 2405
f 1456 2405 1455
f 2405 2380 1455
f 2405 2379 2380
f 1455 2380 1457
f 2380 2406 1457
f 2380 2381 2406
f 2407 2381 2382
f 2406 2381 2407
f 2408 2382 2383
f 2407 2382 2408
f 2409 2383 2384
f 2408 2383 2409
f 2410 2384 2385
f 2409 2384 2410
f 2411 2385 2386
f 2410 2385 2411
f 2412 2386 2387
f 2411 2386 2412
f 2413 2387 2388
f 2412 2387 2413
f 2414 2388 2389
f 2413 2388 2414
f 2415 2389 2390
f 2414 2389 2415
f 2416 2390 2391
f 2415 2390 2416
f 1460 2416 1459
f 2416 2392 1459
f 2416 2391 2392
f 1459 2392 1461
f 2392 2417 1461
f 2392 2393 2417
f 2418 2393 2394
f 2417 2393 2418
f 1463 2418 1436
f 1436 2418 2394
f 2395 2419 1443
f 1443 2419 1470
f 1472 1470 2419
f 1472 2419 2420
f 2397 2396 2421
f 2397 2421 2422
f 1474 2421 1445
f 1445 2421 2396
f 2423 1480 2398
f 2398 1480 1452
f 1483 2423 1482
f 2423 2399 1482
f 2423 2398 2399
f 1482 2399 1485
f 1485 2399 2400
f 1485 2400 1486
f 2400 2424 1486
f 2400 2401 2424
f 2425 2401 2402
f 2424 2401 2425
f 2426 2402 2403
f 2425 2402 2426
f 2427 2403 2404
f 2426 2403 2427
f 2428 2404 2405
f 2427 2404 2428
f 1487 2429 1456
f 2429 2405 1456
f 2429 2428 2405
f 1457 2406 1487
f 2406 2429 1487
f 2406 2430 2429
f 2431 2406 2407
f 2430 2406 2431
f 1490 2431 1489
f 2431 2408 1489
f 2431 2407 2408
f 1489 2408 1491
f 2408 2432 1491
f 2408 2409 2432
f 2433 2409 2410
f 2432 2409 2433
f 2434 2410 2411
f 2433 2410 2434
f 2435 2411 2412
f 2434 2411 2435
f 1494 2435 1493
f 2435 2413 1493
f 2435 2412 2413
f 1493 2413 1495
f 2413 2436 1495
f 2413 2414 2436
f 1498 2436 1497
f 2436 2415 1497
f 2436 2414 2415
f 1497 2415 1499
f 2415 2437 1499
f 2415 2416 2437
f 1501 2437 1460
f 1460 2437 2416
f 2417 1502 1461
f 1502 2417 1505
f 1505 2417 2418
f 1505 2418 1463
f 2439 2438 1514
f 1514 2438 1513
f 1514 1472 2420
f 1514 2420 2439
f 2422 2421 2440
f 2422 2440 2441
f 1515 2440 1474
f 1474 2440 2421
f 2423 1521 1480
f 1521 2423 1483
f 2424 1525 1486
f 1525 2424 1528
f 1528 2424 2425
f 1528 2425 1530
f 1530 2425 2426
f 1530 2426 1531
f 2426 2442 1531
f 2426 2427 2442
f 2443 2427 2428
f 2442 2427 2443
f 2444 2428 2429
f 2443 2428 2444
f 2445 2429 2430
f 2444 2429 2445
f 2446 2430 2431
f 2445 2430 2446
f 1532 2447 1490
f 2447 2431 1490
f 2447 2446 2431
f 1491 2432 1535
f 2447 1532 1533
f 1535 2432 1536
f 2432 2448 1536
f 2432 2433 2448
f 2449 2433 2434
f 2448 2433 2449
f 2450 2434 2435
f 2449 2434 2450
f 1538 2450 1494
f 1494 2450 2435
f 2436 1539 1495
f 1539 2436 1498
f 2437 1542 1499
f 1542 2437 1501
f 2438 1549 1513
f 2451 1549 2438
f 2441 2440 2452
f 2441 2452 2453
f 1551 2452 1515
f 1515 2452 2440
f 2454 1558 1559
f 1560 2454 1559
f 2455 1563 2442
f 2442 1563 1531
f 1566 2455 1565
f 2455 2443 1565
f 2455 2442 2443
f 1565 2443 1567
f 2443 2456 1567
f 2443 2444 2456
f 1570 2456 1569
f 2456 2445 1569
f 2456 2444 2445
f 1569 2445 1572
f 1572 2445 2446
f 1572 2446 1573
f 2446 2457 1573
f 2446 2447 2457
f 1574 2458 1533
f 2458 2447 1533
f 2458 2457 2447
f 1536 2448 1574
f 2448 2458 1574
f 2448 2459 2458
f 2460 2448 2449
f 2459 2448 2460
f 1577 2460 1576
f 2460 2450 1576
f 2460 2449 2450
f 1579 1576 2461
f 1576 2450 2461
f 1538 1578 2461
f 1538 2461 2450
f 1580 2462 1578
f 1578 2462 2461
f 1581 2462 1580
f 2451 1590 1549
f 2463 1590 2451
f 2453 2452 2464
f 2453 2464 2465
f 1591 2464 1551
f 1551 2464 2452
f 2454 1597 1558
f 1597 2454 1560
f 2466 1599 1600
f 1601 2467 1600
f 1600 2467 2466
f 1563 2455 1601
f 2455 2467 1601
f 2455 2468 2467
f 1603 2468 1566
f 1566 2468 2455
f 2469 1604 2456
f 2456 1604 1567
f 1605 2470 1570
f 2470 2456 1570
f 2470 2469 2456
f 1606 2471 1605
f 1605 2471 2470
f 1573 2457 1606
f 2457 2471 1606
f 2457 2472 2471
f 2473 2457 2458
f 2472 2457 2473
f 2474 2458 2459
f 2473 2458 2474
f 1609 2474 1608
f 2474 2460 1608
f 2474 2459 2460
f 1608 2460 1577
f 2461 1611 1579
f 1611 2461 1614
f 1614 2461 2462
f 1614 2462 1581
f 2476 1621 2475
f 1621 2463 2475
f 1621 1590 2463
f 2477 2476 2475
f 2465 2464 2478
f 2465 2478 2479
f 1623 2478 1591
f 1591 2478 2464
f 2480 1631 1632
f 1599 2466 1632
f 2466 2480 1632
f 2466 2481 2480
f 2482 2466 2467
f 2481 2466 2482
f 1635 2482 1634
f 2482 2468 1634
f 2482 2467 2468
f 1637 1634 2483
f 1634 2468 2483
f 1603 1636 2483
f 1603 2483 2468
f 1604 2469 1636
f 2469 2483 1636
f 2469 2484 2483
f 1640 2484 1639
f 2484 2470 1639
f 2484 2469 2470
f 1639 2470 1642
f 1642 2470 2471
f 1642 2471 1643
f 2471 2485 1643
f 2471 2472 2485
f 2486 2472 2473
f 2485 2472 2486
f 2487 2473 2474
f 2486 2473 2487
f 1644 2488 1609
f 2488 2474 1609
f 2488 2487 2474
f 1645 2489 1644
f 1644 2489 2488
f 1646 2489 1645
f 2491 2490 2476
f 2490 1621 2476
f 2490 1653 1621
f 2491 2476 2477
f 2479 2478 2492
f 2479 2492 2493
f 1654 2492 1623
f 1623 2492 2478
f 2494 1661 2480
f 2480 1661 1631
f 2495 2480 2481
f 2494 2480 2495
f 1664 2495 1663
f 2495 2482 1663
f 2495 2481 2482
f 1666 1663 2496
f 1663 2482 2496
f 1635 1665 2496
f 1635 2496 2482
f 1665 1637 2496
f 1637 2483 2496
f 1669 1667 2496
f 1669 2496 2483
f 1669 2483 1670
f 2483 2497 1670
f 2483 2484 2497
f 1671 2498 1640
f 2498 2484 1640
f 2498 2497 2484
f 1672 2499 1671
f 1671 2499 2498
f 1643 2485 1672
f 2485 2499 1672
f 2485 2500 2499
f 2501 2485 2486
f 2500 2485 2501
f 2502 2486 2487
f 2501 2486 2502
f 2503 2487 2488
f 2502 2487 2503
f 1675 2503 1674
f 2503 2489 1674
f 2503 2488 2489
f 1674 2489 1646
f 2504 1677 1678
f 1679 2504 1678
f 2490 2505 1653
f 1653 2505 1685
f 1687 1685 2505
f 1687 2505 2506
f 2493 2492 2507
f 2493 2507 2508
f 1689 2507 1654
f 1654 2507 2492
f 2509 1697 2494
f 2494 1697 1661
f 1700 2509 1699
f 2509 2495 1699
f 2509 2494 2495
f 1699 2495 1664
f 2510 1702 2496
f 2496 1702 1666
f 1704 2510 1667
f 1667 2510 2496
f 2511 1705 2497
f 2497 1705 1670
f 2512 2497 2498
f 2511 2497 2512
f 2513 2498 2499
f 2512 2498 2513
f 1708 2513 1707
f 2513 2500 1707
f 2513 2499 2500
f 1707 2500 1710
f 1710 2500 2501
f 1710 2501 1711
f 2501 2514 1711
f 2501 2502 2514
f 1714 2514 1713
f 2514 2503 1713
f 2514 2502 2503
f 1713 2503 1675
f 2504 1717 1677
f 1717 2504 1679
f 2516 2515 1723
f 1723 2515 1722
f 1723 1687 2506
f 1723 2506 2516
f 2508 2507 2517
f 2508 2517 2518
f 1724 2517 1689
f 1689 2517 2507
f 2509 1733 1697
f 1733 2509 1700
f 2519 1735 1736
f 1737 2519 1736
f 2520 1739 2510
f 2510 1739 1702
f 1741 2520 1704
f 1704 2520 2510
f 2521 1742 2511
f 2511 1742 1705
f 2522 2511 2512
f 2521 2511 2522
f 2523 2512 2513
f 2522 2512 2523
f 1743 2524 1708
f 2524 2513 1708
f 2524 2523 2513
f 1744 2525 1743
f 1743 2525 2524
f 1744 1711 2525
f 1711 2514 2525
f 1747 1745 2525
f 1747 2525 2514
f 1747 2514 1714
f 2515 1754 1722
f 2526 1754 2515
f 2518 2517 2527
f 2518 2527 2528
f 1755 2527 1724
f 1724 2527 2517
f 2529 1761 1762
f 1735 2519 1765
f 2529 1762 1763
f 1765 2519 1737
f 2520 1767 1739
f 1767 2520 1741
f 2530 1770 2521
f 2521 1770 1742
f 2531 2521 2522
f 2530 2521 2531
f 2532 2522 2523
f 2531 2522 2532
f 2533 2523 2524
f 2532 2523 2533
f 1773 2533 1772
f 2533 2525 1772
f 2533 2524 2525
f 1772 2525 1745
f 2534 1774 1775
f 1776 2535 1775
f 1775 2535 2534
f 1777 2535 1776
f 2537 1785 2536
f 1785 2526 2536
f 1785 1754 2526
f 2538 2537 2536
f 2528 2527 1787
f 1788 2528 1787
f 2539 2528 1788
f 1787 2527 1755
f 2529 1795 1761
f 1795 2529 1763
f 2530 1801 1770
f 1801 2530 1803
f 2530 2540 1803
f 2530 2531 2540
f 2541 2531 2532
f 2540 2531 2541
f 1806 2541 1805
f 2541 2533 1805
f 2541 2532 2533
f 1805 2533 1773
f 2542 1808 2534
f 2534 1808 1774
f 1811 2542 1810
f 2542 2535 1810
f 2542 2534 2535
f 1810 2535 1777
f 2543 1812 1813
f 1814 2543 1813
f 2545 1819 2544
f 1819 1785 2544
f 2544 1785 2537
f 2546 2544 2537
f 2537 2538 2546
f 1819 2545 1821
f 1788 1822 2547
f 2548 1788 2547
f 2539 1788 2548
f 1823 2547 1822
f 2549 1834 1835
f 1836 2549 1835
f 2550 1838 1839
f 1803 2540 1842
f 2550 1839 1840
f 1842 2540 1844
f 1844 2540 2541
f 1844 2541 1806
f 2542 1847 1808
f 1847 2542 1811
f 2551 1850 2543
f 2543 1850 1812
f 1851 2551 1814
f 1814 2551 2543
f 2553 2552 2544
f 2552 1857 2544
f 1855 2545 2544
f 1855 2544 1857
f 1855 1821 2545
f 2552 2553 2554
f 2548 2547 2555
f 2548 2555 2556
f 1858 2555 1823
f 1823 2555 2547
f 2549 1868 1834
f 1868 2549 1836
f 2550 1871 1838
f 1874 1871 2557
f 1871 2550 2557
f 1840 1873 2557
f 1840 2557 2550
f 1875 2558 1873
f 1873 2558 2557
f 1876 2558 1875
f 2551 1881 1850
f 1881 2551 1851
f 2552 1887 1857
f 1888 1887 2552
f 2554 1888 2552
f 2559 1888 2554
f 2556 2555 2560
f 2556 2560 2561
f 1889 2560 1858
f 1858 2560 2555
f 2562 1901 2557
f 2557 1901 1874
f 1904 2562 1903
f 2562 2558 1903
f 2562 2557 2558
f 1903 2558 1876
f 2565 2564 2563
f 2559 2565 2563
f 1912 2559 2563
f 1888 2559 1912
f 2561 2560 1914
f 1915 2561 1914
f 2566 2561 1915
f 1914 2560 1889
f 2567 1924 1925
f 1926 2567 1925
f 2562 1929 1901
f 1929 2562 1904
f 2563 2564 1937
f 2564 1939 1937
f 2564 2568 1939
f 2563 1937 1912
f 1941 2566 1915
f 1941 2569 2566
f 2567 1945 1924
f 1945 2567 1926
f 2571 1946 2570
f 1946 2568 2570
f 1946 1939 2568
f 2572 2571 2570
f 1948 2569 1941
f 1948 2573 2569
f 2574 1950 2571
f 2571 1950 1946
f 2571 2572 2575
f 2571 2575 2574
f 2578 2577 2576
f 2580 2579 2576
f 2580 2576 2577
f 2580 2573 2579
f 2573 1952 2579
f 2573 1948 1952
f 2574 1955 1950
f 1956 1955 2574
f 2575 1956 2574
f 2581 1956 2575
f 2578 2576 2582
f 2578 2582 2583
f 1959 2582 1958
f 2582 2579 1958
f 2582 2576 2579
f 1958 2579 1952
f 2581 1962 1956
f 2584 1962 2581
f 2583 2582 2585
f 2583 2585 2586
f 2585 2582 1959
f 2587 2585 1959
f 1963 2587 1959
f 2588 2585 2587
f 1963 1964 2587
f 2587 1964 2589
f 2590 1968 1969
f 1970 2590 1969
f 2591 1972 1973
f 1974 2591 1973
f 2584 1976 1962
f 2592 1976 2584
f 2586 2585 2593
f 2586 2593 2594
f 2585 2588 2595
f 2585 2595 2593
f 1978 2589 1964
f 1978 2596 2589
f 2597 1981 1982
f 1983 2597 1982
f 2599 2598 1985
f 1985 2598 1984
f 2600 1985 1986
f 2600 2599 1985
f 2601 1986 1988
f 2601 2600 1986
f 2602 1988 1989
f 2602 2601 1988
f 2603 1989 1990
f 2603 2602 1989
f 2605 2604 1991
f 2604 1990 1991
f 2604 2603 1990
f 2605 2606 2604
f 2608 2607 1993
f 1993 2607 1992
f 2609 1993 1994
f 2609 2608 1993
f 2611 2610 1996
f 2610 1994 1996
f 2610 2609 1994
f 1997 1998 2611
f 1998 2610 2611
f 1998 2612 2610
f 2614 2612 2613
f 2612 1999 2613
f 2612 1998 1999
f 2000 2615 1999
f 1999 2615 2613
f 2001 2616 2000
f 2000 2616 2615
f 2003 2616 2001
f 2617 2004 2005
f 2619 2617 2618
f 2617 2005 2618
f 2007 2620 2618
f 2007 2618 2005
f 2008 2009 2620
f 2009 2618 2620
f 2009 2621 2618
f 2009 1968 2590
f 2622 2009 2590
f 2621 2009 2622
f 2624 2622 2623
f 2623 2622 2010
f 2622 2590 2010
f 2590 1970 2010
f 2625 2623 2010
f 2625 2010 1972
f 2626 2625 1972
f 2591 2626 1972
f 2591 1974 2626
f 1974 2627 2626
f 1974 2014 2627
f 2630 2629 2628
f 2016 2017 2628
f 2017 2630 2628
f 2017 2631 2630
f 2633 2632 2018
f 2632 2017 2018
f 2632 2631 2017
f 2633 2020 2632
f 2020 2021 2632
f 2635 2634 2632
f 2635 2632 2021
f 2023 2635 2021
f 2637 2636 2025
f 2025 2636 2024
f 2025 2026 2637
f 2637 2026 2638
f 2639 2027 2028
f 2029 2640 2028
f 2028 2640 2639
f 2031 2640 2029
f 2641 2032 2033
f 2641 2033 2642
f 2033 2643 2642
f 2033 2034 2643
f 2034 1976 2592
f 2034 2592 2643
f 2644 2594 2593
f 2644 2593 2595
f 1978 2035 2645
f 2646 1978 2645
f 2596 1978 2646
f 2036 2647 2035
f 2035 2647 2645
f 2038 2647 2036
f 2649 2648 2039
f 2039 2648 2040
f 2651 2649 2650
f 2649 2041 2650
f 2649 2039 2041
f 2597 2652 1981
f 2650 1981 2652
f 1981 2650 2041
f 2653 2650 2652
f 2042 2043 2654
f 2654 2045 2042
f 2046 2597 1983
f 2597 2046 2652
f 2655 2652 2046
f 2656 2046 2047
f 2656 2655 2046
f 2047 1984 2598
f 2047 2598 2656
f 2049 2657 2605
f 2049 2605 1991
f 2606 2659 2658
f 2659 2606 2051
f 2605 2051 2606
f 2051 2605 2050
f 2657 2050 2605
f 2660 2659 2051
f 1992 2660 2051
f 2607 2660 1992
f 2052 2611 1996
f 2661 2052 2053
f 2661 2611 2052
f 2661 2055 1997
f 2611 2661 1997
f 2613 2662 2614
f 2056 2055 2661
f 2662 2613 2615
f 2662 2615 2663
f 2663 2615 2616
f 2663 2616 2664
f 2664 2616 2003
f 2057 2664 2003
f 2665 2664 2057
f 2057 2004 2617
f 2666 2057 2617
f 2665 2057 2666
f 2007 2058 2620
f 2617 2619 2666
f 2620 2058 2008
f 2667 2624 2623
f 2670 2669 2668
f 2625 2667 2623
f 2672 2671 2059
f 2669 2059 2671
f 2059 2669 2014
f 2670 2014 2669
f 2014 2670 2627
f 2060 2628 2629
f 2672 2060 2629
f 2059 2060 2672
f 2628 2060 2016
f 2061 2633 2018
f 2635 2673 2634
f 2020 2633 2061
f 2673 2635 2023
f 2062 2673 2023
f 2674 2673 2062
f 2062 2024 2636
f 2062 2636 2674
f 2675 2638 2026
f 2675 2026 2063
f 2063 2027 2639
f 2676 2063 2639
f 2675 2063 2676
f 2677 2064 2065
f 2639 2678 2676
f 2678 2639 2640
f 2679 2031 2064
f 2679 2064 2677
f 2679 2677 2066
f 2679 2066 2067
f 2679 2067 2680
f 2679 2680 2678
f 2679 2678 2640
f 2679 2640 2031
f 2681 2067 2068
f 2681 2680 2067
f 2069 2070 2682
f 2032 2641 2068
f 2683 2068 2641
f 2068 2683 2681
f 2641 2642 2683
f 2069 2682 2072
f 2684 2646 2645
f 2684 2645 2647
f 2684 2647 2685
f 2685 2647 2038
f 2073 2685 2038
f 2686 2685 2073
f 2073 2040 2648
f 2073 2648 2686
f 2687 2651 2650
f 2043 2074 2654
f 2650 2653 2687
f 2654 2074 2045
f 2075 2657 2049
f 2659 2688 2658
f 2050 2657 2075
f 2688 2659 2660
f 2076 2661 2053
f 2661 2076 2056
f 2689 2668 2669
f 2689 2669 2671
f 2077 2677 2065
f 2677 2077 2066
f 2078 2682 2070
f 2682 2078 2072
f 2692 2691 2690
f 2694 2693 2690
f 2694 2690 2691
f 2695 2693 2694
f 2081 2696 2080
f 2696 2082 2080
f 2699 2698 2697
f 2701 2700 2697
f 2701 2697 2698
f 2703 2702 2700
f 2703 2700 2701
f 2705 2704 2702
f 2705 2702 2703
f 2707 2706 2704
f 2707 2704 2705
f 2084 2085 2706
f 2707 2084 2706
f 2708 2084 2707
f 2710 2709 2086
f 2084 2710 2086
f 2708 2710 2084
f 2712 2711 2709
f 2712 2709 2710
f 2714 2713 2711
f 2714 2711 2712
f 2716 2715 2713
f 2716 2713 2714
f 2717 2715 2716
f 2720 2719 2718
f 2722 2721 2718
f 2722 2718 2719
f 2724 2723 2721
f 2724 2721 2722
f 2726 2725 2723
f 2726 2723 2724
f 2727 2725 2726
f 2730 2729 2728
f 2732 2731 2728
f 2732 2728 2729
f 2733 2731 2732
f 2736 2735 2734
f 2088 2089 2734
f 2735 2088 2734
f 2737 2088 2735
f 2090 2088 2737
f 2090 2737 2738
f 2741 2740 2739
f 2743 2742 2739
f 2743 2739 2740
f 2742 2743 2692
f 2690 2742 2692
f 2744 2742 2690
f 2745 2690 2693
f 2744 2690 2745
f 2693 2695 2746
f 2747 2693 2746
f 2745 2693 2747
f 2749 2748 2747
f 2749 2747 2746
f 2751 2750 2748
f 2751 2748 2749
f 2753 2752 2750
f 2753 2750 2751
f 2755 2754 2752
f 2755 2752 2753
f 2757 2756 2754
f 2757 2754 2755
f 2759 2758 2756
f 2759 2756 2757
f 2761 2760 2758
f 2761 2758 2759
f 2092 2093 2760
f 2761 2092 2760
f 2762 2092 2761
f 2764 2763 2094
f 2092 2764 2094
f 2762 2764 2092
f 2766 2765 2763
f 2766 2763 2764
f 2766 2767 2696
f 2096 2766 2696
f 2081 2096 2696
f 2765 2766 2096
f 2696 2767 2082
f 2767 2097 2082
f 2767 2768 2097
f 2097 2769 2100
f 2768 2769 2097
f 2697 2102 2699
f 2102 2769 2699
f 2102 2100 2769
f 2102 2697 2104
f 2104 2697 2700
f 2104 2700 2106
f 2106 2700 2702
f 2106 2702 2108
f 2108 2702 2704
f 2108 2704 2110
f 2110 2704 2706
f 2110 2706 2085
f 2709 2112 2086
f 2112 2709 2114
f 2114 2709 2711
f 2114 2711 2115
f 2115 2711 2713
f 2115 2713 2117
f 2117 2713 2715
f 2717 2770 2715
f 2770 2117 2715
f 2770 2119 2117
f 2718 2121 2720
f 2121 2770 2720
f 2121 2119 2770
f 2121 2718 2122
f 2122 2718 2721
f 2122 2721 2123
f 2123 2721 2723
f 2123 2723 2125
f 2125 2723 2725
f 2126 2125 2725
f 2727 2126 2725
f 2771 2126 2727
f 2774 2773 2772
f 2128 2129 2772
f 2773 2128 2772
f 2775 2128 2773
f 2728 2131 2730
f 2131 2775 2730
f 2131 2128 2775
f 2131 2728 2133
f 2133 2728 2731
f 2733 2776 2731
f 2776 2133 2731
f 2776 2135 2133
f 2135 2777 2137
f 2776 2777 2135
f 2734 2139 2736
f 2139 2777 2736
f 2139 2137 2777
f 2139 2734 2089
f 2738 2778 2090
f 2090 2778 2141
f 2739 2144 2741
f 2144 2778 2741
f 2144 2141 2778
f 2144 2739 2146
f 2146 2739 2742
f 2146 2742 2148
f 2148 2742 2744
f 2148 2744 2150
f 2150 2744 2745
f 2150 2745 2151
f 2745 2779 2151
f 2745 2747 2779
f 2154 2779 2153
f 2779 2748 2153
f 2779 2747 2748
f 2153 2748 2156
f 2156 2748 2750
f 2156 2750 2158
f 2158 2750 2752
f 2158 2752 2160
f 2160 2752 2754
f 2160 2754 2162
f 2162 2754 2756
f 2162 2756 2164
f 2164 2756 2758
f 2164 2758 2166
f 2166 2758 2760
f 2166 2760 2093
f 2763 2168 2094
f 2168 2763 2171
f 2171 2763 2765
f 2171 2765 2096
f 2771 2174 2126
f 2780 2174 2771
f 2774 2772 2176
f 2177 2774 2176
f 2781 2774 2177
f 2176 2772 2129
f 2779 2187 2151
f 2187 2779 2154
f 2783 2191 2782
f 2191 2780 2782
f 2191 2174 2780
f 2784 2783 2782
f 2193 2781 2177
f 2193 2785 2781
f 2783 2196 2191
f 2198 2196 2783
f 2784 2198 2783
f 2786 2198 2784
f 2788 2787 2200
f 2788 2200 2201
f 2193 2200 2785
f 2785 2200 2787
f 2789 2206 2207
f 2790 2789 2207
f 2198 2790 2207
f 2786 2790 2198
f 2201 2208 2791
f 2792 2201 2791
f 2788 2201 2792
f 2210 2791 2208
f 2789 2226 2206
f 2228 2226 2789
f 2790 2228 2789
f 2793 2228 2790
f 2794 2792 2791
f 2791 2210 2794
f 2210 2795 2794
f 2210 2230 2795
f 2793 2253 2228
f 2796 2253 2793
f 2255 2795 2230
f 2255 2797 2795
f 2798 2267 2268
f 2269 2798 2268
f 2799 2281 2282
f 2800 2799 2282
f 2253 2800 2282
f 2796 2800 2253
f 2284 2797 2255
f 2284 2801 2797
f 2802 2290 2291
f 2292 2802 2291
f 2798 2296 2267
f 2296 2798 2269
f 2803 2311 2799
f 2799 2311 2281
f 2799 2800 2804
f 2799 2804 2803
f 2313 2801 2284
f 2313 2805 2801
f 2802 2320 2290
f 2320 2802 2292
f 2803 2339 2311
f 2341 2339 2803
f 2804 2341 2803
f 2806 2341 2804
f 2343 2805 2313
f 2343 2807 2805
f 2808 2368 2369
f 2809 2808 2369
f 2341 2809 2369
f 2806 2809 2341
f 2371 2807 2343
f 2371 2810 2807
f 2811 2395 2808
f 2808 2395 2368
f 2808 2809 2812
f 2808 2812 2811
f 2397 2810 2371
f 2397 2813 2810
f 2811 2419 2395
f 2420 2419 2811
f 2812 2420 2811
f 2814 2420 2812
f 2422 2813 2397
f 2422 2815 2813
f 2817 2816 2439
f 2439 2816 2438
f 2439 2420 2814
f 2439 2814 2817
f 2441 2815 2422
f 2441 2818 2815
f 2816 2451 2438
f 2819 2451 2816
f 2453 2818 2441
f 2453 2820 2818
f 2819 2463 2451
f 2821 2463 2819
f 2465 2820 2453
f 2465 2822 2820
f 2475 2463 2823
f 2463 2824 2823
f 2463 2821 2824
f 2823 2477 2475
f 2479 2822 2465
f 2479 2825 2822
f 2823 2824 2491
f 2824 2490 2491
f 2824 2826 2490
f 2823 2491 2477
f 2493 2825 2479
f 2493 2827 2825
f 2826 2828 2490
f 2490 2828 2505
f 2506 2505 2828
f 2506 2828 2829
f 2508 2827 2493
f 2508 2830 2827
f 2831 2515 2516
f 2832 2831 2516
f 2506 2832 2516
f 2829 2832 2506
f 2518 2830 2508
f 2518 2833 2830
f 2835 2834 2831
f 2834 2515 2831
f 2834 2526 2515
f 2835 2831 2832
f 2528 2833 2518
f 2528 2836 2833
f 2536 2526 2837
f 2526 2838 2837
f 2526 2834 2838
f 2837 2538 2536
f 2539 2836 2528
f 2539 2839 2836
f 2837 2838 2546
f 2838 2544 2546
f 2838 2840 2544
f 2837 2546 2538
f 2548 2839 2539
f 2548 2841 2839
f 2553 2544 2842
f 2544 2843 2842
f 2544 2840 2843
f 2842 2554 2553
f 2556 2841 2548
f 2556 2844 2841
f 2842 2843 2845
f 2845 2843 2846
f 2845 2559 2554
f 2845 2554 2842
f 2561 2844 2556
f 2561 2847 2844
f 2849 2848 2846
f 2848 2564 2846
f 2565 2845 2846
f 2565 2846 2564
f 2565 2559 2845
f 2848 2849 2850
f 2566 2847 2561
f 2566 2851 2847
f 2852 2568 2848
f 2848 2568 2564
f 2848 2850 2853
f 2848 2853 2852
f 2569 2851 2566
f 2569 2854 2851
f 2852 2570 2568
f 2572 2570 2852
f 2853 2572 2852
f 2855 2572 2853
f 2573 2854 2569
f 2573 2856 2854
f 2855 2575 2572
f 2857 2575 2855
f 2578 2858 2577
f 2577 2858 2859
f 2860 2577 2859
f 2580 2577 2860
f 2573 2580 2856
f 2856 2580 2860
f 2857 2581 2575
f 2861 2581 2857
f 2583 2862 2858
f 2583 2858 2578
f 2859 2858 2863
f 2863 2858 2862
f 2861 2584 2581
f 2864 2584 2861
f 2866 2865 2862
f 2583 2866 2862
f 2586 2866 2583
f 2865 2863 2862
f 2587 2867 2588
f 2867 2587 2868
f 2587 2589 2868
f 2868 2589 2869
f 2864 2592 2584
f 2870 2592 2864
f 2594 2872 2871
f 2866 2594 2871
f 2586 2594 2866
f 2875 2874 2873
f 2872 2875 2873
f 2871 2872 2873
f 2867 2871 2873
f 2588 2867 2873
f 2595 2588 2873
f 2876 2595 2873
f 2874 2876 2873
f 2874 2869 2876
f 2869 2596 2876
f 2869 2589 2596
f 2878 2877 2599
f 2599 2877 2598
f 2879 2599 2600
f 2879 2878 2599
f 2881 2879 2880
f 2879 2601 2880
f 2879 2600 2601
f 2602 2882 2601
f 2601 2882 2880
f 2882 2602 2883
f 2602 2884 2883
f 2602 2603 2884
f 2886 2884 2885
f 2884 2604 2885
f 2884 2603 2604
f 2606 2885 2604
f 2888 2887 2608
f 2608 2887 2607
f 2890 2888 2889
f 2888 2609 2889
f 2888 2608 2609
f 2610 2891 2609
f 2609 2891 2889
f 2612 2892 2610
f 2610 2892 2891
f 2892 2612 2614
f 2895 2894 2893
f 2897 2896 2893
f 2893 2896 2895
f 2897 2898 2896
f 2899 2619 2618
f 2621 2900 2618
f 2618 2900 2899
f 2900 2621 2901
f 2621 2902 2901
f 2621 2622 2902
f 2904 2903 2624
f 2903 2622 2624
f 2903 2902 2622
f 2625 2626 2905
f 2903 2904 2906
f 2627 2905 2626
f 2907 2629 2630
f 2907 2630 2908
f 2630 2909 2908
f 2630 2631 2909
f 2910 2631 2632
f 2910 2909 2631
f 2632 2634 2910
f 2910 2634 2911
f 2912 2636 2637
f 2912 2637 2638
f 2915 2914 2913
f 2913 2916 2915
f 2919 2918 2917
f 2917 2920 2919
f 2923 2922 2921
f 2921 2924 2923
f 2925 2642 2643
f 2926 2925 2643
f 2592 2926 2643
f 2870 2926 2592
f 2644 2872 2594
f 2875 2872 2927
f 2644 2927 2872
f 2927 2644 2928
f 2595 2928 2644
f 2928 2595 2876
f 2646 2929 2596
f 2930 2596 2929
f 2596 2930 2876
f 2931 2876 2930
f 2876 2931 2928
f 2929 2932 2930
f 2935 2934 2933
f 2648 2649 2936
f 2935 2933 2937
f 2936 2649 2651
f 2940 2939 2938
f 2653 2652 2941
f 2940 2938 2942
f 2941 2652 2943
f 2652 2944 2943
f 2652 2655 2944
f 2945 2655 2656
f 2945 2944 2655
f 2656 2598 2877
f 2656 2877 2945
f 2881 2880 2946
f 2881 2946 2947
f 2882 2949 2948
f 2946 2882 2948
f 2880 2882 2946
f 2949 2882 2883
f 2886 2885 2950
f 2886 2950 2951
f 2658 2952 2606
f 2953 2606 2952
f 2606 2953 2885
f 2954 2885 2953
f 2885 2954 2950
f 2887 2953 2952
f 2660 2887 2952
f 2607 2887 2660
f 2955 2890 2889
f 2955 2889 2891
f 2955 2891 2956
f 2956 2891 2892
f 2956 2892 2957
f 2614 2662 2958
f 2892 2614 2958
f 2957 2892 2958
f 2959 2957 2958
f 2960 2959 2958
f 2961 2960 2958
f 2894 2961 2958
f 2893 2894 2958
f 2662 2893 2958
f 2960 2961 2962
f 2897 2662 2663
f 2662 2897 2893
f 2963 2898 2897
f 2663 2963 2897
f 2664 2963 2663
f 2964 2664 2665
f 2964 2963 2664
f 2965 2665 2666
f 2965 2964 2665
f 2666 2619 2899
f 2966 2666 2899
f 2965 2666 2966
f 2966 2899 2900
f 2966 2900 2967
f 2967 2900 2901
f 2667 2904 2624
f 2969 2668 2968
f 2969 2968 2970
f 2969 2970 2906
f 2969 2906 2904
f 2969 2904 2667
f 2969 2667 2625
f 2969 2625 2905
f 2969 2905 2670
f 2969 2670 2668
f 2905 2627 2670
f 2672 2968 2671
f 2968 2672 2970
f 2971 2970 2672
f 2672 2629 2907
f 2972 2672 2907
f 2971 2672 2972
f 2972 2907 2908
f 2973 2911 2634
f 2973 2634 2673
f 2974 2673 2674
f 2974 2973 2673
f 2674 2636 2912
f 2975 2674 2912
f 2974 2674 2975
f 2975 2913 2914
f 2975 2675 2913
f 2975 2912 2638
f 2675 2975 2638
f 2976 2916 2913
f 2675 2976 2913
f 2676 2976 2675
f 2678 2917 2918
f 2976 2678 2918
f 2676 2678 2976
f 2977 2920 2917
f 2678 2977 2917
f 2680 2977 2678
f 2681 2921 2922
f 2977 2681 2922
f 2680 2681 2977
f 2978 2924 2921
f 2681 2978 2921
f 2683 2978 2681
f 2683 2642 2925
f 2979 2683 2925
f 2978 2683 2979
f 2979 2925 2926
f 2980 2927 2928
f 2646 2684 2929
f 2928 2931 2980
f 2981 2932 2929
f 2684 2981 2929
f 2685 2981 2684
f 2686 2933 2934
f 2981 2686 2934
f 2685 2686 2981
f 2686 2937 2933
f 2686 2982 2937
f 2686 2648 2936
f 2982 2686 2936
f 2982 2938 2939
f 2982 2687 2938
f 2982 2936 2651
f 2687 2982 2651
f 2687 2942 2938
f 2687 2983 2942
f 2687 2653 2941
f 2983 2687 2941
f 2983 2941 2943
f 2984 2947 2946
f 2984 2946 2948
f 2985 2951 2950
f 2658 2688 2952
f 2950 2954 2985
f 2952 2688 2660
f 2986 2959 2960
f 2986 2960 2962
f 2689 2968 2668
f 2968 2689 2671
f 2989 2988 2987
f 2990 2987 2988
f 2692 2991 2691
f 2992 2694 2691
f 2992 2691 2991
f 2992 2695 2694
f 2995 2994 2993
f 2996 2993 2994
f 2999 2998 2997
f 3001 3000 2997
f 3001 2997 2998
f 3003 3002 3000
f 3003 3000 3001
f 3005 3004 3002
f 3005 3002 3003
f 3006 3004 3005
f 3008 3007 2698
f 3008 2698 2699
f 2698 3009 2701
f 3007 3009 2698
f 2987 2703 2989
f 2703 3009 2989
f 2703 2701 3009
f 2990 3010 2987
f 3010 2703 2987
f 3010 2705 2703
f 2705 3011 2707
f 3010 3011 2705
f 2707 3012 2708
f 3011 3012 2707
f 2708 3013 2710
f 3012 3013 2708
f 3013 3015 3014
f 2712 3013 3014
f 2710 3013 2712
f 2712 3014 3016
f 3017 2712 3016
f 2714 2712 3017
f 2714 3018 2716
f 3017 3018 2714
f 3020 3019 2717
f 2716 3020 2717
f 3018 3020 2716
f 2719 2720 3019
f 3020 2719 3019
f 3021 2719 3020
f 2719 3022 2722
f 3021 3022 2719
f 2722 3023 2724
f 3022 3023 2722
f 2724 3024 2726
f 3023 3024 2724
f 2727 2726 3024
f 2727 3024 3025
f 3028 3027 3026
f 2729 2730 3026
f 3027 2729 3026
f 3029 2729 3027
f 2729 3030 2732
f 3029 3030 2729
f 3032 3031 2733
f 2732 3032 2733
f 3030 3032 2732
f 3034 3033 3031
f 3034 3031 3032
f 2735 2736 3033
f 3034 2735 3033
f 3035 2735 3034
f 2735 3036 2737
f 3035 3036 2735
f 3038 3037 2738
f 2737 3038 2738
f 3036 3038 2737
f 2740 2741 3037
f 3038 2740 3037
f 3039 2740 3038
f 2740 3040 2743
f 3039 3040 2740
f 2692 2743 2991
f 2743 3041 2991
f 2743 3040 3041
f 2991 3041 2992
f 2992 3041 3042
f 2992 3042 2695
f 3042 2746 2695
f 3042 3043 2746
f 2746 3044 2749
f 3043 3044 2746
f 2749 3045 2751
f 3044 3045 2749
f 2751 3046 2753
f 3045 3046 2751
f 2993 2755 2995
f 2755 3046 2995
f 2755 2753 3046
f 2996 3047 2993
f 3047 2755 2993
f 3047 2757 2755
f 2757 3048 2759
f 3047 3048 2757
f 2759 3049 2761
f 3048 3049 2759
f 2761 3050 2762
f 3049 3050 2761
f 2997 2764 2999
f 2764 3050 2999
f 2764 2762 3050
f 2764 2997 2766
f 2766 2997 3000
f 2766 3000 2767
f 2767 3000 3002
f 2767 3002 2768
f 2768 3002 3004
f 3006 3051 3004
f 3051 2768 3004
f 3051 2769 2768
f 2699 2769 3008
f 3008 2769 3051
f 3015 3052 3014
f 3014 3052 3016
f 3019 2770 2717
f 2770 3019 2720
f 3055 3054 3053
f 3057 3056 3053
f 3053 3056 3055
f 3057 3058 3056
f 3025 2771 2727
f 3059 2771 3025
f 3061 3060 2773
f 3061 2773 2774
f 3026 2775 3028
f 2775 3060 3028
f 2775 2773 3060
f 2775 3026 2730
f 3031 2776 2733
f 2776 3031 2777
f 2777 3031 3033
f 2777 3033 2736
f 3037 2778 2738
f 2778 3037 2741
f 3053 3054 3062
f 3062 3054 3063
f 3053 3064 3057
f 3053 3062 3064
f 3058 3057 3065
f 3065 3057 3064
f 3067 2780 3066
f 2780 3059 3066
f 2780 2771 3059
f 3068 3067 3066
f 2781 3061 2774
f 2781 3069 3061
f 3063 3070 3062
f 3062 3070 3064
f 3064 3070 3071
f 3064 3071 3065
f 3067 2782 2780
f 2784 2782 3067
f 3068 2784 3067
f 3072 2784 3068
f 2785 3069 2781
f 2785 3073 3069
f 3072 2786 2784
f 3074 2786 3072
f 3076 3075 2787
f 3076 2787 2788
f 2785 2787 3073
f 3073 2787 3075
f 3074 2790 2786
f 3077 2790 3074
f 2792 3076 2788
f 2792 3078 3076
f 3077 2793 2790
f 3079 2793 3077
f 2792 2794 3080
f 3081 2792 3080
f 3078 2792 3081
f 2795 3080 2794
f 3079 2796 2793
f 3082 2796 3079
f 3081 3080 3083
f 3081 3083 3084
f 2797 3083 2795
f 2795 3083 3080
f 3087 3086 3085
f 3089 3088 3085
f 3085 3088 3087
f 3091 3090 3089
f 3089 3090 3088
f 3091 3092 3090
f 3082 2800 2796
f 3093 2800 3082
f 3094 3084 3083
f 3083 2797 3094
f 2797 3095 3094
f 2797 2801 3095
f 3085 3086 3096
f 3096 3086 3097
f 3085 3098 3089
f 3085 3096 3098
f 3089 3099 3091
f 3089 3098 3099
f 3092 3091 3100
f 3100 3091 3099
f 3093 2804 2800
f 3101 2804 3093
f 2805 3095 2801
f 2805 3102 3095
f 3096 3097 3103
f 3103 3097 3104
f 3096 3105 3098
f 3096 3103 3105
f 3098 3106 3099
f 3098 3105 3106
f 3100 3099 3107
f 3107 3099 3106
f 3101 2806 2804
f 3108 2806 3101
f 2807 3102 2805
f 2807 3109 3102
f 3103 3104 3110
f 3110 3104 3111
f 3103 3112 3105
f 3103 3110 3112
f 3105 3113 3106
f 3105 3112 3113
f 3107 3106 3114
f 3114 3106 3113
f 3108 2809 2806
f 3115 2809 3108
f 2810 3109 2807
f 2810 3116 3109
f 3110 3111 3117
f 3117 3111 3118
f 3110 3119 3112
f 3110 3117 3119
f 3112 3120 3113
f 3112 3119 3120
f 3114 3113 3121
f 3121 3113 3120
f 3115 2812 2809
f 3122 2812 3115
f 2813 3116 2810
f 2813 3123 3116
f 3126 3125 3124
f 3128 3127 3124
f 3124 3127 3126
f 3130 3129 3128
f 3128 3129 3127
f 3132 3131 3130
f 3130 3131 3129
f 3131 3132 3118
f 3132 3117 3118
f 3132 3133 3117
f 3117 3134 3119
f 3117 3133 3134
f 3119 3135 3120
f 3119 3134 3135
f 3121 3120 3136
f 3136 3120 3135
f 3122 2814 2812
f 3137 2814 3122
f 2815 3123 2813
f 2815 3138 3123
f 3124 3125 3139
f 3139 3125 3140
f 3124 3141 3128
f 3124 3139 3141
f 3128 3142 3130
f 3128 3141 3142
f 3130 3143 3132
f 3130 3142 3143
f 3132 3144 3133
f 3132 3143 3144
f 3133 3145 3134
f 3133 3144 3145
f 3134 3146 3135
f 3134 3145 3146
f 3136 3135 3147
f 3147 3135 3146
f 3149 3148 2817
f 2817 3148 2816
f 2817 2814 3137
f 2817 3137 3149
f 2818 3138 2815
f 2818 3150 3138
f 3153 3152 3151
f 3153 3151 3140
f 3151 3139 3140
f 3151 3154 3139
f 3139 3155 3141
f 3139 3154 3155
f 3141 3156 3142
f 3141 3155 3156
f 3142 3157 3143
f 3142 3156 3157
f 3143 3158 3144
f 3143 3157 3158
f 3144 3159 3145
f 3144 3158 3159
f 3145 3160 3146
f 3145 3159 3160
f 3147 3146 3161
f 3161 3146 3160
f 3148 2819 2816
f 3162 2819 3148
f 2820 3150 2818
f 2820 3163 3150
f 3151 3152 3164
f 3164 3152 3165
f 3151 3166 3154
f 3151 3164 3166
f 3154 3167 3155
f 3154 3166 3167
f 3155 3168 3156
f 3155 3167 3168
f 3156 3169 3157
f 3156 3168 3169
f 3157 3170 3158
f 3157 3169 3170
f 3158 3171 3159
f 3158 3170 3171
f 3159 3172 3160
f 3159 3171 3172
f 3161 3160 3173
f 3173 3160 3172
f 3162 2821 2819
f 3174 2821 3162
f 2822 3163 2820
f 2822 3175 3163
f 3164 3165 3176
f 3176 3165 3177
f 3164 3178 3166
f 3164 3176 3178
f 3166 3179 3167
f 3166 3178 3179
f 3167 3180 3168
f 3167 3179 3180
f 3168 3181 3169
f 3168 3180 3181
f 3169 3182 3170
f 3169 3181 3182
f 3170 3183 3171
f 3170 3182 3183
f 3171 3184 3172
f 3171 3183 3184
f 3173 3172 3185
f 3185 3172 3184
f 3174 2824 2821
f 3186 2824 3174
f 3189 3188 3187
f 3188 3175 3187
f 3175 2825 3187
f 3175 2822 2825
f 3176 3177 3190
f 3190 3177 3191
f 3176 3192 3178
f 3176 3190 3192
f 3178 3193 3179
f 3178 3192 3193
f 3179 3194 3180
f 3179 3193 3194
f 3180 3195 3181
f 3180 3194 3195
f 3181 3196 3182
f 3181 3195 3196
f 3182 3197 3183
f 3182 3196 3197
f 3183 3198 3184
f 3183 3197 3198
f 3185 3184 3199
f 3199 3184 3198
f 3201 2826 3200
f 2826 3186 3200
f 2826 2824 3186
f 3202 3201 3200
f 3189 3187 3203
f 3189 3203 3204
f 2827 3203 2825
f 2825 3203 3187
f 3190 3191 3205
f 3205 3191 3206
f 3190 3207 3192
f 3190 3205 3207
f 3192 3208 3193
f 3192 3207 3208
f 3193 3209 3194
f 3193 3208 3209
f 3194 3210 3195
f 3194 3209 3210
f 3195 3211 3196
f 3195 3210 3211
f 3196 3212 3197
f 3196 3211 3212
f 3197 3213 3198
f 3197 3212 3213
f 3199 3198 3214
f 3214 3198 3213
f 3216 2828 3215
f 2828 2826 3215
f 3215 2826 3201
f 3217 3215 3201
f 3201 3202 3217
f 2828 3216 2829
f 3204 3203 3218
f 3204 3218 3219
f 2830 3218 2827
f 2827 3218 3203
f 3222 3221 3220
f 3224 3223 3220
f 3220 3223 3222
f 3223 3224 3206
f 3224 3205 3206
f 3224 3225 3205
f 3205 3226 3207
f 3205 3225 3226
f 3207 3227 3208
f 3207 3226 3227
f 3208 3228 3209
f 3208 3227 3228
f 3209 3229 3210
f 3209 3228 3229
f 3210 3230 3211
f 3210 3229 3230
f 3211 3231 3212
f 3211 3230 3231
f 3212 3232 3213
f 3212 3231 3232
f 3214 3213 3233
f 3233 3213 3232
f 3216 3215 3234
f 3234 3215 3235
f 3234 2832 2829
f 3234 2829 3216
f 3219 3218 3236
f 3219 3236 3237
f 2833 3236 2830
f 2830 3236 3218
f 3220 3221 3238
f 3238 3221 3239
f 3220 3240 3224
f 3220 3238 3240
f 3224 3241 3225
f 3224 3240 3241
f 3225 3242 3226
f 3225 3241 3242
f 3226 3243 3227
f 3226 3242 3243
f 3227 3244 3228
f 3227 3243 3244
f 3228 3245 3229
f 3228 3244 3245
f 3229 3246 3230
f 3229 3245 3246
f 3230 3247 3231
f 3230 3246 3247
f 3231 3248 3232
f 3231 3247 3248
f 3233 3232 3249
f 3249 3232 3248
f 3234 3235 2835
f 3235 2834 2835
f 3235 3250 2834
f 3234 2835 2832
f 3237 3236 3251
f 3237 3251 3252
f 2836 3251 2833
f 2833 3251 3236
f 3255 3254 3253
f 3257 3256 3253
f 3253 3256 3255
f 3259 3258 3257
f 3257 3258 3256
f 3258 3259 3239
f 3259 3238 3239
f 3259 3260 3238
f 3238 3261 3240
f 3238 3260 3261
f 3240 3262 3241
f 3240 3261 3262
f 3241 3263 3242
f 3241 3262 3263
f 3242 3264 3243
f 3242 3263 3264
f 3243 3265 3244
f 3243 3264 3265
f 3244 3266 3245
f 3244 3265 3266
f 3245 3267 3246
f 3245 3266 3267
f 3246 3268 3247
f 3246 3267 3268
f 3247 3269 3248
f 3247 3268 3269
f 3249 3248 3270
f 3270 3248 3269
f 3250 2838 2834
f 3271 2838 3250
f 3272 3252 3251
f 3251 2836 3272
f 2836 3273 3272
f 2836 2839 3273
f 3253 3254 3274
f 3274 3254 3275
f 3253 3276 3257
f 3253 3274 3276
f 3257 3277 3259
f 3257 3276 3277
f 3259 3278 3260
f 3259 3277 3278
f 3260 3279 3261
f 3260 3278 3279
f 3261 3280 3262
f 3261 3279 3280
f 3262 3281 3263
f 3262 3280 3281
f 3263 3282 3264
f 3263 3281 3282
f 3264 3283 3265
f 3264 3282 3283
f 3265 3284 3266
f 3265 3283 3284
f 3266 3285 3267
f 3266 3284 3285
f 3267 3286 3268
f 3267 3285 3286
f 3268 3287 3269
f 3268 3286 3287
f 3270 3269 3288
f 3288 3269 3287
f 3290 2840 3289
f 2840 3271 3289
f 2840 2838 3271
f 3291 3290 3289
f 2841 3273 2839
f 2841 3292 3273
f 3274 3275 3293
f 3293 3275 3294
f 3274 3295 3276
f 3274 3293 3295
f 3276 3296 3277
f 3276 3295 3296
f 3277 3297 3278
f 3277 3296 3297
f 3278 3298 3279
f 3278 3297 3298
f 3279 3299 3280
f 3279 3298 3299
f 3280 3300 3281
f 3280 3299 3300
f 3281 3301 3282
f 3281 3300 3301
f 3282 3302 3283
f 3282 3301 3302
f 3283 3303 3284
f 3283 3302 3303
f 3284 3304 3285
f 3284 3303 3304
f 3285 3305 3286
f 3285 3304 3305
f 3286 3306 3287
f 3286 3305 3306
f 3288 3287 3307
f 3307 3287 3306
f 3308 2843 3290
f 3290 2843 2840
f 3290 3291 3309
f 3290 3309 3308
f 2844 3292 2841
f 2844 3310 3292
f 3294 3311 3293
f 3313 3312 3311
f 3312 3293 3311
f 3312 3295 3293
f 3295 3314 3296
f 3295 3312 3314
f 3296 3315 3297
f 3296 3314 3315
f 3297 3316 3298
f 3297 3315 3316
f 3298 3317 3299
f 3298 3316 3317
f 3299 3318 3300
f 3299 3317 3318
f 3300 3319 3301
f 3300 3318 3319
f 3301 3320 3302
f 3301 3319 3320
f 3302 3321 3303
f 3302 3320 3321
f 3303 3322 3304
f 3303 3321 3322
f 3304 3323 3305
f 3304 3322 3323
f 3305 3324 3306
f 3305 3323 3324
f 3307 3306 3325
f 3325 3306 3324
f 3327 3326 3308
f 3326 2843 3308
f 3326 2846 2843
f 3327 3308 3309
f 2847 3310 2844
f 2847 3328 3310
f 3312 3313 3329
f 3329 3313 3330
f 3312 3331 3314
f 3312 3329 3331
f 3314 3332 3315
f 3314 3331 3332
f 3315 3333 3316
f 3315 3332 3333
f 3316 3334 3317
f 3316 3333 3334
f 3317 3335 3318
f 3317 3334 3335
f 3318 3336 3319
f 3318 3335 3336
f 3319 3337 3320
f 3319 3336 3337
f 3320 3338 3321
f 3320 3337 3338
f 3321 3339 3322
f 3321 3338 3339
f 3322 3340 3323
f 3322 3339 3340
f 3323 3341 3324
f 3323 3340 3341
f 3325 3324 3342
f 3342 3324 3341
f 3326 3343 2846
f 2846 3343 2849
f 2850 2849 3343
f 2850 3343 3344
f 2851 3328 2847
f 2851 3345 3328
f 3330 3346 3329
f 3329 3346 3331
f 3331 3346 3347
f 3331 3347 3332
f 3332 3347 3348
f 3332 3348 3333
f 3333 3348 3349
f 3333 3349 3334
f 3334 3349 3350
f 3334 3350 3335
f 3335 3350 3351
f 3335 3351 3336
f 3336 3351 3352
f 3336 3352 3337
f 3337 3352 3353
f 3337 3353 3338
f 3338 3353 3354
f 3338 3354 3339
f 3339 3354 3355
f 3339 3355 3340
f 3340 3355 3356
f 3340 3356 3341
f 3341 3356 3357
f 3341 3357 3342
f 3344 2853 2850
f 3358 2853 3344
f 3361 3360 3359
f 3360 3345 3359
f 3345 2854 3359
f 3345 2851 2854
f 3358 2855 2853
f 3362 2855 3358
f 3361 3359 3363
f 3361 3363 3364
f 2856 3363 2854
f 2854 3363 3359
f 3362 2857 2855
f 3365 2857 3362
f 3368 3367 3366
f 3366 3367 3364
f 3366 3364 3363
f 2859 3366 3363
f 2860 2859 3363
f 2860 3363 2856
f 3365 2861 2857
f 3369 2861 3365
f 3372 3371 3370
f 3370 3374 3373
f 3370 3366 3374
f 3370 3371 3368
f 3366 3370 3368
f 3366 2859 3374
f 2859 3375 3374
f 2859 2863 3375
f 3369 2864 2861
f 3376 2864 3369
f 3372 3370 3377
f 3372 3377 3378
f 3379 2865 2866
f 3370 3379 2866
f 3377 3370 2866
f 3379 3370 3373
f 3380 2867 2868
f 3375 2863 3379
f 2865 3379 2863
f 2869 3380 2868
f 3383 3382 3381
f 3381 3384 3383
f 3387 3386 3385
f 3385 3388 3387
f 3376 2870 2864
f 3389 2870 3376
f 3390 3378 3377
f 3390 3377 2866
f 2871 3390 2866
f 3391 3390 2871
f 2874 2875 3392
f 2867 3380 2871
f 3393 2871 3380
f 2871 3393 3391
f 3393 3380 3394
f 3380 2869 3394
f 2874 3392 3394
f 2874 3394 2869
f 3397 3396 3395
f 3395 3398 3397
f 3400 3399 2878
f 2878 3399 2877
f 3401 2878 2879
f 3401 3400 2878
f 3403 3402 2881
f 3402 2879 2881
f 3402 3401 2879
f 3405 3404 3403
f 3403 3404 3402
f 2883 2884 3405
f 2884 3404 3405
f 2884 3406 3404
f 3408 3407 2886
f 3407 2884 2886
f 3407 3406 2884
f 3410 3409 3408
f 3408 3409 3407
f 2887 2888 3411
f 3409 3410 3412
f 2890 3411 2888
f 3382 3413 3381
f 3416 3415 3414
f 3381 3413 3384
f 3414 3415 3386
f 3386 3415 3385
f 3415 2894 3385
f 2894 2895 3385
f 2895 2896 3385
f 2896 3417 3385
f 3417 3388 3385
f 2896 3418 3417
f 2898 3418 2896
f 3421 3420 3419
f 3423 3422 3419
f 3419 3422 3421
f 3425 3424 3423
f 3423 3424 3422
f 3427 3426 3425
f 3425 3426 3424
f 3427 2901 3426
f 2901 2902 3426
f 3429 3428 3426
f 3429 3426 2902
f 3429 2902 3430
f 2902 3431 3430
f 2902 2903 3431
f 3433 3432 2906
f 3432 2903 2906
f 3432 3431 2903
f 3435 3434 3433
f 3433 3434 3432
f 3437 3436 3435
f 3435 3436 3434
f 2908 2909 3437
f 2909 3436 3437
f 2909 3438 3436
f 3440 3438 3439
f 3438 2910 3439
f 3438 2909 2910
f 2911 3439 2910
f 3443 3442 3441
f 2914 2915 3444
f 3443 3441 3445
f 3447 3444 3446
f 3444 2915 3446
f 2916 3448 3446
f 2916 3446 2915
f 3448 2918 3446
f 2918 2919 3446
f 3450 3449 3446
f 3450 3446 2919
f 3452 3450 3451
f 3450 2919 3451
f 2920 3453 3451
f 2920 3451 2919
f 2922 2923 3454
f 3451 3453 3455
f 2924 3454 2923
f 3389 2926 2870
f 3456 2926 3389
f 2927 3457 3392
f 2927 3392 2875
f 2930 3458 2931
f 3458 3392 2931
f 3392 3457 2931
f 3392 3458 3394
f 2930 2932 3458
f 3458 2932 3459
f 3461 3460 2935
f 2935 3460 2934
f 3463 3462 2937
f 3462 2935 2937
f 3462 3461 2935
f 2939 2940 3463
f 2940 3462 3463
f 2940 3464 3462
f 3466 3465 2942
f 3465 2940 2942
f 3465 3464 2940
f 3465 3466 3396
f 3396 3466 3395
f 3466 2943 3395
f 2943 2944 3395
f 3467 3398 3395
f 2944 3467 3395
f 2945 3467 2944
f 2945 2877 3399
f 2945 3399 3467
f 2947 3468 3403
f 2947 3403 2881
f 3468 2948 2949
f 3405 3468 2949
f 3403 3468 3405
f 3405 2949 2883
f 2951 3469 3408
f 2951 3408 2886
f 3469 2954 2953
f 3410 3469 2953
f 3408 3469 3410
f 2953 3412 3410
f 2953 3470 3412
f 2953 2887 3411
f 3470 2953 3411
f 3470 3411 2890
f 2955 3470 2890
f 3471 3470 2955
f 3472 2955 2956
f 3472 3471 2955
f 2957 3415 3416
f 3472 2957 3416
f 2956 2957 3472
f 3473 2957 2959
f 3473 3415 2957
f 3473 2961 2894
f 3415 3473 2894
f 3418 3474 3417
f 2962 2961 3473
f 3474 3418 2898
f 2963 3474 2898
f 3475 3474 2963
f 2964 3419 3420
f 3475 2964 3420
f 2963 2964 3475
f 3419 2964 2965
f 3419 2965 3423
f 3423 2965 2966
f 3423 2966 3425
f 3425 2966 2967
f 3425 2967 3427
f 3429 3476 3428
f 2901 3427 2967
f 3476 3429 3430
f 2970 3433 2906
f 3433 2970 2971
f 3433 2971 3435
f 3435 2971 2972
f 3435 2972 3437
f 3437 2972 2908
f 3477 3440 3439
f 3477 3439 2911
f 2973 3477 2911
f 3478 3477 2973
f 3479 2973 2974
f 3479 3478 2973
f 2975 3441 3442
f 3479 2975 3442
f 2974 2975 3479
f 2975 3445 3441
f 2975 3480 3445
f 2975 2914 3444
f 3480 2975 3444
f 2916 2976 3448
f 3444 3447 3480
f 3450 3481 3449
f 2918 3448 2976
f 2920 2977 3453
f 3450 3452 3481
f 2977 3455 3453
f 2977 3482 3455
f 2977 2922 3454
f 3482 2977 3454
f 3482 3454 2924
f 2978 3482 2924
f 3483 3482 2978
f 3484 2978 2979
f 3484 3483 2978
f 2979 2926 3456
f 2979 3456 3484
f 2980 3457 2927
f 3457 2980 2931
f 3485 3459 2932
f 3485 2932 2981
f 2981 2934 3460
f 2981 3460 3485
f 2982 3463 2937
f 3463 2982 2939
f 2983 3466 2942
f 3466 2983 2943
f 2984 3468 2947
f 3468 2984 2948
f 2985 3469 2951
f 3469 2985 2954
f 2986 3473 2959
f 3473 2986 2962
f 3488 3487 3486
f 3489 3486 3487
f 2989 3490 2988
f 2990 2988 3490
f 3493 3492 3491
f 3495 3494 3493
f 3495 3493 3491
f 3496 3494 3495
f 3499 3498 3497
f 3501 3500 3497
f 3501 3497 3498
f 3502 3500 3501
f 3505 3504 3503
f 3506 3503 3504
f 3509 3508 3507
f 3511 3510 3507
f 3511 3507 3508
f 3513 3512 3510
f 3513 3510 3511
f 3514 2994 2995
f 3515 3512 3513
f 3514 2996 2994
f 3518 3517 3516
f 3520 3519 3516
f 3520 3516 3517
f 3521 2998 2999
f 3522 3519 3520
f 3523 3001 2998
f 3523 2998 3521
f 3001 3523 3524
f 3525 3001 3524
f 3003 3001 3525
f 3486 3005 3488
f 3005 3525 3488
f 3005 3003 3525
f 3527 3526 3006
f 3527 3006 3005
f 3489 3527 3005
f 3486 3489 3005
f 3007 3008 3526
f 3527 3007 3526
f 3528 3007 3527
f 3007 3529 3009
f 3528 3529 3007
f 3009 3529 2989
f 3529 3530 2989
f 3530 3490 2989
f 3530 3529 3531
f 3532 3492 3493
f 3490 3010 2990
f 3010 3490 3533
f 3530 3533 3490
f 3010 3533 3011
f 3534 3011 3533
f 3011 3534 3494
f 3532 3494 3534
f 3494 3532 3493
f 3496 3535 3494
f 3535 3011 3494
f 3535 3012 3011
f 3535 3537 3536
f 3013 3535 3536
f 3012 3535 3013
f 3539 3536 3538
f 3539 3013 3536
f 3539 3540 3015
f 3013 3539 3015
f 3017 3016 3540
f 3539 3017 3540
f 3541 3017 3539
f 3017 3542 3018
f 3541 3542 3017
f 3018 3543 3020
f 3542 3543 3018
f 3543 3545 3544
f 3021 3543 3544
f 3020 3543 3021
f 3021 3544 3546
f 3547 3021 3546
f 3022 3021 3547
f 3022 3548 3023
f 3547 3548 3022
f 3023 3549 3024
f 3548 3549 3023
f 3025 3024 3549
f 3025 3549 3550
f 3552 3551 3027
f 3552 3027 3028
f 3497 3029 3499
f 3029 3551 3499
f 3029 3027 3551
f 3029 3497 3030
f 3030 3497 3500
f 3502 3553 3500
f 3553 3030 3500
f 3553 3032 3030
f 3032 3554 3034
f 3553 3554 3032
f 3034 3555 3035
f 3554 3555 3034
f 3035 3556 3036
f 3555 3556 3035
f 3036 3557 3038
f 3556 3557 3036
f 3503 3039 3505
f 3039 3557 3505
f 3039 3038 3557
f 3506 3558 3503
f 3558 3039 3503
f 3558 3040 3039
f 3040 3559 3041
f 3558 3559 3040
f 3559 3561 3560
f 3042 3559 3560
f 3041 3559 3042
f 3042 3560 3562
f 3563 3042 3562
f 3043 3042 3563
f 3507 3044 3509
f 3044 3563 3509
f 3044 3043 3563
f 3044 3507 3045
f 3045 3507 3510
f 3045 3510 3046
f 3046 3510 3512
f 3512 3515 3046
f 3515 3564 3046
f 3514 2995 3046
f 3514 3046 3564
f 3514 3564 2996
f 3564 3047 2996
f 3564 3565 3047
f 3047 3566 3048
f 3565 3566 3047
f 3516 3049 3518
f 3049 3566 3518
f 3049 3048 3566
f 3049 3516 3050
f 3050 3516 3519
f 3519 3522 3050
f 3522 3567 3050
f 3521 2999 3050
f 3521 3050 3567
f 3521 3567 3523
f 3523 3567 3568
f 3523 3568 3524
f 3526 3051 3006
f 3051 3526 3008
f 3531 3569 3530
f 3530 3569 3533
f 3533 3569 3570
f 3533 3570 3534
f 3537 3571 3536
f 3540 3052 3015
f 3571 3538 3536
f 3052 3540 3016
f 3545 3572 3544
f 3054 3572 3573
f 3572 3054 3544
f 3055 3544 3054
f 3544 3055 3546
f 3574 3546 3055
f 3575 3055 3056
f 3575 3574 3055
f 3056 3058 3575
f 3575 3058 3576
f 3550 3059 3025
f 3577 3059 3550
f 3579 3578 3060
f 3579 3060 3061
f 3028 3060 3552
f 3552 3060 3578
f 3561 3580 3560
f 3560 3580 3562
f 3573 3063 3054
f 3581 3063 3573
f 3065 3576 3058
f 3065 3582 3576
f 3577 3583 3059
f 3059 3583 3066
f 3068 3066 3583
f 3068 3583 3584
f 3069 3579 3061
f 3069 3585 3579
f 3581 3586 3063
f 3063 3586 3070
f 3070 3587 3071
f 3586 3587 3070
f 3065 3071 3582
f 3582 3071 3587
f 3584 3072 3068
f 3588 3072 3584
f 3073 3585 3069
f 3073 3589 3585
f 3588 3074 3072
f 3590 3074 3588
f 3592 3591 3075
f 3592 3075 3076
f 3073 3075 3589
f 3589 3075 3591
f 3590 3077 3074
f 3593 3077 3590
f 3078 3592 3076
f 3078 3594 3592
f 3593 3079 3077
f 3595 3079 3593
f 3081 3594 3078
f 3081 3596 3594
f 3595 3082 3079
f 3597 3082 3595
f 3084 3596 3081
f 3084 3598 3596
f 3600 3599 3087
f 3087 3599 3086
f 3601 3087 3088
f 3601 3600 3087
f 3602 3088 3090
f 3602 3601 3088
f 3090 3092 3602
f 3602 3092 3603
f 3597 3093 3082
f 3604 3093 3597
f 3084 3094 3605
f 3606 3084 3605
f 3598 3084 3606
f 3095 3605 3094
f 3599 3097 3086
f 3607 3097 3599
f 3100 3603 3092
f 3100 3608 3603
f 3611 3610 3609
f 3604 3611 3609
f 3101 3604 3609
f 3093 3604 3101
f 3606 3605 3612
f 3606 3612 3613
f 3102 3612 3095
f 3095 3612 3605
f 3607 3104 3097
f 3614 3104 3607
f 3107 3608 3100
f 3107 3615 3608
f 3610 3616 3609
f 3101 3609 3616
f 3617 3101 3616
f 3108 3101 3617
f 3618 3613 3612
f 3612 3102 3618
f 3102 3619 3618
f 3102 3109 3619
f 3614 3111 3104
f 3620 3111 3614
f 3114 3615 3107
f 3114 3621 3615
f 3617 3115 3108
f 3622 3115 3617
f 3116 3619 3109
f 3116 3623 3619
f 3620 3118 3111
f 3624 3118 3620
f 3121 3621 3114
f 3121 3625 3621
f 3622 3122 3115
f 3626 3122 3622
f 3123 3623 3116
f 3123 3627 3623
f 3629 3628 3126
f 3126 3628 3125
f 3630 3126 3127
f 3630 3629 3126
f 3631 3127 3129
f 3631 3630 3127
f 3632 3129 3131
f 3632 3631 3129
f 3131 3118 3624
f 3131 3624 3632
f 3136 3625 3121
f 3136 3633 3625
f 3626 3137 3122
f 3634 3137 3626
f 3138 3627 3123
f 3138 3635 3627
f 3628 3140 3125
f 3636 3140 3628
f 3147 3633 3136
f 3147 3637 3633
f 3638 3148 3149
f 3639 3638 3149
f 3137 3639 3149
f 3634 3639 3137
f 3150 3635 3138
f 3150 3640 3635
f 3642 3641 3153
f 3153 3641 3152
f 3153 3140 3636
f 3153 3636 3642
f 3161 3637 3147
f 3161 3643 3637
f 3645 3644 3638
f 3644 3148 3638
f 3644 3162 3148
f 3645 3638 3639
f 3163 3640 3150
f 3163 3646 3640
f 3641 3165 3152
f 3647 3165 3641
f 3173 3643 3161
f 3173 3648 3643
f 3644 3174 3162
f 3649 3174 3644
f 3175 3646 3163
f 3175 3650 3646
f 3647 3177 3165
f 3651 3177 3647
f 3185 3648 3173
f 3185 3652 3648
f 3649 3186 3174
f 3653 3186 3649
f 3656 3655 3654
f 3188 3189 3654
f 3655 3188 3654
f 3657 3188 3655
f 3175 3188 3650
f 3650 3188 3657
f 3651 3191 3177
f 3658 3191 3651
f 3199 3652 3185
f 3199 3659 3652
f 3200 3186 3660
f 3186 3661 3660
f 3186 3653 3661
f 3660 3202 3200
f 3656 3654 3662
f 3656 3662 3663
f 3204 3662 3189
f 3189 3662 3654
f 3658 3206 3191
f 3664 3206 3658
f 3214 3659 3199
f 3214 3665 3659
f 3660 3661 3217
f 3661 3215 3217
f 3661 3666 3215
f 3660 3217 3202
f 3667 3663 3662
f 3662 3204 3667
f 3204 3668 3667
f 3204 3219 3668
f 3670 3669 3222
f 3222 3669 3221
f 3671 3222 3223
f 3671 3670 3222
f 3223 3206 3664
f 3223 3664 3671
f 3233 3665 3214
f 3233 3672 3665
f 3666 3235 3215
f 3673 3235 3666
f 3237 3668 3219
f 3237 3674 3668
f 3669 3239 3221
f 3675 3239 3669
f 3249 3672 3233
f 3249 3676 3672
f 3673 3250 3235
f 3677 3250 3673
f 3252 3674 3237
f 3252 3678 3674
f 3680 3679 3255
f 3255 3679 3254
f 3681 3255 3256
f 3681 3680 3255
f 3682 3256 3258
f 3682 3681 3256
f 3258 3239 3675
f 3258 3675 3682
f 3270 3676 3249
f 3270 3683 3676
f 3685 3271 3684
f 3271 3677 3684
f 3271 3250 3677
f 3686 3685 3684
f 3687 3678 3252
f 3687 3252 3272
f 3272 3273 3687
f 3687 3273 3688
f 3679 3275 3254
f 3689 3275 3679
f 3288 3683 3270
f 3288 3690 3683
f 3692 3289 3691
f 3289 3271 3691
f 3691 3271 3685
f 3693 3691 3685
f 3685 3686 3693
f 3289 3692 3291
f 3292 3688 3273
f 3292 3694 3688
f 3689 3294 3275
f 3695 3294 3689
f 3307 3690 3288
f 3307 3696 3690
f 3691 3697 3692
f 3291 3692 3697
f 3698 3291 3697
f 3309 3291 3698
f 3310 3694 3292
f 3310 3699 3694
f 3695 3700 3294
f 3294 3700 3311
f 3313 3311 3700
f 3313 3700 3701
f 3325 3696 3307
f 3325 3702 3696
f 3703 3326 3327
f 3704 3703 3327
f 3309 3704 3327
f 3698 3704 3309
f 3328 3699 3310
f 3328 3705 3699
f 3701 3330 3313
f 3706 3330 3701
f 3342 3702 3325
f 3342 3707 3702
f 3703 3343 3326
f 3344 3343 3703
f 3704 3344 3703
f 3708 3344 3704
f 3345 3705 3328
f 3345 3709 3705
f 3706 3710 3330
f 3330 3710 3346
f 3346 3711 3347
f 3710 3711 3346
f 3347 3712 3348
f 3711 3712 3347
f 3348 3713 3349
f 3712 3713 3348
f 3349 3714 3350
f 3713 3714 3349
f 3350 3715 3351
f 3714 3715 3350
f 3351 3716 3352
f 3715 3716 3351
f 3352 3717 3353
f 3716 3717 3352
f 3353 3718 3354
f 3717 3718 3353
f 3354 3719 3355
f 3718 3719 3354
f 3355 3720 3356
f 3719 3720 3355
f 3356 3721 3357
f 3720 3721 3356
f 3342 3357 3707
f 3707 3357 3721
f 3708 3358 3344
f 3722 3358 3708
f 3724 3723 3360
f 3724 3360 3361
f 3345 3360 3709
f 3709 3360 3723
f 3722 3362 3358
f 3725 3362 3722
f 3728 3727 3726
f 3727 3724 3726
f 3724 3364 3726
f 3724 3361 3364
f 3725 3365 3362
f 3729 3365 3725
f 3732 3731 3730
f 3730 3731 3728
f 3730 3728 3726
f 3368 3730 3726
f 3367 3368 3726
f 3367 3726 3364
f 3729 3369 3365
f 3733 3369 3729
f 3732 3730 3371
f 3372 3732 3371
f 3734 3732 3372
f 3371 3730 3368
f 3735 3373 3374
f 3375 3735 3374
f 3733 3376 3369
f 3736 3376 3733
f 3378 3738 3737
f 3734 3378 3737
f 3372 3378 3734
f 3735 3379 3373
f 3739 3737 3738
f 3379 3735 3375
f 3740 3382 3383
f 3384 3740 3383
f 3741 3386 3387
f 3388 3741 3387
f 3736 3389 3376
f 3742 3389 3736
f 3390 3738 3378
f 3390 3391 3738
f 3391 3743 3738
f 3743 3739 3738
f 3391 3744 3743
f 3744 3391 3745
f 3391 3746 3745
f 3391 3393 3746
f 3393 3394 3746
f 3746 3394 3747
f 3750 3749 3748
f 3752 3751 3748
f 3748 3751 3750
f 3396 3397 3753
f 3751 3752 3754
f 3753 3397 3398
f 3757 3756 3755
f 3399 3400 3755
f 3400 3757 3755
f 3400 3758 3757
f 3759 3400 3401
f 3759 3758 3400
f 3760 3401 3402
f 3760 3759 3401
f 3761 3402 3404
f 3761 3760 3402
f 3762 3404 3406
f 3762 3761 3404
f 3763 3406 3407
f 3763 3762 3406
f 3764 3407 3409
f 3764 3763 3407
f 3766 3765 3412
f 3765 3409 3412
f 3765 3764 3409
f 3768 3767 3766
f 3766 3767 3765
f 3740 3413 3382
f 3768 3769 3767
f 3769 3768 3770
f 3740 3384 3413
f 3414 3770 3416
f 3770 3414 3769
f 3771 3769 3414
f 3771 3414 3386
f 3772 3771 3386
f 3741 3772 3386
f 3771 3772 3773
f 3417 3774 3388
f 3775 3388 3774
f 3388 3775 3741
f 3776 3741 3775
f 3741 3776 3772
f 3778 3777 3774
f 3774 3777 3775
f 3420 3421 3778
f 3421 3777 3778
f 3421 3779 3777
f 3780 3421 3422
f 3780 3779 3421
f 3781 3422 3424
f 3781 3780 3422
f 3783 3781 3782
f 3781 3426 3782
f 3781 3424 3426
f 3785 3782 3784
f 3782 3426 3784
f 3428 3786 3784
f 3428 3784 3426
f 3786 3430 3784
f 3430 3431 3784
f 3788 3787 3784
f 3788 3784 3431
f 3432 3789 3431
f 3431 3789 3788
f 3434 3790 3432
f 3432 3790 3789
f 3436 3791 3434
f 3434 3791 3790
f 3791 3436 3792
f 3436 3793 3792
f 3436 3438 3793
f 3795 3794 3440
f 3794 3438 3440
f 3794 3793 3438
f 3795 3796 3794
f 3797 3442 3443
f 3445 3797 3443
f 3798 3447 3446
f 3449 3798 3446
f 3799 3452 3451
f 3455 3799 3451
f 3742 3456 3389
f 3800 3456 3742
f 3801 3743 3744
f 3801 3744 3745
f 3394 3458 3802
f 3803 3394 3802
f 3747 3394 3803
f 3802 3458 3459
f 3806 3805 3804
f 3460 3461 3804
f 3461 3806 3804
f 3461 3807 3806
f 3808 3461 3462
f 3808 3807 3461
f 3464 3748 3749
f 3808 3464 3749
f 3462 3464 3808
f 3748 3464 3465
f 3748 3465 3752
f 3465 3754 3752
f 3465 3809 3754
f 3465 3396 3753
f 3809 3465 3753
f 3809 3755 3756
f 3809 3467 3755
f 3809 3753 3398
f 3467 3809 3398
f 3755 3467 3399
f 3470 3766 3412
f 3766 3470 3471
f 3766 3471 3768
f 3768 3471 3472
f 3768 3472 3770
f 3770 3472 3416
f 3810 3773 3772
f 3417 3474 3774
f 3772 3776 3810
f 3774 3474 3475
f 3774 3475 3778
f 3778 3475 3420
f 3811 3783 3782
f 3428 3476 3786
f 3782 3785 3811
f 3788 3812 3787
f 3430 3786 3476
f 3812 3788 3789
f 3812 3789 3813
f 3813 3789 3790
f 3813 3790 3814
f 3814 3790 3791
f 3814 3791 3815
f 3815 3791 3792
f 3477 3795 3440
f 3816 3796 3795
f 3477 3816 3795
f 3478 3816 3477
f 3817 3478 3479
f 3817 3816 3478
f 3479 3442 3797
f 3818 3479 3797
f 3817 3479 3818
f 3818 3797 3445
f 3480 3818 3445
f 3819 3818 3480
f 3480 3447 3798
f 3820 3480 3798
f 3819 3480 3820
f 3820 3798 3449
f 3481 3820 3449
f 3821 3820 3481
f 3481 3452 3799
f 3822 3481 3799
f 3821 3481 3822
f 3822 3799 3455
f 3482 3822 3455
f 3823 3822 3482
f 3824 3482 3483
f 3824 3823 3482
f 3825 3483 3484
f 3825 3824 3483
f 3484 3456 3800
f 3484 3800 3825
f 3826 3803 3802
f 3826 3804 3805
f 3826 3485 3804
f 3826 3802 3459
f 3485 3826 3459
f 3804 3485 3460
f 3829 3828 3827
f 3830 3827 3828
f 3488 3831 3487
f 3831 3489 3487
f 3492 3832 3491
f 3833 3495 3491
f 3833 3491 3832
f 3833 3496 3495
f 3499 3834 3498
f 3835 3501 3498
f 3835 3498 3834
f 3835 3502 3501
f 3838 3837 3836
f 3839 3836 3837
f 3842 3841 3840
f 3843 3840 3841
f 3505 3844 3504
f 3844 3506 3504
f 3829 3827 3508
f 3509 3829 3508
f 3845 3829 3509
f 3511 3508 3827
f 3846 3511 3827
f 3830 3846 3827
f 3847 3511 3846
f 3848 3513 3511
f 3848 3511 3847
f 3848 3515 3513
f 3518 3849 3517
f 3850 3520 3517
f 3850 3517 3849
f 3850 3522 3520
f 3524 3851 3525
f 3831 3488 3525
f 3851 3831 3525
f 3852 3831 3851
f 3831 3852 3489
f 3852 3853 3489
f 3853 3527 3489
f 3852 3854 3853
f 3853 3856 3855
f 3528 3853 3855
f 3527 3853 3528
f 3857 3529 3528
f 3857 3528 3855
f 3857 3531 3529
f 3532 3832 3492
f 3833 3832 3858
f 3832 3534 3858
f 3534 3859 3858
f 3534 3832 3532
f 3858 3861 3860
f 3858 3860 3535
f 3833 3858 3535
f 3496 3833 3535
f 3863 3860 3862
f 3863 3535 3860
f 3863 3864 3537
f 3535 3863 3537
f 3539 3538 3864
f 3863 3539 3864
f 3865 3539 3863
f 3865 3867 3866
f 3541 3865 3866
f 3539 3865 3541
f 3541 3866 3868
f 3869 3541 3868
f 3542 3541 3869
f 3542 3870 3543
f 3869 3870 3542
f 3545 3543 3870
f 3545 3870 3871
f 3546 3872 3547
f 3873 3548 3547
f 3873 3547 3872
f 3874 3549 3548
f 3874 3548 3873
f 3874 3550 3549
f 3876 3875 3551
f 3876 3551 3552
f 3499 3551 3834
f 3551 3877 3834
f 3551 3875 3877
f 3834 3877 3835
f 3835 3877 3878
f 3835 3878 3502
f 3878 3553 3502
f 3878 3879 3553
f 3881 3838 3880
f 3882 3881 3880
f 3883 3882 3880
f 3879 3883 3880
f 3553 3879 3880
f 3554 3553 3880
f 3836 3554 3880
f 3838 3836 3880
f 3555 3554 3884
f 3885 3555 3884
f 3886 3885 3884
f 3882 3886 3884
f 3881 3882 3884
f 3839 3881 3884
f 3836 3839 3884
f 3554 3836 3884
f 3840 3556 3842
f 3556 3885 3842
f 3556 3555 3885
f 3843 3887 3840
f 3887 3556 3840
f 3887 3557 3556
f 3505 3557 3844
f 3557 3888 3844
f 3557 3887 3888
f 3844 3888 3506
f 3888 3558 3506
f 3888 3889 3558
f 3558 3890 3559
f 3889 3890 3558
f 3892 3891 3561
f 3559 3892 3561
f 3890 3892 3559
f 3563 3562 3891
f 3892 3563 3891
f 3893 3563 3892
f 3509 3563 3845
f 3845 3563 3893
f 3846 3894 3847
f 3847 3894 3848
f 3848 3894 3895
f 3848 3895 3515
f 3895 3564 3515
f 3895 3896 3564
f 3564 3897 3565
f 3896 3897 3564
f 3565 3898 3566
f 3897 3898 3565
f 3518 3566 3849
f 3566 3899 3849
f 3566 3898 3899
f 3849 3899 3850
f 3850 3899 3900
f 3850 3900 3522
f 3900 3567 3522
f 3900 3901 3567
f 3567 3902 3568
f 3901 3902 3567
f 3524 3568 3851
f 3568 3903 3851
f 3568 3902 3903
f 3851 3903 3852
f 3852 3903 3904
f 3852 3904 3854
f 3856 3905 3855
f 3855 3905 3857
f 3857 3905 3906
f 3857 3906 3531
f 3906 3569 3531
f 3906 3907 3569
f 3569 3908 3570
f 3907 3908 3569
f 3534 3570 3859
f 3859 3570 3908
f 3861 3909 3860
f 3864 3571 3537
f 3909 3862 3860
f 3571 3864 3538
f 3867 3910 3866
f 3866 3910 3868
f 3871 3911 3545
f 3545 3911 3572
f 3546 3574 3872
f 3912 3572 3911
f 3572 3912 3573
f 3872 3574 3575
f 3872 3575 3873
f 3874 3873 3913
f 3873 3576 3913
f 3576 3914 3913
f 3576 3873 3575
f 3550 3874 3913
f 3915 3550 3913
f 3577 3550 3915
f 3917 3916 3578
f 3917 3578 3579
f 3552 3578 3876
f 3876 3578 3916
f 3883 3918 3882
f 3882 3918 3886
f 3891 3580 3561
f 3580 3891 3562
f 3912 3581 3573
f 3919 3581 3912
f 3582 3914 3576
f 3582 3920 3914
f 3583 3577 3921
f 3577 3922 3921
f 3577 3915 3922
f 3921 3584 3583
f 3585 3924 3923
f 3917 3585 3923
f 3579 3585 3917
f 3926 3925 3924
f 3924 3925 3923
f 3926 3927 3925
f 3919 3928 3581
f 3581 3928 3586
f 3586 3929 3587
f 3928 3929 3586
f 3582 3587 3920
f 3920 3587 3929
f 3921 3922 3930
f 3930 3922 3931
f 3930 3588 3584
f 3930 3584 3921
f 3589 3932 3924
f 3589 3924 3585
f 3924 3933 3926
f 3924 3932 3933
f 3927 3926 3934
f 3934 3926 3933
f 3931 3935 3930
f 3588 3930 3935
f 3936 3588 3935
f 3590 3588 3936
f 3938 3937 3591
f 3938 3591 3592
f 3589 3591 3932
f 3591 3939 3932
f 3591 3937 3939
f 3932 3939 3933
f 3933 3939 3940
f 3933 3940 3934
f 3936 3593 3590
f 3941 3593 3936
f 3594 3938 3592
f 3594 3942 3938
f 3945 3944 3943
f 3941 3945 3943
f 3595 3941 3943
f 3593 3941 3595
f 3596 3942 3594
f 3596 3946 3942
f 3944 3947 3943
f 3595 3943 3947
f 3948 3595 3947
f 3597 3595 3948
f 3598 3950 3949
f 3946 3598 3949
f 3596 3598 3946
f 3950 3951 3949
f 3954 3953 3952
f 3956 3955 3952
f 3952 3955 3954
f 3958 3957 3956
f 3956 3957 3955
f 3960 3959 3958
f 3958 3959 3957
f 3962 3961 3960
f 3960 3961 3959
f 3964 3963 3962
f 3962 3963 3961
f 3966 3965 3964
f 3964 3965 3963
f 3968 3967 3966
f 3966 3967 3965
f 3970 3969 3968
f 3968 3969 3967
f 3599 3600 3970
f 3600 3969 3970
f 3600 3971 3969
f 3972 3600 3601
f 3972 3971 3600
f 3973 3601 3602
f 3973 3972 3601
f 3602 3603 3973
f 3973 3603 3974
f 3977 3976 3975
f 3948 3977 3975
f 3604 3948 3975
f 3597 3948 3604
f 3606 3978 3950
f 3606 3950 3598
f 3951 3950 3979
f 3979 3950 3978
f 3952 3953 3980
f 3980 3953 3981
f 3952 3982 3956
f 3952 3980 3982
f 3956 3983 3958
f 3956 3982 3983
f 3958 3984 3960
f 3958 3983 3984
f 3960 3985 3962
f 3960 3984 3985
f 3962 3986 3964
f 3962 3985 3986
f 3964 3987 3966
f 3964 3986 3987
f 3966 3988 3968
f 3966 3987 3988
f 3968 3989 3970
f 3968 3988 3989
f 3989 3607 3599
f 3989 3599 3970
f 3608 3974 3603
f 3608 3990 3974
f 3991 3610 3611
f 3976 3992 3975
f 3993 3975 3992
f 3993 3604 3975
f 3993 3991 3611
f 3604 3993 3611
f 3613 3994 3978
f 3613 3978 3606
f 3979 3978 3995
f 3978 3996 3995
f 3978 3994 3996
f 3998 3997 3996
f 3996 3997 3995
f 4000 3999 3998
f 3998 3999 3997
f 4002 4001 4000
f 4000 4001 3999
f 4004 4003 4002
f 4002 4003 4001
f 4006 4005 4004
f 4004 4005 4003
f 4008 4007 4006
f 4006 4007 4005
f 4010 4009 4008
f 4008 4009 4007
f 4012 4011 4010
f 4010 4011 4009
f 4014 4013 4012
f 4012 4013 4011
f 4016 4015 4014
f 4014 4015 4013
f 4018 4017 4016
f 4016 4017 4015
f 4020 4019 4018
f 4018 4019 4017
f 4022 4021 4020
f 4020 4021 4019
f 4024 4023 4022
f 4022 4023 4021
f 4026 4025 4024
f 4024 4025 4023
f 4028 4027 4026
f 4026 4027 4025
f 4030 4029 4028
f 4028 4029 4027
f 4032 4031 4030
f 4030 4031 4029
f 4034 4033 4032
f 4032 4033 4031
f 4036 4035 4034
f 4034 4035 4033
f 4038 4037 4036
f 4036 4037 4035
f 4040 4039 4038
f 4038 4039 4037
f 4042 4041 4040
f 4040 4041 4039
f 4044 4043 4042
f 4042 4043 4041
f 4043 4044 3981
f 4044 3980 3981
f 4044 4045 3980
f 3980 4046 3982
f 3980 4045 4046
f 3982 4047 3983
f 3982 4046 4047
f 3983 4048 3984
f 3983 4047 4048
f 3984 4049 3985
f 3984 4048 4049
f 3985 4050 3986
f 3985 4049 4050
f 3986 4051 3987
f 3986 4050 4051
f 3987 4052 3988
f 3987 4051 4052
f 3988 4053 3989
f 3988 4052 4053
f 4053 3614 3607
f 4053 3607 3989
f 3615 3990 3608
f 3615 4054 3990
f 3991 3616 3610
f 3617 3616 3991
f 3993 3617 3991
f 4055 3617 3993
f 3618 3994 3613
f 3994 3618 3619
f 4056 3994 3619
f 3996 3994 4056
f 3996 4057 3998
f 3996 4056 4057
f 3998 4058 4000
f 3998 4057 4058
f 4000 4059 4002
f 4000 4058 4059
f 4002 4060 4004
f 4002 4059 4060
f 4004 4061 4006
f 4004 4060 4061
f 4006 4062 4008
f 4006 4061 4062
f 4008 4063 4010
f 4008 4062 4063
f 4010 4064 4012
f 4010 4063 4064
f 4012 4065 4014
f 4012 4064 4065
f 4014 4066 4016
f 4014 4065 4066
f 4016 4067 4018
f 4016 4066 4067
f 4018 4068 4020
f 4018 4067 4068
f 4020 4069 4022
f 4020 4068 4069
f 4022 4070 4024
f 4022 4069 4070
f 4024 4071 4026
f 4024 4070 4071
f 4026 4072 4028
f 4026 4071 4072
f 4028 4073 4030
f 4028 4072 4073
f 4030 4074 4032
f 4030 4073 4074
f 4032 4075 4034
f 4032 4074 4075
f 4034 4076 4036
f 4034 4075 4076
f 4036 4077 4038
f 4036 4076 4077
f 4038 4078 4040
f 4038 4077 4078
f 4040 4079 4042
f 4040 4078 4079
f 4042 4080 4044
f 4042 4079 4080
f 4044 4081 4045
f 4044 4080 4081
f 4045 4082 4046
f 4045 4081 4082
f 4046 4083 4047
f 4046 4082 4083
f 4047 4084 4048
f 4047 4083 4084
f 4048 4085 4049
f 4048 4084 4085
f 4049 4086 4050
f 4049 4085 4086
f 4050 4087 4051
f 4050 4086 4087
f 4051 4088 4052
f 4051 4087 4088
f 4052 4089 4053
f 4052 4088 4089
f 4089 3620 3614
f 4089 3614 4053
f 3621 4054 3615
f 3621 4090 4054
f 4055 3622 3617
f 4091 3622 4055
f 3623 4092 4056
f 3623 4056 3619
f 4056 4093 4057
f 4056 4092 4093
f 4057 4094 4058
f 4057 4093 4094
f 4058 4095 4059
f 4058 4094 4095
f 4059 4096 4060
f 4059 4095 4096
f 4060 4097 4061
f 4060 4096 4097
f 4061 4098 4062
f 4061 4097 4098
f 4062 4099 4063
f 4062 4098 4099
f 4063 4100 4064
f 4063 4099 4100
f 4064 4101 4065
f 4064 4100 4101
f 4065 4102 4066
f 4065 4101 4102
f 4066 4103 4067
f 4066 4102 4103
f 4067 4104 4068
f 4067 4103 4104
f 4068 4105 4069
f 4068 4104 4105
f 4069 4106 4070
f 4069 4105 4106
f 4070 4107 4071
f 4070 4106 4107
f 4071 4108 4072
f 4071 4107 4108
f 4072 4109 4073
f 4072 4108 4109
f 4073 4110 4074
f 4073 4109 4110
f 4074 4111 4075
f 4074 4110 4111
f 4075 4112 4076
f 4075 4111 4112
f 4076 4113 4077
f 4076 4112 4113
f 4077 4114 4078
f 4077 4113 4114
f 4078 4115 4079
f 4078 4114 4115
f 4079 4116 4080
f 4079 4115 4116
f 4080 4117 4081
f 4080 4116 4117
f 4081 4118 4082
f 4081 4117 4118
f 4082 4119 4083
f 4082 4118 4119
f 4083 4120 4084
f 4083 4119 4120
f 4084 4121 4085
f 4084 4120 4121
f 4085 4122 4086
f 4085 4121 4122
f 4086 4123 4087
f 4086 4122 4123
f 4087 4124 4088
f 4087 4123 4124
f 4088 4125 4089
f 4088 4124 4125
f 4125 3624 3620
f 4125 3620 4089
f 3625 4090 3621
f 3625 4126 4090
f 4091 3626 3622
f 4127 3626 4091
f 3627 4128 4092
f 3627 4092 3623
f 4092 4129 4093
f 4092 4128 4129
f 4093 4130 4094
f 4093 4129 4130
f 4094 4131 4095
f 4094 4130 4131
f 4095 4132 4096
f 4095 4131 4132
f 4096 4133 4097
f 4096 4132 4133
f 4097 4134 4098
f 4097 4133 4134
f 4098 4135 4099
f 4098 4134 4135
f 4099 4136 4100
f 4099 4135 4136
f 4100 4137 4101
f 4100 4136 4137
f 4101 4138 4102
f 4101 4137 4138
f 4102 4139 4103
f 4102 4138 4139
f 4103 4140 4104
f 4103 4139 4140
f 4104 4141 4105
f 4104 4140 4141
f 4105 4142 4106
f 4105 4141 4142
f 4106 4143 4107
f 4106 4142 4143
f 4107 4144 4108
f 4107 4143 4144
f 4108 4145 4109
f 4108 4144 4145
f 4109 4146 4110
f 4109 4145 4146
f 4110 4147 4111
f 4110 4146 4147
f 4111 4148 4112
f 4111 4147 4148
f 4112 4149 4113
f 4112 4148 4149
f 4113 4150 4114
f 4113 4149 4150
f 4114 4151 4115
f 4114 4150 4151
f 4115 4152 4116
f 4115 4151 4152
f 4116 4153 4117
f 4116 4152 4153
f 4117 4154 4118
f 4117 4153 4154
f 4118 4155 4119
f 4118 4154 4155
f 4119 4156 4120
f 4119 4155 4156
f 4120 4157 4121
f 4120 4156 4157
f 4157 3628 3629
f 4122 4157 3629
f 4121 4157 4122
f 4122 3629 3630
f 4122 3630 4123
f 4123 3630 3631
f 4123 3631 4124
f 4124 3631 3632
f 4124 3632 4125
f 4125 3632 3624
f 3633 4126 3625
f 3633 4158 4126
f 4127 3634 3626
f 4159 3634 4127
f 3635 4160 4128
f 3635 4128 3627
f 4128 4161 4129
f 4128 4160 4161
f 4129 4162 4130
f 4129 4161 4162
f 4130 4163 4131
f 4130 4162 4163
f 4131 4164 4132
f 4131 4163 4164
f 4132 4165 4133
f 4132 4164 4165
f 4133 4166 4134
f 4133 4165 4166
f 4134 4167 4135
f 4134 4166 4167
f 4135 4168 4136
f 4135 4167 4168
f 4136 4169 4137
f 4136 4168 4169
f 4137 4170 4138
f 4137 4169 4170
f 4138 4171 4139
f 4138 4170 4171
f 4139 4172 4140
f 4139 4171 4172
f 4140 4173 4141
f 4140 4172 4173
f 4141 4174 4142
f 4141 4173 4174
f 4142 4175 4143
f 4142 4174 4175
f 4143 4176 4144
f 4143 4175 4176
f 4144 4177 4145
f 4144 4176 4177
f 4145 4178 4146
f 4145 4177 4178
f 4146 4179 4147
f 4146 4178 4179
f 4147 4180 4148
f 4147 4179 4180
f 4148 4181 4149
f 4148 4180 4181
f 4149 4182 4150
f 4149 4181 4182
f 4150 4183 4151
f 4150 4182 4183
f 4151 4184 4152
f 4151 4183 4184
f 4152 4185 4153
f 4152 4184 4185
f 4153 4186 4154
f 4153 4185 4186
f 4154 4187 4155
f 4154 4186 4187
f 4155 4188 4156
f 4155 4187 4188
f 4156 4189 4157
f 4156 4188 4189
f 4189 3636 3628
f 4189 3628 4157
f 3637 4158 3633
f 3637 4190 4158
f 4159 3639 3634
f 4191 3639 4159
f 3640 4192 4160
f 3640 4160 3635
f 4160 4193 4161
f 4160 4192 4193
f 4161 4194 4162
f 4161 4193 4194
f 4162 4195 4163
f 4162 4194 4195
f 4163 4196 4164
f 4163 4195 4196
f 4164 4197 4165
f 4164 4196 4197
f 4165 4198 4166
f 4165 4197 4198
f 4166 4199 4167
f 4166 4198 4199
f 4167 4200 4168
f 4167 4199 4200
f 4168 4201 4169
f 4168 4200 4201
f 4169 4202 4170
f 4169 4201 4202
f 4170 4203 4171
f 4170 4202 4203
f 4205 4172 4204
f 4172 4203 4204
f 4172 4171 4203
f 4172 4205 4173
f 4173 4205 4206
f 4173 4206 4174
f 4174 4206 4207
f 4209 4208 4207
f 4208 4174 4207
f 4208 4175 4174
f 4175 4210 4176
f 4175 4208 4210
f 4176 4211 4177
f 4176 4210 4211
f 4177 4212 4178
f 4177 4211 4212
f 4178 4213 4179
f 4178 4212 4213
f 4179 4214 4180
f 4179 4213 4214
f 4180 4215 4181
f 4180 4214 4215
f 4181 4216 4182
f 4181 4215 4216
f 4182 4217 4183
f 4182 4216 4217
f 4183 4218 4184
f 4183 4217 4218
f 4184 4219 4185
f 4184 4218 4219
f 4185 4220 4186
f 4185 4219 4220
f 4186 4221 4187
f 4186 4220 4221
f 4187 4222 4188
f 4187 4221 4222
f 4222 3641 3642
f 4189 4222 3642
f 4188 4222 4189
f 4189 3642 3636
f 3643 4190 3637
f 3643 4223 4190
f 4225 4224 3645
f 3645 4224 3644
f 3645 3639 4191
f 3645 4191 4225
f 3646 4226 4192
f 3646 4192 3640
f 4192 4227 4193
f 4192 4226 4227
f 4193 4228 4194
f 4193 4227 4228
f 4194 4229 4195
f 4194 4228 4229
f 4195 4230 4196
f 4195 4229 4230
f 4196 4231 4197
f 4196 4230 4231
f 4197 4232 4198
f 4197 4231 4232
f 4198 4233 4199
f 4198 4232 4233
f 4199 4234 4200
f 4199 4233 4234
f 4200 4235 4201
f 4200 4234 4235
f 4201 4236 4202
f 4201 4235 4236
f 4202 4237 4203
f 4202 4236 4237
f 4204 4203 4238
f 4238 4203 4237
f 4208 4209 4239
f 4239 4209 4240
f 4208 4241 4210
f 4208 4239 4241
f 4210 4242 4211
f 4210 4241 4242
f 4211 4243 4212
f 4211 4242 4243
f 4212 4244 4213
f 4212 4243 4244
f 4213 4245 4214
f 4213 4244 4245
f 4214 4246 4215
f 4214 4245 4246
f 4215 4247 4216
f 4215 4246 4247
f 4216 4248 4217
f 4216 4247 4248
f 4217 4249 4218
f 4217 4248 4249
f 4218 4250 4219
f 4218 4249 4250
f 4219 4251 4220
f 4219 4250 4251
f 4220 4252 4221
f 4220 4251 4252
f 4221 4253 4222
f 4221 4252 4253
f 4253 3647 3641
f 4253 3641 4222
f 3648 4223 3643
f 3648 4254 4223
f 4224 3649 3644
f 4255 3649 4224
f 3650 4256 4226
f 3650 4226 3646
f 4226 4257 4227
f 4226 4256 4257
f 4227 4258 4228
f 4227 4257 4258
f 4228 4259 4229
f 4228 4258 4259
f 4229 4260 4230
f 4229 4259 4260
f 4230 4261 4231
f 4230 4260 4261
f 4231 4262 4232
f 4231 4261 4262
f 4232 4263 4233
f 4232 4262 4263
f 4233 4264 4234
f 4233 4263 4264
f 4234 4265 4235
f 4234 4264 4265
f 4235 4266 4236
f 4235 4265 4266
f 4236 4267 4237
f 4236 4266 4267
f 4238 4237 4268
f 4268 4237 4267
f 4239 4240 4269
f 4269 4240 4270
f 4239 4271 4241
f 4239 4269 4271
f 4241 4272 4242
f 4241 4271 4272
f 4242 4273 4243
f 4242 4272 4273
f 4243 4274 4244
f 4243 4273 4274
f 4244 4275 4245
f 4244 4274 4275
f 4245 4276 4246
f 4245 4275 4276
f 4246 4277 4247
f 4246 4276 4277
f 4247 4278 4248
f 4247 4277 4278
f 4248 4279 4249
f 4248 4278 4279
f 4249 4280 4250
f 4249 4279 4280
f 4250 4281 4251
f 4250 4280 4281
f 4251 4282 4252
f 4251 4281 4282
f 4252 4283 4253
f 4252 4282 4283
f 4283 3651 3647
f 4283 3647 4253
f 3652 4254 3648
f 3652 4284 4254
f 4255 3653 3649
f 4285 3653 4255
f 3656 4286 3655
f 4287 3657 3655
f 4287 3655 4286
f 4256 3650 3657
f 4287 4256 3657
f 4288 4256 4287
f 4256 4289 4257
f 4256 4288 4289
f 4257 4290 4258
f 4257 4289 4290
f 4258 4291 4259
f 4258 4290 4291
f 4259 4292 4260
f 4259 4291 4292
f 4260 4293 4261
f 4260 4292 4293
f 4261 4294 4262
f 4261 4293 4294
f 4262 4295 4263
f 4262 4294 4295
f 4263 4296 4264
f 4263 4295 4296
f 4264 4297 4265
f 4264 4296 4297
f 4265 4298 4266
f 4265 4297 4298
f 4266 4299 4267
f 4266 4298 4299
f 4268 4267 4300
f 4267 4301 4300
f 4267 4299 4301
f 4303 4302 4301
f 4301 4302 4300
f 4305 4304 4303
f 4303 4304 4302
f 4304 4305 4270
f 4305 4269 4270
f 4305 4306 4269
f 4269 4307 4271
f 4269 4306 4307
f 4271 4308 4272
f 4271 4307 4308
f 4272 4309 4273
f 4272 4308 4309
f 4273 4310 4274
f 4273 4309 4310
f 4274 4311 4275
f 4274 4310 4311
f 4275 4312 4276
f 4275 4311 4312
f 4276 4313 4277
f 4276 4312 4313
f 4277 4314 4278
f 4277 4313 4314
f 4278 4315 4279
f 4278 4314 4315
f 4279 4316 4280
f 4279 4315 4316
f 4280 4317 4281
f 4280 4316 4317
f 4281 4318 4282
f 4281 4317 4318
f 4282 4319 4283
f 4282 4318 4319
f 4319 3658 3651
f 4319 3651 4283
f 3659 4284 3652
f 3659 4320 4284
f 4322 3661 4321
f 3661 4285 4321
f 3661 3653 4285
f 4323 4322 4321
f 3663 4324 4286
f 3663 4286 3656
f 4286 4325 4287
f 4286 4324 4325
f 4287 4326 4288
f 4287 4325 4326
f 4288 4327 4289
f 4288 4326 4327
f 4289 4328 4290
f 4289 4327 4328
f 4290 4329 4291
f 4290 4328 4329
f 4291 4330 4292
f 4291 4329 4330
f 4292 4331 4293
f 4292 4330 4331
f 4293 4332 4294
f 4293 4331 4332
f 4294 4333 4295
f 4294 4332 4333
f 4295 4334 4296
f 4295 4333 4334
f 4296 4335 4297
f 4296 4334 4335
f 4297 4336 4298
f 4297 4335 4336
f 4298 4337 4299
f 4298 4336 4337
f 4299 4338 4301
f 4299 4337 4338
f 4301 4339 4303
f 4301 4338 4339
f 4303 4340 4305
f 4303 4339 4340
f 4305 4341 4306
f 4305 4340 4341
f 4306 4342 4307
f 4306 4341 4342
f 4307 4343 4308
f 4307 4342 4343
f 4308 4344 4309
f 4308 4343 4344
f 4309 4345 4310
f 4309 4344 4345
f 4310 4346 4311
f 4310 4345 4346
f 4311 4347 4312
f 4311 4346 4347
f 4312 4348 4313
f 4312 4347 4348
f 4313 4349 4314
f 4313 4348 4349
f 4314 4350 4315
f 4314 4349 4350
f 4315 4351 4316
f 4315 4350 4351
f 4316 4352 4317
f 4316 4351 4352
f 4317 4353 4318
f 4317 4352 4353
f 4318 4354 4319
f 4318 4353 4354
f 4354 3664 3658
f 4354 3658 4319
f 3665 4320 3659
f 3665 4355 4320
f 4357 4356 4322
f 4356 3661 4322
f 4356 3666 3661
f 4357 4322 4323
f 3667 4324 3663
f 4324 3667 3668
f 4358 4324 3668
f 4325 4324 4358
f 4325 4359 4326
f 4325 4358 4359
f 4326 4360 4327
f 4326 4359 4360
f 4327 4361 4328
f 4327 4360 4361
f 4328 4362 4329
f 4328 4361 4362
f 4329 4363 4330
f 4329 4362 4363
f 4330 4364 4331
f 4330 4363 4364
f 4331 4365 4332
f 4331 4364 4365
f 4332 4366 4333
f 4332 4365 4366
f 4333 4367 4334
f 4333 4366 4367
f 4334 4368 4335
f 4334 4367 4368
f 4335 4369 4336
f 4335 4368 4369
f 4336 4370 4337
f 4336 4369 4370
f 4337 4371 4338
f 4337 4370 4371
f 4338 4372 4339
f 4338 4371 4372
f 4339 4373 4340
f 4339 4372 4373
f 4340 4374 4341
f 4340 4373 4374
f 4341 4375 4342
f 4341 4374 4375
f 4342 4376 4343
f 4342 4375 4376
f 4343 4377 4344
f 4343 4376 4377
f 4344 4378 4345
f 4344 4377 4378
f 4345 4379 4346
f 4345 4378 4379
f 4346 4380 4347
f 4346 4379 4380
f 4347 4381 4348
f 4347 4380 4381
f 4348 4382 4349
f 4348 4381 4382
f 4349 4383 4350
f 4349 4382 4383
f 4350 4384 4351
f 4350 4383 4384
f 4351 4385 4352
f 4351 4384 4385
f 4385 3669 3670
f 4353 4385 3670
f 4352 4385 4353
f 4353 3670 3671
f 4353 3671 4354
f 4354 3671 3664
f 3672 4355 3665
f 3672 4386 4355
f 4356 3673 3666
f 4387 3673 4356
f 3674 4388 4358
f 3674 4358 3668
f 4358 4389 4359
f 4358 4388 4389
f 4359 4390 4360
f 4359 4389 4390
f 4360 4391 4361
f 4360 4390 4391
f 4361 4392 4362
f 4361 4391 4392
f 4362 4393 4363
f 4362 4392 4393
f 4363 4394 4364
f 4363 4393 4394
f 4364 4395 4365
f 4364 4394 4395
f 4365 4396 4366
f 4365 4395 4396
f 4366 4397 4367
f 4366 4396 4397
f 4367 4398 4368
f 4367 4397 4398
f 4368 4399 4369
f 4368 4398 4399
f 4369 4400 4370
f 4369 4399 4400
f 4370 4401 4371
f 4370 4400 4401
f 4371 4402 4372
f 4371 4401 4402
f 4372 4403 4373
f 4372 4402 4403
f 4373 4404 4374
f 4373 4403 4404
f 4374 4405 4375
f 4374 4404 4405
f 4375 4406 4376
f 4375 4405 4406
f 4376 4407 4377
f 4376 4406 4407
f 4377 4408 4378
f 4377 4407 4408
f 4378 4409 4379
f 4378 4408 4409
f 4379 4410 4380
f 4379 4409 4410
f 4380 4411 4381
f 4380 4410 4411
f 4381 4412 4382
f 4381 4411 4412
f 4382 4413 4383
f 4382 4412 4413
f 4383 4414 4384
f 4383 4413 4414
f 4384 4415 4385
f 4384 4414 4415
f 4415 3675 3669
f 4415 3669 4385
f 3676 4386 3672
f 3676 4416 4386
f 4387 3677 3673
f 4417 3677 4387
f 3678 4418 4388
f 3678 4388 3674
f 4388 4419 4389
f 4388 4418 4419
f 4389 4420 4390
f 4389 4419 4420
f 4390 4421 4391
f 4390 4420 4421
f 4391 4422 4392
f 4391 4421 4422
f 4392 4423 4393
f 4392 4422 4423
f 4393 4424 4394
f 4393 4423 4424
f 4394 4425 4395
f 4394 4424 4425
f 4395 4426 4396
f 4395 4425 4426
f 4396 4427 4397
f 4396 4426 4427
f 4397 4428 4398
f 4397 4427 4428
f 4398 4429 4399
f 4398 4428 4429
f 4399 4430 4400
f 4399 4429 4430
f 4400 4431 4401
f 4400 4430 4431
f 4401 4432 4402
f 4401 4431 4432
f 4402 4433 4403
f 4402 4432 4433
f 4403 4434 4404
f 4403 4433 4434
f 4404 4435 4405
f 4404 4434 4435
f 4405 4436 4406
f 4405 4435 4436
f 4406 4437 4407
f 4406 4436 4437
f 4407 4438 4408
f 4407 4437 4438
f 4408 4439 4409
f 4408 4438 4439
f 4409 4440 4410
f 4409 4439 4440
f 4410 4441 4411
f 4410 4440 4441
f 4411 4442 4412
f 4411 4441 4442
f 4442 3679 3680
f 4413 4442 3680
f 4412 4442 4413
f 4413 3680 3681
f 4413 3681 4414
f 4414 3681 3682
f 4414 3682 4415
f 4415 3682 3675
f 3683 4416 3676
f 3683 4443 4416
f 3684 3677 4444
f 3677 4445 4444
f 3677 4417 4445
f 4444 3686 3684
f 3687 4418 3678
f 4418 3687 3688
f 4446 4418 3688
f 4419 4418 4446
f 4419 4447 4420
f 4419 4446 4447
f 4420 4448 4421
f 4420 4447 4448
f 4421 4449 4422
f 4421 4448 4449
f 4422 4450 4423
f 4422 4449 4450
f 4423 4451 4424
f 4423 4450 4451
f 4424 4452 4425
f 4424 4451 4452
f 4425 4453 4426
f 4425 4452 4453
f 4426 4454 4427
f 4426 4453 4454
f 4427 4455 4428
f 4427 4454 4455
f 4428 4456 4429
f 4428 4455 4456
f 4429 4457 4430
f 4429 4456 4457
f 4430 4458 4431
f 4430 4457 4458
f 4431 4459 4432
f 4431 4458 4459
f 4432 4460 4433
f 4432 4459 4460
f 4433 4461 4434
f 4433 4460 4461
f 4434 4462 4435
f 4434 4461 4462
f 4435 4463 4436
f 4435 4462 4463
f 4436 4464 4437
f 4436 4463 4464
f 4437 4465 4438
f 4437 4464 4465
f 4438 4466 4439
f 4438 4465 4466
f 4439 4467 4440
f 4439 4466 4467
f 4440 4468 4441
f 4440 4467 4468
f 4441 4469 4442
f 4441 4468 4469
f 4469 3689 3679
f 4469 3679 4442
f 3690 4471 4470
f 4443 3690 4470
f 3683 3690 4443
f 4471 4472 4470
f 4474 4473 4445
f 4473 3691 4445
f 3693 4444 4445
f 3693 4445 3691
f 3693 3686 4444
f 4473 4474 4475
f 3694 4476 4446
f 3694 4446 3688
f 4446 4477 4447
f 4446 4476 4477
f 4447 4478 4448
f 4447 4477 4478
f 4448 4479 4449
f 4448 4478 4479
f 4449 4480 4450
f 4449 4479 4480
f 4450 4481 4451
f 4450 4480 4481
f 4451 4482 4452
f 4451 4481 4482
f 4452 4483 4453
f 4452 4482 4483
f 4453 4484 4454
f 4453 4483 4484
f 4454 4485 4455
f 4454 4484 4485
f 4455 4486 4456
f 4455 4485 4486
f 4456 4487 4457
f 4456 4486 4487
f 4457 4488 4458
f 4457 4487 4488
f 4458 4489 4459
f 4458 4488 4489
f 4459 4490 4460
f 4459 4489 4490
f 4460 4491 4461
f 4460 4490 4491
f 4461 4492 4462
f 4461 4491 4492
f 4462 4493 4463
f 4462 4492 4493
f 4463 4494 4464
f 4463 4493 4494
f 4464 4495 4465
f 4464 4494 4495
f 4465 4496 4466
f 4465 4495 4496
f 4466 4497 4467
f 4466 4496 4497
f 4467 4498 4468
f 4467 4497 4498
f 4468 4499 4469
f 4468 4498 4499
f 4499 3695 3689
f 4499 3689 4469
f 4501 4500 4471
f 3690 4501 4471
f 3696 4501 3690
f 4471 4500 4472
f 4473 3697 3691
f 3698 3697 4473
f 4475 3698 4473
f 4502 3698 4475
f 3699 4503 4476
f 3699 4476 3694
f 4476 4504 4477
f 4476 4503 4504
f 4477 4505 4478
f 4477 4504 4505
f 4478 4506 4479
f 4478 4505 4506
f 4479 4507 4480
f 4479 4506 4507
f 4480 4508 4481
f 4480 4507 4508
f 4481 4509 4482
f 4481 4508 4509
f 4482 4510 4483
f 4482 4509 4510
f 4483 4511 4484
f 4483 4510 4511
f 4484 4512 4485
f 4484 4511 4512
f 4485 4513 4486
f 4485 4512 4513
f 4486 4514 4487
f 4486 4513 4514
f 4487 4515 4488
f 4487 4514 4515
f 4488 4516 4489
f 4488 4515 4516
f 4489 4517 4490
f 4489 4516 4517
f 4490 4518 4491
f 4490 4517 4518
f 4491 4519 4492
f 4491 4518 4519
f 4492 4520 4493
f 4492 4519 4520
f 4493 4521 4494
f 4493 4520 4521
f 4494 4522 4495
f 4494 4521 4522
f 4495 4523 4496
f 4495 4522 4523
f 4496 4524 4497
f 4496 4523 4524
f 4497 4525 4498
f 4497 4524 4525
f 4498 4526 4499
f 4498 4525 4526
f 4527 3700 3695
f 4499 4527 3695
f 4526 4527 4499
f 4527 3701 3700
f 3702 4501 3696
f 3702 4528 4501
f 4502 3704 3698
f 4529 3704 4502
f 3705 4530 4503
f 3705 4503 3699
f 4503 4531 4504
f 4503 4530 4531
f 4504 4532 4505
f 4504 4531 4532
f 4505 4533 4506
f 4505 4532 4533
f 4506 4534 4507
f 4506 4533 4534
f 4507 4535 4508
f 4507 4534 4535
f 4508 4536 4509
f 4508 4535 4536
f 4509 4537 4510
f 4509 4536 4537
f 4510 4538 4511
f 4510 4537 4538
f 4511 4539 4512
f 4511 4538 4539
f 4512 4540 4513
f 4512 4539 4540
f 4513 4541 4514
f 4513 4540 4541
f 4514 4542 4515
f 4514 4541 4542
f 4515 4543 4516
f 4515 4542 4543
f 4516 4544 4517
f 4516 4543 4544
f 4517 4545 4518
f 4517 4544 4545
f 4518 4546 4519
f 4518 4545 4546
f 4519 4547 4520
f 4519 4546 4547
f 4520 4548 4521
f 4520 4547 4548
f 4521 4549 4522
f 4521 4548 4549
f 4522 4550 4523
f 4522 4549 4550
f 4523 4551 4524
f 4523 4550 4551
f 4524 4552 4525
f 4524 4551 4552
f 4525 4553 4526
f 4525 4552 4553
f 4526 4554 4527
f 4526 4553 4554
f 4554 3706 3701
f 4554 3701 4527
f 3707 4528 3702
f 3707 4555 4528
f 4529 3708 3704
f 4556 3708 4529
f 4559 4558 4557
f 4558 4560 4530
f 3709 4558 4530
f 3705 3709 4530
f 4557 4558 3709
f 4530 4560 4531
f 4531 4560 4561
f 4531 4561 4532
f 4532 4561 4562
f 4532 4562 4533
f 4533 4562 4563
f 4533 4563 4534
f 4534 4563 4564
f 4534 4564 4535
f 4535 4564 4565
f 4535 4565 4536
f 4536 4565 4566
f 4536 4566 4537
f 4537 4566 4567
f 4537 4567 4538
f 4538 4567 4568
f 4538 4568 4539
f 4539 4568 4569
f 4539 4569 4540
f 4540 4569 4570
f 4540 4570 4541
f 4541 4570 4571
f 4541 4571 4542
f 4542 4571 4572
f 4542 4572 4543
f 4543 4572 4573
f 4543 4573 4544
f 4544 4573 4574
f 4544 4574 4545
f 4545 4574 4575
f 4545 4575 4546
f 4546 4575 4576
f 4546 4576 4547
f 4547 4576 4577
f 4547 4577 4548
f 4548 4577 4578
f 4548 4578 4549
f 4549 4578 4579
f 4549 4579 4550
f 4550 4579 4580
f 4550 4580 4551
f 4551 4580 4581
f 4551 4581 4552
f 4552 4581 4582
f 4552 4582 4553
f 4553 4582 4583
f 4553 4583 4554
f 4554 4583 4584
f 4554 4584 3706
f 4584 3710 3706
f 4584 4585 3710
f 3710 4586 3711
f 4585 4586 3710
f 3711 4587 3712
f 4586 4587 3711
f 3712 4588 3713
f 4587 4588 3712
f 3713 4589 3714
f 4588 4589 3713
f 3714 4590 3715
f 4589 4590 3714
f 3715 4591 3716
f 4590 4591 3715
f 3716 4592 3717
f 4591 4592 3716
f 3717 4593 3718
f 4592 4593 3717
f 3718 4594 3719
f 4593 4594 3718
f 3719 4595 3720
f 4594 4595 3719
f 3720 4596 3721
f 4595 4596 3720
f 3707 3721 4555
f 4555 3721 4596
f 4556 3722 3708
f 4597 3722 4556
f 4559 4557 3723
f 3724 4559 3723
f 4598 4559 3724
f 3723 4557 3709
f 4597 3725 3722
f 4599 3725 4597
f 4601 4600 3727
f 4601 3727 3728
f 3724 3727 4598
f 4598 3727 4600
f 4599 3729 3725
f 4602 3729 4599
f 4604 4603 3731
f 4604 3731 3732
f 3728 3731 4601
f 4601 3731 4603
f 4602 3733 3729
f 4605 3733 4602
f 3734 4604 3732
f 3734 4606 4604
f 4605 3736 3733
f 4607 3736 4605
f 3734 3737 4608
f 4609 3734 4608
f 4606 3734 4609
f 3739 4608 3737
f 4607 3742 3736
f 4610 3742 4607
f 4611 4609 4608
f 4608 3739 4611
f 3739 4612 4611
f 3739 3743 4612
f 4613 3745 3746
f 3747 4613 3746
f 4614 3749 3750
f 4614 3750 4615
f 3750 4616 4615
f 3750 3751 4616
f 3751 3754 4616
f 4616 3754 4617
f 4619 4618 3757
f 3757 4618 3756
f 4620 3757 3758
f 4620 4619 3757
f 4621 3758 3759
f 4621 4620 3758
f 4622 3759 3760
f 4622 4621 3759
f 4623 3760 3761
f 4623 4622 3760
f 4624 3761 3762
f 4624 4623 3761
f 4625 3762 3763
f 4625 4624 3762
f 4626 3763 3764
f 4626 4625 3763
f 4628 4626 4627
f 4626 3765 4627
f 4626 3764 3765
f 4627 3765 4629
f 3765 4630 4629
f 3765 3767 4630
f 4631 3767 3769
f 4631 4630 3767
f 4632 3769 3771
f 4632 4631 3769
f 4634 4633 3773
f 4633 3771 3773
f 4633 4632 3771
f 3776 3775 4634
f 3775 4633 4634
f 3775 4635 4633
f 4637 4635 4636
f 4635 3777 4636
f 4635 3775 3777
f 4636 3777 4638
f 3777 4639 4638
f 3777 3779 4639
f 4640 3779 3780
f 4640 4639 3779
f 4641 3780 3781
f 4641 4640 3780
f 4643 4642 3783
f 4642 3781 3783
f 4642 4641 3781
f 4643 3785 4642
f 3785 3784 4642
f 4645 4644 4642
f 4645 4642 3784
f 3787 4645 3784
f 4648 4647 4646
f 4646 4649 4648
f 4652 4651 4650
f 3792 3793 4653
f 4652 4650 4654
f 3794 4655 3793
f 3793 4655 4653
f 3796 4655 3794
f 4658 4657 4656
f 4610 4658 4656
f 3800 4610 4656
f 3742 4610 3800
f 4659 4612 3743
f 4659 3743 3801
f 3801 3745 4613
f 4660 3801 4613
f 4659 3801 4660
f 3747 3803 4613
f 3803 4661 4613
f 4661 4660 4613
f 4661 3803 4662
f 3805 3806 4663
f 4661 4662 4664
f 4663 3806 4665
f 3806 4666 4665
f 3806 3807 4666
f 4667 3807 3808
f 4667 4666 3807
f 3808 3749 4614
f 4668 3808 4614
f 4667 3808 4668
f 4668 4614 4615
f 4669 4617 3754
f 4669 3754 3809
f 3809 3756 4618
f 3809 4618 4669
f 4670 4628 4627
f 4670 4627 4629
f 3810 4634 3773
f 4634 3810 3776
f 4671 4637 4636
f 4671 4636 4638
f 3811 4643 3783
f 4645 4672 4644
f 3785 4643 3811
f 4672 4645 3787
f 3812 4672 3787
f 4673 4672 3812
f 3813 4646 4647
f 4673 3813 4647
f 3812 3813 4673
f 4674 4649 4646
f 3813 4674 4646
f 3814 4674 3813
f 3815 4650 4651
f 4674 3815 4651
f 3814 3815 4674
f 3815 4654 4650
f 3815 4675 4654
f 3815 3792 4653
f 4675 3815 4653
f 4675 4653 4655
f 4675 4655 4676
f 4676 4655 3796
f 3816 4676 3796
f 4677 4676 3816
f 4678 3816 3817
f 4678 4677 3816
f 4679 3817 3818
f 4679 4678 3817
f 4680 3818 3819
f 4680 4679 3818
f 4681 3819 3820
f 4681 4680 3819
f 4682 3820 3821
f 4682 4681 3820
f 4684 4682 4683
f 4682 3822 4683
f 4682 3821 3822
f 4683 3822 4685
f 3822 4686 4685
f 3822 3823 4686
f 4687 3823 3824
f 4687 4686 3823
f 3825 4656 4657
f 4687 3825 4657
f 3824 3825 4687
f 4656 3825 3800
f 3826 4662 3803
f 3826 4664 4662
f 3826 4688 4664
f 3826 3805 4663
f 4688 3826 4663
f 4688 4663 4665
f 4689 4684 4683
f 4689 4683 4685
f 3829 4690 3828
f 4690 3830 3828
f 3838 4691 3837
f 4691 3839 3837
f 3842 4692 3841
f 4692 3843 3841
f 3845 4693 4690
f 3845 4690 3829
f 4693 3846 3830
f 4693 3830 4690
f 3854 4694 3853
f 4694 3856 3853
f 3859 4695 3858
f 4695 3861 3858
f 3862 4696 3863
f 4697 3865 3863
f 4697 3863 4696
f 4697 3867 3865
f 3868 4698 3869
f 4699 3870 3869
f 4699 3869 4698
f 4699 3871 3870
f 4702 4701 4700
f 4703 4700 4701
f 4705 4704 3875
f 4705 3875 3876
f 4704 4707 4706
f 3877 4704 4706
f 3875 4704 3877
f 4708 3878 3877
f 4708 3877 4706
f 4709 3879 3878
f 4709 3878 4708
f 3881 4691 3838
f 3883 3879 4709
f 3839 4691 3881
f 3885 3886 4710
f 4692 3842 3885
f 4710 4692 3885
f 4711 4692 4710
f 4712 3887 3843
f 4692 4712 3843
f 4711 4712 4692
f 4713 3888 3887
f 4713 3887 4712
f 4714 3889 3888
f 4714 3888 4713
f 4715 3890 3889
f 4715 3889 4714
f 4716 3892 3890
f 4716 3890 4715
f 4717 3893 3892
f 4717 3892 4716
f 4693 3845 3893
f 4717 4693 3893
f 4718 4693 4717
f 4719 3894 3846
f 4693 4719 3846
f 4718 4719 4693
f 3894 4719 4720
f 4721 3894 4720
f 3895 3894 4721
f 3895 4722 3896
f 4721 4722 3895
f 3896 4723 3897
f 4722 4723 3896
f 4723 4725 4724
f 3898 4723 4724
f 3897 4723 3898
f 4726 3899 3898
f 4726 3898 4724
f 3899 4726 4727
f 4728 3899 4727
f 3900 3899 4728
f 3900 4729 3901
f 4728 4729 3900
f 3901 4730 3902
f 4729 4730 3901
f 3902 4731 3903
f 4730 4731 3902
f 4731 4733 4732
f 3904 4731 4732
f 3903 4731 3904
f 4694 3854 3904
f 4732 4694 3904
f 4734 4694 4732
f 4735 3905 3856
f 4694 4735 3856
f 4734 4735 4694
f 3905 4735 4736
f 4737 3905 4736
f 3906 3905 4737
f 4737 4739 4738
f 3907 4737 4738
f 3906 4737 3907
f 4740 3908 3907
f 4740 3907 4738
f 4695 3859 3908
f 4740 4695 3908
f 4741 4695 4740
f 4695 4741 3861
f 4741 4742 3861
f 4742 3909 3861
f 4741 4743 4742
f 3862 3909 4696
f 3909 4744 4696
f 3909 4742 4744
f 4696 4744 4697
f 4697 4744 4745
f 4697 4745 3867
f 4745 3910 3867
f 4745 4746 3910
f 3868 3910 4698
f 3910 4747 4698
f 3910 4746 4747
f 4698 4747 4699
f 4699 4747 4748
f 4699 4748 3871
f 4748 3911 3871
f 4748 4749 3911
f 4751 4750 3912
f 3911 4751 3912
f 4749 4751 3911
f 4750 4751 4702
f 4700 4750 4702
f 4752 4750 4700
f 4753 3913 3914
f 4700 4753 3914
f 4752 4700 3914
f 4753 4700 4703
f 3915 3913 4753
f 3915 4753 4754
f 4756 4755 3916
f 4756 3916 3917
f 3876 3916 4705
f 4705 3916 4755
f 4707 4757 4706
f 4706 4757 4708
f 4708 4757 4758
f 4708 4758 4709
f 4709 4758 4759
f 4709 4759 3883
f 4759 3918 3883
f 4759 4760 3918
f 3886 3918 4710
f 3918 4761 4710
f 3918 4760 4761
f 4710 4761 4711
f 4711 4761 4762
f 4711 4762 4712
f 4712 4762 4763
f 4712 4763 4713
f 4713 4763 4764
f 4766 4765 4764
f 4765 4713 4764
f 4765 4714 4713
f 4768 4715 4767
f 4715 4765 4767
f 4715 4714 4765
f 4715 4768 4716
f 4716 4768 4769
f 4716 4769 4717
f 4717 4769 4770
f 4717 4770 4718
f 4718 4770 4771
f 4718 4771 4719
f 4719 4771 4772
f 4719 4772 4720
f 4725 4773 4724
f 4724 4773 4726
f 4726 4773 4774
f 4726 4774 4727
f 4732 4733 4775
f 4775 4733 4776
f 4778 4734 4777
f 4734 4775 4777
f 4734 4732 4775
f 4734 4778 4735
f 4735 4778 4779
f 4735 4779 4736
f 4739 4780 4738
f 4738 4780 4740
f 4740 4780 4781
f 4740 4781 4741
f 4741 4781 4782
f 4741 4782 4743
f 4783 3919 4750
f 4750 3919 3912
f 4784 4750 4752
f 4783 4750 4784
f 3920 4784 3914
f 3914 4784 4752
f 4754 3922 3915
f 4785 3922 4754
f 3917 3923 4786
f 4787 3917 4786
f 4756 3917 4787
f 3925 4788 3923
f 3923 4788 4786
f 3927 4788 3925
f 4766 4789 4765
f 4765 4789 4767
f 4776 4790 4775
f 4775 4790 4777
f 4783 3928 3919
f 3928 4783 3929
f 3929 4783 4784
f 3929 4784 3920
f 4785 3931 3922
f 4791 3931 4785
f 4787 4786 4792
f 4787 4792 4793
f 4794 4786 4788
f 4792 4786 4794
f 3934 4794 3927
f 3927 4794 4788
f 4791 4795 3931
f 3931 4795 3935
f 3936 3935 4795
f 3936 4795 4796
f 4798 4797 3937
f 4798 3937 3938
f 4792 3939 4793
f 3939 4797 4793
f 3939 3937 4797
f 3939 4792 3940
f 3940 4792 4794
f 3940 4794 3934
f 4796 3941 3936
f 4799 3941 4796
f 3942 4798 3938
f 3942 4800 4798
f 4802 4801 3945
f 3945 4801 3944
f 3945 3941 4799
f 3945 4799 4802
f 3946 4800 3942
f 3946 4803 4800
f 4801 4804 3944
f 3944 4804 3947
f 3948 3947 4804
f 3948 4804 4805
f 4806 4803 3946
f 4806 3946 3949
f 3949 3951 4806
f 4806 3951 4807
f 4808 3953 3954
f 3955 4809 3954
f 3954 4809 4808
f 3957 4810 3955
f 3955 4810 4809
f 3959 4811 3957
f 3957 4811 4810
f 3961 4812 3959
f 3959 4812 4811
f 3963 4813 3961
f 3961 4813 4812
f 3965 4814 3963
f 3963 4814 4813
f 3967 4815 3965
f 3965 4815 4814
f 3969 4816 3967
f 3967 4816 4815
f 3971 4817 3969
f 3969 4817 4816
f 3972 4818 3971
f 3971 4818 4817
f 3973 4819 3972
f 3972 4819 4818
f 3974 4819 3973
f 4820 3976 3977
f 4821 4820 3977
f 3948 4821 3977
f 4805 4821 3948
f 3979 4807 3951
f 3979 4822 4807
f 4823 3981 4808
f 4808 3981 3953
f 4824 4808 4809
f 4823 4808 4824
f 4825 4809 4810
f 4824 4809 4825
f 4826 4810 4811
f 4825 4810 4826
f 4827 4811 4812
f 4826 4811 4827
f 4828 4812 4813
f 4827 4812 4828
f 4829 4813 4814
f 4828 4813 4829
f 4830 4814 4815
f 4829 4814 4830
f 4831 4815 4816
f 4830 4815 4831
f 4832 4816 4817
f 4831 4816 4832
f 4833 4817 4818
f 4832 4817 4833
f 4834 4818 4819
f 4833 4818 4834
f 3990 4834 3974
f 3974 4834 4819
f 4820 3992 3976
f 3993 3992 4820
f 4821 3993 4820
f 4835 3993 4821
f 4836 4822 3979
f 4836 3979 3995
f 4837 3995 3997
f 4837 4836 3995
f 4838 3997 3999
f 4838 4837 3997
f 4839 3999 4001
f 4839 4838 3999
f 4840 4001 4003
f 4840 4839 4001
f 4841 4003 4005
f 4841 4840 4003
f 4842 4005 4007
f 4842 4841 4005
f 4843 4007 4009
f 4843 4842 4007
f 4844 4009 4011
f 4844 4843 4009
f 4845 4011 4013
f 4845 4844 4011
f 4846 4013 4015
f 4846 4845 4013
f 4847 4015 4017
f 4847 4846 4015
f 4848 4017 4019
f 4848 4847 4017
f 4849 4019 4021
f 4849 4848 4019
f 4850 4021 4023
f 4850 4849 4021
f 4851 4023 4025
f 4851 4850 4023
f 4852 4025 4027
f 4852 4851 4025
f 4853 4027 4029
f 4853 4852 4027
f 4854 4029 4031
f 4854 4853 4029
f 4855 4031 4033
f 4855 4854 4031
f 4856 4033 4035
f 4856 4855 4033
f 4857 4035 4037
f 4857 4856 4035
f 4858 4037 4039
f 4858 4857 4037
f 4859 4039 4041
f 4859 4858 4039
f 4860 4041 4043
f 4860 4859 4041
f 4043 3981 4823
f 4861 4043 4823
f 4860 4043 4861
f 4861 4823 4824
f 4861 4824 4862
f 4862 4824 4825
f 4862 4825 4863
f 4863 4825 4826
f 4863 4826 4864
f 4864 4826 4827
f 4864 4827 4865
f 4865 4827 4828
f 4865 4828 4866
f 4866 4828 4829
f 4866 4829 4867
f 4867 4829 4830
f 4867 4830 4868
f 4868 4830 4831
f 4868 4831 4869
f 4869 4831 4832
f 4869 4832 4870
f 4870 4832 4833
f 4870 4833 4871
f 4871 4833 4834
f 4871 4834 4872
f 4834 3990 4872
f 3990 4873 4872
f 3990 4054 4873
f 4835 4055 3993
f 4874 4055 4835
f 4090 4873 4054
f 4090 4875 4873
f 4874 4091 4055
f 4876 4091 4874
f 4126 4875 4090
f 4126 4877 4875
f 4880 4879 4878
f 4876 4880 4878
f 4127 4876 4878
f 4091 4876 4127
f 4883 4882 4881
f 4885 4884 4881
f 4885 4881 4882
f 4887 4886 4884
f 4887 4884 4885
f 4889 4888 4886
f 4889 4886 4887
f 4890 4888 4889
f 4158 4877 4126
f 4158 4891 4877
f 4878 4879 4892
f 4892 4879 4893
f 4892 4159 4127
f 4892 4127 4878
f 4883 4881 4894
f 4883 4894 4895
f 4896 4881 4884
f 4894 4881 4896
f 4897 4884 4886
f 4896 4884 4897
f 4898 4886 4888
f 4897 4886 4898
f 4888 4890 4899
f 4888 4899 4898
f 4190 4891 4158
f 4190 4900 4891
f 4892 4893 4901
f 4901 4893 4902
f 4901 4191 4159
f 4901 4159 4892
f 4204 4903 4205
f 4904 4206 4205
f 4904 4205 4903
f 4905 4207 4206
f 4905 4206 4904
f 4905 4209 4207
f 4895 4894 4906
f 4895 4906 4907
f 4908 4894 4896
f 4906 4894 4908
f 4909 4896 4897
f 4908 4896 4909
f 4910 4897 4898
f 4909 4897 4910
f 4898 4899 4911
f 4912 4898 4911
f 4910 4898 4912
f 4914 4913 4912
f 4914 4912 4911
f 4915 4913 4914
f 4223 4900 4190
f 4223 4916 4900
f 4901 4902 4225
f 4902 4224 4225
f 4902 4917 4224
f 4901 4225 4191
f 4238 4918 4903
f 4238 4903 4204
f 4903 4919 4904
f 4903 4918 4919
f 4904 4920 4905
f 4904 4919 4920
f 4920 4240 4209
f 4920 4209 4905
f 4907 4906 4921
f 4907 4921 4922
f 4923 4906 4908
f 4921 4906 4923
f 4924 4908 4909
f 4923 4908 4924
f 4925 4909 4910
f 4924 4909 4925
f 4926 4910 4912
f 4925 4910 4926
f 4927 4912 4913
f 4926 4912 4927
f 4913 4915 4928
f 4913 4928 4927
f 4254 4916 4223
f 4254 4929 4916
f 4917 4255 4224
f 4930 4255 4917
f 4268 4931 4918
f 4268 4918 4238
f 4918 4932 4919
f 4918 4931 4932
f 4919 4933 4920
f 4919 4932 4933
f 4933 4270 4240
f 4933 4240 4920
f 4936 4935 4934
f 4934 4935 4922
f 4921 4934 4922
f 4937 4934 4921
f 4938 4921 4923
f 4937 4921 4938
f 4939 4923 4924
f 4938 4923 4939
f 4940 4924 4925
f 4939 4924 4940
f 4941 4925 4926
f 4940 4925 4941
f 4942 4926 4927
f 4941 4926 4942
f 4927 4928 4943
f 4944 4927 4943
f 4942 4927 4944
f 4943 4929 4944
f 4929 4284 4944
f 4929 4254 4284
f 4930 4285 4255
f 4945 4285 4930
f 4300 4931 4268
f 4931 4300 4302
f 4931 4302 4932
f 4932 4302 4304
f 4932 4304 4933
f 4933 4304 4270
f 4936 4934 4946
f 4936 4946 4947
f 4948 4934 4937
f 4946 4934 4948
f 4949 4937 4938
f 4948 4937 4949
f 4950 4938 4939
f 4949 4938 4950
f 4951 4939 4940
f 4950 4939 4951
f 4952 4940 4941
f 4951 4940 4952
f 4953 4941 4942
f 4952 4941 4953
f 4954 4942 4944
f 4953 4942 4954
f 4320 4954 4284
f 4284 4954 4944
f 4945 4955 4285
f 4285 4955 4321
f 4323 4321 4955
f 4323 4955 4956
f 4947 4946 4957
f 4947 4957 4958
f 4959 4946 4948
f 4957 4946 4959
f 4960 4948 4949
f 4959 4948 4960
f 4961 4949 4950
f 4960 4949 4961
f 4962 4950 4951
f 4961 4950 4962
f 4963 4951 4952
f 4962 4951 4963
f 4964 4952 4953
f 4963 4952 4964
f 4965 4953 4954
f 4964 4953 4965
f 4355 4965 4320
f 4320 4965 4954
f 4966 4356 4357
f 4967 4966 4357
f 4323 4967 4357
f 4956 4967 4323
f 4968 4958 4957
f 4968 4957 4959
f 4968 4959 4969
f 4969 4959 4960
f 4969 4960 4970
f 4972 4971 4970
f 4960 4972 4970
f 4961 4972 4960
f 4973 4961 4962
f 4972 4961 4973
f 4974 4962 4963
f 4973 4962 4974
f 4975 4963 4964
f 4974 4963 4975
f 4976 4964 4965
f 4975 4964 4976
f 4386 4976 4355
f 4355 4976 4965
f 4977 4387 4966
f 4966 4387 4356
f 4966 4967 4978
f 4966 4978 4977
f 4971 4972 4979
f 4971 4979 4980
f 4981 4972 4973
f 4979 4972 4981
f 4982 4973 4974
f 4981 4973 4982
f 4983 4974 4975
f 4982 4974 4983
f 4984 4975 4976
f 4983 4975 4984
f 4416 4984 4386
f 4386 4984 4976
f 4986 4985 4977
f 4985 4387 4977
f 4985 4417 4387
f 4986 4977 4978
f 4989 4988 4987
f 4991 4990 4987
f 4991 4987 4988
f 4993 4992 4990
f 4993 4990 4991
f 4995 4994 4992
f 4995 4992 4993
f 4997 4996 4994
f 4997 4994 4995
f 4999 4998 4996
f 4999 4996 4997
f 5001 5000 4998
f 5001 4998 4999
f 5002 5000 5001
f 5003 4980 4979
f 5003 4979 4981
f 5003 4981 5004
f 5006 5005 5004
f 4981 5006 5004
f 4982 5006 4981
f 5007 4982 4983
f 5006 4982 5007
f 5008 4983 4984
f 5007 4983 5008
f 4443 5008 4416
f 4416 5008 4984
f 5010 4445 5009
f 4445 4985 5009
f 4445 4417 4985
f 5011 5010 5009
f 5014 5013 5012
f 5016 5015 5012
f 5016 5012 5013
f 5018 5017 5015
f 5018 5015 5016
f 5017 5018 4989
f 4987 5017 4989
f 5019 5017 4987
f 5020 4987 4990
f 5019 4987 5020
f 5021 4990 4992
f 5020 4990 5021
f 5022 4992 4994
f 5021 4992 5022
f 5023 4994 4996
f 5022 4994 5023
f 5024 4996 4998
f 5023 4996 5024
f 5025 4998 5000
f 5024 4998 5025
f 5000 5002 5026
f 5000 5026 5025
f 5029 5028 5027
f 5031 5030 5027
f 5031 5027 5028
f 5033 5032 5030
f 5033 5030 5031
f 5035 5034 5032
f 5035 5032 5033
f 5037 5036 5034
f 5037 5034 5035
f 5039 5038 5036
f 5039 5036 5037
f 5041 5040 5038
f 5041 5038 5039
f 5043 5042 5040
f 5043 5040 5041
f 5045 5044 5042
f 5045 5042 5043
f 5047 5046 5044
f 5047 5044 5045
f 5048 5046 5047
f 5051 5050 5049
f 5053 5052 5049
f 5053 5049 5050
f 5055 5054 5052
f 5055 5052 5053
f 5057 5056 5054
f 5057 5054 5055
f 5056 5057 5005
f 5006 5056 5005
f 5058 5056 5006
f 5059 5006 5007
f 5058 5006 5059
f 5060 5007 5008
f 5059 5007 5060
f 4470 5061 4443
f 5061 5008 4443
f 5061 5060 5008
f 4472 5061 4470
f 5010 4474 4445
f 4475 4474 5010
f 5011 4475 5010
f 5062 4475 5011
f 5014 5012 5063
f 5014 5063 5064
f 5065 5012 5015
f 5063 5012 5065
f 5066 5015 5017
f 5065 5015 5066
f 5067 5017 5019
f 5066 5017 5067
f 5068 5019 5020
f 5067 5019 5068
f 5069 5020 5021
f 5068 5020 5069
f 5070 5021 5022
f 5069 5021 5070
f 5071 5022 5023
f 5070 5022 5071
f 5072 5023 5024
f 5071 5023 5072
f 5073 5024 5025
f 5072 5024 5073
f 5025 5026 5074
f 5025 5074 5073
f 5029 5027 5075
f 5029 5075 5076
f 5077 5027 5030
f 5075 5027 5077
f 5078 5030 5032
f 5077 5030 5078
f 5079 5032 5034
f 5078 5032 5079
f 5080 5034 5036
f 5079 5034 5080
f 5081 5036 5038
f 5080 5036 5081
f 5082 5038 5040
f 5081 5038 5082
f 5083 5040 5042
f 5082 5040 5083
f 5084 5042 5044
f 5083 5042 5084
f 5085 5044 5046
f 5084 5044 5085
f 5046 5048 5086
f 5046 5086 5085
f 5051 5049 5087
f 5051 5087 5088
f 5089 5049 5052
f 5087 5049 5089
f 5090 5052 5054
f 5089 5052 5090
f 5091 5054 5056
f 5090 5054 5091
f 5092 5056 5058
f 5091 5056 5092
f 5093 5058 5059
f 5092 5058 5093
f 5094 5059 5060
f 5093 5059 5094
f 4501 5094 4500
f 5094 5061 4500
f 5094 5060 5061
f 4500 5061 4472
f 5062 4502 4475
f 5095 4502 5062
f 5064 5063 5096
f 5064 5096 5097
f 5098 5063 5065
f 5096 5063 5098
f 5099 5065 5066
f 5098 5065 5099
f 5100 5066 5067
f 5099 5066 5100
f 5101 5067 5068
f 5100 5067 5101
f 5069 5103 5102
f 5101 5069 5102
f 5068 5069 5101
f 5105 5104 5103
f 5069 5105 5103
f 5070 5105 5069
f 5106 5070 5071
f 5105 5070 5106
f 5107 5071 5072
f 5106 5071 5107
f 5108 5072 5073
f 5107 5072 5108
f 5073 5074 5109
f 5110 5073 5109
f 5108 5073 5110
f 5112 5111 5110
f 5112 5110 5109
f 5111 5112 5076
f 5075 5111 5076
f 5113 5111 5075
f 5114 5075 5077
f 5113 5075 5114
f 5115 5077 5078
f 5114 5077 5115
f 5116 5078 5079
f 5115 5078 5116
f 5117 5079 5080
f 5116 5079 5117
f 5118 5080 5081
f 5117 5080 5118
f 5119 5081 5082
f 5118 5081 5119
f 5120 5082 5083
f 5119 5082 5120
f 5121 5083 5084
f 5120 5083 5121
f 5122 5084 5085
f 5121 5084 5122
f 5085 5086 5123
f 5124 5085 5123
f 5122 5085 5124
f 5124 5123 5088
f 5087 5124 5088
f 5125 5124 5087
f 5126 5087 5089
f 5125 5087 5126
f 5127 5089 5090
f 5126 5089 5127
f 5128 5090 5091
f 5127 5090 5128
f 5129 5091 5092
f 5128 5091 5129
f 5130 5092 5093
f 5129 5092 5130
f 5131 5093 5094
f 5130 5093 5131
f 4528 5131 4501
f 4501 5131 5094
f 5095 4529 4502
f 5132 4529 5095
f 5097 5096 5133
f 5097 5133 5134
f 5135 5096 5098
f 5133 5096 5135
f 5136 5098 5099
f 5135 5098 5136
f 5137 5099 5100
f 5136 5099 5137
f 5138 5100 5101
f 5137 5100 5138
f 5101 5102 5139
f 5101 5139 5138
f 5104 5105 5140
f 5104 5140 5141
f 5142 5105 5106
f 5140 5105 5142
f 5143 5106 5107
f 5142 5106 5143
f 5144 5107 5108
f 5143 5107 5144
f 5145 5108 5110
f 5144 5108 5145
f 5146 5110 5111
f 5145 5110 5146
f 5147 5111 5113
f 5146 5111 5147
f 5148 5113 5114
f 5147 5113 5148
f 5149 5114 5115
f 5148 5114 5149
f 5150 5115 5116
f 5149 5115 5150
f 5151 5116 5117
f 5150 5116 5151
f 5152 5117 5118
f 5151 5117 5152
f 5153 5118 5119
f 5152 5118 5153
f 5154 5119 5120
f 5153 5119 5154
f 5155 5120 5121
f 5154 5120 5155
f 5156 5121 5122
f 5155 5121 5156
f 5157 5122 5124
f 5156 5122 5157
f 5158 5124 5125
f 5157 5124 5158
f 5159 5125 5126
f 5158 5125 5159
f 5160 5126 5127
f 5159 5126 5160
f 5161 5127 5128
f 5160 5127 5161
f 5162 5128 5129
f 5161 5128 5162
f 5163 5129 5130
f 5162 5129 5163
f 5164 5130 5131
f 5163 5130 5164
f 4555 5164 4528
f 4528 5164 5131
f 5132 4556 4529
f 5165 4556 5132
f 5167 5166 4558
f 5167 4558 4559
f 4558 5168 4560
f 5166 5168 4558
f 4560 5169 4561
f 5168 5169 4560
f 4561 5170 4562
f 5169 5170 4561
f 4562 5171 4563
f 5170 5171 4562
f 4563 5172 4564
f 5171 5172 4563
f 4564 5173 4565
f 5172 5173 4564
f 4565 5174 4566
f 5173 5174 4565
f 5133 4567 5134
f 4567 5174 5134
f 4567 4566 5174
f 4567 5133 4568
f 4568 5133 5135
f 4568 5135 4569
f 4569 5135 5136
f 4569 5136 4570
f 4570 5136 5137
f 4570 5137 4571
f 4571 5137 5138
f 5139 5175 5138
f 5175 4571 5138
f 5175 4572 4571
f 5140 4573 5141
f 4573 5175 5141
f 4573 4572 5175
f 4573 5140 4574
f 4574 5140 5142
f 4574 5142 4575
f 4575 5142 5143
f 4575 5143 4576
f 4576 5143 5144
f 4576 5144 4577
f 4577 5144 5145
f 4577 5145 4578
f 4578 5145 5146
f 4578 5146 4579
f 4579 5146 5147
f 4579 5147 4580
f 4580 5147 5148
f 4580 5148 4581
f 4581 5148 5149
f 4581 5149 4582
f 4582 5149 5150
f 4582 5150 4583
f 4583 5150 5151
f 4583 5151 4584
f 4584 5151 5152
f 4584 5152 4585
f 4585 5152 5153
f 4585 5153 4586
f 4586 5153 5154
f 4586 5154 4587
f 4587 5154 5155
f 4587 5155 4588
f 4588 5155 5156
f 4588 5156 4589
f 4589 5156 5157
f 4589 5157 4590
f 4590 5157 5158
f 4590 5158 4591
f 4591 5158 5159
f 4591 5159 4592
f 4592 5159 5160
f 4592 5160 4593
f 4593 5160 5161
f 4593 5161 4594
f 4594 5161 5162
f 4594 5162 4595
f 4595 5162 5163
f 4595 5163 4596
f 4596 5163 5164
f 4596 5164 4555
f 5165 4597 4556
f 5176 4597 5165
f 4598 5167 4559
f 4598 5177 5167
f 5176 4599 4597
f 5178 4599 5176
f 5180 5179 4600
f 5180 4600 4601
f 4598 4600 5177
f 5177 4600 5179
f 5178 4602 4599
f 5181 4602 5178
f 5183 5182 4603
f 5183 4603 4604
f 4601 4603 5180
f 5180 4603 5182
f 5181 4605 4602
f 5184 4605 5181
f 5187 5186 5185
f 5186 5183 5185
f 5183 4606 5185
f 5183 4604 4606
f 5184 4607 4605
f 5188 4607 5184
f 5189 5187 5185
f 5185 4606 5189
f 4606 5190 5189
f 4606 4609 5190
f 5188 4610 4607
f 5191 4610 5188
f 5192 5190 4609
f 5192 4609 4611
f 4611 4612 5192
f 5192 4612 5193
f 5195 5194 4616
f 4616 5194 4615
f 4616 4617 5195
f 5195 4617 5196
f 5198 5197 4619
f 4619 5197 4618
f 5199 4619 4620
f 5199 5198 4619
f 5200 4620 4621
f 5200 5199 4620
f 5202 5200 5201
f 5200 4622 5201
f 5200 4621 4622
f 4623 5203 4622
f 4622 5203 5201
f 5203 4623 5204
f 4623 5205 5204
f 4623 4624 5205
f 5206 4624 4625
f 5206 5205 4624
f 5208 5206 5207
f 5206 4626 5207
f 5206 4625 4626
f 5210 5207 5209
f 5207 4626 5209
f 4628 5211 5209
f 4628 5209 4626
f 5211 4629 5209
f 4629 4630 5209
f 5213 5212 5209
f 5213 5209 4630
f 4631 5214 4630
f 4630 5214 5213
f 4632 5215 4631
f 4631 5215 5214
f 5215 4632 5216
f 4632 5217 5216
f 4632 4633 5217
f 5219 5217 5218
f 5217 4635 5218
f 5217 4633 4635
f 5218 4635 4637
f 5222 5221 5220
f 4638 4639 5223
f 5222 5220 5224
f 4640 5225 4639
f 4639 5225 5223
f 5225 4640 5226
f 4640 5227 5226
f 4640 4641 5227
f 5229 5227 5228
f 5227 4642 5228
f 5227 4641 4642
f 4644 5228 4642
f 5230 4647 4648
f 4649 5230 4648
f 5231 4651 4652
f 4654 5231 4652
f 5232 4657 4658
f 5233 5232 4658
f 4610 5233 4658
f 5191 5233 4610
f 5234 5193 4612
f 5234 4612 4659
f 5235 4659 4660
f 5235 5234 4659
f 5236 4660 4661
f 5236 5235 4660
f 4661 4664 5236
f 5236 4664 5237
f 5239 5238 4666
f 4666 5238 4665
f 5240 4666 4667
f 5240 5239 4666
f 5241 4667 4668
f 5241 5240 4667
f 4668 4615 5194
f 4668 5194 5241
f 5242 5196 4617
f 5242 4617 4669
f 4669 4618 5197
f 4669 5197 5242
f 5243 5202 5201
f 5243 5201 5203
f 5243 5203 5244
f 5244 5203 5204
f 5245 5208 5207
f 4628 4670 5211
f 5207 5210 5245
f 5213 5246 5212
f 4629 5211 4670
f 5248 5247 5246
f 5213 5248 5246
f 5214 5248 5213
f 5215 5250 5249
f 5248 5215 5249
f 5214 5215 5248
f 5250 5215 5216
f 5251 5219 5218
f 5251 5220 5221
f 5251 4671 5220
f 5251 5218 4637
f 4671 5251 4637
f 4671 5224 5220
f 4671 5252 5224
f 4671 4638 5223
f 5252 4671 5223
f 5252 5223 5225
f 5252 5225 5253
f 5253 5225 5226
f 5254 5229 5228
f 5254 5228 4644
f 4672 5254 4644
f 5255 5254 4672
f 5257 5255 5256
f 5255 4673 5256
f 5255 4672 4673
f 4647 5230 4673
f 5230 5256 4673
f 5230 5258 5256
f 4674 5259 4649
f 5259 5230 4649
f 5259 5258 5230
f 5260 5259 4674
f 5260 4674 4651
f 5261 5260 4651
f 5231 5261 4651
f 5261 5231 4654
f 4675 5261 4654
f 5262 5261 4675
f 5264 5262 5263
f 5262 4676 5263
f 5262 4675 4676
f 4677 5265 4676
f 4676 5265 5263
f 5265 4677 5266
f 4677 5267 5266
f 4677 4678 5267
f 5268 4678 4679
f 5268 5267 4678
f 5270 5268 5269
f 5268 4680 5269
f 5268 4679 4680
f 5269 4680 5271
f 4680 5272 5271
f 4680 4681 5272
f 5274 5272 5273
f 5272 4682 5273
f 5272 4681 4682
f 4684 5273 4682
f 5275 4685 4686
f 4687 5276 4686
f 4686 5276 5275
f 4657 5232 4687
f 5232 5276 4687
f 5232 5277 5276
f 5232 5233 5278
f 5232 5278 5277
f 5279 5237 4664
f 5279 4664 4688
f 4688 4665 5238
f 4688 5238 5279
f 5280 5247 5248
f 5280 5248 5249
f 5281 5257 5256
f 5281 5256 5258
f 5281 5258 5282
f 5282 5258 5259
f 5282 5259 5283
f 5283 5259 5260
f 5284 5264 5263
f 5284 5263 5265
f 5284 5265 5285
f 5285 5265 5266
f 5286 5270 5269
f 5289 5288 5287
f 5271 5286 5269
f 5274 5273 5290
f 5289 5291 5288
f 5290 5273 4684
f 4689 5290 4684
f 5292 5290 4689
f 4689 4685 5275
f 5293 4689 5275
f 5292 4689 5293
f 5295 5294 5293
f 5275 5295 5293
f 5276 5295 5275
f 5277 5297 5296
f 5295 5277 5296
f 5276 5277 5295
f 5297 5277 5278
f 5298 5287 5288
f 5298 5288 5291
f 5299 5294 5295
f 5295 5300 5299
f 5295 5301 5300
f 5295 5296 5302
f 5301 5295 5302
f 5303 5301 5302
f 5304 5300 5301
f 5304 5301 5303
f 4702 5305 4701
f 5305 4703 4701
f 4705 5306 4704
f 5306 4707 4704
f 5308 5307 4721
f 5308 4721 4720
f 5307 5310 5309
f 4722 5307 5309
f 4721 5307 4722
f 5311 4723 4722
f 5311 4722 5309
f 5311 4725 4723
f 4727 5312 4728
f 5313 4729 4728
f 5313 4728 5312
f 5314 4730 4729
f 5314 4729 5313
f 5315 4731 4730
f 5315 4730 5314
f 5315 4733 4731
f 5318 5317 5316
f 5319 4737 4736
f 5320 5316 5317
f 5319 4739 4737
f 4743 5321 4742
f 4742 5321 5322
f 5323 4742 5322
f 4744 4742 5323
f 4744 5324 4745
f 5323 5324 4744
f 4745 5325 4746
f 5324 5325 4745
f 4746 5326 4747
f 5325 5326 4746
f 5326 5328 5327
f 4748 5326 5327
f 4747 5326 4748
f 4748 5327 5329
f 5330 4748 5329
f 4749 4748 5330
f 4749 5331 4751
f 5330 5331 4749
f 4702 4751 5305
f 4751 5332 5305
f 4751 5331 5332
f 5332 5334 5333
f 5332 5333 4753
f 5305 5332 4753
f 4703 5305 4753
f 5333 4754 4753
f 4756 5335 4755
f 5335 5336 4755
f 4755 5336 4705
f 5336 5337 4705
f 5337 5306 4705
f 5306 5337 4707
f 5337 4757 4707
f 5337 5338 4757
f 5338 5340 5339
f 4758 5338 5339
f 4757 5338 4758
f 5341 4759 4758
f 5341 4758 5339
f 5342 4760 4759
f 5342 4759 5341
f 4760 5342 5343
f 5344 4760 5343
f 4761 4760 5344
f 5344 5346 5345
f 4762 5344 5345
f 4761 5344 4762
f 4762 5345 5347
f 5348 4762 5347
f 4763 4762 5348
f 5348 5350 5349
f 4764 5348 5349
f 4763 5348 4764
f 5349 4766 4764
f 5352 5351 4768
f 5352 4768 4767
f 4768 5353 4769
f 5351 5353 4768
f 5353 5355 5354
f 4770 5353 5354
f 4769 5353 4770
f 5356 4771 4770
f 5356 4770 5354
f 5357 4772 4771
f 5357 4771 5356
f 5308 4720 5358
f 4720 5357 5358
f 5357 5359 5358
f 4720 4772 5357
f 5358 5359 5310
f 5359 5309 5310
f 5359 5360 5309
f 5309 5361 5311
f 5309 5360 5361
f 5311 5361 4725
f 5361 5362 4725
f 5362 4773 4725
f 5361 5363 5362
f 4773 5364 4774
f 5362 5364 4773
f 4774 5364 4727
f 5364 5365 4727
f 5365 5312 4727
f 5365 5364 5366
f 5312 5367 5313
f 5312 5365 5367
f 5313 5368 5314
f 5313 5367 5368
f 5314 5369 5315
f 5314 5368 5369
f 4733 5370 4776
f 5370 4733 5371
f 5315 5371 4733
f 5371 5315 5372
f 5369 5372 5315
f 5371 4777 5370
f 5371 4778 4777
f 5371 5374 5373
f 4778 5371 5373
f 4778 5316 4779
f 5316 4778 5318
f 5373 5318 4778
f 5318 5373 5375
f 5376 5375 5373
f 4736 4779 5377
f 5319 4736 5377
f 5378 5319 5377
f 5379 5378 5377
f 5376 5379 5377
f 5375 5376 5377
f 5320 5375 5377
f 5316 5320 5377
f 4779 5316 5377
f 5319 5378 4739
f 5378 4780 4739
f 5378 5380 4780
f 5380 5382 5381
f 4781 5380 5381
f 4780 5380 4781
f 5383 4782 4781
f 5383 4781 5381
f 5383 5384 4782
f 4782 5384 4743
f 5384 5385 4743
f 5385 5321 4743
f 5321 5385 5322
f 5328 5386 5327
f 5327 5386 5329
f 5334 5387 5333
f 4754 5333 5387
f 5388 4754 5387
f 4785 4754 5388
f 5390 5389 5335
f 4756 5390 5335
f 4787 5390 4756
f 5335 5389 5336
f 5340 5391 5339
f 5339 5391 5341
f 5341 5391 5392
f 5341 5392 5342
f 5342 5392 5393
f 5342 5393 5343
f 5346 5394 5345
f 5345 5394 5347
f 5350 5395 5349
f 5349 5395 4766
f 5395 4789 4766
f 5395 5396 4789
f 4767 4789 5352
f 5352 4789 5396
f 5355 5397 5354
f 5354 5397 5356
f 5356 5397 5398
f 5356 5398 5357
f 5357 5398 5399
f 5357 5399 5359
f 5359 5399 5400
f 5359 5400 5360
f 5360 5400 5401
f 5360 5401 5361
f 5361 5401 5402
f 5361 5402 5363
f 5366 5403 5365
f 5365 5403 5367
f 5367 5403 5404
f 5367 5404 5368
f 5368 5404 5405
f 5368 5405 5369
f 5369 5405 5406
f 5370 4790 4776
f 5406 5372 5369
f 5374 5407 5373
f 4790 5370 4777
f 5373 5407 5376
f 5376 5407 5408
f 5376 5408 5379
f 5382 5409 5381
f 5381 5409 5383
f 5383 5409 5410
f 5383 5410 5384
f 5388 4791 4785
f 5411 4791 5388
f 4793 5390 4787
f 4793 5412 5390
f 5411 5413 4791
f 4791 5413 4795
f 4796 4795 5413
f 4796 5413 5414
f 5416 5415 4797
f 5416 4797 4798
f 4793 4797 5412
f 5412 4797 5415
f 5414 4799 4796
f 5417 4799 5414
f 4800 5416 4798
f 4800 5418 5416
f 5419 4801 4802
f 5420 5419 4802
f 4799 5420 4802
f 5417 5420 4799
f 4803 5418 4800
f 4803 5421 5418
f 5419 4804 4801
f 4805 4804 5419
f 5420 4805 5419
f 5422 4805 5420
f 5423 5421 4803
f 5423 4803 4806
f 4806 4807 5423
f 5423 4807 5424
f 5422 4821 4805
f 5425 4821 5422
f 4822 5424 4807
f 4822 5426 5424
f 5429 5428 5427
f 5431 5430 5427
f 5427 5430 5429
f 5431 5432 5430
f 5425 4835 4821
f 5433 4835 5425
f 5434 5426 4822
f 5434 4822 4836
f 5435 4836 4837
f 5435 5434 4836
f 5436 4837 4838
f 5436 5435 4837
f 5437 4838 4839
f 5437 5436 4838
f 5438 4839 4840
f 5438 5437 4839
f 5439 4840 4841
f 5439 5438 4840
f 5440 4841 4842
f 5440 5439 4841
f 5441 4842 4843
f 5441 5440 4842
f 5442 4843 4844
f 5442 5441 4843
f 5443 4844 4845
f 5443 5442 4844
f 5444 4845 4846
f 5444 5443 4845
f 5445 4846 4847
f 5445 5444 4846
f 5446 4847 4848
f 5446 5445 4847
f 5447 4848 4849
f 5447 5446 4848
f 5448 4849 4850
f 5448 5447 4849
f 5449 4850 4851
f 5449 5448 4850
f 5450 4851 4852
f 5450 5449 4851
f 5451 4852 4853
f 5451 5450 4852
f 5452 4853 4854
f 5452 5451 4853
f 5453 4854 4855
f 5453 5452 4854
f 5454 4855 4856
f 5454 5453 4855
f 5455 4856 4857
f 5455 5454 4856
f 5456 4857 4858
f 5456 5455 4857
f 5457 4858 4859
f 5457 5456 4858
f 5458 4859 4860
f 5458 5457 4859
f 5459 4860 4861
f 5459 5458 4860
f 5460 4861 4862
f 5460 5459 4861
f 5461 4862 4863
f 5461 5460 4862
f 5462 4863 4864
f 5462 5461 4863
f 5463 4864 4865
f 5463 5462 4864
f 5464 4865 4866
f 5464 5463 4865
f 4867 5427 5428
f 5464 4867 5428
f 4866 4867 5464
f 5427 4867 4868
f 5427 4868 5431
f 5465 5432 5431
f 4868 5465 5431
f 4869 5465 4868
f 5466 4869 4870
f 5466 5465 4869
f 5467 4870 4871
f 5467 5466 4870
f 5468 4871 4872
f 5468 5467 4871
f 4872 4873 5468
f 5468 4873 5469
f 5433 4874 4835
f 5470 4874 5433
f 4875 5469 4873
f 4875 5471 5469
f 5470 4876 4874
f 5472 4876 5470
f 4877 5471 4875
f 4877 5473 5471
f 5474 4879 4880
f 5475 5474 4880
f 4876 5475 4880
f 5472 5475 4876
f 5477 5476 4882
f 5477 4882 4883
f 4882 5478 4885
f 5476 5478 4882
f 4885 5479 4887
f 5478 5479 4885
f 4887 5480 4889
f 5479 5480 4887
f 4890 4889 5480
f 4890 5480 5481
f 4891 5473 4877
f 4891 5482 5473
f 5483 4893 5474
f 5474 4893 4879
f 5474 5475 5484
f 5474 5484 5483
f 4895 5477 4883
f 4895 5485 5477
f 5481 4899 4890
f 5486 4899 5481
f 4900 5482 4891
f 4900 5487 5482
f 5488 4902 5483
f 5483 4902 4893
f 5483 5484 5489
f 5483 5489 5488
f 4907 5485 4895
f 4907 5490 5485
f 5486 5491 4899
f 4899 5491 4911
f 4911 5492 4914
f 5491 5492 4911
f 4915 4914 5492
f 4915 5492 5493
f 4916 5487 4900
f 4916 5494 5487
f 5496 5495 5488
f 5495 4902 5488
f 5495 4917 4902
f 5496 5488 5489
f 4922 5490 4907
f 4922 5497 5490
f 5493 4928 4915
f 5498 4928 5493
f 4929 5494 4916
f 4929 5499 5494
f 5501 4930 5500
f 4930 5495 5500
f 4930 4917 5495
f 5502 5501 5500
f 5504 5503 4935
f 5504 4935 4936
f 4922 4935 5497
f 5497 4935 5503
f 5498 5505 4928
f 4928 5505 4943
f 4929 4943 5499
f 5499 4943 5505
f 5506 4945 5501
f 5501 4945 4930
f 5501 5502 5507
f 5501 5507 5506
f 4947 5504 4936
f 4947 5508 5504
f 5506 4955 4945
f 4956 4955 5506
f 5507 4956 5506
f 5509 4956 5507
f 4958 5508 4947
f 4958 5510 5508
f 5509 4967 4956
f 5511 4967 5509
f 5512 5510 4958
f 5512 4958 4968
f 5513 4968 4969
f 5513 5512 4968
f 5514 4969 4970
f 5514 5513 4969
f 4970 4971 5514
f 5514 4971 5515
f 5511 4978 4967
f 5516 4978 5511
f 4980 5515 4971
f 4980 5517 5515
f 5518 4985 4986
f 5519 5518 4986
f 4978 5519 4986
f 5516 5519 4978
f 5521 5520 4988
f 5521 4988 4989
f 4988 5522 4991
f 5520 5522 4988
f 4991 5523 4993
f 5522 5523 4991
f 4993 5524 4995
f 5523 5524 4993
f 4995 5525 4997
f 5524 5525 4995
f 4997 5526 4999
f 5525 5526 4997
f 4999 5527 5001
f 5526 5527 4999
f 5002 5001 5527
f 5002 5527 5528
f 5529 5517 4980
f 5529 4980 5003
f 5530 5003 5004
f 5530 5529 5003
f 5004 5005 5530
f 5530 5005 5531
f 5518 5009 4985
f 5011 5009 5518
f 5519 5011 5518
f 5532 5011 5519
f 5534 5533 5013
f 5534 5013 5014
f 5013 5535 5016
f 5533 5535 5013
f 5016 5536 5018
f 5535 5536 5016
f 4989 5018 5521
f 5521 5018 5536
f 5528 5026 5002
f 5537 5026 5528
f 5539 5538 5028
f 5539 5028 5029
f 5028 5540 5031
f 5538 5540 5028
f 5031 5541 5033
f 5540 5541 5031
f 5033 5542 5035
f 5541 5542 5033
f 5035 5543 5037
f 5542 5543 5035
f 5037 5544 5039
f 5543 5544 5037
f 5039 5545 5041
f 5544 5545 5039
f 5041 5546 5043
f 5545 5546 5041
f 5043 5547 5045
f 5546 5547 5043
f 5045 5548 5047
f 5547 5548 5045
f 5048 5047 5548
f 5048 5548 5549
f 5551 5550 5050
f 5551 5050 5051
f 5050 5552 5053
f 5550 5552 5050
f 5053 5553 5055
f 5552 5553 5053
f 5055 5554 5057
f 5553 5554 5055
f 5005 5057 5531
f 5531 5057 5554
f 5532 5062 5011
f 5555 5062 5532
f 5064 5534 5014
f 5064 5556 5534
f 5537 5074 5026
f 5557 5074 5537
f 5076 5539 5029
f 5076 5558 5539
f 5549 5086 5048
f 5559 5086 5549
f 5088 5551 5051
f 5088 5560 5551
f 5555 5095 5062
f 5561 5095 5555
f 5097 5556 5064
f 5097 5562 5556
f 5564 5563 5103
f 5103 5563 5102
f 5103 5104 5564
f 5564 5104 5565
f 5557 5566 5074
f 5074 5566 5109
f 5109 5567 5112
f 5566 5567 5109
f 5076 5112 5558
f 5558 5112 5567
f 5559 5568 5086
f 5086 5568 5123
f 5088 5123 5560
f 5560 5123 5568
f 5561 5132 5095
f 5569 5132 5561
f 5134 5562 5097
f 5134 5570 5562
f 5563 5139 5102
f 5571 5139 5563
f 5141 5565 5104
f 5141 5572 5565
f 5569 5165 5132
f 5573 5165 5569
f 5575 5574 5166
f 5575 5166 5167
f 5166 5576 5168
f 5574 5576 5166
f 5168 5577 5169
f 5576 5577 5168
f 5169 5578 5170
f 5577 5578 5169
f 5170 5579 5171
f 5578 5579 5170
f 5171 5580 5172
f 5579 5580 5171
f 5172 5581 5173
f 5580 5581 5172
f 5173 5582 5174
f 5581 5582 5173
f 5134 5174 5570
f 5570 5174 5582
f 5571 5583 5139
f 5139 5583 5175
f 5141 5175 5572
f 5572 5175 5583
f 5573 5176 5165
f 5584 5176 5573
f 5177 5575 5167
f 5177 5585 5575
f 5584 5178 5176
f 5586 5178 5584
f 5588 5587 5179
f 5588 5179 5180
f 5177 5179 5585
f 5585 5179 5587
f 5586 5181 5178
f 5589 5181 5586
f 5591 5590 5182
f 5591 5182 5183
f 5180 5182 5588
f 5588 5182 5590
f 5589 5184 5181
f 5592 5184 5589
f 5187 5593 5186
f 5593 5594 5186
f 5594 5183 5186
f 5594 5591 5183
f 5592 5188 5184
f 5595 5188 5592
f 5189 5593 5187
f 5189 5190 5593
f 5190 5594 5593
f 5190 5596 5594
f 5595 5191 5188
f 5597 5191 5595
f 5598 5596 5190
f 5598 5190 5192
f 5192 5193 5598
f 5598 5193 5599
f 5600 5194 5195
f 5196 5600 5195
f 5601 5197 5198
f 5199 5602 5198
f 5198 5602 5601
f 5200 5603 5199
f 5199 5603 5602
f 5202 5603 5200
f 5604 5204 5205
f 5206 5605 5205
f 5205 5605 5604
f 5208 5605 5206
f 5606 5210 5209
f 5212 5606 5209
f 5607 5216 5217
f 5219 5607 5217
f 5608 5221 5222
f 5224 5608 5222
f 5609 5226 5227
f 5229 5609 5227
f 5597 5233 5191
f 5610 5233 5597
f 5611 5599 5193
f 5611 5193 5234
f 5612 5234 5235
f 5612 5611 5234
f 5613 5235 5236
f 5613 5612 5235
f 5236 5237 5613
f 5613 5237 5614
f 5615 5238 5239
f 5240 5616 5239
f 5239 5616 5615
f 5241 5617 5240
f 5240 5617 5616
f 5194 5600 5241
f 5600 5617 5241
f 5600 5618 5617
f 5618 5600 5196
f 5619 5618 5196
f 5242 5619 5196
f 5620 5618 5619
f 5619 5242 5197
f 5621 5619 5197
f 5601 5621 5197
f 5619 5621 5622
f 5602 5624 5623
f 5621 5602 5623
f 5601 5602 5621
f 5626 5625 5624
f 5602 5626 5624
f 5603 5626 5602
f 5243 5627 5202
f 5627 5603 5202
f 5627 5626 5603
f 5627 5243 5628
f 5243 5629 5628
f 5243 5244 5629
f 5244 5204 5604
f 5630 5244 5604
f 5629 5244 5630
f 5632 5631 5630
f 5604 5632 5630
f 5605 5632 5604
f 5245 5633 5208
f 5633 5605 5208
f 5633 5632 5605
f 5634 5633 5245
f 5634 5245 5210
f 5635 5634 5210
f 5606 5635 5210
f 5637 5635 5636
f 5636 5635 5246
f 5635 5606 5246
f 5606 5212 5246
f 5247 5636 5246
f 5639 5638 5250
f 5250 5638 5249
f 5639 5250 5216
f 5640 5639 5216
f 5607 5640 5216
f 5639 5640 5641
f 5640 5607 5219
f 5642 5640 5219
f 5251 5642 5219
f 5643 5640 5642
f 5251 5221 5608
f 5644 5251 5608
f 5642 5251 5644
f 5646 5644 5645
f 5645 5644 5252
f 5644 5608 5252
f 5608 5224 5252
f 5253 5647 5252
f 5252 5647 5645
f 5648 5647 5253
f 5648 5253 5226
f 5649 5648 5226
f 5609 5649 5226
f 5651 5649 5650
f 5650 5649 5254
f 5649 5609 5254
f 5609 5229 5254
f 5650 5254 5652
f 5254 5653 5652
f 5254 5255 5653
f 5655 5654 5257
f 5654 5255 5257
f 5654 5653 5255
f 5657 5656 5655
f 5655 5656 5654
f 5659 5658 5657
f 5657 5658 5656
f 5260 5261 5660
f 5658 5659 5661
f 5262 5662 5261
f 5261 5662 5660
f 5264 5662 5262
f 5663 5266 5267
f 5268 5664 5267
f 5267 5664 5663
f 5270 5664 5268
f 5665 5271 5272
f 5274 5665 5272
f 5610 5278 5233
f 5666 5278 5610
f 5667 5614 5237
f 5667 5237 5279
f 5279 5238 5615
f 5668 5279 5615
f 5667 5279 5668
f 5668 5615 5616
f 5668 5616 5669
f 5669 5616 5617
f 5669 5617 5670
f 5672 5671 5670
f 5617 5672 5670
f 5618 5672 5617
f 5618 5620 5673
f 5618 5673 5672
f 5622 5621 5674
f 5622 5674 5675
f 5621 5623 5676
f 5621 5676 5674
f 5625 5626 5677
f 5625 5677 5678
f 5627 5680 5679
f 5677 5627 5679
f 5626 5627 5677
f 5683 5682 5681
f 5628 5680 5627
f 5684 5682 5683
f 5685 5631 5632
f 5687 5686 5685
f 5632 5687 5685
f 5633 5687 5632
f 5633 5634 5688
f 5633 5688 5687
f 5689 5637 5636
f 5691 5689 5690
f 5690 5689 5280
f 5689 5636 5280
f 5636 5247 5280
f 5692 5690 5280
f 5249 5692 5280
f 5638 5692 5249
f 5693 5641 5640
f 5693 5640 5643
f 5646 5645 5694
f 5646 5694 5695
f 5696 5645 5647
f 5694 5645 5696
f 5647 5648 5697
f 5647 5697 5696
f 5651 5650 5698
f 5651 5698 5699
f 5650 5652 5700
f 5650 5700 5698
f 5281 5655 5257
f 5703 5702 5701
f 5281 5282 5655
f 5657 5655 5282
f 5701 5702 5704
f 5659 5282 5283
f 5282 5659 5657
f 5661 5659 5705
f 5283 5705 5659
f 5705 5283 5706
f 5260 5706 5283
f 5706 5260 5660
f 5662 5708 5707
f 5706 5662 5707
f 5660 5662 5706
f 5710 5708 5709
f 5709 5708 5284
f 5708 5662 5284
f 5662 5264 5284
f 5285 5711 5284
f 5284 5711 5709
f 5266 5663 5285
f 5663 5711 5285
f 5663 5712 5711
f 5713 5663 5664
f 5712 5663 5713
f 5286 5714 5270
f 5714 5664 5270
f 5714 5713 5664
f 5717 5716 5715
f 5287 5714 5289
f 5665 5289 5714
f 5286 5665 5714
f 5665 5286 5271
f 5718 5716 5717
f 5289 5665 5291
f 5719 5291 5665
f 5274 5719 5665
f 5719 5274 5290
f 5292 5720 5290
f 5290 5720 5719
f 5293 5721 5292
f 5292 5721 5720
f 5723 5721 5722
f 5721 5293 5722
f 5294 5724 5722
f 5294 5722 5293
f 5296 5297 5725
f 5722 5724 5726
f 5727 5725 5297
f 5278 5727 5297
f 5666 5727 5278
f 5730 5729 5728
f 5731 5728 5729
f 5732 5671 5672
f 5732 5672 5673
f 5733 5675 5674
f 5733 5674 5676
f 5734 5678 5677
f 5734 5677 5679
f 5735 5681 5682
f 5735 5682 5684
f 5738 5737 5736
f 5736 5740 5739
f 5736 5687 5740
f 5736 5737 5686
f 5687 5736 5686
f 5740 5687 5688
f 5741 5691 5690
f 5741 5690 5692
f 5742 5695 5694
f 5742 5694 5696
f 5742 5696 5743
f 5743 5696 5697
f 5744 5699 5698
f 5744 5698 5700
f 5745 5703 5701
f 5745 5701 5704
f 5746 5705 5706
f 5746 5706 5707
f 5747 5710 5709
f 5747 5709 5711
f 5747 5711 5748
f 5748 5711 5712
f 5748 5712 5749
f 5749 5712 5713
f 5749 5713 5750
f 5750 5713 5714
f 5750 5714 5751
f 5751 5717 5715
f 5751 5298 5717
f 5751 5714 5287
f 5298 5751 5287
f 5298 5718 5717
f 5298 5752 5718
f 5298 5291 5719
f 5752 5298 5719
f 5754 5753 5752
f 5719 5754 5752
f 5720 5754 5719
f 5721 5756 5755
f 5754 5721 5755
f 5720 5721 5754
f 5294 5299 5724
f 5721 5723 5756
f 5299 5726 5724
f 5726 5299 5757
f 5300 5757 5299
f 5726 5757 5758
f 5725 5302 5296
f 5303 5758 5757
f 5303 5727 5758
f 5303 5302 5725
f 5727 5303 5725
f 5759 5730 5728
f 5759 5728 5731
f 5762 5761 5760
f 5763 5760 5761
f 5764 5738 5736
f 5764 5736 5739
f 5765 5753 5754
f 5765 5754 5755
f 5304 5757 5300
f 5757 5304 5303
f 5766 5762 5760
f 5766 5760 5763
f 5308 5767 5307
f 5767 5310 5307
f 5770 5769 5768
f 5771 5768 5769
f 5318 5772 5317
f 5772 5320 5317
f 5775 5774 5773
f 5777 5776 5773
f 5777 5773 5774
f 5778 5776 5777
f 5322 5779 5323
f 5323 5779 5780
f 5781 5323 5780
f 5324 5323 5781
f 5324 5782 5325
f 5781 5782 5324
f 5782 5784 5783
f 5326 5782 5783
f 5325 5782 5326
f 5786 5783 5785
f 5786 5326 5783
f 5786 5787 5328
f 5326 5786 5328
f 5330 5329 5787
f 5786 5330 5787
f 5788 5330 5786
f 5788 5790 5789
f 5331 5788 5789
f 5330 5788 5331
f 5791 5332 5331
f 5791 5331 5789
f 5334 5332 5791
f 5794 5793 5792
f 5795 5794 5792
f 5798 5797 5796
f 5337 5336 5796
f 5797 5337 5796
f 5799 5337 5797
f 5799 5801 5800
f 5338 5799 5800
f 5337 5799 5338
f 5800 5340 5338
f 5804 5803 5802
f 5805 5344 5343
f 5806 5802 5803
f 5805 5346 5344
f 5347 5807 5348
f 5807 5350 5348
f 5352 5808 5351
f 5809 5353 5351
f 5809 5351 5808
f 5809 5355 5353
f 5767 5308 5358
f 5812 5811 5810
f 5358 5310 5767
f 5811 5812 5813
f 5363 5814 5362
f 5768 5815 5770
f 5814 5364 5362
f 5364 5814 5816
f 5768 5771 5815
f 5364 5816 5366
f 5372 5817 5371
f 5374 5371 5817
f 5820 5819 5818
f 5821 5772 5818
f 5318 5818 5772
f 5818 5318 5820
f 5375 5820 5318
f 5820 5375 5822
f 5823 5320 5772
f 5823 5772 5821
f 5823 5821 5824
f 5823 5824 5825
f 5823 5825 5378
f 5823 5378 5379
f 5823 5379 5822
f 5823 5822 5375
f 5823 5375 5320
f 5826 5775 5773
f 5378 5826 5773
f 5380 5378 5773
f 5826 5378 5825
f 5773 5776 5827
f 5382 5773 5827
f 5828 5382 5827
f 5773 5382 5380
f 5776 5829 5827
f 5776 5830 5829
f 5776 5778 5831
f 5830 5776 5831
f 5831 5384 5830
f 5831 5385 5384
f 5831 5833 5832
f 5385 5831 5832
f 5832 5834 5385
f 5385 5834 5322
f 5834 5835 5322
f 5835 5779 5322
f 5779 5835 5780
f 5784 5836 5783
f 5787 5386 5328
f 5836 5785 5783
f 5386 5787 5329
f 5790 5837 5789
f 5789 5837 5791
f 5791 5837 5838
f 5793 5794 5838
f 5794 5387 5838
f 5334 5791 5838
f 5334 5838 5387
f 5388 5387 5794
f 5795 5388 5794
f 5839 5388 5795
f 5798 5796 5389
f 5390 5798 5389
f 5840 5798 5390
f 5389 5796 5336
f 5801 5841 5800
f 5800 5841 5340
f 5841 5391 5340
f 5841 5842 5391
f 5391 5843 5392
f 5842 5843 5391
f 5802 5393 5804
f 5393 5843 5804
f 5393 5392 5843
f 5844 5802 5806
f 5802 5844 5393
f 5845 5393 5844
f 5393 5845 5343
f 5805 5343 5845
f 5805 5845 5346
f 5845 5846 5346
f 5846 5394 5346
f 5845 5847 5846
f 5347 5394 5807
f 5394 5848 5807
f 5394 5846 5848
f 5807 5848 5350
f 5848 5395 5350
f 5848 5849 5395
f 5395 5850 5396
f 5849 5850 5395
f 5352 5396 5808
f 5396 5851 5808
f 5396 5850 5851
f 5808 5851 5809
f 5809 5851 5852
f 5809 5852 5355
f 5852 5397 5355
f 5852 5853 5397
f 5397 5854 5398
f 5853 5854 5397
f 5398 5855 5399
f 5854 5855 5398
f 5811 5400 5810
f 5400 5855 5810
f 5400 5399 5855
f 5813 5856 5811
f 5856 5400 5811
f 5856 5401 5400
f 5401 5857 5402
f 5856 5857 5401
f 5363 5402 5814
f 5402 5858 5814
f 5402 5857 5858
f 5814 5858 5816
f 5816 5858 5859
f 5816 5859 5366
f 5859 5403 5366
f 5859 5860 5403
f 5403 5861 5404
f 5860 5861 5403
f 5404 5862 5405
f 5861 5862 5404
f 5405 5863 5406
f 5862 5863 5405
f 5372 5406 5817
f 5406 5864 5817
f 5406 5863 5864
f 5819 5820 5864
f 5820 5407 5864
f 5374 5817 5864
f 5374 5864 5407
f 5407 5820 5408
f 5408 5820 5822
f 5824 5865 5825
f 5408 5822 5379
f 5825 5865 5826
f 5828 5866 5382
f 5382 5866 5409
f 5830 5410 5829
f 5410 5866 5829
f 5410 5409 5866
f 5833 5867 5832
f 5410 5830 5384
f 5832 5867 5834
f 5869 5411 5868
f 5411 5839 5868
f 5411 5388 5839
f 5870 5869 5868
f 5412 5840 5390
f 5412 5871 5840
f 5844 5872 5845
f 5845 5872 5847
f 5869 5413 5411
f 5414 5413 5869
f 5870 5414 5869
f 5873 5414 5870
f 5875 5874 5415
f 5875 5415 5416
f 5412 5415 5871
f 5871 5415 5874
f 5873 5417 5414
f 5876 5417 5873
f 5418 5875 5416
f 5418 5877 5875
f 5876 5420 5417
f 5878 5420 5876
f 5421 5877 5418
f 5421 5879 5877
f 5878 5422 5420
f 5880 5422 5878
f 5881 5879 5421
f 5881 5421 5423
f 5423 5424 5881
f 5881 5424 5882
f 5880 5425 5422
f 5883 5425 5880
f 5426 5882 5424
f 5426 5884 5882
f 5885 5428 5429
f 5430 5886 5429
f 5429 5886 5885
f 5432 5886 5430
f 5883 5433 5425
f 5887 5433 5883
f 5888 5884 5426
f 5888 5426 5434
f 5889 5434 5435
f 5889 5888 5434
f 5890 5435 5436
f 5890 5889 5435
f 5891 5436 5437
f 5891 5890 5436
f 5892 5437 5438
f 5892 5891 5437
f 5893 5438 5439
f 5893 5892 5438
f 5894 5439 5440
f 5894 5893 5439
f 5895 5440 5441
f 5895 5894 5440
f 5896 5441 5442
f 5896 5895 5441
f 5897 5442 5443
f 5897 5896 5442
f 5898 5443 5444
f 5898 5897 5443
f 5899 5444 5445
f 5899 5898 5444
f 5900 5445 5446
f 5900 5899 5445
f 5901 5446 5447
f 5901 5900 5446
f 5902 5447 5448
f 5902 5901 5447
f 5903 5448 5449
f 5903 5902 5448
f 5904 5449 5450
f 5904 5903 5449
f 5905 5450 5451
f 5905 5904 5450
f 5906 5451 5452
f 5906 5905 5451
f 5907 5452 5453
f 5907 5906 5452
f 5908 5453 5454
f 5908 5907 5453
f 5909 5454 5455
f 5909 5908 5454
f 5910 5455 5456
f 5910 5909 5455
f 5911 5456 5457
f 5911 5910 5456
f 5912 5457 5458
f 5912 5911 5457
f 5913 5458 5459
f 5913 5912 5458
f 5914 5459 5460
f 5914 5913 5459
f 5915 5460 5461
f 5915 5914 5460
f 5916 5461 5462
f 5916 5915 5461
f 5917 5462 5463
f 5917 5916 5462
f 5918 5463 5464
f 5918 5917 5463
f 5464 5428 5885
f 5919 5464 5885
f 5918 5464 5919
f 5919 5885 5886
f 5919 5886 5920
f 5920 5886 5432
f 5465 5920 5432
f 5921 5920 5465
f 5922 5465 5466
f 5922 5921 5465
f 5923 5466 5467
f 5923 5922 5466
f 5924 5467 5468
f 5924 5923 5467
f 5468 5469 5924
f 5924 5469 5925
f 5887 5470 5433
f 5926 5470 5887
f 5929 5928 5927
f 5931 5930 5927
f 5931 5927 5928
f 5933 5932 5930
f 5933 5930 5931
f 5935 5934 5932
f 5935 5932 5933
f 5937 5936 5934
f 5937 5934 5935
f 5939 5938 5936
f 5939 5936 5937
f 5941 5940 5938
f 5941 5938 5939
f 5943 5942 5940
f 5943 5940 5941
f 5943 5925 5942
f 5925 5471 5942
f 5925 5469 5471
f 5926 5472 5470
f 5944 5472 5926
f 5929 5927 5945
f 5929 5945 5946
f 5947 5927 5930
f 5945 5927 5947
f 5948 5930 5932
f 5947 5930 5948
f 5949 5932 5934
f 5948 5932 5949
f 5950 5934 5936
f 5949 5934 5950
f 5951 5936 5938
f 5950 5936 5951
f 5952 5938 5940
f 5951 5938 5952
f 5953 5940 5942
f 5952 5940 5953
f 5473 5953 5471
f 5471 5953 5942
f 5944 5475 5472
f 5954 5475 5944
f 5957 5956 5955
f 5959 5958 5955
f 5959 5955 5956
f 5961 5960 5958
f 5961 5958 5959
f 5963 5962 5960
f 5963 5960 5961
f 5965 5964 5962
f 5965 5962 5963
f 5967 5966 5964
f 5967 5964 5965
f 5969 5968 5966
f 5969 5966 5967
f 5971 5970 5968
f 5971 5968 5969
f 5973 5972 5970
f 5973 5970 5971
f 5975 5974 5972
f 5975 5972 5973
f 5976 5974 5975
f 5979 5978 5977
f 5981 5980 5977
f 5981 5977 5978
f 5983 5982 5980
f 5983 5980 5981
f 5984 5982 5983
f 5987 5986 5985
f 5989 5988 5985
f 5989 5985 5986
f 5988 5989 5946
f 5945 5988 5946
f 5990 5988 5945
f 5477 5990 5476
f 5990 5947 5476
f 5990 5945 5947
f 5476 5947 5478
f 5478 5947 5948
f 5478 5948 5479
f 5479 5948 5949
f 5479 5949 5480
f 5480 5949 5950
f 5480 5950 5481
f 5950 5991 5481
f 5950 5951 5991
f 5992 5951 5952
f 5991 5951 5992
f 5993 5952 5953
f 5992 5952 5993
f 5482 5993 5473
f 5473 5993 5953
f 5954 5484 5475
f 5994 5484 5954
f 5957 5955 5995
f 5957 5995 5996
f 5997 5955 5958
f 5995 5955 5997
f 5998 5958 5960
f 5997 5958 5998
f 5999 5960 5962
f 5998 5960 5999
f 6000 5962 5964
f 5999 5962 6000
f 6001 5964 5966
f 6000 5964 6001
f 6002 5966 5968
f 6001 5966 6002
f 6003 5968 5970
f 6002 5968 6003
f 6004 5970 5972
f 6003 5970 6004
f 6005 5972 5974
f 6004 5972 6005
f 5974 5976 6006
f 5974 6006 6005
f 5979 5977 6007
f 5979 6007 6008
f 6009 5977 5980
f 6007 5977 6009
f 6010 5980 5982
f 6009 5980 6010
f 5982 5984 6011
f 5982 6011 6010
f 5987 5985 6012
f 5987 6012 6013
f 6014 5985 5988
f 6012 5985 6014
f 6015 5988 5990
f 6014 5988 6015
f 5485 6015 5477
f 5477 6015 5990
f 6016 5486 5991
f 5991 5486 5481
f 6017 5991 5992
f 6016 5991 6017
f 6018 5992 5993
f 6017 5992 6018
f 5487 6018 5482
f 5482 6018 5993
f 5994 5489 5484
f 6019 5489 5994
f 6022 6021 6020
f 6024 6023 6020
f 6024 6020 6021
f 6026 6025 6023
f 6026 6023 6024
f 6027 6025 6026
f 6030 6029 6028
f 6032 6031 6028
f 6032 6028 6029
f 6031 6032 5996
f 5995 6031 5996
f 6033 6031 5995
f 6034 5995 5997
f 6033 5995 6034
f 6035 5997 5998
f 6034 5997 6035
f 6036 5998 5999
f 6035 5998 6036
f 6037 5999 6000
f 6036 5999 6037
f 6038 6000 6001
f 6037 6000 6038
f 6039 6001 6002
f 6038 6001 6039
f 6040 6002 6003
f 6039 6002 6040
f 6041 6003 6004
f 6040 6003 6041
f 6042 6004 6005
f 6041 6004 6042
f 6005 6006 6043
f 6044 6005 6043
f 6042 6005 6044
f 6046 6045 6044
f 6046 6044 6043
f 6045 6046 6008
f 6007 6045 6008
f 6047 6045 6007
f 6048 6007 6009
f 6047 6007 6048
f 6049 6009 6010
f 6048 6009 6049
f 6010 6011 6050
f 6051 6010 6050
f 6049 6010 6051
f 6053 6052 6051
f 6053 6051 6050
f 6052 6053 6013
f 6012 6052 6013
f 6054 6052 6012
f 6055 6012 6014
f 6054 6012 6055
f 6056 6014 6015
f 6055 6014 6056
f 5490 6056 5485
f 5485 6056 6015
f 6016 5491 5486
f 5491 6016 5492
f 5492 6016 6017
f 5492 6017 5493
f 6017 6057 5493
f 6017 6018 6057
f 5494 6057 5487
f 5487 6057 6018
f 6058 5495 5496
f 6059 6058 5496
f 5489 6059 5496
f 6019 6059 5489
f 6022 6020 6060
f 6022 6060 6061
f 6062 6020 6023
f 6060 6020 6062
f 6025 6064 6063
f 6062 6025 6063
f 6023 6025 6062
f 6064 6025 6027
f 6030 6028 6065
f 6030 6065 6066
f 6067 6028 6031
f 6065 6028 6067
f 6068 6031 6033
f 6067 6031 6068
f 6069 6033 6034
f 6068 6033 6069
f 6070 6034 6035
f 6069 6034 6070
f 6071 6035 6036
f 6070 6035 6071
f 6072 6036 6037
f 6071 6036 6072
f 6073 6037 6038
f 6072 6037 6073
f 6074 6038 6039
f 6073 6038 6074
f 6075 6039 6040
f 6074 6039 6075
f 6076 6040 6041
f 6075 6040 6076
f 6077 6041 6042
f 6076 6041 6077
f 6078 6042 6044
f 6077 6042 6078
f 6079 6044 6045
f 6078 6044 6079
f 6080 6045 6047
f 6079 6045 6080
f 6081 6047 6048
f 6080 6047 6081
f 6082 6048 6049
f 6081 6048 6082
f 6083 6049 6051
f 6082 6049 6083
f 6084 6051 6052
f 6083 6051 6084
f 6085 6052 6054
f 6084 6052 6085
f 6086 6054 6055
f 6085 6054 6086
f 6087 6055 6056
f 6086 6055 6087
f 5497 6087 5490
f 5490 6087 6056
f 6088 5498 6057
f 6057 5498 5493
f 5499 6088 5494
f 5494 6088 6057
f 6058 5500 5495
f 5502 5500 6058
f 6059 5502 6058
f 6089 5502 6059
f 6092 6091 6090
f 6090 6091 6061
f 6060 6090 6061
f 6093 6090 6060
f 6094 6060 6062
f 6093 6060 6094
f 6062 6063 6095
f 6096 6062 6095
f 6094 6062 6096
f 6097 6096 6095
f 6066 6065 6098
f 6066 6098 6099
f 6100 6065 6067
f 6098 6065 6100
f 6101 6067 6068
f 6100 6067 6101
f 6102 6068 6069
f 6101 6068 6102
f 6103 6069 6070
f 6102 6069 6103
f 6104 6070 6071
f 6103 6070 6104
f 6105 6071 6072
f 6104 6071 6105
f 6106 6072 6073
f 6105 6072 6106
f 6107 6073 6074
f 6106 6073 6107
f 6108 6074 6075
f 6107 6074 6108
f 6109 6075 6076
f 6108 6075 6109
f 6110 6076 6077
f 6109 6076 6110
f 6111 6077 6078
f 6110 6077 6111
f 6112 6078 6079
f 6111 6078 6112
f 6113 6079 6080
f 6112 6079 6113
f 6114 6080 6081
f 6113 6080 6114
f 6115 6081 6082
f 6114 6081 6115
f 6116 6082 6083
f 6115 6082 6116
f 6117 6083 6084
f 6116 6083 6117
f 6118 6084 6085
f 6117 6084 6118
f 6119 6085 6086
f 6118 6085 6119
f 5504 6119 5503
f 6119 6087 5503
f 6119 6086 6087
f 5503 6087 5497
f 6088 5505 5498
f 5505 6088 5499
f 6089 5507 5502
f 6120 5507 6089
f 6092 6090 6121
f 6092 6121 6122
f 6123 6090 6093
f 6121 6090 6123
f 6124 6093 6094
f 6123 6093 6124
f 6096 6126 6125
f 6124 6096 6125
f 6094 6096 6124
f 6129 6128 6127
f 6097 6126 6096
f 6131 6130 6128
f 6131 6128 6129
f 6133 6132 6130
f 6133 6130 6131
f 6135 6134 6132
f 6135 6132 6133
f 6136 6134 6135
f 6099 6098 6137
f 6099 6137 6138
f 6139 6098 6100
f 6137 6098 6139
f 6140 6100 6101
f 6139 6100 6140
f 6141 6101 6102
f 6140 6101 6141
f 6142 6102 6103
f 6141 6102 6142
f 6143 6103 6104
f 6142 6103 6143
f 6144 6104 6105
f 6143 6104 6144
f 6145 6105 6106
f 6144 6105 6145
f 6146 6106 6107
f 6145 6106 6146
f 6147 6107 6108
f 6146 6107 6147
f 6148 6108 6109
f 6147 6108 6148
f 6149 6109 6110
f 6148 6109 6149
f 6150 6110 6111
f 6149 6110 6150
f 6151 6111 6112
f 6150 6111 6151
f 6152 6112 6113
f 6151 6112 6152
f 6153 6113 6114
f 6152 6113 6153
f 6154 6114 6115
f 6153 6114 6154
f 6155 6115 6116
f 6154 6115 6155
f 6156 6116 6117
f 6155 6116 6156
f 6157 6117 6118
f 6156 6117 6157
f 6158 6118 6119
f 6157 6118 6158
f 5508 6158 5504
f 5504 6158 6119
f 6120 5509 5507
f 6159 5509 6120
f 6122 6121 6160
f 6122 6160 6161
f 6162 6121 6123
f 6160 6121 6162
f 6163 6123 6124
f 6162 6123 6163
f 6124 6125 6164
f 6124 6164 6163
f 6127 6128 6165
f 6127 6165 6166
f 6167 6128 6130
f 6165 6128 6167
f 6168 6130 6132
f 6167 6130 6168
f 6169 6132 6134
f 6168 6132 6169
f 6134 6136 6170
f 6134 6170 6169
f 6138 6137 6171
f 6138 6171 6172
f 6173 6137 6139
f 6171 6137 6173
f 6174 6139 6140
f 6173 6139 6174
f 6175 6140 6141
f 6174 6140 6175
f 6176 6141 6142
f 6175 6141 6176
f 6177 6142 6143
f 6176 6142 6177
f 6178 6143 6144
f 6177 6143 6178
f 6179 6144 6145
f 6178 6144 6179
f 6180 6145 6146
f 6179 6145 6180
f 6181 6146 6147
f 6180 6146 6181
f 6182 6147 6148
f 6181 6147 6182
f 6183 6148 6149
f 6182 6148 6183
f 6184 6149 6150
f 6183 6149 6184
f 6185 6150 6151
f 6184 6150 6185
f 6186 6151 6152
f 6185 6151 6186
f 6187 6152 6153
f 6186 6152 6187
f 6188 6153 6154
f 6187 6153 6188
f 6189 6154 6155
f 6188 6154 6189
f 6190 6155 6156
f 6189 6155 6190
f 6191 6156 6157
f 6190 6156 6191
f 6192 6157 6158
f 6191 6157 6192
f 5510 6192 5508
f 5508 6192 6158
f 6159 5511 5509
f 6193 5511 6159
f 6161 6160 6194
f 6161 6194 6195
f 6162 6197 6196
f 6194 6162 6196
f 6160 6162 6194
f 6197 6162 6163
f 6197 6163 6198
f 6198 6163 6164
f 6166 6165 6199
f 6166 6199 6200
f 6201 6165 6167
f 6199 6165 6201
f 6202 6167 6168
f 6201 6167 6202
f 6203 6168 6169
f 6202 6168 6203
f 6169 6170 6204
f 6205 6169 6204
f 6203 6169 6205
f 6205 6204 6172
f 6171 6205 6172
f 6206 6205 6171
f 6207 6171 6173
f 6206 6171 6207
f 6208 6173 6174
f 6207 6173 6208
f 6209 6174 6175
f 6208 6174 6209
f 6210 6175 6176
f 6209 6175 6210
f 6211 6176 6177
f 6210 6176 6211
f 6212 6177 6178
f 6211 6177 6212
f 6213 6178 6179
f 6212 6178 6213
f 6214 6179 6180
f 6213 6179 6214
f 6215 6180 6181
f 6214 6180 6215
f 6216 6181 6182
f 6215 6181 6216
f 6217 6182 6183
f 6216 6182 6217
f 6218 6183 6184
f 6217 6183 6218
f 6219 6184 6185
f 6218 6184 6219
f 6220 6185 6186
f 6219 6185 6220
f 6221 6186 6187
f 6220 6186 6221
f 6222 6187 6188
f 6221 6187 6222
f 6223 6188 6189
f 6222 6188 6223
f 6224 6189 6190
f 6223 6189 6224
f 6225 6190 6191
f 6224 6190 6225
f 6226 6191 6192
f 6225 6191 6226
f 5512 6227 5510
f 6227 6192 5510
f 6227 6226 6192
f 5513 6228 5512
f 5512 6228 6227
f 5514 6229 5513
f 5513 6229 6228
f 5515 6229 5514
f 6193 5516 5511
f 6230 5516 6193
f 6195 6194 6231
f 6195 6231 6232
f 6194 6196 6233
f 6194 6233 6231
f 6200 6199 6234
f 6200 6234 6235
f 6236 6199 6201
f 6234 6199 6236
f 6237 6201 6202
f 6236 6201 6237
f 6238 6202 6203
f 6237 6202 6238
f 6239 6203 6205
f 6238 6203 6239
f 6240 6205 6206
f 6239 6205 6240
f 6241 6206 6207
f 6240 6206 6241
f 6242 6207 6208
f 6241 6207 6242
f 6243 6208 6209
f 6242 6208 6243
f 6244 6209 6210
f 6243 6209 6244
f 6245 6210 6211
f 6244 6210 6245
f 6246 6211 6212
f 6245 6211 6246
f 6247 6212 6213
f 6246 6212 6247
f 6248 6213 6214
f 6247 6213 6248
f 6249 6214 6215
f 6248 6214 6249
f 6250 6215 6216
f 6249 6215 6250
f 6251 6216 6217
f 6250 6216 6251
f 6252 6217 6218
f 6251 6217 6252
f 6253 6218 6219
f 6252 6218 6253
f 6254 6219 6220
f 6253 6219 6254
f 6255 6220 6221
f 6254 6220 6255
f 6256 6221 6222
f 6255 6221 6256
f 6257 6222 6223
f 6256 6222 6257
f 6258 6223 6224
f 6257 6223 6258
f 6259 6224 6225
f 6258 6224 6259
f 6260 6225 6226
f 6259 6225 6260
f 6261 6226 6227
f 6260 6226 6261
f 6262 6227 6228
f 6261 6227 6262
f 6263 6228 6229
f 6262 6228 6263
f 5517 6263 5515
f 5515 6263 6229
f 6230 5519 5516
f 6264 5519 6230
f 6232 6231 6265
f 6232 6265 6266
f 6231 6233 6267
f 6268 6231 6267
f 6265 6231 6268
f 6270 6269 6268
f 6270 6268 6267
f 6272 6271 6269
f 6272 6269 6270
f 6235 6234 6273
f 6272 6274 6271
f 6273 6234 6236
f 6273 6236 6275
f 6275 6236 6237
f 6275 6237 6276
f 6276 6237 6238
f 6276 6238 6277
f 6279 6278 6277
f 6238 6279 6277
f 6239 6279 6238
f 6280 6239 6240
f 6279 6239 6280
f 6281 6240 6241
f 6280 6240 6281
f 5521 6281 5520
f 6281 6242 5520
f 6281 6241 6242
f 5520 6242 5522
f 5522 6242 6243
f 5522 6243 5523
f 5523 6243 6244
f 5523 6244 5524
f 5524 6244 6245
f 5524 6245 5525
f 5525 6245 6246
f 5525 6246 5526
f 5526 6246 6247
f 5526 6247 5527
f 5527 6247 6248
f 5527 6248 5528
f 6248 6282 5528
f 6248 6249 6282
f 6283 6249 6250
f 6282 6249 6283
f 6284 6250 6251
f 6283 6250 6284
f 6285 6251 6252
f 6284 6251 6285
f 6286 6252 6253
f 6285 6252 6286
f 6287 6253 6254
f 6286 6253 6287
f 6288 6254 6255
f 6287 6254 6288
f 6289 6255 6256
f 6288 6255 6289
f 6290 6256 6257
f 6289 6256 6290
f 6291 6257 6258
f 6290 6257 6291
f 6292 6258 6259
f 6291 6258 6292
f 6293 6259 6260
f 6292 6259 6293
f 6294 6260 6261
f 6293 6260 6294
f 6295 6261 6262
f 6294 6261 6295
f 6296 6262 6263
f 6295 6262 6296
f 5529 6297 5517
f 6297 6263 5517
f 6297 6296 6263
f 5530 6298 5529
f 5529 6298 6297
f 5531 6298 5530
f 6264 5532 5519
f 6299 5532 6264
f 6266 6265 6300
f 6266 6300 6301
f 6302 6265 6268
f 6300 6265 6302
f 6303 6268 6269
f 6302 6268 6303
f 6304 6269 6271
f 6303 6269 6304
f 6271 6274 6305
f 6271 6305 6304
f 6308 6307 6306
f 6310 6309 6306
f 6310 6306 6307
f 6309 6310 6278
f 6309 6278 6279
f 5534 6309 6279
f 5533 5534 6279
f 5533 6279 5535
f 5535 6279 6280
f 5535 6280 5536
f 5536 6280 6281
f 5536 6281 5521
f 6311 5537 6282
f 6282 5537 5528
f 6312 6282 6283
f 6311 6282 6312
f 5539 6312 5538
f 6312 6284 5538
f 6312 6283 6284
f 5538 6284 5540
f 5540 6284 6285
f 5540 6285 5541
f 5541 6285 6286
f 5541 6286 5542
f 5542 6286 6287
f 5542 6287 5543
f 5543 6287 6288
f 5543 6288 5544
f 5544 6288 6289
f 5544 6289 5545
f 5545 6289 6290
f 5545 6290 5546
f 5546 6290 6291
f 5546 6291 5547
f 5547 6291 6292
f 5547 6292 5548
f 5548 6292 6293
f 5548 6293 5549
f 6293 6313 5549
f 6293 6294 6313
f 5551 6313 5550
f 6313 6295 5550
f 6313 6294 6295
f 5550 6295 5552
f 5552 6295 6296
f 5552 6296 5553
f 5553 6296 6297
f 5553 6297 5554
f 5554 6297 6298
f 5554 6298 5531
f 6299 5555 5532
f 6314 5555 6299
f 6301 6300 6315
f 6301 6315 6316
f 6317 6300 6302
f 6315 6300 6317
f 6318 6302 6303
f 6317 6302 6318
f 6319 6303 6304
f 6318 6303 6319
f 6304 6305 6320
f 6304 6320 6319
f 6308 6306 6321
f 6308 6321 6322
f 6323 6306 6309
f 6321 6306 6323
f 5556 6323 5534
f 5534 6323 6309
f 6324 5557 6311
f 6311 5557 5537
f 6325 6311 6312
f 6324 6311 6325
f 5558 6325 5539
f 5539 6325 6312
f 6326 5559 6313
f 6313 5559 5549
f 5560 6326 5551
f 5551 6326 6313
f 6314 5561 5555
f 6327 5561 6314
f 6316 6315 6328
f 6316 6328 6329
f 6330 6315 6317
f 6328 6315 6330
f 6331 6317 6318
f 6330 6317 6331
f 6332 6318 6319
f 6331 6318 6332
f 6319 6320 6333
f 6334 6319 6333
f 6332 6319 6334
f 6336 6335 6334
f 6336 6334 6333
f 6335 6336 6322
f 6321 6335 6322
f 6337 6335 6321
f 6338 6321 6323
f 6337 6321 6338
f 5562 6338 5556
f 5556 6338 6323
f 6339 5563 5564
f 5565 6339 5564
f 6324 5566 5557
f 5566 6324 5567
f 5567 6324 6325
f 5567 6325 5558
f 6326 5568 5559
f 5568 6326 5560
f 6327 5569 5561
f 6340 5569 6327
f 6329 6328 6341
f 6329 6341 6342
f 6343 6328 6330
f 6341 6328 6343
f 6344 6330 6331
f 6343 6330 6344
f 6345 6331 6332
f 6344 6331 6345
f 6346 6332 6334
f 6345 6332 6346
f 6347 6334 6335
f 6346 6334 6347
f 6348 6335 6337
f 6347 6335 6348
f 6349 6337 6338
f 6348 6337 6349
f 5570 6349 5562
f 5562 6349 6338
f 6350 5571 6339
f 6339 5571 5563
f 5572 6350 5565
f 5565 6350 6339
f 6340 5573 5569
f 6351 5573 6340
f 6342 6341 5574
f 5575 6342 5574
f 6352 6342 5575
f 5574 6341 5576
f 5576 6341 6343
f 5576 6343 5577
f 5577 6343 6344
f 5577 6344 5578
f 5578 6344 6345
f 5578 6345 5579
f 5579 6345 6346
f 5579 6346 5580
f 5580 6346 6347
f 5580 6347 5581
f 5581 6347 6348
f 5581 6348 5582
f 5582 6348 6349
f 5582 6349 5570
f 6350 5583 5571
f 5583 6350 5572
f 6351 5584 5573
f 6353 5584 6351
f 5585 6352 5575
f 5585 6354 6352
f 6353 5586 5584
f 6355 5586 6353
f 6357 6356 5587
f 6357 5587 5588
f 5585 5587 6354
f 6354 5587 6356
f 6355 5589 5586
f 6358 5589 6355
f 6360 6359 5590
f 6360 5590 5591
f 5588 5590 6357
f 6357 5590 6359
f 6358 5592 5589
f 6361 5592 6358
f 5594 6360 5591
f 5594 6362 6360
f 6364 5595 6363
f 5595 6361 6363
f 5595 5592 6361
f 6365 6364 6363
f 5596 6362 5594
f 5596 6366 6362
f 6368 6367 6364
f 6367 5595 6364
f 6367 5597 5595
f 6368 6364 6365
f 6369 6366 5596
f 6369 5596 5598
f 5598 5599 6369
f 6369 5599 6370
f 6367 5610 5597
f 6371 5610 6367
f 6372 6370 5599
f 6372 5599 5611
f 6374 6372 6373
f 6372 5612 6373
f 6372 5611 5612
f 5613 6375 5612
f 5612 6375 6373
f 5614 6375 5613
f 6376 5620 5619
f 5622 6376 5619
f 6377 5623 5624
f 5625 6377 5624
f 6378 5628 5629
f 5630 6379 5629
f 5629 6379 6378
f 6379 5630 5631
f 6382 6381 6380
f 6380 6383 6382
f 6385 6384 5635
f 5635 6384 5634
f 5635 5637 6385
f 6385 5637 6386
f 6387 5638 5639
f 6389 6387 6388
f 6387 5639 6388
f 5641 6390 6388
f 5641 6388 5639
f 5643 5642 6391
f 6388 6390 6392
f 5644 6393 5642
f 5642 6393 6391
f 5646 6393 5644
f 6394 5648 5649
f 6394 5649 5651
f 6397 6396 6395
f 5652 5653 6395
f 5653 6397 6395
f 5653 6398 6397
f 6400 6398 6399
f 6398 5654 6399
f 6398 5653 5654
f 5656 6401 5654
f 5654 6401 6399
f 5658 6402 5656
f 5656 6402 6401
f 5661 6402 5658
f 6371 5666 5610
f 6403 5666 6371
f 6374 6373 6404
f 6374 6404 6405
f 6375 6407 6406
f 6404 6375 6406
f 6373 6375 6404
f 6409 6407 6408
f 6408 6407 5667
f 6407 6375 5667
f 6375 5614 5667
f 5668 6410 5667
f 5667 6410 6408
f 6410 5668 6411
f 5668 6412 6411
f 5668 5669 6412
f 6413 5669 5670
f 6413 6412 5669
f 6415 6414 5671
f 6414 5670 5671
f 6414 6413 5670
f 6416 6414 6376
f 6414 5673 6376
f 5673 5620 6376
f 6414 6415 5673
f 5622 5675 6376
f 5675 6417 6376
f 6417 6416 6376
f 6417 5675 6418
f 6419 6417 6377
f 6417 5676 6377
f 5676 5623 6377
f 6417 6418 5676
f 5625 5678 6377
f 5678 6420 6377
f 6420 6419 6377
f 6420 5678 6421
f 5679 5680 6421
f 5680 6420 6421
f 5680 6422 6420
f 5683 5681 6423
f 5628 6378 5680
f 6424 5680 6378
f 5680 6424 6422
f 5684 5683 6423
f 6425 6424 6379
f 6378 6379 6424
f 6425 6380 6381
f 6425 5685 6380
f 6425 6379 5631
f 5685 6425 5631
f 6427 6426 5686
f 5686 6426 5685
f 6426 6383 5685
f 6383 6380 5685
f 6430 6429 6428
f 6426 6427 6384
f 5688 6384 6427
f 6384 5688 5634
f 6428 6429 6431
f 5689 6432 5637
f 6386 5637 6432
f 6434 6433 5691
f 6433 5689 5691
f 6433 6432 5689
f 6435 6433 6387
f 6433 5692 6387
f 5692 5638 6387
f 6433 6434 5692
f 5641 5693 6390
f 6387 6389 6435
f 5693 6392 6390
f 5693 6436 6392
f 5693 5643 6391
f 6436 5693 6391
f 6438 6437 6436
f 6391 6438 6436
f 6393 6438 6391
f 5695 6438 5646
f 5646 6438 6393
f 6439 5697 6394
f 6394 5697 5648
f 6441 6439 6440
f 6396 6441 6440
f 6395 6396 6440
f 6442 6395 6440
f 5699 6442 6440
f 5651 5699 6440
f 6394 5651 6440
f 6439 6394 6440
f 6445 6444 6443
f 6395 5700 5652
f 5700 6395 6442
f 6445 6447 6446
f 6445 6399 6447
f 6445 6443 6400
f 6399 6445 6400
f 6448 5702 5703
f 6399 6449 6447
f 6449 6399 6401
f 6448 5704 5702
f 6451 6449 6450
f 6401 6450 6449
f 6450 6401 6402
f 5705 6450 5661
f 5661 6450 6402
f 6452 5707 5708
f 5710 6452 5708
f 6453 5715 5716
f 6453 5716 5718
f 6456 6455 6454
f 6454 6457 6456
f 6458 5723 5722
f 6458 5722 5726
f 6461 6460 6459
f 6403 6461 6459
f 5727 6403 6459
f 5666 6403 5727
f 6462 6405 6404
f 6462 6404 6406
f 5729 5730 6463
f 6408 6464 6409
f 5731 5729 6463
f 6465 6464 6410
f 6408 6410 6464
f 6465 6410 6411
f 5732 6415 5671
f 6415 5732 5673
f 5733 6418 5675
f 6418 5733 5676
f 5734 6421 5678
f 6421 5734 5679
f 5735 6423 5681
f 6423 5735 5684
f 5738 6466 5737
f 6466 5686 5737
f 6466 6427 5686
f 6466 5739 5740
f 6427 6466 5740
f 6428 6467 6430
f 5688 6427 5740
f 6467 6428 6431
f 5741 6434 5691
f 6434 5741 5692
f 6468 6437 6438
f 6468 6438 5695
f 5742 6468 5695
f 6469 6468 5742
f 6470 5742 5743
f 6470 6469 5742
f 5743 5697 6439
f 6471 5743 6439
f 6470 5743 6471
f 5699 5744 6442
f 6439 6441 6471
f 6445 6472 6444
f 5700 6442 5744
f 6472 6445 6446
f 5745 6448 5703
f 6450 6473 6451
f 5704 6448 5745
f 6473 6450 5705
f 5746 6473 5705
f 6474 6473 5746
f 5746 5707 6452
f 6475 5746 6452
f 6474 5746 6475
f 6475 6452 5710
f 5747 6475 5710
f 6476 6475 5747
f 6477 5747 5748
f 6477 6476 5747
f 6478 5748 5749
f 6478 6477 5748
f 6479 5749 5750
f 6479 6478 5749
f 6481 6479 6480
f 6479 5751 6480
f 6479 5750 5751
f 6482 6480 5751
f 6482 5751 5715
f 6483 6482 5715
f 6453 6483 5715
f 6483 6454 6455
f 6483 5752 6454
f 6483 6453 5718
f 5752 6483 5718
f 5752 5753 6454
f 5753 6457 6454
f 5753 6484 6457
f 6486 6485 5756
f 5756 6485 5755
f 5756 5723 6458
f 6487 5756 6458
f 6486 5756 6487
f 6487 6459 6460
f 6487 5758 6459
f 6487 6458 5726
f 5758 6487 5726
f 6459 5758 5727
f 5759 6463 5730
f 6463 5759 5731
f 5762 6488 5761
f 6488 5763 5761
f 5764 6466 5738
f 6466 5764 5739
f 6489 6481 6480
f 6489 6480 6482
f 6490 6484 5753
f 6490 5753 5765
f 5765 5755 6485
f 5765 6485 6490
f 5766 6488 5762
f 6488 5766 5763
f 5770 6491 5769
f 6491 5771 5769
f 6494 6493 6492
f 6495 6492 6493
f 5775 6496 5774
f 6497 5777 5774
f 6497 5774 6496
f 6497 5778 5777
f 6500 6499 6498
f 6502 6501 6498
f 6502 6498 6499
f 6503 5781 5780
f 6504 6501 6502
f 6505 5782 5781
f 6505 5781 6503
f 6505 5784 5782
f 5785 6506 5786
f 5786 6506 6507
f 6508 5786 6507
f 5788 5786 6508
f 6510 6509 5790
f 5788 6510 5790
f 6508 6510 5788
f 6511 6509 6510
f 5793 6512 5792
f 6512 5795 5792
f 5798 6513 5797
f 5797 6513 6514
f 6515 5797 6514
f 5799 5797 6515
f 6517 6516 5801
f 5799 6517 5801
f 6515 6517 5799
f 6518 6516 6517
f 6520 6519 5803
f 6520 5803 5804
f 5806 5803 6519
f 5806 6519 6521
f 5810 6522 5812
f 6522 5813 5812
f 5815 6491 5770
f 5771 6491 5815
f 6525 6524 6523
f 6494 6492 6526
f 6525 6527 6524
f 6526 6492 6495
f 5819 6528 5818
f 5818 6528 6529
f 6530 5818 6529
f 5821 5818 6530
f 5824 5821 6530
f 5824 6530 6531
f 5826 6532 6496
f 5826 6496 5775
f 6535 6534 6533
f 6497 5828 5827
f 5828 6497 6532
f 6496 6532 6497
f 6537 6534 6536
f 6537 6536 5831
f 6537 5831 5778
f 6537 5778 6497
f 6537 6497 5827
f 6537 5827 5829
f 6537 5829 6533
f 6537 6533 6534
f 6498 6538 5833
f 6536 6498 5833
f 5831 6536 5833
f 6500 6498 6536
f 5834 6538 5835
f 6538 6501 5835
f 6538 6498 6501
f 6501 6504 5835
f 6504 6539 5835
f 6503 5780 5835
f 6503 5835 6539
f 6503 6539 6505
f 6505 6539 6540
f 6505 6540 5784
f 6540 5836 5784
f 6540 6541 5836
f 5785 5836 6506
f 5836 6542 6506
f 5836 6541 6542
f 6506 6542 6507
f 6509 5837 5790
f 6511 6543 6509
f 6543 5837 6509
f 6543 5838 5837
f 5793 5838 6512
f 5838 6544 6512
f 5838 6543 6544
f 5795 6512 6544
f 6545 5795 6544
f 5839 5795 6545
f 6547 6546 6513
f 5798 6547 6513
f 5840 6547 5798
f 6513 6546 6514
f 6516 5841 5801
f 6518 6548 6516
f 6548 5841 6516
f 6548 5842 5841
f 5842 6549 5843
f 6548 6549 5842
f 5804 5843 6520
f 6520 5843 6549
f 6521 5844 5806
f 6550 5844 6521
f 6552 6551 5846
f 6552 5846 5847
f 5846 6553 5848
f 6551 6553 5846
f 5848 6554 5849
f 6553 6554 5848
f 5849 6555 5850
f 6554 6555 5849
f 5850 6556 5851
f 6555 6556 5850
f 5851 6557 5852
f 6556 6557 5851
f 5852 6558 5853
f 6557 6558 5852
f 5853 6559 5854
f 6558 6559 5853
f 6559 6561 6560
f 5855 6559 6560
f 5854 6559 5855
f 6560 6562 5855
f 5855 6562 5810
f 6562 6563 5810
f 6563 6522 5810
f 6522 6563 5813
f 6563 5856 5813
f 6563 6564 5856
f 5856 6565 5857
f 6564 6565 5856
f 5857 6566 5858
f 6565 6566 5857
f 5858 6567 5859
f 6566 6567 5858
f 6524 5860 6523
f 5860 6567 6523
f 5860 5859 6567
f 6527 6568 6524
f 6568 5860 6524
f 6568 5861 5860
f 5861 6569 5862
f 6568 6569 5861
f 5862 6570 5863
f 6569 6570 5862
f 5863 6571 5864
f 6570 6571 5863
f 5819 5864 6528
f 5864 6572 6528
f 5864 6571 6572
f 6528 6572 6529
f 6531 6573 5824
f 5824 6573 5865
f 5826 5865 6532
f 5865 6574 6532
f 5865 6573 6574
f 6535 6533 6574
f 6533 5866 6574
f 5828 6532 6574
f 5828 6574 5866
f 5866 6533 5829
f 6538 5867 5833
f 5867 6538 5834
f 5868 5839 6575
f 5839 6576 6575
f 5839 6545 6576
f 6575 5870 5868
f 5871 6547 5840
f 5871 6577 6547
f 6550 6578 5844
f 5844 6578 5872
f 5847 5872 6552
f 6552 5872 6578
f 6561 6579 6560
f 6560 6579 6562
f 6576 6580 6575
f 5870 6575 6580
f 6581 5870 6580
f 5873 5870 6581
f 6583 6582 5874
f 6583 5874 5875
f 5871 5874 6577
f 6577 5874 6582
f 6581 5876 5873
f 6584 5876 6581
f 5877 6583 5875
f 5877 6585 6583
f 6584 5878 5876
f 6586 5878 6584
f 5879 6585 5877
f 5879 6587 6585
f 6586 5880 5878
f 6588 5880 6586
f 6589 6587 5879
f 6589 5879 5881
f 5881 5882 6589
f 6589 5882 6590
f 6588 5883 5880
f 6591 5883 6588
f 5884 6590 5882
f 5884 6592 6590
f 6591 5887 5883
f 6593 5887 6591
f 6594 6592 5884
f 6594 5884 5888
f 6595 5888 5889
f 6595 6594 5888
f 6596 5889 5890
f 6596 6595 5889
f 6597 5890 5891
f 6597 6596 5890
f 6598 5891 5892
f 6598 6597 5891
f 6599 5892 5893
f 6599 6598 5892
f 6600 5893 5894
f 6600 6599 5893
f 6601 5894 5895
f 6601 6600 5894
f 6602 5895 5896
f 6602 6601 5895
f 6603 5896 5897
f 6603 6602 5896
f 6604 5897 5898
f 6604 6603 5897
f 6605 5898 5899
f 6605 6604 5898
f 6606 5899 5900
f 6606 6605 5899
f 6607 5900 5901
f 6607 6606 5900
f 6608 5901 5902
f 6608 6607 5901
f 6609 5902 5903
f 6609 6608 5902
f 6610 5903 5904
f 6610 6609 5903
f 6611 5904 5905
f 6611 6610 5904
f 6612 5905 5906
f 6612 6611 5905
f 6613 5906 5907
f 6613 6612 5906
f 6614 5907 5908
f 6614 6613 5907
f 6615 5908 5909
f 6615 6614 5908
f 6616 5909 5910
f 6616 6615 5909
f 6617 5910 5911
f 6617 6616 5910
f 6618 5911 5912
f 6618 6617 5911
f 6619 5912 5913
f 6619 6618 5912
f 6620 5913 5914
f 6620 6619 5913
f 6621 5914 5915
f 6621 6620 5914
f 6622 5915 5916
f 6622 6621 5915
f 6623 5916 5917
f 6623 6622 5916
f 6624 5917 5918
f 6624 6623 5917
f 6625 5918 5919
f 6625 6624 5918
f 6626 5919 5920
f 6626 6625 5919
f 6627 5920 5921
f 6627 6626 5920
f 6628 5921 5922
f 6628 6627 5921
f 6629 5922 5923
f 6629 6628 5922
f 6630 5923 5924
f 6630 6629 5923
f 5924 5925 6630
f 6630 5925 6631
f 6593 5926 5887
f 6632 5926 6593
f 6634 6633 5928
f 6634 5928 5929
f 5928 6635 5931
f 6633 6635 5928
f 5931 6636 5933
f 6635 6636 5931
f 5933 6637 5935
f 6636 6637 5933
f 5935 6638 5937
f 6637 6638 5935
f 5937 6639 5939
f 6638 6639 5937
f 5939 6640 5941
f 6639 6640 5939
f 5941 6641 5943
f 6640 6641 5941
f 5925 5943 6631
f 6631 5943 6641
f 6632 5944 5926
f 6642 5944 6632
f 5946 6634 5929
f 5946 6643 6634
f 6642 5954 5944
f 6644 5954 6642
f 6646 6645 5956
f 6646 5956 5957
f 5956 6647 5959
f 6645 6647 5956
f 5959 6648 5961
f 6647 6648 5959
f 5961 6649 5963
f 6648 6649 5961
f 5963 6650 5965
f 6649 6650 5963
f 5965 6651 5967
f 6650 6651 5965
f 5967 6652 5969
f 6651 6652 5967
f 5969 6653 5971
f 6652 6653 5969
f 5971 6654 5973
f 6653 6654 5971
f 5973 6655 5975
f 6654 6655 5973
f 5976 5975 6655
f 5976 6655 6656
f 6658 6657 5978
f 6658 5978 5979
f 5978 6659 5981
f 6657 6659 5978
f 5981 6660 5983
f 6659 6660 5981
f 5984 5983 6660
f 5984 6660 6661
f 6663 6662 5986
f 6663 5986 5987
f 5986 6664 5989
f 6662 6664 5986
f 5946 5989 6643
f 6643 5989 6664
f 6644 5994 5954
f 6665 5994 6644
f 5996 6646 5957
f 5996 6666 6646
f 6656 6006 5976
f 6667 6006 6656
f 6008 6658 5979
f 6008 6668 6658
f 6661 6011 5984
f 6669 6011 6661
f 6013 6663 5987
f 6013 6670 6663
f 6665 6019 5994
f 6671 6019 6665
f 6673 6672 6021
f 6673 6021 6022
f 6021 6674 6024
f 6672 6674 6021
f 6024 6675 6026
f 6674 6675 6024
f 6027 6026 6675
f 6027 6675 6676
f 6678 6677 6029
f 6678 6029 6030
f 6029 6679 6032
f 6677 6679 6029
f 5996 6032 6666
f 6666 6032 6679
f 6667 6680 6006
f 6006 6680 6043
f 6043 6681 6046
f 6680 6681 6043
f 6008 6046 6668
f 6668 6046 6681
f 6669 6682 6011
f 6011 6682 6050
f 6050 6683 6053
f 6682 6683 6050
f 6013 6053 6670
f 6670 6053 6683
f 6671 6059 6019
f 6684 6059 6671
f 6061 6673 6022
f 6061 6685 6673
f 6686 6063 6064
f 6687 6686 6064
f 6027 6687 6064
f 6676 6687 6027
f 6066 6678 6030
f 6066 6688 6678
f 6684 6089 6059
f 6689 6089 6684
f 6691 6690 6091
f 6691 6091 6092
f 6061 6091 6685
f 6685 6091 6690
f 6686 6095 6063
f 6097 6095 6686
f 6687 6097 6686
f 6692 6097 6687
f 6099 6688 6066
f 6099 6693 6688
f 6689 6120 6089
f 6694 6120 6689
f 6122 6691 6092
f 6122 6695 6691
f 6697 6696 6126
f 6126 6696 6125
f 6129 6127 6698
f 6699 6698 6127
f 6692 6126 6097
f 6126 6692 6697
f 6129 6700 6131
f 6698 6700 6129
f 6131 6701 6133
f 6700 6701 6131
f 6133 6702 6135
f 6701 6702 6133
f 6136 6135 6702
f 6136 6702 6703
f 6138 6693 6099
f 6138 6704 6693
f 6694 6159 6120
f 6705 6159 6694
f 6708 6707 6706
f 6707 6695 6706
f 6695 6161 6706
f 6695 6122 6161
f 6696 6164 6125
f 6709 6164 6696
f 6166 6699 6127
f 6166 6710 6699
f 6703 6170 6136
f 6711 6170 6703
f 6172 6704 6138
f 6172 6712 6704
f 6705 6193 6159
f 6713 6193 6705
f 6708 6706 6714
f 6708 6714 6715
f 6195 6714 6161
f 6161 6714 6706
f 6717 6716 6197
f 6197 6716 6196
f 6718 6197 6198
f 6718 6717 6197
f 6198 6164 6709
f 6198 6709 6718
f 6200 6710 6166
f 6200 6719 6710
f 6711 6720 6170
f 6170 6720 6204
f 6172 6204 6712
f 6712 6204 6720
f 6713 6230 6193
f 6721 6230 6713
f 6722 6715 6714
f 6714 6195 6722
f 6195 6723 6722
f 6195 6232 6723
f 6716 6233 6196
f 6724 6233 6716
f 6235 6719 6200
f 6235 6725 6719
f 6721 6264 6230
f 6726 6264 6721
f 6266 6723 6232
f 6266 6727 6723
f 6724 6728 6233
f 6233 6728 6267
f 6267 6729 6270
f 6728 6729 6267
f 6270 6730 6272
f 6729 6730 6270
f 6730 6274 6272
f 6274 6730 6731
f 6235 6273 6725
f 6732 6725 6273
f 6733 6273 6275
f 6733 6732 6273
f 6734 6275 6276
f 6734 6733 6275
f 6735 6276 6277
f 6735 6734 6276
f 6277 6278 6735
f 6735 6278 6736
f 6738 6299 6737
f 6299 6726 6737
f 6299 6264 6726
f 6739 6738 6737
f 6301 6727 6266
f 6301 6740 6727
f 6731 6305 6274
f 6741 6305 6731
f 6743 6742 6307
f 6743 6307 6308
f 6307 6744 6310
f 6742 6744 6307
f 6278 6310 6736
f 6736 6310 6744
f 6746 6745 6738
f 6745 6299 6738
f 6745 6314 6299
f 6746 6738 6739
f 6316 6740 6301
f 6316 6747 6740
f 6741 6320 6305
f 6748 6320 6741
f 6322 6743 6308
f 6322 6749 6743
f 6745 6327 6314
f 6750 6327 6745
f 6329 6747 6316
f 6329 6751 6747
f 6748 6752 6320
f 6320 6752 6333
f 6333 6753 6336
f 6752 6753 6333
f 6322 6336 6749
f 6749 6336 6753
f 6750 6340 6327
f 6754 6340 6750
f 6757 6756 6755
f 6756 6751 6755
f 6751 6342 6755
f 6751 6329 6342
f 6754 6351 6340
f 6758 6351 6754
f 6757 6755 6759
f 6757 6759 6760
f 6352 6759 6342
f 6342 6759 6755
f 6758 6353 6351
f 6761 6353 6758
f 6762 6760 6759
f 6759 6352 6762
f 6352 6763 6762
f 6352 6354 6763
f 6765 6355 6764
f 6355 6761 6764
f 6355 6353 6761
f 6766 6765 6764
f 6768 6767 6356
f 6768 6356 6357
f 6354 6356 6763
f 6763 6356 6767
f 6770 6769 6765
f 6769 6355 6765
f 6769 6358 6355
f 6770 6765 6766
f 6772 6771 6359
f 6772 6359 6360
f 6357 6359 6768
f 6768 6359 6771
f 6769 6361 6358
f 6773 6361 6769
f 6362 6772 6360
f 6362 6774 6772
f 6363 6361 6775
f 6361 6776 6775
f 6361 6773 6776
f 6775 6365 6363
f 6366 6774 6362
f 6366 6777 6774
f 6775 6776 6368
f 6776 6367 6368
f 6776 6778 6367
f 6775 6368 6365
f 6779 6777 6366
f 6779 6366 6369
f 6369 6370 6779
f 6779 6370 6780
f 6778 6371 6367
f 6781 6371 6778
f 6782 6780 6370
f 6782 6370 6372
f 6372 6374 6782
f 6782 6374 6783
f 6785 6784 6382
f 6382 6784 6381
f 6382 6383 6785
f 6785 6383 6786
f 6787 6384 6385
f 6386 6787 6385
f 6789 6788 6388
f 6388 6788 6389
f 6388 6392 6789
f 6789 6392 6790
f 6791 6396 6397
f 6398 6792 6397
f 6397 6792 6791
f 6400 6792 6398
f 6781 6403 6371
f 6793 6403 6781
f 6405 6783 6374
f 6405 6794 6783
f 6796 6795 6407
f 6407 6795 6406
f 6798 6797 6409
f 6797 6407 6409
f 6797 6796 6407
f 6800 6799 6798
f 6798 6799 6797
f 6411 6412 6800
f 6412 6799 6800
f 6412 6801 6799
f 6802 6412 6413
f 6802 6801 6412
f 6803 6413 6414
f 6803 6802 6413
f 6805 6803 6804
f 6803 6416 6804
f 6803 6414 6416
f 6417 6806 6416
f 6416 6806 6804
f 6806 6417 6807
f 6417 6808 6807
f 6417 6419 6808
f 6810 6808 6809
f 6808 6420 6809
f 6808 6419 6420
f 6422 6811 6420
f 6420 6811 6809
f 6811 6422 6812
f 6422 6813 6812
f 6422 6424 6813
f 6814 6424 6425
f 6814 6813 6424
f 6817 6816 6815
f 6381 6784 6425
f 6814 6425 6784
f 6817 6815 6818
f 6426 6819 6383
f 6786 6383 6819
f 6429 6430 6820
f 6384 6787 6426
f 6821 6426 6787
f 6426 6821 6819
f 6823 6822 6432
f 6787 6432 6822
f 6432 6787 6386
f 6821 6787 6822
f 6431 6429 6820
f 6433 6824 6432
f 6432 6824 6823
f 6435 6825 6433
f 6433 6825 6824
f 6389 6788 6826
f 6825 6389 6826
f 6827 6825 6826
f 6435 6389 6825
f 6829 6828 6436
f 6827 6436 6828
f 6436 6827 6392
f 6826 6392 6827
f 6392 6826 6790
f 6436 6437 6829
f 6829 6437 6830
f 6833 6832 6831
f 6834 6833 6791
f 6833 6441 6791
f 6441 6396 6791
f 6833 6831 6441
f 6444 6835 6443
f 6835 6791 6443
f 6791 6792 6443
f 6835 6834 6791
f 6443 6792 6400
f 6836 6446 6447
f 6836 6447 6837
f 6447 6838 6837
f 6447 6449 6838
f 6449 6451 6838
f 6838 6451 6839
f 6842 6841 6840
f 6840 6843 6842
f 6844 6455 6456
f 6844 6456 6457
f 6847 6846 6845
f 6849 6848 6845
f 6845 6848 6847
f 6851 6850 6849
f 6849 6850 6848
f 6460 6461 6852
f 6850 6851 6853
f 6854 6852 6461
f 6403 6854 6461
f 6793 6854 6403
f 6855 6794 6405
f 6855 6405 6462
f 6462 6406 6795
f 6462 6795 6855
f 6464 6798 6409
f 6798 6464 6465
f 6798 6465 6800
f 6800 6465 6411
f 6805 6804 6856
f 6805 6856 6857
f 6806 6859 6858
f 6856 6806 6858
f 6804 6806 6856
f 6859 6806 6807
f 6860 6810 6809
f 6860 6809 6811
f 6860 6811 6861
f 6861 6811 6812
f 6862 6816 6817
f 6862 6817 6818
f 6467 6820 6430
f 6823 6863 6822
f 6431 6820 6467
f 6863 6823 6824
f 6863 6824 6864
f 6866 6865 6864
f 6824 6866 6864
f 6825 6866 6824
f 6827 6868 6867
f 6866 6827 6867
f 6825 6827 6866
f 6868 6827 6828
f 6869 6830 6437
f 6869 6437 6468
f 6870 6468 6469
f 6870 6869 6468
f 6871 6469 6470
f 6871 6870 6469
f 6471 6831 6832
f 6871 6471 6832
f 6470 6471 6871
f 6831 6471 6441
f 6872 6835 6444
f 6872 6444 6472
f 6472 6446 6836
f 6873 6472 6836
f 6872 6472 6873
f 6873 6836 6837
f 6451 6473 6874
f 6875 6451 6874
f 6839 6451 6875
f 6874 6473 6876
f 6473 6877 6876
f 6473 6474 6877
f 6475 6840 6841
f 6877 6475 6841
f 6474 6475 6877
f 6878 6843 6840
f 6475 6878 6840
f 6476 6878 6475
f 6879 6476 6477
f 6879 6878 6476
f 6880 6477 6478
f 6880 6879 6477
f 6881 6478 6479
f 6881 6880 6478
f 6479 6481 6881
f 6881 6481 6882
f 6884 6883 6483
f 6483 6883 6482
f 6483 6455 6844
f 6885 6483 6844
f 6884 6483 6885
f 6484 6844 6457
f 6844 6484 6885
f 6886 6885 6484
f 6885 6886 6846
f 6845 6846 6886
f 6886 6485 6486
f 6849 6886 6486
f 6845 6886 6849
f 6849 6486 6487
f 6849 6487 6851
f 6487 6853 6851
f 6487 6887 6853
f 6487 6460 6852
f 6887 6487 6852
f 6887 6852 6854
f 6890 6889 6888
f 6891 6888 6889
f 6892 6857 6856
f 6895 6894 6893
f 6858 6892 6856
f 6896 6894 6895
f 6897 6865 6866
f 6897 6866 6867
f 6898 6875 6874
f 6898 6874 6876
f 6899 6882 6481
f 6899 6481 6489
f 6489 6482 6883
f 6489 6883 6899
f 6490 6886 6484
f 6886 6490 6485
f 6900 6890 6888
f 6900 6888 6891
f 6901 6893 6894
f 6901 6894 6896
f 6494 6902 6493
f 6902 6495 6493
f 6500 6903 6499
f 6904 6502 6499
f 6904 6499 6903
f 6904 6504 6502
f 6907 6906 6905
f 6909 6908 6905
f 6909 6905 6906
f 6910 6908 6909
f 6507 6911 6508
f 6912 6510 6508
f 6912 6508 6911
f 6912 6511 6510
f 6915 6914 6913
f 6916 6913 6914
f 6514 6917 6515
f 6918 6517 6515
f 6918 6515 6917
f 6918 6518 6517
f 6921 6920 6919
f 6519 6520 6919
f 6920 6519 6919
f 6922 6519 6920
f 6521 6519 6922
f 6521 6922 6923
f 6926 6925 6924
f 6927 6924 6925
f 6930 6929 6928
f 6931 6928 6929
f 6523 6932 6525
f 6526 6902 6494
f 6527 6525 6932
f 6902 6526 6495
f 6529 6933 6530
f 6531 6530 6933
f 6936 6935 6934
f 6937 6936 6934
f 6939 6938 6534
f 6939 6534 6535
f 6534 6940 6536
f 6938 6940 6534
f 6500 6536 6903
f 6536 6941 6903
f 6536 6940 6941
f 6903 6941 6904
f 6904 6941 6942
f 6904 6942 6504
f 6942 6539 6504
f 6942 6943 6539
f 6905 6540 6907
f 6540 6943 6907
f 6540 6539 6943
f 6946 6945 6944
f 6905 6541 6540
f 6541 6905 6908
f 6946 6947 6945
f 6948 6908 6910
f 6908 6948 6541
f 6542 6541 6948
f 6507 6542 6911
f 6542 6949 6911
f 6542 6948 6949
f 6911 6949 6912
f 6912 6949 6950
f 6912 6950 6511
f 6950 6543 6511
f 6950 6951 6543
f 6913 6544 6915
f 6544 6951 6915
f 6544 6543 6951
f 6545 6544 6913
f 6916 6545 6913
f 6952 6545 6916
f 6954 6953 6546
f 6954 6546 6547
f 6514 6546 6917
f 6546 6955 6917
f 6546 6953 6955
f 6917 6955 6918
f 6918 6955 6956
f 6918 6956 6518
f 6956 6548 6518
f 6956 6957 6548
f 6919 6549 6921
f 6549 6957 6921
f 6549 6548 6957
f 6549 6919 6520
f 6959 6550 6958
f 6550 6923 6958
f 6550 6521 6923
f 6551 6552 6959
f 6958 6551 6959
f 6960 6551 6958
f 6961 6926 6924
f 6963 6962 6960
f 6553 6960 6962
f 6960 6553 6551
f 6924 6927 6961
f 6965 6962 6964
f 6962 6965 6553
f 6554 6553 6965
f 6965 6967 6966
f 6555 6965 6966
f 6554 6965 6555
f 6968 6556 6555
f 6968 6555 6966
f 6969 6557 6556
f 6969 6556 6968
f 6557 6969 6970
f 6971 6557 6970
f 6558 6557 6971
f 6928 6559 6930
f 6559 6971 6930
f 6559 6558 6971
f 6973 6972 6561
f 6973 6561 6559
f 6931 6973 6559
f 6928 6931 6559
f 6973 6562 6972
f 6973 6563 6562
f 6973 6975 6974
f 6563 6973 6974
f 6563 6974 6976
f 6977 6563 6976
f 6564 6563 6977
f 6564 6978 6565
f 6977 6978 6564
f 6978 6980 6979
f 6566 6978 6979
f 6565 6978 6566
f 6981 6567 6566
f 6981 6566 6979
f 6981 6982 6567
f 6567 6982 6523
f 6982 6983 6523
f 6983 6932 6523
f 6932 6983 6527
f 6983 6568 6527
f 6983 6984 6568
f 6984 6986 6985
f 6569 6984 6985
f 6568 6984 6569
f 6569 6985 6987
f 6988 6569 6987
f 6570 6569 6988
f 6570 6989 6571
f 6988 6989 6570
f 6571 6990 6572
f 6989 6990 6571
f 6529 6572 6933
f 6572 6991 6933
f 6572 6990 6991
f 6935 6936 6991
f 6936 6573 6991
f 6531 6933 6991
f 6531 6991 6573
f 6937 6992 6936
f 6992 6573 6936
f 6992 6574 6573
f 6535 6574 6939
f 6939 6574 6992
f 6944 6993 6946
f 6946 6993 6947
f 6952 6576 6545
f 6994 6576 6952
f 6577 6954 6547
f 6577 6995 6954
f 6959 6578 6550
f 6578 6959 6552
f 6963 6996 6962
f 6962 6996 6964
f 6967 6997 6966
f 6966 6997 6968
f 6968 6997 6998
f 6968 6998 6969
f 6969 6998 6999
f 6969 6999 6970
f 6972 6579 6561
f 6975 7000 6974
f 6579 6972 6562
f 6974 7000 6976
f 6980 7001 6979
f 6979 7001 6981
f 6981 7001 7002
f 6981 7002 6982
f 6986 7003 6985
f 6985 7003 6987
f 6580 6576 7004
f 6576 7005 7004
f 6576 6994 7005
f 7004 6581 6580
f 7007 7006 6582
f 7007 6582 6583
f 6577 6582 6995
f 6995 6582 7006
f 7005 7008 7004
f 6581 7004 7008
f 7009 6581 7008
f 6584 6581 7009
f 6585 7007 6583
f 6585 7010 7007
f 7009 6586 6584
f 7011 6586 7009
f 6587 7010 6585
f 6587 7012 7010
f 7011 6588 6586
f 7013 6588 7011
f 6587 6589 7014
f 7015 6587 7014
f 7012 6587 7015
f 6590 7014 6589
f 7013 6591 6588
f 7016 6591 7013
f 7015 7014 7017
f 7015 7017 7018
f 6592 7017 6590
f 6590 7017 7014
f 7016 6593 6591
f 7019 6593 7016
f 7018 7017 7020
f 7018 7020 7021
f 7020 7017 6592
f 7022 7020 6592
f 6594 7022 6592
f 7023 7020 7022
f 7024 6594 6595
f 7024 7022 6594
f 7026 7024 7025
f 7024 6596 7025
f 7024 6595 6596
f 6597 7027 6596
f 6596 7027 7025
f 6598 7028 6597
f 6597 7028 7027
f 6599 7029 6598
f 6598 7029 7028
f 6600 7030 6599
f 6599 7030 7029
f 6601 7031 6600
f 6600 7031 7030
f 6602 7032 6601
f 6601 7032 7031
f 6603 7033 6602
f 6602 7033 7032
f 6604 7034 6603
f 6603 7034 7033
f 6605 7035 6604
f 6604 7035 7034
f 6606 7036 6605
f 6605 7036 7035
f 6607 7037 6606
f 6606 7037 7036
f 6608 7038 6607
f 6607 7038 7037
f 6609 7039 6608
f 6608 7039 7038
f 6610 7040 6609
f 6609 7040 7039
f 6611 7041 6610
f 6610 7041 7040
f 6612 7042 6611
f 6611 7042 7041
f 6613 7043 6612
f 6612 7043 7042
f 6614 7044 6613
f 6613 7044 7043
f 6615 7045 6614
f 6614 7045 7044
f 6616 7046 6615
f 6615 7046 7045
f 6617 7047 6616
f 6616 7047 7046
f 6618 7048 6617
f 6617 7048 7047
f 6619 7049 6618
f 6618 7049 7048
f 6620 7050 6619
f 6619 7050 7049
f 6621 7051 6620
f 6620 7051 7050
f 6622 7052 6621
f 6621 7052 7051
f 6623 7053 6622
f 6622 7053 7052
f 6624 7054 6623
f 6623 7054 7053
f 6625 7055 6624
f 6624 7055 7054
f 6626 7056 6625
f 6625 7056 7055
f 6627 7057 6626
f 6626 7057 7056
f 6628 7058 6627
f 6627 7058 7057
f 6629 7059 6628
f 6628 7059 7058
f 6630 7060 6629
f 6629 7060 7059
f 6631 7060 6630
f 7019 6632 6593
f 7061 6632 7019
f 7021 7020 7062
f 7021 7062 7063
f 7020 7023 7064
f 7020 7064 7062
f 7026 7025 7065
f 7026 7065 7066
f 7067 7025 7027
f 7065 7025 7067
f 7068 7027 7028
f 7067 7027 7068
f 7069 7028 7029
f 7068 7028 7069
f 7070 7029 7030
f 7069 7029 7070
f 7071 7030 7031
f 7070 7030 7071
f 7072 7031 7032
f 7071 7031 7072
f 7073 7032 7033
f 7072 7032 7073
f 7074 7033 7034
f 7073 7033 7074
f 7075 7034 7035
f 7074 7034 7075
f 7076 7035 7036
f 7075 7035 7076
f 7077 7036 7037
f 7076 7036 7077
f 7078 7037 7038
f 7077 7037 7078
f 7079 7038 7039
f 7078 7038 7079
f 7080 7039 7040
f 7079 7039 7080
f 7081 7040 7041
f 7080 7040 7081
f 7082 7041 7042
f 7081 7041 7082
f 7083 7042 7043
f 7082 7042 7083
f 7084 7043 7044
f 7083 7043 7084
f 7085 7044 7045
f 7084 7044 7085
f 7086 7045 7046
f 7085 7045 7086
f 7087 7046 7047
f 7086 7046 7087
f 7088 7047 7048
f 7087 7047 7088
f 7089 7048 7049
f 7088 7048 7089
f 7090 7049 7050
f 7089 7049 7090
f 7091 7050 7051
f 7090 7050 7091
f 7092 7051 7052
f 7091 7051 7092
f 6634 7092 6633
f 7092 7053 6633
f 7092 7052 7053
f 6633 7053 6635
f 6635 7053 7054
f 6635 7054 6636
f 6636 7054 7055
f 6636 7055 6637
f 6637 7055 7056
f 6637 7056 6638
f 6638 7056 7057
f 6638 7057 6639
f 6639 7057 7058
f 6639 7058 6640
f 6640 7058 7059
f 6640 7059 6641
f 6641 7059 7060
f 6641 7060 6631
f 7061 6642 6632
f 7093 6642 7061
f 7096 7095 7094
f 7094 7095 7063
f 7062 7094 7063
f 7097 7094 7062
f 7062 7064 7098
f 7062 7098 7097
f 7066 7065 7099
f 7066 7099 7100
f 7101 7065 7067
f 7099 7065 7101
f 7102 7067 7068
f 7101 7067 7102
f 7103 7068 7069
f 7102 7068 7103
f 7104 7069 7070
f 7103 7069 7104
f 7105 7070 7071
f 7104 7070 7105
f 7106 7071 7072
f 7105 7071 7106
f 7107 7072 7073
f 7106 7072 7107
f 7108 7073 7074
f 7107 7073 7108
f 7109 7074 7075
f 7108 7074 7109
f 7110 7075 7076
f 7109 7075 7110
f 7111 7076 7077
f 7110 7076 7111
f 7112 7077 7078
f 7111 7077 7112
f 7113 7078 7079
f 7112 7078 7113
f 7114 7079 7080
f 7113 7079 7114
f 7115 7080 7081
f 7114 7080 7115
f 7116 7081 7082
f 7115 7081 7116
f 7117 7082 7083
f 7116 7082 7117
f 7118 7083 7084
f 7117 7083 7118
f 7119 7084 7085
f 7118 7084 7119
f 7120 7085 7086
f 7119 7085 7120
f 7121 7086 7087
f 7120 7086 7121
f 7122 7087 7088
f 7121 7087 7122
f 7123 7088 7089
f 7122 7088 7123
f 7124 7089 7090
f 7123 7089 7124
f 7125 7090 7091
f 7124 7090 7125
f 7126 7091 7092
f 7125 7091 7126
f 6643 7126 6634
f 6634 7126 7092
f 7093 6644 6642
f 7127 6644 7093
f 7096 7094 7128
f 7096 7128 7129
f 7130 7094 7097
f 7128 7094 7130
f 7097 7098 7131
f 7132 7097 7131
f 7130 7097 7132
f 7134 7133 7132
f 7134 7132 7131
f 7133 7134 7100
f 7099 7133 7100
f 7135 7133 7099
f 7136 7099 7101
f 7135 7099 7136
f 7137 7101 7102
f 7136 7101 7137
f 7138 7102 7103
f 7137 7102 7138
f 7139 7103 7104
f 7138 7103 7139
f 7140 7104 7105
f 7139 7104 7140
f 7141 7105 7106
f 7140 7105 7141
f 7142 7106 7107
f 7141 7106 7142
f 6646 7142 6645
f 7142 7108 6645
f 7142 7107 7108
f 6645 7108 6647
f 6647 7108 7109
f 6647 7109 6648
f 6648 7109 7110
f 6648 7110 6649
f 6649 7110 7111
f 6649 7111 6650
f 6650 7111 7112
f 6650 7112 6651
f 6651 7112 7113
f 6651 7113 6652
f 6652 7113 7114
f 6652 7114 6653
f 6653 7114 7115
f 6653 7115 6654
f 6654 7115 7116
f 6654 7116 6655
f 6655 7116 7117
f 6655 7117 6656
f 7117 7143 6656
f 7117 7118 7143
f 7144 7118 7119
f 7143 7118 7144
f 6658 7144 6657
f 7144 7120 6657
f 7144 7119 7120
f 6657 7120 6659
f 6659 7120 7121
f 6659 7121 6660
f 6660 7121 7122
f 6660 7122 6661
f 7122 7145 6661
f 7122 7123 7145
f 7146 7123 7124
f 7145 7123 7146
f 6663 7146 6662
f 7146 7125 6662
f 7146 7124 7125
f 6662 7125 6664
f 6664 7125 7126
f 6664 7126 6643
f 7127 6665 6644
f 7147 6665 7127
f 7129 7128 7148
f 7129 7148 7149
f 7150 7128 7130
f 7148 7128 7150
f 7151 7130 7132
f 7150 7130 7151
f 7152 7132 7133
f 7151 7132 7152
f 7153 7133 7135
f 7152 7133 7153
f 7154 7135 7136
f 7153 7135 7154
f 7155 7136 7137
f 7154 7136 7155
f 7156 7137 7138
f 7155 7137 7156
f 7157 7138 7139
f 7156 7138 7157
f 7158 7139 7140
f 7157 7139 7158
f 7159 7140 7141
f 7158 7140 7159
f 7160 7141 7142
f 7159 7141 7160
f 6666 7160 6646
f 6646 7160 7142
f 7161 6667 7143
f 7143 6667 6656
f 7162 7143 7144
f 7161 7143 7162
f 6668 7162 6658
f 6658 7162 7144
f 7163 6669 7145
f 7145 6669 6661
f 7164 7145 7146
f 7163 7145 7164
f 6670 7164 6663
f 6663 7164 7146
f 7147 6671 6665
f 7165 6671 7147
f 7149 7148 7166
f 7149 7166 7167
f 7168 7148 7150
f 7166 7148 7168
f 6673 7168 6672
f 7168 7151 6672
f 7168 7150 7151
f 6672 7151 6674
f 6674 7151 7152
f 6674 7152 6675
f 6675 7152 7153
f 6675 7153 6676
f 7153 7169 6676
f 7153 7154 7169
f 7170 7154 7155
f 7169 7154 7170
f 7171 7155 7156
f 7170 7155 7171
f 7172 7156 7157
f 7171 7156 7172
f 7173 7157 7158
f 7172 7157 7173
f 6678 7173 6677
f 7173 7159 6677
f 7173 7158 7159
f 6677 7159 6679
f 6679 7159 7160
f 6679 7160 6666
f 7161 6680 6667
f 6680 7161 6681
f 6681 7161 7162
f 6681 7162 6668
f 7163 6682 6669
f 6682 7163 6683
f 6683 7163 7164
f 6683 7164 6670
f 7165 6684 6671
f 7174 6684 7165
f 7167 7166 7175
f 7167 7175 7176
f 7177 7166 7168
f 7175 7166 7177
f 6685 7177 6673
f 6673 7177 7168
f 7178 6687 7169
f 7169 6687 6676
f 7179 7169 7170
f 7178 7169 7179
f 7180 7170 7171
f 7179 7170 7180
f 7181 7171 7172
f 7180 7171 7181
f 7182 7172 7173
f 7181 7172 7182
f 6688 7182 6678
f 6678 7182 7173
f 7174 6689 6684
f 7183 6689 7174
f 7176 7175 7184
f 7176 7184 7185
f 6691 7184 6690
f 7184 7177 6690
f 7184 7175 7177
f 6690 7177 6685
f 7186 6692 7178
f 7178 6692 6687
f 7187 7178 7179
f 7186 7178 7187
f 7188 7179 7180
f 7187 7179 7188
f 7189 7180 7181
f 7188 7180 7189
f 7190 7181 7182
f 7189 7181 7190
f 6693 7190 6688
f 6688 7190 7182
f 7183 6694 6689
f 7191 6694 7183
f 7185 7184 7192
f 7185 7192 7193
f 6695 7192 6691
f 6691 7192 7184
f 7194 6696 6697
f 6697 6692 7194
f 6692 7186 7194
f 6698 6699 7194
f 6698 7194 7186
f 6698 7186 6700
f 6700 7186 7187
f 6700 7187 6701
f 6701 7187 7188
f 6701 7188 6702
f 6702 7188 7189
f 6702 7189 6703
f 7189 7195 6703
f 7189 7190 7195
f 6704 7195 6693
f 6693 7195 7190
f 7191 6705 6694
f 7196 6705 7191
f 7193 7192 6707
f 6708 7193 6707
f 7197 7193 6708
f 6707 7192 6695
f 7198 6709 7194
f 7194 6709 6696
f 6710 7198 6699
f 6699 7198 7194
f 7199 6711 7195
f 7195 6711 6703
f 6712 7199 6704
f 6704 7199 7195
f 7196 6713 6705
f 7200 6713 7196
f 6715 7197 6708
f 6715 7201 7197
f 7202 6716 6717
f 6718 7203 6717
f 6717 7203 7202
f 6709 7198 6718
f 7198 7203 6718
f 7198 7204 7203
f 6719 7204 6710
f 6710 7204 7198
f 7199 6720 6711
f 6720 7199 6712
f 7200 6721 6713
f 7205 6721 7200
f 7206 7201 6715
f 7206 6715 6722
f 6722 6723 7206
f 7206 6723 7207
f 7208 6724 7202
f 7202 6724 6716
f 7209 7202 7203
f 7208 7202 7209
f 7210 7203 7204
f 7209 7203 7210
f 6725 7210 6719
f 6719 7210 7204
f 7205 6726 6721
f 7211 6726 7205
f 6727 7207 6723
f 6727 7212 7207
f 7208 6728 6724
f 6728 7208 6729
f 6729 7208 7209
f 6729 7209 6730
f 6730 7209 7210
f 6731 6730 7213
f 6730 7210 7213
f 6725 6732 7213
f 6725 7213 7210
f 6733 7214 6732
f 6732 7214 7213
f 6734 7215 6733
f 6733 7215 7214
f 6735 7216 6734
f 6734 7216 7215
f 6736 7216 6735
f 6737 6726 7217
f 6726 7218 7217
f 6726 7211 7218
f 7217 6739 6737
f 6740 7212 6727
f 6740 7219 7212
f 7220 6741 7213
f 7213 6741 6731
f 7221 7213 7214
f 7220 7213 7221
f 6743 7221 6742
f 7221 7215 6742
f 7221 7214 7215
f 6742 7215 6744
f 6744 7215 7216
f 6744 7216 6736
f 7217 7218 6746
f 7218 6745 6746
f 7218 7222 6745
f 7217 6746 6739
f 6747 7219 6740
f 6747 7223 7219
f 7224 6748 7220
f 7220 6748 6741
f 7225 7220 7221
f 7224 7220 7225
f 6749 7225 6743
f 6743 7225 7221
f 7222 6750 6745
f 7226 6750 7222
f 6751 7223 6747
f 6751 7227 7223
f 7224 6752 6748
f 6752 7224 6753
f 6753 7224 7225
f 6753 7225 6749
f 7226 6754 6750
f 7228 6754 7226
f 6757 7229 6756
f 7229 7230 6756
f 7230 6751 6756
f 7230 7227 6751
f 7228 6758 6754
f 7231 6758 7228
f 6760 7232 7229
f 6760 7229 6757
f 7230 7229 7233
f 7233 7229 7232
f 7236 7235 7234
f 7234 7237 7236
f 7231 6761 6758
f 7238 6761 7231
f 6762 7232 6760
f 6762 6763 7232
f 6763 7233 7232
f 6763 7239 7233
f 7235 7240 7234
f 7234 7240 7237
f 6764 6761 7241
f 6761 7242 7241
f 6761 7238 7242
f 7241 6766 6764
f 6768 7243 6767
f 7243 7244 6767
f 7244 6763 6767
f 7244 7239 6763
f 7241 7242 6770
f 7242 6769 6770
f 7242 7245 6769
f 7241 6770 6766
f 6772 7246 6771
f 7246 7247 6771
f 6771 7247 6768
f 7247 7248 6768
f 7248 7243 6768
f 7243 7248 7244
f 7245 6773 6769
f 7249 6773 7245
f 7251 7250 7246
f 6772 7251 7246
f 6774 7251 6772
f 7246 7250 7247
f 7249 6776 6773
f 7252 6776 7249
f 6777 7251 6774
f 6777 7253 7251
f 7252 6778 6776
f 7254 6778 7252
f 7255 7253 6777
f 7255 6777 6779
f 6779 6780 7255
f 7255 6780 7256
f 7254 6781 6778
f 7257 6781 7254
f 7258 7256 6780
f 7258 6780 6782
f 6782 6783 7258
f 7258 6783 7259
f 7262 7261 7260
f 7260 7263 7262
f 7266 7265 7264
f 7268 7267 7264
f 7264 7267 7266
f 7268 7269 7267
f 7270 6784 6785
f 6786 7270 6785
f 7273 7272 7271
f 7271 7274 7273
f 7277 7276 7275
f 7275 7278 7277
f 7279 6788 6789
f 7279 6789 6790
f 7282 7281 7280
f 7284 7283 7280
f 7280 7283 7282
f 7284 7285 7283
f 7288 7287 7286
f 7286 7289 7288
f 7257 6793 6781
f 7290 6793 7257
f 6794 7292 7291
f 7259 6794 7291
f 6783 6794 7259
f 6795 6796 7293
f 7291 7292 7294
f 6797 7295 6796
f 6796 7295 7293
f 7295 6797 7296
f 6797 7297 7296
f 6797 6799 7297
f 6801 7260 7261
f 7297 6801 7261
f 6799 6801 7297
f 7298 7263 7260
f 6801 7298 7260
f 6802 7298 6801
f 7299 6802 6803
f 7299 7298 6802
f 7301 7300 6805
f 7300 6803 6805
f 7300 7299 6803
f 7303 7302 7301
f 7301 7302 7300
f 6807 6808 7303
f 6808 7302 7303
f 6808 7304 7302
f 7306 7305 6810
f 7305 6808 6810
f 7305 7304 6808
f 7305 7306 7265
f 7306 7264 7265
f 7306 7307 7264
f 7307 6812 6813
f 7268 7307 6813
f 7264 7307 7268
f 7308 7269 7268
f 6813 7308 7268
f 6814 7308 6813
f 6814 6784 7308
f 7270 7308 6784
f 7308 7270 7309
f 6815 7309 7270
f 7309 6815 6816
f 6818 6815 7310
f 7270 7310 6815
f 7310 7270 7311
f 6786 7311 7270
f 7311 6786 6819
f 6821 7271 7272
f 7311 6821 7272
f 6819 6821 7311
f 7313 7312 6822
f 6822 7312 6821
f 7312 7274 6821
f 7274 7271 6821
f 7314 7275 7276
f 7313 7315 7312
f 7318 7317 7316
f 7275 7314 7278
f 7279 6826 6788
f 7317 7319 7316
f 7319 7317 7320
f 7321 6828 6829
f 7279 6790 6826
f 7319 7280 7281
f 7280 7319 7320
f 7280 7320 7322
f 7323 7322 7320
f 7284 7280 7324
f 7325 7284 7324
f 6830 7325 7324
f 6829 6830 7324
f 7321 6829 7324
f 7326 7321 7324
f 7322 7326 7324
f 7280 7322 7324
f 7285 7284 7327
f 7327 7284 7325
f 7330 7329 7328
f 6832 6833 7331
f 7330 7328 7332
f 7331 6833 7333
f 6833 7334 7333
f 6833 6834 7334
f 7336 7335 6835
f 7335 6834 6835
f 7335 7334 6834
f 7338 7337 7336
f 7336 7337 7335
f 7338 6837 7337
f 6837 6838 7337
f 7340 7339 7337
f 7340 7337 6838
f 7342 7340 7341
f 7340 6838 7341
f 6839 7343 7341
f 6839 7341 6838
f 7343 7344 7341
f 7346 7345 6842
f 6842 7345 6841
f 6842 6843 7346
f 7346 6843 7347
f 7350 7349 7348
f 7352 7351 7348
f 7348 7351 7350
f 7354 7353 7352
f 7352 7353 7351
f 7356 7355 7354
f 7354 7355 7353
f 7358 7357 7356
f 7356 7357 7355
f 7360 7359 7358
f 7358 7359 7357
f 6846 6847 7360
f 6847 7359 7360
f 6847 7361 7359
f 7362 6847 6848
f 7362 7361 6847
f 6850 7286 7287
f 7362 6850 7287
f 6848 6850 7362
f 7364 7363 6853
f 6853 7363 6850
f 7363 7289 6850
f 7289 7286 6850
f 7290 7363 7364
f 6854 7290 7364
f 6793 7290 6854
f 6855 7292 6794
f 6855 7294 7292
f 6855 7365 7294
f 6855 6795 7293
f 7365 6855 7293
f 7367 7366 7365
f 7293 7367 7365
f 7295 7367 7293
f 7295 7296 7368
f 7295 7368 7367
f 6857 7369 7301
f 6857 7301 6805
f 7369 6858 6859
f 7303 7369 6859
f 7301 7369 7303
f 7303 6859 6807
f 6860 7306 6810
f 7306 6860 6861
f 7306 6861 7307
f 7307 6861 6812
f 7370 7309 6816
f 7370 6816 6862
f 6862 6818 7310
f 6862 7310 7370
f 6863 7313 6822
f 7371 7315 7313
f 6863 7371 7313
f 6864 7371 6863
f 7372 7317 6865
f 7317 7371 6865
f 7371 6864 6865
f 7317 7318 7371
f 7372 6867 6868
f 7320 7372 6868
f 7317 7372 7320
f 6868 7323 7320
f 6868 7373 7323
f 6868 6828 7321
f 7373 6868 7321
f 6830 6869 7325
f 7321 7326 7373
f 7374 7327 7325
f 6869 7374 7325
f 6870 7374 6869
f 6871 7328 7329
f 7374 6871 7329
f 6870 6871 7374
f 6871 7332 7328
f 6871 7375 7332
f 6871 6832 7331
f 7375 6871 7331
f 7375 7331 7333
f 6872 7336 6835
f 7336 6872 6873
f 7336 6873 7338
f 7340 7376 7339
f 6837 7338 6873
f 7340 7342 7376
f 7377 6839 6875
f 6839 7377 7343
f 6877 7378 6876
f 7378 7343 6876
f 7343 7377 6876
f 7343 7378 7344
f 6877 6841 7345
f 6877 7345 7378
f 7379 7347 6843
f 7379 6843 6878
f 6879 7348 7349
f 7379 6879 7349
f 6878 6879 7379
f 7348 6879 6880
f 7348 6880 7352
f 7352 6880 6881
f 7352 6881 7354
f 7354 6881 6882
f 7380 7354 6882
f 7356 7354 7380
f 7380 6883 6884
f 7358 7380 6884
f 7356 7380 7358
f 7358 6884 6885
f 7358 6885 7360
f 7360 6885 6846
f 6887 7364 6853
f 7364 6887 6854
f 7382 7381 6889
f 7382 6889 6890
f 7367 7383 6891
f 7381 7367 6891
f 6889 7381 6891
f 7366 7367 7381
f 7367 7368 7384
f 7367 7384 7383
f 6892 7369 6857
f 6858 7369 6892
f 6895 6893 7385
f 7385 6896 6895
f 6897 7372 6865
f 7372 6897 6867
f 6898 7377 6875
f 7377 6898 6876
f 6899 7380 6882
f 7380 6899 6883
f 7386 7382 6890
f 7386 6890 6900
f 6900 6891 7383
f 7387 6900 7383
f 7386 6900 7387
f 7387 7383 7384
f 6901 7385 6893
f 7385 6901 6896
f 7390 7389 7388
f 7391 7388 7389
f 7393 7392 6906
f 7393 6906 6907
f 6906 7394 6909
f 7392 7394 6906
f 6910 6909 7394
f 6910 7394 7395
f 6915 7396 6914
f 7396 6916 6914
f 7399 7398 7397
f 7400 7397 7398
f 7402 7401 6920
f 7402 6920 6921
f 7401 7404 7403
f 6922 7401 7403
f 6920 7401 6922
f 7403 6923 6922
f 6926 7405 6925
f 7405 6927 6925
f 6930 7406 6929
f 7406 6931 6929
f 7409 7408 7407
f 7410 7407 7408
f 6935 7411 6934
f 7411 6937 6934
f 6938 6939 7412
f 7388 7413 7390
f 7391 7413 7388
f 6940 6938 7414
f 7412 7414 6938
f 6940 7414 7415
f 7416 6940 7415
f 6941 6940 7416
f 6941 7417 6942
f 7416 7417 6941
f 7417 7419 7418
f 6943 7417 7418
f 6942 7417 6943
f 7418 7420 6943
f 7420 6907 6943
f 7420 7393 6907
f 7421 6944 6945
f 7421 6945 6947
f 7422 6948 7395
f 6910 7395 6948
f 6948 7423 6949
f 7422 7423 6948
f 6949 7424 6950
f 7423 7424 6949
f 7424 7426 7425
f 6951 7424 7425
f 6950 7424 6951
f 7425 7427 6951
f 6951 7427 6915
f 7427 7428 6915
f 7428 7396 6915
f 6916 7396 7428
f 7429 6916 7428
f 6952 6916 7429
f 7431 7430 6953
f 7431 6953 6954
f 7397 6955 7399
f 6955 7430 7399
f 6955 6953 7430
f 7400 7432 7397
f 7432 6955 7397
f 7432 6956 6955
f 6956 7433 6957
f 7432 7433 6956
f 6921 6957 7402
f 7402 6957 7433
f 7403 7404 7434
f 7434 7404 7435
f 7403 7434 6923
f 7434 7436 6923
f 7436 6958 6923
f 7434 7437 7436
f 6958 7438 6960
f 7436 7438 6958
f 6926 6961 7405
f 7439 6960 7438
f 6960 7439 6963
f 6961 6927 7405
f 7441 6964 7440
f 6964 7441 6965
f 6967 6965 7441
f 6967 7441 7442
f 7445 7444 7443
f 7447 7446 7443
f 7447 7443 7444
f 6971 6970 7446
f 7447 6971 7446
f 7448 6971 7447
f 6971 7448 6930
f 7448 7449 6930
f 7449 7406 6930
f 7449 7448 7450
f 7406 7449 6931
f 7449 7451 6931
f 7451 6973 6931
f 7449 7452 7451
f 6975 6973 7451
f 6975 7451 7453
f 7455 7454 6977
f 7455 6977 6976
f 7407 6978 7409
f 6978 7454 7409
f 6978 6977 7454
f 6980 6978 7407
f 7410 6980 7407
f 7456 6980 7410
f 7459 7458 7457
f 6983 6982 7457
f 7458 6983 7457
f 7460 6983 7458
f 6983 7461 6984
f 7460 7461 6983
f 7463 7462 6986
f 6984 7463 6986
f 7461 7463 6984
f 7463 6987 7462
f 7463 6988 6987
f 7463 7465 7464
f 6988 7463 7464
f 6988 7464 7466
f 7467 6988 7466
f 6989 6988 7467
f 6989 7468 6990
f 7467 7468 6989
f 6990 7469 6991
f 7468 7469 6990
f 6935 6991 7411
f 6991 7470 7411
f 6991 7469 7470
f 7411 7470 6937
f 7470 6992 6937
f 7470 7471 6992
f 6939 6992 7412
f 6992 7472 7412
f 6992 7471 7472
f 7412 7472 7414
f 7414 7472 7473
f 7414 7473 7415
f 7419 7474 7418
f 7418 7474 7420
f 7421 6993 6944
f 6993 7421 6947
f 7426 7475 7425
f 7475 7476 7425
f 7476 7477 7425
f 7478 7427 7425
f 7478 7425 7477
f 7429 7478 7477
f 6994 7429 7477
f 6952 7429 6994
f 6995 7431 6954
f 6995 7479 7431
f 7435 7480 7434
f 7434 7480 7437
f 7439 7481 6963
f 6963 7481 6996
f 6964 6996 7440
f 7440 6996 7481
f 7442 7482 6967
f 6967 7482 6997
f 7443 6998 7445
f 6998 7482 7445
f 6998 6997 7482
f 6998 7443 6999
f 6999 7443 7446
f 6999 7446 6970
f 7450 7483 7449
f 7449 7483 7452
f 7453 7484 6975
f 6975 7484 7000
f 6976 7000 7455
f 7455 7000 7484
f 7456 7485 6980
f 6980 7485 7001
f 7457 7002 7459
f 7002 7485 7459
f 7002 7001 7485
f 7002 7457 6982
f 7462 7003 6986
f 7465 7486 7464
f 7003 7462 6987
f 7464 7486 7466
f 7477 7476 7487
f 7487 7476 7488
f 7487 7005 6994
f 7487 6994 7477
f 7490 7489 7006
f 7490 7006 7007
f 6995 7006 7479
f 7479 7006 7489
f 7488 7491 7487
f 7491 7493 7492
f 7491 7492 7008
f 7487 7491 7008
f 7005 7487 7008
f 7492 7009 7008
f 7010 7490 7007
f 7010 7494 7490
f 7493 7495 7492
f 7009 7492 7495
f 7496 7009 7495
f 7011 7009 7496
f 7499 7498 7497
f 7498 7494 7497
f 7494 7012 7497
f 7494 7010 7012
f 7496 7013 7011
f 7500 7013 7496
f 7499 7497 7501
f 7499 7501 7502
f 7015 7501 7012
f 7012 7501 7497
f 7500 7016 7013
f 7503 7016 7500
f 7502 7501 7504
f 7502 7504 7505
f 7018 7504 7015
f 7015 7504 7501
f 7503 7019 7016
f 7506 7019 7503
f 7505 7504 7507
f 7505 7507 7508
f 7021 7507 7018
f 7018 7507 7504
f 7509 7023 7022
f 7024 7510 7022
f 7022 7510 7509
f 7026 7510 7024
f 7506 7061 7019
f 7511 7061 7506
f 7508 7507 7512
f 7508 7512 7513
f 7063 7512 7021
f 7021 7512 7507
f 7514 7064 7509
f 7509 7064 7023
f 7515 7509 7510
f 7514 7509 7515
f 7066 7515 7026
f 7026 7515 7510
f 7511 7093 7061
f 7516 7093 7511
f 7513 7512 7095
f 7096 7513 7095
f 7517 7513 7096
f 7095 7512 7063
f 7518 7098 7514
f 7514 7098 7064
f 7519 7514 7515
f 7518 7514 7519
f 7100 7519 7066
f 7066 7519 7515
f 7516 7127 7093
f 7520 7127 7516
f 7129 7517 7096
f 7129 7521 7517
f 7518 7131 7098
f 7131 7518 7134
f 7134 7518 7519
f 7134 7519 7100
f 7520 7147 7127
f 7522 7147 7520
f 7149 7521 7129
f 7149 7523 7521
f 7522 7165 7147
f 7524 7165 7522
f 7167 7523 7149
f 7167 7525 7523
f 7524 7174 7165
f 7526 7174 7524
f 7176 7525 7167
f 7176 7527 7525
f 7526 7183 7174
f 7528 7183 7526
f 7185 7530 7529
f 7527 7185 7529
f 7176 7185 7527
f 7530 7531 7529
f 7534 7533 7532
f 7528 7534 7532
f 7191 7528 7532
f 7183 7528 7191
f 7193 7535 7530
f 7193 7530 7185
f 7531 7530 7536
f 7536 7530 7535
f 7533 7537 7532
f 7191 7532 7537
f 7538 7191 7537
f 7196 7191 7538
f 7197 7539 7535
f 7197 7535 7193
f 7536 7535 7540
f 7540 7535 7539
f 7543 7542 7541
f 7541 7544 7543
f 7547 7546 7545
f 7545 7548 7547
f 7538 7200 7196
f 7549 7200 7538
f 7201 7550 7539
f 7201 7539 7197
f 7540 7539 7551
f 7551 7539 7550
f 7542 7552 7541
f 7541 7552 7544
f 7546 7553 7545
f 7545 7553 7548
f 7549 7205 7200
f 7554 7205 7549
f 7206 7550 7201
f 7206 7207 7550
f 7207 7551 7550
f 7207 7555 7551
f 7558 7557 7556
f 7556 7559 7558
f 7554 7211 7205
f 7560 7211 7554
f 7212 7555 7207
f 7212 7561 7555
f 7556 7557 7562
f 7562 7557 7563
f 7559 7556 7564
f 7564 7556 7562
f 7567 7566 7565
f 7565 7568 7567
f 7571 7570 7569
f 7560 7571 7569
f 7218 7560 7569
f 7211 7560 7218
f 7219 7561 7212
f 7219 7572 7561
f 7575 7574 7573
f 7573 7576 7575
f 7579 7578 7577
f 7581 7580 7577
f 7577 7580 7579
f 7583 7582 7581
f 7581 7582 7580
f 7583 7584 7582
f 7562 7563 7585
f 7585 7563 7586
f 7564 7562 7587
f 7562 7588 7587
f 7562 7585 7588
f 7588 7589 7587
f 7565 7566 7590
f 7590 7566 7591
f 7568 7565 7592
f 7565 7593 7592
f 7565 7590 7593
f 7593 7594 7592
f 7597 7596 7595
f 7599 7598 7595
f 7595 7598 7597
f 7601 7600 7599
f 7599 7600 7598
f 7601 7602 7600
f 7570 7603 7569
f 7218 7569 7603
f 7604 7218 7603
f 7222 7218 7604
f 7223 7572 7219
f 7223 7605 7572
f 7608 7607 7606
f 7606 7609 7608
f 7574 7610 7573
f 7573 7610 7576
f 7613 7612 7611
f 7615 7614 7611
f 7611 7614 7613
f 7615 7616 7614
f 7619 7618 7617
f 7619 7617 7578
f 7617 7577 7578
f 7617 7620 7577
f 7577 7621 7581
f 7577 7620 7621
f 7581 7622 7583
f 7581 7621 7622
f 7584 7583 7623
f 7623 7583 7622
f 7586 7624 7585
f 7585 7624 7588
f 7588 7624 7625
f 7588 7625 7589
f 7591 7626 7590
f 7590 7626 7593
f 7593 7626 7627
f 7593 7627 7594
f 7595 7596 7628
f 7628 7596 7629
f 7595 7630 7599
f 7595 7628 7630
f 7599 7631 7601
f 7599 7630 7631
f 7602 7601 7632
f 7632 7601 7631
f 7604 7226 7222
f 7633 7226 7604
f 7227 7605 7223
f 7227 7634 7605
f 7637 7636 7635
f 7639 7638 7635
f 7635 7638 7637
f 7641 7640 7639
f 7640 7606 7639
f 7607 7638 7639
f 7607 7639 7606
f 7606 7640 7609
f 7644 7643 7642
f 7642 7645 7644
f 7611 7612 7646
f 7646 7612 7647
f 7649 7615 7648
f 7615 7646 7648
f 7615 7611 7646
f 7652 7651 7650
f 7615 7649 7616
f 7654 7653 7651
f 7651 7653 7650
f 7653 7654 7618
f 7654 7617 7618
f 7654 7655 7617
f 7617 7656 7620
f 7617 7655 7656
f 7620 7657 7621
f 7620 7656 7657
f 7621 7658 7622
f 7621 7657 7658
f 7623 7622 7659
f 7659 7622 7658
f 7662 7661 7660
f 7664 7663 7660
f 7660 7663 7662
f 7666 7665 7664
f 7664 7665 7663
f 7668 7667 7666
f 7666 7667 7665
f 7668 7669 7667
f 7672 7671 7670
f 7674 7673 7670
f 7670 7673 7672
f 7676 7675 7674
f 7674 7675 7673
f 7675 7676 7629
f 7676 7628 7629
f 7676 7677 7628
f 7628 7678 7630
f 7628 7677 7678
f 7630 7679 7631
f 7630 7678 7679
f 7632 7631 7680
f 7631 7681 7680
f 7631 7679 7681
f 7681 7682 7680
f 7633 7228 7226
f 7683 7228 7633
f 7230 7634 7227
f 7230 7684 7634
f 7687 7686 7685
f 7688 7635 7636
f 7685 7689 7687
f 7691 7690 7688
f 7690 7635 7688
f 7690 7639 7635
f 7641 7639 7692
f 7692 7639 7690
f 7642 7643 7693
f 7693 7643 7694
f 7645 7642 7695
f 7695 7642 7693
f 7647 7696 7646
f 7646 7696 7648
f 7651 7652 7697
f 7697 7652 7698
f 7651 7699 7654
f 7651 7697 7699
f 7654 7700 7655
f 7654 7699 7700
f 7655 7701 7656
f 7655 7700 7701
f 7656 7702 7657
f 7656 7701 7702
f 7657 7703 7658
f 7657 7702 7703
f 7659 7658 7704
f 7658 7705 7704
f 7658 7703 7705
f 7706 7660 7661
f 7705 7707 7704
f 7660 7706 7664
f 7664 7706 7708
f 7710 7709 7708
f 7709 7664 7708
f 7709 7666 7664
f 7712 7668 7711
f 7668 7709 7711
f 7668 7666 7709
f 7668 7712 7669
f 7670 7671 7713
f 7713 7671 7714
f 7670 7715 7674
f 7670 7713 7715
f 7717 7676 7716
f 7676 7715 7716
f 7676 7674 7715
f 7719 7718 7717
f 7718 7676 7717
f 7718 7677 7676
f 7677 7720 7678
f 7677 7718 7720
f 7678 7721 7679
f 7678 7720 7721
f 7679 7722 7681
f 7679 7721 7722
f 7682 7681 7723
f 7723 7681 7722
f 7683 7231 7228
f 7724 7231 7683
f 7233 7684 7230
f 7233 7725 7684
f 7686 7726 7685
f 7726 7727 7685
f 7727 7728 7685
f 7729 7689 7685
f 7729 7685 7728
f 7729 7728 7691
f 7728 7690 7691
f 7728 7730 7690
f 7692 7690 7731
f 7731 7690 7730
f 7694 7732 7693
f 7732 7733 7693
f 7733 7734 7693
f 7735 7695 7693
f 7735 7693 7734
f 7737 7736 7734
f 7734 7736 7735
f 7739 7738 7737
f 7737 7738 7736
f 7738 7739 7698
f 7739 7697 7698
f 7739 7740 7697
f 7697 7741 7699
f 7697 7740 7741
f 7699 7742 7700
f 7699 7741 7742
f 7700 7743 7701
f 7700 7742 7743
f 7743 7235 7236
f 7702 7743 7236
f 7701 7743 7702
f 7702 7236 7237
f 7744 7702 7237
f 7703 7702 7744
f 7703 7745 7705
f 7703 7744 7745
f 7707 7705 7746
f 7705 7747 7746
f 7705 7745 7747
f 7749 7748 7747
f 7747 7748 7746
f 7751 7750 7749
f 7750 7709 7749
f 7710 7748 7749
f 7710 7749 7709
f 7754 7753 7752
f 7709 7750 7711
f 7756 7755 7753
f 7753 7755 7752
f 7755 7756 7714
f 7756 7713 7714
f 7756 7757 7713
f 7759 7715 7758
f 7715 7757 7758
f 7715 7713 7757
f 7759 7760 7715
f 7760 7761 7715
f 7762 7716 7715
f 7762 7715 7761
f 7762 7761 7719
f 7761 7718 7719
f 7761 7763 7718
f 7718 7764 7720
f 7718 7763 7764
f 7720 7765 7721
f 7720 7764 7765
f 7767 7722 7766
f 7722 7765 7766
f 7722 7721 7765
f 7722 7767 7723
f 7724 7238 7231
f 7768 7238 7724
f 7239 7725 7233
f 7239 7769 7725
f 7727 7770 7728
f 7728 7770 7730
f 7730 7770 7771
f 7730 7771 7731
f 7733 7772 7734
f 7734 7772 7737
f 7737 7772 7773
f 7737 7773 7739
f 7739 7773 7774
f 7739 7774 7740
f 7740 7774 7775
f 7777 7776 7775
f 7776 7740 7775
f 7776 7741 7740
f 7779 7742 7778
f 7742 7776 7778
f 7742 7741 7776
f 7781 7780 7779
f 7780 7742 7779
f 7780 7743 7742
f 7782 7240 7235
f 7743 7782 7235
f 7780 7782 7743
f 7744 7237 7240
f 7782 7744 7240
f 7783 7744 7782
f 7744 7784 7745
f 7744 7783 7784
f 7745 7785 7747
f 7745 7784 7785
f 7747 7786 7749
f 7747 7785 7786
f 7751 7749 7787
f 7749 7788 7787
f 7749 7786 7788
f 7787 7788 7754
f 7788 7753 7754
f 7788 7789 7753
f 7753 7790 7756
f 7753 7789 7790
f 7756 7791 7757
f 7756 7790 7791
f 7758 7757 7792
f 7757 7793 7792
f 7757 7791 7793
f 7792 7793 7760
f 7793 7761 7760
f 7793 7794 7761
f 7796 7763 7795
f 7763 7794 7795
f 7763 7761 7794
f 7798 7797 7796
f 7797 7763 7796
f 7797 7764 7763
f 7764 7799 7765
f 7764 7797 7799
f 7766 7765 7800
f 7765 7801 7800
f 7765 7799 7801
f 7803 7802 7801
f 7801 7802 7800
f 7805 7804 7803
f 7803 7804 7802
f 7805 7806 7804
f 7768 7242 7238
f 7807 7242 7768
f 7244 7769 7239
f 7244 7808 7769
f 7777 7809 7776
f 7776 7809 7778
f 7781 7810 7780
f 7780 7810 7782
f 7782 7810 7811
f 7782 7811 7783
f 7783 7811 7812
f 7783 7812 7784
f 7784 7812 7813
f 7784 7813 7785
f 7785 7813 7814
f 7785 7814 7786
f 7786 7814 7815
f 7786 7815 7788
f 7788 7815 7816
f 7788 7816 7789
f 7789 7816 7817
f 7789 7817 7790
f 7790 7817 7818
f 7790 7818 7791
f 7791 7818 7819
f 7791 7819 7793
f 7793 7819 7820
f 7793 7820 7794
f 7794 7820 7821
f 7794 7821 7795
f 7798 7822 7797
f 7797 7822 7799
f 7799 7822 7823
f 7799 7823 7801
f 7801 7823 7824
f 7801 7824 7803
f 7803 7824 7825
f 7803 7825 7805
f 7805 7825 7826
f 7805 7826 7806
f 7807 7245 7242
f 7827 7245 7807
f 7829 7828 7248
f 7829 7248 7247
f 7244 7248 7808
f 7808 7248 7828
f 7827 7249 7245
f 7830 7249 7827
f 7832 7831 7250
f 7832 7250 7251
f 7247 7250 7829
f 7829 7250 7831
f 7830 7252 7249
f 7833 7252 7830
f 7253 7832 7251
f 7253 7834 7832
f 7837 7836 7835
f 7839 7838 7835
f 7835 7838 7837
f 7841 7840 7839
f 7839 7840 7838
f 7843 7842 7841
f 7841 7842 7840
f 7845 7844 7843
f 7843 7844 7842
f 7845 7846 7844
f 7849 7848 7847
f 7833 7849 7847
f 7254 7833 7847
f 7252 7833 7254
f 7850 7834 7253
f 7850 7253 7255
f 7255 7256 7850
f 7850 7256 7851
f 7835 7836 7852
f 7852 7836 7853
f 7835 7854 7839
f 7835 7852 7854
f 7839 7855 7841
f 7839 7854 7855
f 7841 7856 7843
f 7841 7855 7856
f 7843 7857 7845
f 7843 7856 7857
f 7846 7845 7858
f 7858 7845 7857
f 7847 7848 7859
f 7859 7848 7860
f 7859 7257 7254
f 7859 7254 7847
f 7861 7851 7256
f 7861 7256 7258
f 7863 7862 7259
f 7862 7258 7259
f 7862 7861 7258
f 7863 7864 7862
f 7865 7261 7262
f 7263 7865 7262
f 7868 7867 7866
f 7866 7869 7868
f 7872 7871 7870
f 7265 7266 7873
f 7872 7870 7874
f 7267 7875 7266
f 7266 7875 7873
f 7875 7267 7269
f 7878 7877 7876
f 7880 7879 7876
f 7876 7879 7878
f 7880 7881 7879
f 7883 7882 7273
f 7273 7882 7272
f 7885 7884 7274
f 7884 7273 7274
f 7884 7883 7273
f 7276 7277 7885
f 7277 7884 7885
f 7277 7886 7884
f 7888 7887 7278
f 7887 7277 7278
f 7887 7886 7277
f 7888 7889 7887
f 7890 7281 7282
f 7283 7891 7282
f 7282 7891 7890
f 7285 7891 7283
f 7894 7893 7892
f 7892 7895 7894
f 7898 7897 7896
f 7896 7899 7898
f 7902 7901 7900
f 7904 7903 7900
f 7900 7903 7902
f 7906 7905 7904
f 7904 7905 7903
f 7908 7907 7906
f 7906 7907 7905
f 7910 7909 7908
f 7908 7909 7907
f 7912 7911 7910
f 7910 7911 7909
f 7911 7912 7853
f 7912 7852 7853
f 7912 7913 7852
f 7915 7854 7914
f 7854 7913 7914
f 7854 7852 7913
f 7917 7916 7915
f 7916 7854 7915
f 7916 7855 7854
f 7855 7918 7856
f 7855 7916 7918
f 7856 7919 7857
f 7856 7918 7919
f 7858 7857 7920
f 7857 7921 7920
f 7857 7919 7921
f 7923 7922 7921
f 7921 7922 7920
f 7287 7288 7923
f 7288 7922 7923
f 7288 7924 7922
f 7925 7859 7289
f 7859 7924 7289
f 7924 7288 7289
f 7859 7860 7924
f 7925 7290 7257
f 7925 7257 7859
f 7291 7863 7259
f 7291 7294 7863
f 7294 7864 7863
f 7294 7926 7864
f 7928 7927 7297
f 7297 7927 7296
f 7297 7261 7865
f 7929 7297 7865
f 7928 7297 7929
f 7929 7865 7263
f 7298 7929 7263
f 7930 7929 7298
f 7299 7866 7867
f 7930 7299 7867
f 7298 7299 7930
f 7931 7869 7866
f 7299 7931 7866
f 7300 7931 7299
f 7932 7300 7302
f 7932 7931 7300
f 7933 7302 7304
f 7933 7932 7302
f 7305 7870 7871
f 7933 7305 7871
f 7304 7305 7933
f 7305 7874 7870
f 7305 7934 7874
f 7305 7265 7873
f 7934 7305 7873
f 7934 7873 7875
f 7934 7875 7935
f 7935 7876 7877
f 7935 7308 7876
f 7935 7875 7269
f 7308 7935 7269
f 7876 7308 7309
f 7936 7876 7309
f 7880 7876 7936
f 7311 7937 7310
f 7937 7880 7310
f 7880 7936 7310
f 7880 7937 7881
f 7311 7272 7882
f 7311 7882 7937
f 7312 7885 7274
f 7938 7312 7315
f 7938 7885 7312
f 7938 7314 7276
f 7885 7938 7276
f 7938 7278 7314
f 7938 7888 7278
f 7938 7318 7316
f 7888 7938 7316
f 7939 7889 7888
f 7316 7939 7888
f 7319 7939 7316
f 7322 7323 7940
f 7281 7890 7319
f 7941 7319 7890
f 7319 7941 7939
f 7326 7322 7940
f 7942 7941 7891
f 7890 7891 7941
f 7285 7327 7891
f 7327 7943 7891
f 7943 7942 7891
f 7943 7327 7944
f 7943 7944 7893
f 7893 7944 7892
f 7944 7329 7892
f 7329 7330 7892
f 7946 7945 7332
f 7332 7945 7330
f 7945 7895 7330
f 7895 7892 7330
f 7333 7334 7946
f 7334 7945 7946
f 7334 7947 7945
f 7335 7896 7897
f 7947 7335 7897
f 7334 7335 7947
f 7948 7899 7896
f 7335 7948 7896
f 7337 7948 7335
f 7949 7900 7339
f 7900 7948 7339
f 7948 7337 7339
f 7900 7901 7948
f 7949 7342 7341
f 7904 7949 7341
f 7900 7949 7904
f 7904 7341 7344
f 7950 7904 7344
f 7906 7904 7950
f 7950 7345 7346
f 7908 7950 7346
f 7906 7950 7908
f 7908 7346 7347
f 7951 7908 7347
f 7910 7908 7951
f 7951 7349 7350
f 7912 7951 7350
f 7910 7951 7912
f 7912 7350 7351
f 7912 7351 7913
f 7952 7914 7913
f 7351 7952 7913
f 7353 7952 7351
f 7355 7916 7917
f 7952 7355 7917
f 7353 7355 7952
f 7916 7355 7357
f 7916 7357 7918
f 7918 7357 7359
f 7918 7359 7919
f 7919 7359 7361
f 7919 7361 7921
f 7921 7361 7362
f 7921 7362 7923
f 7923 7362 7287
f 7363 7925 7289
f 7925 7363 7290
f 7294 7365 7953
f 7954 7294 7953
f 7926 7294 7954
f 7366 7953 7365
f 7927 7368 7296
f 7955 7368 7927
f 7370 7936 7309
f 7936 7370 7310
f 7371 7938 7315
f 7938 7371 7318
f 7373 7940 7323
f 7940 7373 7326
f 7374 7944 7327
f 7944 7374 7329
f 7375 7946 7332
f 7946 7375 7333
f 7376 7949 7339
f 7949 7376 7342
f 7378 7950 7344
f 7950 7378 7345
f 7379 7951 7347
f 7951 7379 7349
f 7381 7382 7956
f 7953 7957 7954
f 7957 7953 7958
f 7366 7958 7953
f 7958 7366 7959
f 7381 7959 7366
f 7959 7381 7956
f 7955 7958 7959
f 7384 7955 7959
f 7368 7955 7384
f 7386 7956 7382
f 7956 7386 7387
f 7956 7387 7959
f 7959 7387 7384
f 7390 7960 7389
f 7960 7391 7389
f 7963 7962 7961
f 7964 7961 7962
f 7393 7965 7392
f 7966 7394 7392
f 7966 7392 7965
f 7966 7395 7394
f 7968 7967 7398
f 7968 7398 7399
f 7400 7398 7967
f 7400 7967 7969
f 7972 7971 7970
f 7971 7402 7970
f 7971 7401 7402
f 7971 7974 7973
f 7401 7971 7973
f 7973 7404 7401
f 7977 7976 7975
f 7978 7975 7976
f 7409 7979 7408
f 7410 7408 7979
f 7982 7981 7980
f 7983 7982 7980
f 7986 7985 7984
f 7988 7987 7984
f 7988 7984 7985
f 7960 7989 7413
f 7989 7960 7988
f 7390 7988 7960
f 7988 7390 7987
f 7413 7987 7390
f 7987 7413 7989
f 7960 7413 7391
f 7415 7990 7416
f 7991 7963 7961
f 7416 7991 7961
f 7417 7416 7961
f 7991 7416 7990
f 7419 7417 7961
f 7964 7419 7961
f 7992 7419 7964
f 7994 7993 7965
f 7393 7994 7965
f 7420 7994 7393
f 7965 7993 7966
f 7966 7993 7995
f 7995 7997 7996
f 7995 7996 7422
f 7966 7995 7422
f 7395 7966 7422
f 7422 7996 7998
f 7999 7422 7998
f 7423 7422 7999
f 7423 8000 7424
f 7999 8000 7423
f 8002 8001 7426
f 7424 8002 7426
f 8000 8002 7424
f 7428 7427 8001
f 8002 7428 8001
f 8003 7428 8002
f 7429 7428 8003
f 7429 8003 8004
f 8006 8005 7430
f 8006 7430 7431
f 7399 7430 7968
f 7968 7430 8005
f 7969 8007 7400
f 7400 8007 7432
f 7970 7433 7972
f 7433 8007 7972
f 7433 7432 8007
f 7974 8008 7973
f 7433 7970 7402
f 7404 7973 8008
f 8009 7404 8008
f 7435 7404 8009
f 8011 8010 7436
f 8011 7436 7437
f 7436 8012 7438
f 8010 8012 7436
f 7439 7438 8012
f 7439 8012 8013
f 7440 8014 7441
f 8016 8014 8015
f 8016 7441 8014
f 8016 8017 7442
f 7441 8016 7442
f 8016 7445 8017
f 8016 7444 7445
f 8016 8019 8018
f 7444 8016 8018
f 7975 8020 7977
f 8018 7447 7444
f 7447 8018 8021
f 7978 8020 7975
f 7448 7447 8022
f 8021 8022 7447
f 8022 7450 7448
f 7452 8023 7451
f 8023 7453 7451
f 8025 8024 7454
f 8025 7454 7455
f 7454 8024 7409
f 8024 8026 7409
f 8026 7979 7409
f 8026 8024 8027
f 7981 7982 8028
f 8029 7981 8028
f 8026 8029 8028
f 7979 8026 8028
f 7410 7979 8028
f 7456 7410 8028
f 8030 7456 8028
f 7982 8030 8028
f 8031 7458 7459
f 7982 8031 7459
f 8030 7982 7459
f 8031 7982 7983
f 8031 8033 8032
f 7460 8031 8032
f 7458 8031 7460
f 7460 8032 8034
f 8035 7460 8034
f 7461 7460 8035
f 8035 8037 8036
f 7463 8035 8036
f 7461 8035 7463
f 8039 8036 8038
f 8039 7463 8036
f 8039 8040 7465
f 7463 8039 7465
f 7467 7466 8040
f 8039 7467 8040
f 8041 7467 8039
f 7467 8042 7468
f 8041 8042 7467
f 7468 8043 7469
f 8042 8043 7468
f 7984 7470 7986
f 7470 8043 7986
f 7470 7469 8043
f 7470 8044 7471
f 8044 7470 8045
f 7984 8045 7470
f 8045 7984 8046
f 7987 8046 7984
f 7987 7989 8046
f 8048 8044 8047
f 8044 8048 7471
f 7472 7471 8048
f 8048 8050 8049
f 7473 8048 8049
f 7472 8048 7473
f 8049 8051 7473
f 7473 8051 7415
f 8051 8052 7415
f 8052 7990 7415
f 7990 8052 7991
f 7992 8053 7419
f 7419 8053 7474
f 7420 7474 7994
f 7994 7474 8053
f 7997 8054 7996
f 7996 8054 7998
f 8001 7475 7426
f 7476 7475 8055
f 8001 8055 7475
f 8055 8001 8056
f 7427 8056 8001
f 8056 7427 7478
f 7478 7429 8004
f 7478 8004 8056
f 7479 8006 7431
f 7479 8057 8006
f 8009 8058 7435
f 7435 8058 7480
f 7437 7480 8011
f 8011 7480 8058
f 8013 8059 7439
f 7439 8059 7481
f 7481 8059 7440
f 8059 8060 7440
f 8060 8014 7440
f 8060 8059 8061
f 7482 7442 8017
f 8062 8015 8060
f 8014 8060 8015
f 8019 8063 8018
f 7482 8017 7445
f 8018 8063 8021
f 8021 8063 8064
f 8021 8064 8022
f 8022 8064 8065
f 8022 8065 7450
f 8065 7483 7450
f 8065 8066 7483
f 7452 7483 8023
f 7483 8067 8023
f 7483 8066 8067
f 8023 8067 7453
f 8067 7484 7453
f 8067 8068 7484
f 7455 7484 8025
f 8025 7484 8068
f 8027 8069 8026
f 8030 7485 7456
f 8069 8029 8026
f 7485 8030 7459
f 8033 8070 8032
f 8032 8070 8034
f 8037 8071 8036
f 8040 7486 7465
f 8071 8038 8036
f 7486 8040 7466
f 8045 8072 8044
f 8044 8072 8047
f 8050 8073 8049
f 8049 8073 8051
f 8055 7488 7476
f 8074 7488 8055
f 8076 8075 7489
f 8076 7489 7490
f 7479 7489 8057
f 8057 7489 8075
f 8061 8077 8060
f 8060 8077 8062
f 8074 8078 7488
f 7488 8078 7491
f 7493 7491 8078
f 7493 8078 8079
f 7494 8076 7490
f 7494 8080 8076
f 8079 8081 7493
f 7493 8081 7495
f 7496 7495 8081
f 7496 8081 8082
f 8084 8083 7498
f 8084 7498 7499
f 7494 7498 8080
f 8080 7498 8083
f 8082 7500 7496
f 8085 7500 8082
f 7502 8084 7499
f 7502 8086 8084
f 8085 7503 7500
f 8087 7503 8085
f 7505 8086 7502
f 7505 8088 8086
f 8087 7506 7503
f 8089 7506 8087
f 7508 8088 7505
f 7508 8090 8088
f 8089 7511 7506
f 8091 7511 8089
f 7513 8093 8092
f 8090 7513 8092
f 7508 7513 8090
f 8093 8094 8092
f 8091 7516 7511
f 8095 7516 8091
f 7517 8096 8093
f 7517 8093 7513
f 8094 8093 8097
f 8097 8093 8096
f 8095 7520 7516
f 8098 7520 8095
f 7521 8099 8096
f 7521 8096 7517
f 8097 8096 8100
f 8100 8096 8099
f 8098 7522 7520
f 8101 7522 8098
f 7523 8102 8099
f 7523 8099 7521
f 8100 8099 8103
f 8103 8099 8102
f 8106 8105 8104
f 8104 8107 8106
f 8110 8109 8108
f 8108 8111 8110
f 8114 8113 8112
f 8112 8115 8114
f 8101 7524 7522
f 8116 7524 8101
f 7525 8117 8102
f 7525 8102 7523
f 8103 8102 8118
f 8118 8102 8117
f 8105 8119 8104
f 8122 8121 8120
f 8104 8119 8107
f 8123 8108 8109
f 8121 8124 8120
f 8123 8125 8108
f 8125 8126 8108
f 8127 8111 8108
f 8127 8108 8126
f 8129 8128 8126
f 8126 8128 8127
f 8131 8130 8129
f 8129 8130 8128
f 8131 8132 8130
f 8135 8134 8133
f 8137 8136 8133
f 8133 8136 8135
f 8139 8138 8137
f 8137 8138 8136
f 8139 8140 8138
f 8143 8142 8141
f 8145 8144 8141
f 8141 8144 8143
f 8145 8146 8144
f 8113 8147 8112
f 8150 8149 8148
f 8112 8147 8115
f 8149 8151 8148
f 8116 7526 7524
f 8152 7526 8116
f 7527 8153 8117
f 7527 8117 7525
f 8118 8117 8154
f 8154 8117 8153
f 8122 8155 8121
f 8158 8157 8156
f 8121 8155 8124
f 8160 8159 8157
f 8159 8126 8157
f 8125 8156 8157
f 8125 8157 8126
f 8126 8159 8129
f 8129 8159 8161
f 8129 8161 8131
f 8131 8161 8162
f 8165 8164 8163
f 8131 8162 8132
f 8167 8166 8164
f 8164 8166 8163
f 8167 8168 8166
f 8171 8170 8169
f 8169 8172 8171
f 8175 8174 8173
f 8175 8173 8134
f 8173 8133 8134
f 8173 8176 8133
f 8133 8177 8137
f 8133 8176 8177
f 8137 8178 8139
f 8137 8177 8178
f 8140 8139 8179
f 8139 8180 8179
f 8139 8178 8180
f 8179 8180 8142
f 8180 8141 8142
f 8180 8181 8141
f 8183 8145 8182
f 8145 8181 8182
f 8145 8141 8181
f 8145 8183 8146
f 8186 8185 8184
f 8184 8187 8186
f 8150 8188 8149
f 8191 8190 8189
f 8149 8188 8151
f 8190 8192 8189
f 8152 7528 7526
f 8193 7528 8152
f 7529 8153 7527
f 7529 7531 8153
f 7531 8154 8153
f 7531 8194 8154
f 8197 8196 8195
f 8198 8157 8158
f 8195 8199 8197
f 8198 8200 8157
f 8200 8201 8157
f 8202 8160 8157
f 8202 8157 8201
f 8204 8203 8201
f 8201 8203 8202
f 8206 8205 8204
f 8204 8205 8203
f 8205 8206 8165
f 8206 8164 8165
f 8206 8207 8164
f 8164 8208 8167
f 8164 8207 8208
f 8168 8167 8209
f 8167 8210 8209
f 8167 8208 8210
f 8212 8211 8210
f 8211 8169 8210
f 8170 8209 8210
f 8170 8210 8169
f 8211 8213 8169
f 8213 8214 8169
f 8215 8172 8169
f 8215 8169 8214
f 8215 8214 8174
f 8214 8173 8174
f 8214 8216 8173
f 8173 8217 8176
f 8173 8216 8217
f 8176 8218 8177
f 8176 8217 8218
f 8220 8178 8219
f 8178 8218 8219
f 8178 8177 8218
f 8222 8221 8220
f 8221 8178 8220
f 8221 8180 8178
f 8180 8223 8181
f 8180 8221 8223
f 8182 8181 8224
f 8181 8225 8224
f 8181 8223 8225
f 8227 8226 8225
f 8225 8226 8224
f 8226 8227 8185
f 8227 8184 8185
f 8227 8228 8184
f 8187 8184 8229
f 8229 8184 8228
f 8232 8231 8230
f 8232 8230 8191
f 8230 8190 8191
f 8230 8233 8190
f 8192 8190 8234
f 8234 8190 8233
f 8236 8235 7534
f 7534 8235 7533
f 7534 7528 8193
f 7534 8193 8236
f 7536 8194 7531
f 7536 8237 8194
f 8240 8239 8238
f 8242 8241 8238
f 8241 8195 8238
f 8196 8240 8238
f 8196 8238 8195
f 8245 8244 8243
f 8195 8241 8199
f 8243 8244 8200
f 8244 8201 8200
f 8244 8246 8201
f 8201 8247 8204
f 8201 8246 8247
f 8204 8248 8206
f 8204 8247 8248
f 8206 8249 8207
f 8206 8248 8249
f 8207 8250 8208
f 8207 8249 8250
f 8252 8210 8251
f 8210 8250 8251
f 8210 8208 8250
f 8252 8253 8210
f 8253 8254 8210
f 8255 8212 8210
f 8255 8210 8254
f 8255 8254 8213
f 8254 8214 8213
f 8254 8256 8214
f 8214 8257 8216
f 8214 8256 8257
f 8216 8258 8217
f 8216 8257 8258
f 8217 8259 8218
f 8217 8258 8259
f 8219 8218 8260
f 8218 8261 8260
f 8218 8259 8261
f 8260 8261 8222
f 8261 8221 8222
f 8261 8262 8221
f 8221 8263 8223
f 8221 8262 8263
f 8265 8225 8264
f 8225 8263 8264
f 8225 8223 8263
f 8267 8266 8265
f 8266 8225 8265
f 8266 8227 8225
f 8227 8268 8228
f 8227 8266 8268
f 8229 8228 8269
f 8228 8270 8269
f 8228 8268 8270
f 8269 8270 8231
f 8270 8230 8231
f 8270 8271 8230
f 8230 8272 8233
f 8230 8271 8272
f 8234 8233 8273
f 8233 8274 8273
f 8233 8272 8274
f 8276 8275 8274
f 8274 8275 8273
f 8276 8277 8275
f 8235 8278 7533
f 7533 8278 7537
f 7538 7537 8278
f 7538 8278 8279
f 7540 8237 7536
f 7540 8280 8237
f 8283 8282 8281
f 8283 8281 8239
f 8281 8238 8239
f 8281 8284 8238
f 8242 8238 8285
f 8238 8286 8285
f 8238 8284 8286
f 8288 8287 8286
f 8287 8244 8286
f 8245 8285 8286
f 8245 8286 8244
f 8290 8289 8287
f 8289 8244 8287
f 8289 8246 8244
f 8246 8291 8247
f 8246 8289 8291
f 8247 8292 8248
f 8247 8291 8292
f 8248 8293 8249
f 8248 8292 8293
f 8293 7542 7543
f 8250 8293 7543
f 8249 8293 8250
f 8295 8294 7544
f 7544 8294 7543
f 8294 8251 7543
f 8251 8250 7543
f 8294 8295 8253
f 8253 8295 8254
f 8295 7546 8254
f 7546 7547 8254
f 8254 7547 7548
f 8296 8254 7548
f 8256 8254 8296
f 8256 8297 8257
f 8256 8296 8297
f 8257 8298 8258
f 8257 8297 8298
f 8258 8299 8259
f 8258 8298 8299
f 8259 8300 8261
f 8259 8299 8300
f 8261 8301 8262
f 8261 8300 8301
f 8303 8263 8302
f 8263 8301 8302
f 8263 8262 8301
f 8306 8305 8304
f 8263 8303 8264
f 8304 8305 8267
f 8305 8266 8267
f 8305 8307 8266
f 8266 8308 8268
f 8266 8307 8308
f 8268 8309 8270
f 8268 8308 8309
f 8270 8310 8271
f 8270 8309 8310
f 8271 8311 8272
f 8271 8310 8311
f 8272 8312 8274
f 8272 8311 8312
f 8314 8276 8313
f 8276 8312 8313
f 8276 8274 8312
f 8276 8314 8277
f 8279 7549 7538
f 8315 7549 8279
f 7551 8280 7540
f 7551 8316 8280
f 8319 8318 8317
f 8317 8320 8319
f 8323 8322 8321
f 8323 8321 8282
f 8321 8281 8282
f 8321 8324 8281
f 8281 8325 8284
f 8281 8324 8325
f 8284 8326 8286
f 8284 8325 8326
f 8288 8286 8327
f 8286 8328 8327
f 8286 8326 8328
f 8327 8328 8290
f 8328 8289 8290
f 8328 8329 8289
f 8289 8330 8291
f 8289 8329 8330
f 8291 8331 8292
f 8291 8330 8331
f 8292 8332 8293
f 8292 8331 8332
f 8333 7552 7542
f 8293 8333 7542
f 8332 8333 8293
f 8295 7544 7552
f 8333 8295 7552
f 8334 8295 8333
f 8335 7553 7546
f 8295 8335 7546
f 8334 8335 8295
f 8296 7548 7553
f 8335 8296 7553
f 8336 8296 8335
f 8296 8337 8297
f 8296 8336 8337
f 8297 8338 8298
f 8297 8337 8338
f 8298 8339 8299
f 8298 8338 8339
f 8299 8340 8300
f 8299 8339 8340
f 8300 8341 8301
f 8300 8340 8341
f 8302 8301 8342
f 8301 8343 8342
f 8301 8341 8343
f 8342 8343 8306
f 8343 8305 8306
f 8343 8344 8305
f 8305 8345 8307
f 8305 8344 8345
f 8347 8308 8346
f 8308 8345 8346
f 8308 8307 8345
f 8349 8348 8347
f 8348 8308 8347
f 8348 8309 8308
f 8309 8350 8310
f 8309 8348 8350
f 8310 8351 8311
f 8310 8350 8351
f 8311 8352 8312
f 8311 8351 8352
f 8313 8312 8353
f 8312 8354 8353
f 8312 8352 8354
f 8354 8355 8353
f 8358 8357 8356
f 8315 8358 8356
f 7554 8315 8356
f 7549 8315 7554
f 7555 8316 7551
f 7555 8359 8316
f 8318 8360 8317
f 8363 8362 8361
f 8317 8360 8320
f 8364 8321 8322
f 8362 8365 8361
f 8367 8366 8364
f 8366 8321 8364
f 8366 8324 8321
f 8324 8368 8325
f 8324 8366 8368
f 8325 8369 8326
f 8325 8368 8369
f 8326 8370 8328
f 8326 8369 8370
f 8328 8371 8329
f 8328 8370 8371
f 8329 8372 8330
f 8329 8371 8372
f 8330 8373 8331
f 8330 8372 8373
f 8331 8374 8332
f 8331 8373 8374
f 8332 8375 8333
f 8332 8374 8375
f 8333 8376 8334
f 8333 8375 8376
f 8334 8377 8335
f 8334 8376 8377
f 8335 8378 8336
f 8335 8377 8378
f 8378 7557 7558
f 8337 8378 7558
f 8336 8378 8337
f 8337 7558 7559
f 8379 8337 7559
f 8338 8337 8379
f 8338 8380 8339
f 8338 8379 8380
f 8339 8381 8340
f 8339 8380 8381
f 8340 8382 8341
f 8340 8381 8382
f 8341 8383 8343
f 8341 8382 8383
f 8343 8384 8344
f 8343 8383 8384
f 8344 8385 8345
f 8344 8384 8385
f 8346 8345 8386
f 8345 8387 8386
f 8345 8385 8387
f 8386 8387 8349
f 8387 8348 8349
f 8387 8388 8348
f 8348 8389 8350
f 8348 8388 8389
f 8350 8390 8351
f 8350 8389 8390
f 8351 8391 8352
f 8351 8390 8391
f 8352 8392 8354
f 8352 8391 8392
f 8355 8354 8393
f 8393 8354 8392
f 8357 8394 8356
f 7554 8356 8394
f 8395 7554 8394
f 7560 7554 8395
f 7561 8359 7555
f 7561 8396 8359
f 8399 8398 8397
f 8401 8400 8397
f 8397 8400 8399
f 8400 8401 8363
f 8401 8362 8363
f 8401 8402 8362
f 8365 8362 8403
f 8362 8404 8403
f 8362 8402 8404
f 8403 8404 8367
f 8404 8366 8367
f 8404 8405 8366
f 8366 8406 8368
f 8366 8405 8406
f 8368 8407 8369
f 8368 8406 8407
f 8369 8408 8370
f 8369 8407 8408
f 8370 8409 8371
f 8370 8408 8409
f 8371 8410 8372
f 8371 8409 8410
f 8372 8411 8373
f 8372 8410 8411
f 8373 8412 8374
f 8373 8411 8412
f 8374 8413 8375
f 8374 8412 8413
f 8375 8414 8376
f 8375 8413 8414
f 8376 8415 8377
f 8376 8414 8415
f 8377 8416 8378
f 8377 8415 8416
f 8416 7563 7557
f 8416 7557 8378
f 7564 8417 8379
f 7564 8379 7559
f 8379 8418 8380
f 8379 8417 8418
f 8418 7566 7567
f 8381 8418 7567
f 8380 8418 8381
f 8381 7567 7568
f 8419 8381 7568
f 8382 8381 8419
f 8382 8420 8383
f 8382 8419 8420
f 8383 8421 8384
f 8383 8420 8421
f 8384 8422 8385
f 8384 8421 8422
f 8385 8423 8387
f 8385 8422 8423
f 8387 8424 8388
f 8387 8423 8424
f 8388 8425 8389
f 8388 8424 8425
f 8389 8426 8390
f 8389 8425 8426
f 8428 8391 8427
f 8391 8426 8427
f 8391 8390 8426
f 8391 8428 8392
f 8392 8428 8429
f 8392 8429 8393
f 8431 8430 7571
f 7571 8430 7570
f 7571 7560 8395
f 7571 8395 8431
f 7572 8396 7561
f 7572 8432 8396
f 8435 8434 8433
f 8433 8436 8435
f 8439 8438 8437
f 8437 8440 8439
f 8397 8398 8441
f 8441 8398 8442
f 8397 8443 8401
f 8397 8441 8443
f 8401 8444 8402
f 8401 8443 8444
f 8402 8445 8404
f 8402 8444 8445
f 8404 8446 8405
f 8404 8445 8446
f 8446 7574 7575
f 8406 8446 7575
f 8405 8446 8406
f 8406 7575 7576
f 8447 8406 7576
f 8407 8406 8447
f 8407 8448 8408
f 8407 8447 8448
f 8408 8449 8409
f 8408 8448 8449
f 8409 8450 8410
f 8409 8449 8450
f 8410 8451 8411
f 8410 8450 8451
f 8411 8452 8412
f 8411 8451 8452
f 8452 7578 7579
f 8413 8452 7579
f 8412 8452 8413
f 8413 7579 7580
f 8413 7580 8414
f 8414 7580 7582
f 8414 7582 8415
f 8415 7582 7584
f 8453 8415 7584
f 8416 8415 8453
f 8453 7586 7563
f 8453 7563 8416
f 7587 8417 7564
f 8417 7587 7589
f 8454 8417 7589
f 8418 8417 8454
f 8454 7591 7566
f 8454 7566 8418
f 7592 8419 7568
f 8419 7592 7594
f 8455 8419 7594
f 8420 8419 8455
f 8420 8456 8421
f 8420 8455 8456
f 8421 8457 8422
f 8421 8456 8457
f 8457 7596 7597
f 8423 8457 7597
f 8422 8457 8423
f 8423 7597 7598
f 8423 7598 8424
f 8424 7598 7600
f 8424 7600 8425
f 8425 7600 7602
f 8458 8425 7602
f 8426 8425 8458
f 8427 8426 8459
f 8426 8460 8459
f 8426 8458 8460
f 8460 8461 8459
f 8464 8463 8462
f 7603 8466 8465
f 8466 7603 8462
f 7570 8462 7603
f 8462 7570 8464
f 8430 8464 7570
f 7604 7603 8465
f 7604 8465 8467
f 7605 8432 7572
f 7605 8468 8432
f 8434 8469 8433
f 8469 8470 8433
f 8470 8471 8433
f 8472 8436 8433
f 8472 8433 8471
f 8474 8473 8471
f 8471 8473 8472
f 8473 8474 8438
f 8474 8437 8438
f 8474 8475 8437
f 8440 8437 8476
f 8437 8477 8476
f 8437 8475 8477
f 8479 8478 8477
f 8478 8441 8477
f 8442 8476 8477
f 8442 8477 8441
f 8481 8480 8478
f 8480 8441 8478
f 8480 8443 8441
f 8480 7607 7608
f 8444 8480 7608
f 8443 8480 8444
f 8444 7608 7609
f 8482 8444 7609
f 8445 8444 8482
f 8445 8483 8446
f 8445 8482 8483
f 8484 7610 7574
f 8446 8484 7574
f 8483 8484 8446
f 8447 7576 7610
f 8484 8447 7610
f 8485 8447 8484
f 8485 7612 7613
f 8448 8485 7613
f 8447 8485 8448
f 8448 7613 7614
f 8448 7614 8449
f 8449 7614 7616
f 8486 8449 7616
f 8450 8449 8486
f 8450 8487 8451
f 8450 8486 8487
f 8487 7618 7619
f 8452 8487 7619
f 8451 8487 8452
f 8452 7619 7578
f 7623 8488 8453
f 7623 8453 7584
f 8489 7624 7586
f 8453 8489 7586
f 8488 8489 8453
f 8490 7625 7624
f 8490 7624 8489
f 8454 7589 7625
f 8490 8454 7625
f 8491 8454 8490
f 8492 7626 7591
f 8454 8492 7591
f 8491 8492 8454
f 8493 7627 7626
f 8493 7626 8492
f 8455 7594 7627
f 8493 8455 7627
f 8494 8455 8493
f 8455 8495 8456
f 8455 8494 8495
f 8456 8496 8457
f 8456 8495 8496
f 8496 7629 7596
f 8496 7596 8457
f 7632 8497 8458
f 7632 8458 7602
f 8458 8498 8460
f 8458 8497 8498
f 8461 8460 8499
f 8460 8500 8499
f 8460 8498 8500
f 8499 8500 8463
f 8500 8462 8463
f 8500 8501 8462
f 8466 8462 8502
f 8502 8462 8501
f 8467 7633 7604
f 8503 7633 8467
f 7634 8468 7605
f 7634 8504 8468
f 8471 8470 8505
f 8505 8470 8506
f 8508 8474 8507
f 8474 8505 8507
f 8474 8471 8505
f 8510 8509 8508
f 8509 8474 8508
f 8509 8475 8474
f 8475 8511 8477
f 8475 8509 8511
f 7637 8512 7636
f 8512 8477 7636
f 8477 8511 7636
f 8477 8512 8479
f 7638 8480 8481
f 8512 7638 8481
f 7637 7638 8512
f 7607 8480 7638
f 7640 7641 8513
f 8482 7609 7640
f 8513 8482 7640
f 8514 8482 8513
f 8482 8515 8483
f 8482 8514 8515
f 8515 7643 7644
f 8484 8515 7644
f 8483 8515 8484
f 8484 7644 7645
f 8516 8484 7645
f 8485 8484 8516
f 8516 7647 7612
f 8516 7612 8485
f 7648 8517 7649
f 8517 7616 7649
f 8517 8486 7616
f 8517 7652 7650
f 8486 8517 7650
f 8486 7650 7653
f 8486 7653 8487
f 8487 7653 7618
f 7659 8518 8488
f 7659 8488 7623
f 8518 7661 7662
f 8489 8518 7662
f 8488 8518 8489
f 8489 7662 7663
f 8489 7663 8490
f 8490 7663 7665
f 8490 7665 8491
f 8491 7665 7667
f 8491 7667 8492
f 8492 7667 7669
f 8519 8492 7669
f 8493 8492 8519
f 8519 7671 7672
f 8494 8519 7672
f 8493 8519 8494
f 8494 7672 7673
f 8494 7673 8495
f 8495 7673 7675
f 8495 7675 8496
f 8496 7675 7629
f 7680 8497 7632
f 8497 7680 7682
f 8520 8497 7682
f 8498 8497 8520
f 8498 8521 8500
f 8498 8520 8521
f 8523 8501 8522
f 8501 8521 8522
f 8501 8500 8521
f 8526 8525 8524
f 8501 8523 8502
f 8503 8524 8525
f 7683 8503 8525
f 7633 8503 7683
f 7684 8504 7634
f 7684 8527 8504
f 8530 8529 8528
f 8532 8531 8528
f 8531 8505 8528
f 8506 8530 8528
f 8506 8528 8505
f 8531 8533 8505
f 8533 8534 8505
f 8535 8507 8505
f 8535 8505 8534
f 8535 8534 8510
f 8534 8509 8510
f 8534 8536 8509
f 8536 7686 7687
f 8511 8536 7687
f 8509 8536 8511
f 8537 7687 7689
f 8537 8511 7687
f 8537 7688 7636
f 8511 8537 7636
f 8537 7691 7688
f 7692 8538 8513
f 7692 8513 7641
f 8513 8539 8514
f 8513 8538 8539
f 8514 8540 8515
f 8514 8539 8540
f 8540 7694 7643
f 8540 7643 8515
f 7695 8541 8516
f 7695 8516 7645
f 8542 7696 7647
f 8516 8542 7647
f 8541 8542 8516
f 8517 7648 7696
f 8542 8517 7696
f 8543 8517 8542
f 8543 7698 7652
f 8543 7652 8517
f 7704 8518 7659
f 8544 7704 7707
f 8544 8518 7704
f 8544 7706 7661
f 8518 8544 7661
f 8545 7708 7706
f 8545 7706 8544
f 8545 7710 7708
f 7711 8546 7712
f 8519 7669 7712
f 8546 8519 7712
f 8547 8519 8546
f 8547 7714 7671
f 8547 7671 8519
f 7716 8548 7717
f 8548 7719 7717
f 7723 8549 8520
f 7723 8520 7682
f 8520 8550 8521
f 8520 8549 8550
f 8522 8521 8551
f 8521 8552 8551
f 8521 8550 8552
f 8551 8552 8526
f 8552 8525 8526
f 8552 8553 8525
f 8553 7724 7683
f 8553 7683 8525
f 7725 8555 8554
f 8527 7725 8554
f 7684 7725 8527
f 8555 8556 8554
f 8559 8558 8557
f 8559 8557 8529
f 8557 8528 8529
f 8557 8560 8528
f 8532 8528 8561
f 8561 8528 8560
f 8534 8533 8562
f 8562 8533 8563
f 8534 8564 8536
f 8534 8562 8564
f 8565 7726 7686
f 8536 8565 7686
f 8564 8565 8536
f 7729 8537 7689
f 7727 7726 8565
f 8537 7729 7691
f 7731 8566 8538
f 7731 8538 7692
f 8538 8567 8539
f 8538 8566 8567
f 8539 8568 8540
f 8539 8567 8568
f 8569 7732 7694
f 8540 8569 7694
f 8568 8569 8540
f 7735 8541 7695
f 7733 7732 8569
f 8541 7735 7736
f 8541 7736 8542
f 8542 7736 7738
f 8542 7738 8543
f 8543 7738 7698
f 7746 8544 7707
f 8544 7746 7748
f 8544 7748 8545
f 7710 8545 7748
f 7750 7751 8570
f 8570 7711 7750
f 8570 8546 7711
f 8570 7754 7752
f 8546 8570 7752
f 8546 7752 7755
f 8546 7755 8547
f 8547 7755 7714
f 7758 8571 7759
f 7762 8548 7716
f 7760 7759 8571
f 8548 7762 7719
f 7766 8572 7767
f 8549 7723 7767
f 8572 8549 7767
f 8573 8549 8572
f 8549 8574 8550
f 8549 8573 8574
f 8550 8575 8552
f 8550 8574 8575
f 8552 8576 8553
f 8552 8575 8576
f 8576 7768 7724
f 8576 7724 8553
f 7769 8577 8555
f 7769 8555 7725
f 8556 8555 8578
f 8578 8555 8577
f 8558 8579 8557
f 8581 8580 8579
f 8580 8557 8579
f 8580 8560 8557
f 8561 8560 8582
f 8560 8583 8582
f 8560 8580 8583
f 8582 8583 8563
f 8583 8562 8563
f 8583 8584 8562
f 8562 8585 8564
f 8562 8584 8585
f 8564 8586 8565
f 8564 8585 8586
f 8587 7770 7727
f 8565 8587 7727
f 8586 8587 8565
f 8588 7771 7770
f 8588 7770 8587
f 8566 7731 7771
f 8588 8566 7771
f 8589 8566 8588
f 8566 8590 8567
f 8566 8589 8590
f 8567 8591 8568
f 8567 8590 8591
f 8568 8592 8569
f 8568 8591 8592
f 8593 7772 7733
f 8569 8593 7733
f 8592 8593 8569
f 8594 7773 7772
f 8594 7772 8593
f 8595 7774 7773
f 8595 7773 8594
f 8596 7775 7774
f 8596 7774 8595
f 8596 7777 7775
f 7778 8597 7779
f 8597 7781 7779
f 7787 8570 7751
f 8570 7787 7754
f 7792 8571 7758
f 8571 7792 7760
f 7795 8598 7796
f 8598 7798 7796
f 7800 8572 7766
f 8572 7800 7802
f 8572 7802 8573
f 8573 7802 7804
f 8573 7804 8574
f 8574 7804 7806
f 8599 8574 7806
f 8575 8574 8599
f 8575 8600 8576
f 8575 8599 8600
f 8600 7807 7768
f 8600 7768 8576
f 8602 8601 8577
f 7769 8602 8577
f 7808 8602 7769
f 8577 8601 8578
f 8581 8603 8580
f 8580 8603 8583
f 8583 8603 8604
f 8583 8604 8584
f 8584 8604 8605
f 8584 8605 8585
f 8585 8605 8606
f 8585 8606 8586
f 8586 8606 8607
f 8586 8607 8587
f 8587 8607 8608
f 8587 8608 8588
f 8588 8608 8609
f 8588 8609 8589
f 8589 8609 8610
f 8589 8610 8590
f 8590 8610 8611
f 8590 8611 8591
f 8591 8611 8612
f 8591 8612 8592
f 8592 8612 8613
f 8592 8613 8593
f 8593 8613 8614
f 8593 8614 8594
f 8594 8614 8615
f 8594 8615 8595
f 8595 8615 8616
f 8595 8616 8596
f 8596 8616 8617
f 8596 8617 7777
f 8617 7809 7777
f 8617 8618 7809
f 7778 7809 8597
f 7809 8619 8597
f 7809 8618 8619
f 8597 8619 7781
f 8619 7810 7781
f 8619 8620 7810
f 7810 8621 7811
f 8620 8621 7810
f 7811 8622 7812
f 8621 8622 7811
f 7812 8623 7813
f 8622 8623 7812
f 7813 8624 7814
f 8623 8624 7813
f 7814 8625 7815
f 8624 8625 7814
f 7815 8626 7816
f 8625 8626 7815
f 7816 8627 7817
f 8626 8627 7816
f 7817 8628 7818
f 8627 8628 7817
f 7818 8629 7819
f 8628 8629 7818
f 8629 8631 8630
f 7820 8629 8630
f 7819 8629 7820
f 7820 8630 8632
f 8633 7820 8632
f 7821 7820 8633
f 7821 8633 7795
f 8633 8634 7795
f 8634 8598 7795
f 8634 8633 8635
f 8598 8634 7798
f 8634 8636 7798
f 8636 7822 7798
f 8634 8637 8636
f 8636 8639 8638
f 7823 8636 8638
f 7822 8636 7823
f 8640 7824 7823
f 8640 7823 8638
f 8641 7825 7824
f 8641 7824 8640
f 8642 7826 7825
f 8642 7825 8641
f 8642 8643 7826
f 7826 8643 7806
f 8643 8644 7806
f 8644 8599 7806
f 8646 8645 8644
f 8645 8599 8644
f 8645 8600 8599
f 8645 7827 7807
f 8645 7807 8600
f 8648 8647 7828
f 8648 7828 7829
f 7808 7828 8602
f 8602 7828 8647
f 8631 8649 8630
f 8630 8649 8632
f 8635 8650 8634
f 8634 8650 8637
f 8639 8651 8638
f 8638 8651 8640
f 8640 8651 8652
f 8640 8652 8641
f 8641 8652 8653
f 8641 8653 8642
f 8642 8653 8654
f 8642 8654 8643
f 8645 8646 8655
f 8655 8646 8656
f 8655 7830 7827
f 8655 7827 8645
f 8658 8657 7831
f 8658 7831 7832
f 7829 7831 8648
f 8648 7831 8657
f 8655 8656 8659
f 8659 8656 8660
f 8659 7833 7830
f 8659 7830 8655
f 7834 8658 7832
f 7834 8661 8658
f 8664 8663 8662
f 8666 8665 8662
f 8662 8665 8664
f 8666 8667 8665
f 8669 8668 7837
f 7837 8668 7836
f 8670 7837 7838
f 8670 8669 7837
f 8671 7838 7840
f 8671 8670 7838
f 8672 7840 7842
f 8672 8671 7840
f 8673 7842 7844
f 8673 8672 7842
f 7844 7846 8673
f 8673 7846 8674
f 8659 8660 7849
f 8660 7848 7849
f 8660 8675 7848
f 8659 7849 7833
f 8676 8661 7834
f 8676 7834 7850
f 7850 7851 8676
f 8676 7851 8677
f 8663 8678 8662
f 8680 8679 8678
f 8679 8662 8678
f 8679 8666 8662
f 8667 8666 8681
f 8666 8682 8681
f 8666 8679 8682
f 8682 8683 8681
f 8686 8685 8684
f 8684 8687 8686
f 8690 8689 8688
f 8688 8691 8690
f 8694 8693 8692
f 8696 8695 8692
f 8692 8695 8694
f 8698 8697 8696
f 8696 8697 8695
f 8700 8699 8698
f 8698 8699 8697
f 8702 8701 8700
f 8700 8701 8699
f 8704 8703 8702
f 8702 8703 8701
f 8706 8705 8704
f 8704 8705 8703
f 8708 8707 8706
f 8706 8707 8705
f 8710 8709 8708
f 8708 8709 8707
f 8712 8711 8710
f 8710 8711 8709
f 8668 8711 8712
f 7853 8668 8712
f 7836 8668 7853
f 7858 8714 8713
f 8674 7858 8713
f 7846 7858 8674
f 8716 8715 8714
f 8714 8715 8713
f 8718 8717 8716
f 8716 8717 8715
f 8675 8717 8718
f 7860 8675 8718
f 7848 8675 7860
f 7851 7861 8719
f 8720 7851 8719
f 8677 7851 8720
f 7862 8721 7861
f 7861 8721 8719
f 7864 8721 7862
f 8724 8723 8722
f 8726 8725 8722
f 8722 8725 8724
f 8728 8727 8726
f 8726 8727 8725
f 7867 7868 8728
f 7868 8727 8728
f 7868 8729 8727
f 8731 8730 7869
f 8730 7868 7869
f 8730 8729 7868
f 8733 8732 8731
f 8731 8732 8730
f 8735 8734 8733
f 8733 8734 8732
f 7871 7872 8735
f 7872 8734 8735
f 7872 8736 8734
f 8737 8679 7874
f 8679 8736 7874
f 8736 7872 7874
f 8679 8680 8736
f 8679 8738 8682
f 8679 8737 8738
f 7878 8739 7877
f 8739 8682 7877
f 8682 8738 7877
f 8682 8739 8683
f 7879 8684 8685
f 8739 7879 8685
f 7878 7879 8739
f 8741 8740 7881
f 7881 8740 7879
f 8740 8687 7879
f 8687 8684 7879
f 7882 7883 8741
f 7883 8740 8741
f 7883 8742 8740
f 7884 8688 8689
f 8742 7884 8689
f 7883 7884 8742
f 8743 8691 8688
f 7884 8743 8688
f 7886 8743 7884
f 8744 7886 7887
f 8744 8743 7886
f 8746 8745 7889
f 8745 7887 7889
f 8745 8744 7887
f 8748 8747 8746
f 8746 8747 8745
f 8750 8749 8748
f 8748 8749 8747
f 8752 8751 8750
f 8750 8751 8749
f 7893 7894 8752
f 7894 8751 8752
f 7894 8753 8751
f 8754 8692 7895
f 8692 8753 7895
f 8753 7894 7895
f 8692 8693 8753
f 8692 8755 8696
f 8692 8754 8755
f 8755 7897 7898
f 8698 8755 7898
f 8696 8755 8698
f 8698 7898 7899
f 8756 8698 7899
f 8700 8698 8756
f 8756 7901 7902
f 8702 8756 7902
f 8700 8756 8702
f 8702 7902 7903
f 8702 7903 8704
f 8704 7903 7905
f 8704 7905 8706
f 8706 7905 7907
f 8706 7907 8708
f 8708 7907 7909
f 8708 7909 8710
f 8710 7909 7911
f 8710 7911 8712
f 8712 7911 7853
f 7914 8757 7915
f 8757 7917 7915
f 7920 8714 7858
f 8714 7920 7922
f 8714 7922 8716
f 8716 7922 7924
f 8716 7924 8718
f 8718 7924 7860
f 8758 8720 8719
f 8760 8759 8758
f 8719 8760 8758
f 8721 8760 8719
f 8763 8762 8761
f 7864 7926 8721
f 8760 8721 7926
f 8761 8764 8763
f 8722 8723 7928
f 8723 7927 7928
f 8723 8765 7927
f 8722 7928 7929
f 8722 7929 8726
f 8726 7929 7930
f 8726 7930 8728
f 8728 7930 7867
f 7931 8731 7869
f 8731 7931 7932
f 8731 7932 8733
f 8733 7932 7933
f 8733 7933 8735
f 8735 7933 7871
f 7934 8737 7874
f 8737 7934 7935
f 8737 7935 8738
f 8738 7935 7877
f 7937 8741 7881
f 8741 7937 7882
f 7939 8746 7889
f 8746 7939 7941
f 8746 7941 8748
f 8748 7941 7942
f 8748 7942 8750
f 8750 7942 7943
f 8750 7943 8752
f 8752 7943 7893
f 7945 8754 7895
f 8754 7945 7947
f 8754 7947 8755
f 8755 7947 7897
f 7948 8756 7899
f 8756 7948 7901
f 7952 8757 7914
f 8757 7952 7917
f 8766 8759 8760
f 7954 8760 7926
f 8760 7954 8766
f 8767 8766 7954
f 8766 8767 8762
f 8761 8762 8767
f 8764 8761 8768
f 8761 8769 8768
f 8761 8767 8769
f 8765 8768 8769
f 7955 8765 8769
f 7927 8765 7955
f 7957 8767 7954
f 8767 7957 7958
f 8767 7958 8769
f 8769 7958 7955
f 7963 8770 7962
f 8770 7964 7962
f 7968 8771 7967
f 8771 7969 7967
f 7972 8772 7971
f 8772 7974 7971
f 7977 8773 7976
f 8773 7978 7976
f 7981 8774 7980
f 8774 7983 7980
f 8777 8776 8775
f 8778 7985 7986
f 8779 8775 8776
f 8780 7988 7985
f 8780 7985 8778
f 8780 7989 7988
f 8783 8782 8781
f 8782 8784 8770
f 7991 8782 8770
f 7963 7991 8770
f 8781 8782 7991
f 7964 8770 8784
f 8785 7964 8784
f 7992 7964 8785
f 7994 8786 7993
f 8787 7995 7993
f 8787 7993 8786
f 8789 8787 8788
f 8789 7995 8787
f 8789 8790 7997
f 7995 8789 7997
f 7999 7998 8790
f 8789 7999 8790
f 8791 7999 8789
f 7999 8792 8000
f 8791 8792 7999
f 8000 8793 8002
f 8792 8793 8000
f 8793 8795 8794
f 8003 8793 8794
f 8002 8793 8003
f 8794 8004 8003
f 8006 8796 8005
f 8796 8797 8005
f 8005 8797 7968
f 8797 8798 7968
f 8798 8771 7968
f 8771 8798 7969
f 8798 8007 7969
f 8798 8799 8007
f 8007 8799 7972
f 8799 8800 7972
f 8800 8772 7972
f 8800 8799 8801
f 8802 8008 7974
f 8772 8802 7974
f 8800 8802 8772
f 8009 8008 8802
f 8805 8804 8803
f 8806 8010 8011
f 8807 8805 8803
f 8808 8012 8010
f 8808 8010 8806
f 8810 8808 8809
f 8810 8012 8808
f 8810 8811 8013
f 8012 8810 8013
f 8812 8811 8810
f 8015 8813 8016
f 8019 8016 8813
f 8816 8815 8814
f 7977 8020 8773
f 8816 8814 8817
f 8773 8818 7978
f 8818 8773 8819
f 8020 8819 8773
f 8819 8020 8820
f 7978 8820 8020
f 8820 7978 8818
f 8821 8820 8818
f 8823 8822 8024
f 8823 8024 8025
f 8825 8824 8027
f 8024 8825 8027
f 8822 8825 8024
f 8825 8826 8774
f 8029 8825 8774
f 7981 8029 8774
f 8824 8825 8029
f 8826 8828 8827
f 8826 8827 8031
f 8774 8826 8031
f 7983 8774 8031
f 8033 8031 8827
f 8831 8830 8829
f 8035 8034 8831
f 8829 8035 8831
f 8832 8035 8829
f 8834 8833 8037
f 8035 8834 8037
f 8832 8834 8035
f 8834 8038 8833
f 8834 8039 8038
f 8834 8836 8835
f 8039 8834 8835
f 8039 8835 8837
f 8838 8039 8837
f 8041 8039 8838
f 8838 8840 8839
f 8042 8838 8839
f 8041 8838 8042
f 8841 8777 8775
f 8042 8841 8775
f 8043 8042 8775
f 8841 8042 8839
f 8775 8779 8043
f 8779 8842 8043
f 8778 7986 8043
f 8778 8043 8842
f 8844 8843 8842
f 8045 8842 8843
f 8842 8045 8778
f 8046 8778 8045
f 8778 8046 8780
f 8046 7989 8780
f 8047 8843 8048
f 8844 8048 8843
f 8048 8844 8845
f 8050 8048 8845
f 8050 8845 8846
f 8783 8848 8847
f 8783 8051 8848
f 8783 8781 8052
f 8051 8783 8052
f 7991 8052 8781
f 8850 8847 8849
f 8848 8849 8847
f 8849 8851 8053
f 8785 8849 8053
f 7992 8785 8053
f 8849 8785 8850
f 8786 7994 8053
f 8851 8786 8053
f 8852 8786 8851
f 8854 8787 8853
f 8787 8852 8853
f 8787 8786 8852
f 8790 8054 7997
f 8854 8788 8787
f 8054 8790 7998
f 8857 8856 8855
f 8859 8858 8855
f 8855 8858 8857
f 8858 8859 8795
f 8795 8859 8794
f 8859 8055 8794
f 8055 8056 8794
f 8794 8056 8004
f 8861 8860 8796
f 8006 8861 8796
f 8057 8861 8006
f 8796 8860 8797
f 8801 8862 8800
f 8800 8862 8802
f 8802 8862 8863
f 8804 8805 8863
f 8805 8058 8863
f 8009 8802 8863
f 8009 8863 8058
f 8805 8807 8058
f 8807 8864 8058
f 8806 8011 8058
f 8806 8058 8864
f 8806 8864 8808
f 8808 8864 8865
f 8811 8059 8013
f 8865 8809 8808
f 8867 8866 8061
f 8867 8061 8059
f 8812 8867 8059
f 8811 8812 8059
f 8867 8868 8813
f 8062 8867 8813
f 8015 8062 8813
f 8866 8867 8062
f 8815 8816 8868
f 8816 8063 8868
f 8019 8813 8868
f 8019 8868 8063
f 8817 8869 8816
f 8869 8063 8816
f 8869 8064 8063
f 8872 8871 8870
f 8819 8820 8869
f 8065 8869 8820
f 8869 8065 8064
f 8870 8873 8872
f 8874 8820 8821
f 8820 8874 8065
f 8066 8065 8874
f 8066 8875 8067
f 8874 8875 8066
f 8067 8876 8068
f 8875 8876 8067
f 8025 8068 8823
f 8823 8068 8876
f 8824 8069 8027
f 8069 8824 8029
f 8828 8877 8827
f 8830 8831 8877
f 8831 8070 8877
f 8033 8827 8877
f 8033 8877 8070
f 8070 8831 8034
f 8833 8071 8037
f 8836 8878 8835
f 8071 8833 8038
f 8835 8878 8837
f 8840 8879 8839
f 8839 8879 8841
f 8843 8072 8045
f 8072 8843 8047
f 8846 8880 8050
f 8050 8880 8073
f 8073 8880 8051
f 8880 8881 8051
f 8881 8848 8051
f 8881 8880 8882
f 8848 8883 8849
f 8848 8881 8883
f 8849 8884 8851
f 8849 8883 8884
f 8851 8885 8852
f 8851 8884 8885
f 8853 8852 8886
f 8886 8852 8885
f 8855 8856 8887
f 8887 8856 8888
f 8855 8889 8859
f 8855 8887 8889
f 8889 8074 8055
f 8889 8055 8859
f 8891 8890 8075
f 8891 8075 8076
f 8057 8075 8861
f 8861 8075 8890
f 8866 8077 8061
f 8077 8866 8062
f 8871 8892 8870
f 8870 8892 8873
f 8881 8882 8893
f 8893 8882 8894
f 8881 8895 8883
f 8881 8893 8895
f 8883 8896 8884
f 8883 8895 8896
f 8884 8897 8885
f 8884 8896 8897
f 8886 8885 8898
f 8885 8899 8898
f 8885 8897 8899
f 8901 8900 8899
f 8899 8900 8898
f 8903 8902 8901
f 8901 8902 8900
f 8905 8904 8903
f 8904 8887 8903
f 8888 8902 8903
f 8888 8903 8887
f 8887 8904 8889
f 8889 8904 8906
f 8889 8906 8074
f 8906 8078 8074
f 8906 8907 8078
f 8079 8078 8907
f 8079 8907 8908
f 8080 8891 8076
f 8080 8909 8891
f 8912 8911 8910
f 8914 8913 8910
f 8910 8913 8912
f 8913 8914 8894
f 8914 8893 8894
f 8914 8915 8893
f 8893 8916 8895
f 8893 8915 8916
f 8895 8917 8896
f 8895 8916 8917
f 8896 8918 8897
f 8896 8917 8918
f 8897 8919 8899
f 8897 8918 8919
f 8921 8901 8920
f 8901 8919 8920
f 8901 8899 8919
f 8901 8921 8903
f 8903 8921 8922
f 8903 8922 8905
f 8081 8079 8923
f 8079 8924 8923
f 8079 8908 8924
f 8923 8082 8081
f 8084 8925 8083
f 8925 8926 8083
f 8926 8080 8083
f 8926 8909 8080
f 8910 8911 8927
f 8927 8911 8928
f 8910 8929 8914
f 8910 8927 8929
f 8914 8930 8915
f 8914 8929 8930
f 8915 8931 8916
f 8915 8930 8931
f 8916 8932 8917
f 8916 8931 8932
f 8917 8933 8918
f 8917 8932 8933
f 8918 8934 8919
f 8918 8933 8934
f 8920 8919 8935
f 8935 8919 8934
f 8923 8924 8936
f 8936 8924 8937
f 8936 8085 8082
f 8936 8082 8923
f 8086 8938 8925
f 8086 8925 8084
f 8926 8925 8939
f 8939 8925 8938
f 8942 8941 8940
f 8940 8943 8942
f 8946 8945 8944
f 8946 8944 8928
f 8944 8927 8928
f 8944 8947 8927
f 8927 8948 8929
f 8927 8947 8948
f 8929 8949 8930
f 8929 8948 8949
f 8930 8950 8931
f 8930 8949 8950
f 8931 8951 8932
f 8931 8950 8951
f 8932 8952 8933
f 8932 8951 8952
f 8933 8953 8934
f 8933 8952 8953
f 8935 8934 8954
f 8954 8934 8953
f 8936 8937 8955
f 8955 8937 8956
f 8955 8087 8085
f 8955 8085 8936
f 8088 8957 8938
f 8088 8938 8086
f 8939 8938 8958
f 8958 8938 8957
f 8940 8941 8959
f 8959 8941 8960
f 8943 8940 8961
f 8961 8940 8959
f 8944 8945 8962
f 8962 8945 8963
f 8944 8964 8947
f 8944 8962 8964
f 8947 8965 8948
f 8947 8964 8965
f 8948 8966 8949
f 8948 8965 8966
f 8949 8967 8950
f 8949 8966 8967
f 8950 8968 8951
f 8950 8967 8968
f 8951 8969 8952
f 8951 8968 8969
f 8952 8970 8953
f 8952 8969 8970
f 8954 8953 8971
f 8971 8953 8970
f 8955 8956 8972
f 8972 8956 8973
f 8972 8089 8087
f 8972 8087 8955
f 8090 8974 8957
f 8090 8957 8088
f 8958 8957 8975
f 8975 8957 8974
f 8978 8977 8976
f 8980 8979 8976
f 8976 8979 8978
f 8982 8981 8980
f 8980 8981 8979
f 8984 8983 8982
f 8982 8983 8981
f 8986 8985 8984
f 8984 8985 8983
f 8988 8987 8986
f 8986 8987 8985
f 8987 8988 8960
f 8988 8959 8960
f 8988 8989 8959
f 8961 8959 8990
f 8990 8959 8989
f 8993 8992 8991
f 8995 8994 8991
f 8991 8994 8993
f 8997 8996 8995
f 8995 8996 8994
f 8999 8998 8997
f 8997 8998 8996
f 8998 8999 8963
f 8999 8962 8963
f 8999 9000 8962
f 8962 9001 8964
f 8962 9000 9001
f 8964 9002 8965
f 8964 9001 9002
f 8965 9003 8966
f 8965 9002 9003
f 8966 9004 8967
f 8966 9003 9004
f 8967 9005 8968
f 8967 9004 9005
f 8968 9006 8969
f 8968 9005 9006
f 8969 9007 8970
f 8969 9006 9007
f 8971 8970 9008
f 8970 9009 9008
f 8970 9007 9009
f 9011 9010 9009
f 9009 9010 9008
f 9011 9012 9010
f 8972 8973 9013
f 9013 8973 9014
f 9013 8091 8089
f 9013 8089 8972
f 8092 8974 8090
f 8092 8094 8974
f 8094 8975 8974
f 8094 9015 8975
f 9018 9017 9016
f 9018 9016 8977
f 9016 8976 8977
f 9016 9019 8976
f 8976 9020 8980
f 8976 9019 9020
f 8980 9021 8982
f 8980 9020 9021
f 8982 9022 8984
f 8982 9021 9022
f 8984 9023 8986
f 8984 9022 9023
f 8986 9024 8988
f 8986 9023 9024
f 8988 9025 8989
f 8988 9024 9025
f 8990 8989 9026
f 8989 9027 9026
f 8989 9025 9027
f 9029 9028 9027
f 9027 9028 9026
f 9031 9030 9029
f 9029 9030 9028
f 9033 9032 9031
f 9031 9032 9030
f 9035 9034 9033
f 9033 9034 9032
f 9034 9035 8992
f 9035 8991 8992
f 9035 9036 8991
f 8991 9037 8995
f 8991 9036 9037
f 8995 9038 8997
f 8995 9037 9038
f 8997 9039 8999
f 8997 9038 9039
f 8999 9040 9000
f 8999 9039 9040
f 9000 9041 9001
f 9000 9040 9041
f 9001 9042 9002
f 9001 9041 9042
f 9002 9043 9003
f 9002 9042 9043
f 9003 9044 9004
f 9003 9043 9044
f 9004 9045 9005
f 9004 9044 9045
f 9005 9046 9006
f 9005 9045 9046
f 9006 9047 9007
f 9006 9046 9047
f 9007 9048 9009
f 9007 9047 9048
f 9009 9049 9011
f 9009 9048 9049
f 9012 9011 9050
f 9011 9051 9050
f 9011 9049 9051
f 9053 9052 9051
f 9051 9052 9050
f 9055 9054 9053
f 9053 9054 9052
f 9054 9055 9014
f 9055 9013 9014
f 9055 9056 9013
f 9056 8095 8091
f 9056 8091 9013
f 8097 9015 8094
f 8097 9057 9015
f 9016 9017 9058
f 9058 9017 9059
f 9016 9060 9019
f 9016 9058 9060
f 9019 9061 9020
f 9019 9060 9061
f 9020 9062 9021
f 9020 9061 9062
f 9021 9063 9022
f 9021 9062 9063
f 9022 9064 9023
f 9022 9063 9064
f 9023 9065 9024
f 9023 9064 9065
f 9024 9066 9025
f 9024 9065 9066
f 9025 9067 9027
f 9025 9066 9067
f 9027 9068 9029
f 9027 9067 9068
f 9029 9069 9031
f 9029 9068 9069
f 9031 9070 9033
f 9031 9069 9070
f 9033 9071 9035
f 9033 9070 9071
f 9035 9072 9036
f 9035 9071 9072
f 9036 9073 9037
f 9036 9072 9073
f 9037 9074 9038
f 9037 9073 9074
f 9038 9075 9039
f 9038 9074 9075
f 9039 9076 9040
f 9039 9075 9076
f 9040 9077 9041
f 9040 9076 9077
f 9041 9078 9042
f 9041 9077 9078
f 9042 9079 9043
f 9042 9078 9079
f 9043 9080 9044
f 9043 9079 9080
f 9044 9081 9045
f 9044 9080 9081
f 9045 9082 9046
f 9045 9081 9082
f 9046 9083 9047
f 9046 9082 9083
f 9047 9084 9048
f 9047 9083 9084
f 9048 9085 9049
f 9048 9084 9085
f 9049 9086 9051
f 9049 9085 9086
f 9051 9087 9053
f 9051 9086 9087
f 9053 9088 9055
f 9053 9087 9088
f 9055 9089 9056
f 9055 9088 9089
f 9089 8098 8095
f 9089 8095 9056
f 8100 9057 8097
f 8100 9090 9057
f 9058 9059 9091
f 9091 9059 9092
f 9058 9093 9060
f 9058 9091 9093
f 9060 9094 9061
f 9060 9093 9094
f 9061 9095 9062
f 9061 9094 9095
f 9062 9096 9063
f 9062 9095 9096
f 9063 9097 9064
f 9063 9096 9097
f 9064 9098 9065
f 9064 9097 9098
f 9065 9099 9066
f 9065 9098 9099
f 9066 9100 9067
f 9066 9099 9100
f 9067 9101 9068
f 9067 9100 9101
f 9068 9102 9069
f 9068 9101 9102
f 9069 9103 9070
f 9069 9102 9103
f 9070 9104 9071
f 9070 9103 9104
f 9071 9105 9072
f 9071 9104 9105
f 9072 9106 9073
f 9072 9105 9106
f 9073 9107 9074
f 9073 9106 9107
f 9074 9108 9075
f 9074 9107 9108
f 9075 9109 9076
f 9075 9108 9109
f 9076 9110 9077
f 9076 9109 9110
f 9077 9111 9078
f 9077 9110 9111
f 9078 9112 9079
f 9078 9111 9112
f 9079 9113 9080
f 9079 9112 9113
f 9080 9114 9081
f 9080 9113 9114
f 9081 9115 9082
f 9081 9114 9115
f 9082 9116 9083
f 9082 9115 9116
f 9083 9117 9084
f 9083 9116 9117
f 9084 9118 9085
f 9084 9117 9118
f 9085 9119 9086
f 9085 9118 9119
f 9086 9120 9087
f 9086 9119 9120
f 9087 9121 9088
f 9087 9120 9121
f 9088 9122 9089
f 9088 9121 9122
f 9122 8101 8098
f 9122 8098 9089
f 8103 9090 8100
f 8103 9123 9090
f 9126 9125 9124
f 9128 9127 9124
f 9127 9091 9124
f 9092 9126 9124
f 9092 9124 9091
f 9130 9129 9127
f 9129 9091 9127
f 9129 9093 9091
f 9093 9131 9094
f 9093 9129 9131
f 9094 9132 9095
f 9094 9131 9132
f 9132 8105 8106
f 9096 9132 8106
f 9095 9132 9096
f 9096 8106 8107
f 9133 9096 8107
f 9097 9096 9133
f 9133 8109 8110
f 9098 9133 8110
f 9097 9133 9098
f 9098 8110 8111
f 9134 9098 8111
f 9099 9098 9134
f 9099 9135 9100
f 9099 9134 9135
f 9100 9136 9101
f 9100 9135 9136
f 9101 9137 9102
f 9101 9136 9137
f 9102 9138 9103
f 9102 9137 9138
f 9103 9139 9104
f 9103 9138 9139
f 9104 9140 9105
f 9104 9139 9140
f 9105 9141 9106
f 9105 9140 9141
f 9106 9142 9107
f 9106 9141 9142
f 9107 9143 9108
f 9107 9142 9143
f 9108 9144 9109
f 9108 9143 9144
f 9109 9145 9110
f 9109 9144 9145
f 9110 9146 9111
f 9110 9145 9146
f 9111 9147 9112
f 9111 9146 9147
f 9112 9148 9113
f 9112 9147 9148
f 9113 9149 9114
f 9113 9148 9149
f 9114 9150 9115
f 9114 9149 9150
f 9150 8113 8114
f 9116 9150 8114
f 9115 9150 9116
f 9116 8114 8115
f 9151 9116 8115
f 9117 9116 9151
f 9117 9152 9118
f 9117 9151 9152
f 9118 9153 9119
f 9118 9152 9153
f 9119 9154 9120
f 9119 9153 9154
f 9120 9155 9121
f 9120 9154 9155
f 9121 9156 9122
f 9121 9155 9156
f 9156 8116 8101
f 9156 8101 9122
f 8118 9123 8103
f 8118 9157 9123
f 9160 9159 9158
f 9162 9161 9158
f 9158 9161 9160
f 9164 9163 9162
f 9163 9124 9162
f 9125 9161 9162
f 9125 9162 9124
f 9167 9166 9165
f 9124 9163 9128
f 9165 9166 9130
f 9166 9129 9130
f 9166 9168 9129
f 9129 9169 9131
f 9129 9168 9169
f 9131 9170 9132
f 9131 9169 9170
f 9171 8119 8105
f 9132 9171 8105
f 9170 9171 9132
f 9171 8107 8119
f 9171 9133 8107
f 9171 8122 8120
f 9133 9171 8120
f 9172 8120 8124
f 9172 9133 8120
f 9172 8123 8109
f 9133 9172 8109
f 8127 9134 8111
f 8125 8123 9172
f 9134 8127 8128
f 9134 8128 9135
f 9135 8128 8130
f 9135 8130 9136
f 9136 8130 8132
f 9173 9136 8132
f 9137 9136 9173
f 9137 9174 9138
f 9137 9173 9174
f 9138 9175 9139
f 9138 9174 9175
f 9139 9176 9140
f 9139 9175 9176
f 9140 9177 9141
f 9140 9176 9177
f 9141 9178 9142
f 9141 9177 9178
f 9178 8134 8135
f 9143 9178 8135
f 9142 9178 9143
f 9143 8135 8136
f 9143 8136 9144
f 9144 8136 8138
f 9144 8138 9145
f 9145 8138 8140
f 9179 9145 8140
f 9146 9145 9179
f 9179 8142 8143
f 9147 9179 8143
f 9146 9179 9147
f 9147 8143 8144
f 9147 8144 9148
f 9148 8144 8146
f 9180 9148 8146
f 9149 9148 9180
f 9149 9181 9150
f 9149 9180 9181
f 9182 8147 8113
f 9150 9182 8113
f 9181 9182 9150
f 9182 8115 8147
f 9182 9151 8115
f 9182 8150 8148
f 9151 9182 8148
f 9151 8148 8151
f 9183 9151 8151
f 9152 9151 9183
f 9152 9184 9153
f 9152 9183 9184
f 9153 9185 9154
f 9153 9184 9185
f 9154 9186 9155
f 9154 9185 9186
f 9155 9187 9156
f 9155 9186 9187
f 9187 8152 8116
f 9187 8116 9156
f 8154 9157 8118
f 8154 9188 9157
f 9158 9159 9189
f 9189 9159 9190
f 9158 9191 9162
f 9158 9189 9191
f 9164 9162 9192
f 9162 9193 9192
f 9162 9191 9193
f 9192 9193 9167
f 9193 9166 9167
f 9193 9194 9166
f 9166 9195 9168
f 9166 9194 9195
f 9168 9196 9169
f 9168 9195 9196
f 9169 9197 9170
f 9169 9196 9197
f 9170 9198 9171
f 9170 9197 9198
f 9199 8155 8122
f 9171 9199 8122
f 9198 9199 9171
f 9199 8124 8155
f 9199 9172 8124
f 9199 8158 8156
f 9172 9199 8156
f 8125 9172 8156
f 8159 8160 9200
f 9201 8161 8159
f 9201 8159 9200
f 9202 8162 8161
f 9202 8161 9201
f 9202 8132 8162
f 9202 9173 8132
f 9202 8165 8163
f 9173 9202 8163
f 9173 8163 8166
f 9173 8166 9174
f 9174 8166 8168
f 9203 9174 8168
f 9175 9174 9203
f 9203 8170 8171
f 9176 9203 8171
f 9175 9203 9176
f 9176 8171 8172
f 9204 9176 8172
f 9177 9176 9204
f 9204 8174 8175
f 9178 9204 8175
f 9177 9204 9178
f 9178 8175 8134
f 8179 9179 8140
f 9179 8179 8142
f 8182 9205 8183
f 9180 8146 8183
f 9205 9180 8183
f 9206 9180 9205
f 9206 8185 8186
f 9181 9206 8186
f 9180 9206 9181
f 9181 8186 8187
f 9207 9181 8187
f 9182 9181 9207
f 9208 8188 8150
f 9182 9208 8150
f 9207 9208 9182
f 9208 8151 8188
f 9208 9183 8151
f 9208 8191 8189
f 9183 9208 8189
f 9183 8189 8192
f 9209 9183 8192
f 9184 9183 9209
f 9184 9210 9185
f 9184 9209 9210
f 9185 9211 9186
f 9185 9210 9211
f 9186 9212 9187
f 9186 9211 9212
f 9212 8193 8152
f 9212 8152 9187
f 8194 9214 9213
f 9188 8194 9213
f 8154 8194 9188
f 9214 9215 9213
f 9190 9216 9189
f 9218 9217 9216
f 9217 9189 9216
f 9217 9191 9189
f 9191 9219 9193
f 9191 9217 9219
f 9193 9220 9194
f 9193 9219 9220
f 9194 9221 9195
f 9194 9220 9221
f 9195 9222 9196
f 9195 9221 9222
f 9196 9223 9197
f 9196 9222 9223
f 9197 9224 9198
f 9197 9223 9224
f 9224 8196 8197
f 9199 9224 8197
f 9198 9224 9199
f 9225 8197 8199
f 9225 9199 8197
f 9225 8198 8158
f 9199 9225 8158
f 8202 9200 8160
f 8200 8198 9225
f 9200 8202 8203
f 9200 8203 9201
f 9201 8203 8205
f 9201 8205 9202
f 9202 8205 8165
f 8209 9203 8168
f 8170 9203 8209
f 8211 8212 9226
f 8215 9204 8172
f 8213 8211 9226
f 9204 8215 8174
f 8219 9227 8220
f 9227 8222 8220
f 8224 9205 8182
f 9205 8224 8226
f 9205 8226 9206
f 9206 8226 8185
f 8229 9228 9207
f 8229 9207 8187
f 9228 8231 8232
f 9208 9228 8232
f 9207 9228 9208
f 9208 8232 8191
f 8234 9229 9209
f 8234 9209 8192
f 9209 9230 9210
f 9209 9229 9230
f 9210 9231 9211
f 9210 9230 9231
f 9231 8235 8236
f 9212 9231 8236
f 9211 9231 9212
f 9212 8236 8193
f 8237 9232 9214
f 8237 9214 8194
f 9215 9214 9233
f 9233 9214 9232
f 9236 9235 9234
f 9238 9237 9234
f 9234 9237 9236
f 9240 9239 9238
f 9239 9217 9238
f 9218 9237 9238
f 9218 9238 9217
f 9242 9241 9239
f 9241 9217 9239
f 9241 9219 9217
f 9244 9220 9243
f 9220 9241 9243
f 9220 9219 9241
f 9246 9245 9244
f 9245 9220 9244
f 9245 9221 9220
f 9221 9247 9222
f 9221 9245 9247
f 9222 9248 9223
f 9222 9247 9248
f 9248 8239 8240
f 9224 9248 8240
f 9223 9248 9224
f 8196 9224 8240
f 8241 8242 9249
f 9249 8199 8241
f 9249 9225 8199
f 9249 8245 8243
f 9225 9249 8243
f 9225 8243 8200
f 8251 9250 8252
f 8255 9226 8212
f 8253 8252 9250
f 9226 8255 8213
f 8260 9227 8219
f 9227 8260 8222
f 8264 9251 8265
f 9251 8267 8265
f 8269 9228 8229
f 9228 8269 8231
f 8273 9229 8234
f 9229 8273 8275
f 9229 8275 9230
f 9230 8275 8277
f 9252 9230 8277
f 9231 9230 9252
f 9253 8278 8235
f 9231 9253 8235
f 9252 9253 9231
f 9253 8279 8278
f 8280 9254 9232
f 8280 9232 8237
f 9233 9232 9255
f 9255 9232 9254
f 9235 9256 9234
f 9234 9256 9238
f 9238 9256 9257
f 9238 9257 9240
f 9241 9242 9258
f 9258 9242 9259
f 9243 9241 9260
f 9260 9241 9258
f 9245 9246 9261
f 9261 9246 9262
f 9245 9263 9247
f 9245 9261 9263
f 9263 8282 8283
f 9248 9263 8283
f 9247 9263 9248
f 9248 8283 8239
f 8285 9249 8242
f 8245 9249 8285
f 8287 8288 9264
f 9264 8290 8287
f 8294 9250 8251
f 9250 8294 8253
f 8302 9265 8303
f 9265 8264 8303
f 9265 9251 8264
f 9265 8306 8304
f 9251 9265 8304
f 9251 8304 8267
f 8313 9266 8314
f 9252 8277 8314
f 9266 9252 8314
f 9267 9252 9266
f 9252 9268 9253
f 9252 9267 9268
f 9268 8315 8279
f 9268 8279 9253
f 8316 9269 9254
f 8316 9254 8280
f 9255 9254 9270
f 9270 9254 9269
f 9273 9272 9271
f 9271 9274 9273
f 9277 9276 9275
f 9279 9278 9275
f 9275 9278 9277
f 9278 9279 9259
f 9279 9258 9259
f 9279 9280 9258
f 8319 9281 8318
f 9281 9258 8318
f 9258 9280 8318
f 9258 9281 9260
f 9282 9261 8320
f 9261 9281 8320
f 9281 8319 8320
f 9261 9262 9281
f 9282 8322 8323
f 9263 9282 8323
f 9261 9282 9263
f 9263 8323 8282
f 8327 9264 8288
f 9264 8327 8290
f 8342 9265 8302
f 9265 8342 8306
f 8346 9283 8347
f 9283 8349 8347
f 8353 9266 8313
f 9266 8353 8355
f 9284 9266 8355
f 9267 9266 9284
f 9284 8357 8358
f 9268 9284 8358
f 9267 9284 9268
f 9268 8358 8315
f 8359 9285 9269
f 8359 9269 8316
f 9270 9269 9286
f 9286 9269 9285
f 9289 9288 9287
f 9287 9290 9289
f 9293 9292 9291
f 9293 9291 9272
f 9291 9271 9272
f 9291 9294 9271
f 9274 9271 9295
f 9271 9296 9295
f 9271 9294 9296
f 9295 9296 9276
f 9296 9275 9276
f 9296 9297 9275
f 9275 9298 9279
f 9275 9297 9298
f 9279 9299 9280
f 9279 9298 9299
f 9300 8360 8318
f 9280 9300 8318
f 9299 9300 9280
f 9300 8320 8360
f 9300 9282 8320
f 9300 8363 8361
f 9282 9300 8361
f 9301 8361 8365
f 9301 9282 8361
f 9301 8364 8322
f 9282 9301 8322
f 9301 8367 8364
f 8386 9283 8346
f 9283 8386 8349
f 8393 9302 9284
f 8393 9284 8355
f 9303 8394 8357
f 9284 9303 8357
f 9302 9303 9284
f 9303 8395 8394
f 8396 9304 9285
f 8396 9285 8359
f 9286 9285 9305
f 9305 9285 9304
f 9287 9288 9306
f 9306 9288 9307
f 9290 9287 9308
f 9287 9309 9308
f 9287 9306 9309
f 9308 9309 9292
f 9309 9291 9292
f 9309 9310 9291
f 9291 9311 9294
f 9291 9310 9311
f 9294 9312 9296
f 9294 9311 9312
f 9296 9313 9297
f 9296 9312 9313
f 9297 9314 9298
f 9297 9313 9314
f 9314 8398 8399
f 9299 9314 8399
f 9298 9314 9299
f 9299 8399 8400
f 9299 8400 9300
f 9300 8400 8363
f 8403 9301 8365
f 9301 8403 8367
f 8427 9315 8428
f 9316 8429 8428
f 9316 8428 9315
f 9302 8393 8429
f 9316 9302 8429
f 9317 9302 9316
f 9317 8430 8431
f 9303 9317 8431
f 9302 9317 9303
f 9303 8431 8395
f 9319 9318 9304
f 8396 9319 9304
f 8432 9319 8396
f 9304 9318 9305
f 9322 9321 9320
f 9324 9323 9320
f 9320 9323 9322
f 9323 9324 9307
f 9324 9306 9307
f 9324 9325 9306
f 9306 9326 9309
f 9306 9325 9326
f 9326 8434 8435
f 9310 9326 8435
f 9309 9326 9310
f 9310 8435 8436
f 9327 9310 8436
f 9311 9310 9327
f 9311 9328 9312
f 9311 9327 9328
f 9328 8438 8439
f 9313 9328 8439
f 9312 9328 9313
f 9313 8439 8440
f 9329 9313 8440
f 9314 9313 9329
f 9329 8442 8398
f 9329 8398 9314
f 8459 9315 8427
f 9315 8459 8461
f 9330 9315 8461
f 9316 9315 9330
f 9330 8463 8464
f 9317 9330 8464
f 9316 9330 9317
f 8430 9317 8464
f 8465 8466 9331
f 9331 8467 8465
f 8468 9319 8432
f 8468 9332 9319
f 9320 9321 9333
f 9333 9321 9334
f 9320 9335 9324
f 9320 9333 9335
f 9324 9336 9325
f 9324 9335 9336
f 9325 9337 9326
f 9325 9336 9337
f 9338 8469 8434
f 9326 9338 8434
f 9337 9338 9326
f 8472 9327 8436
f 8470 8469 9338
f 9327 8472 8473
f 9327 8473 9328
f 9328 8473 8438
f 8476 9329 8440
f 8442 9329 8476
f 8478 8479 9339
f 9339 8481 8478
f 8499 9330 8461
f 9330 8499 8463
f 8502 9340 9331
f 8502 9331 8466
f 9340 8503 8467
f 9340 8467 9331
f 8504 9332 8468
f 8504 9341 9332
f 9334 9342 9333
f 9333 9342 9335
f 9335 9342 9343
f 9345 9344 9343
f 9344 9335 9343
f 9344 9336 9335
f 9336 9346 9337
f 9336 9344 9346
f 9337 9347 9338
f 9337 9346 9347
f 9347 8506 8470
f 9347 8470 9338
f 8507 9348 8508
f 9348 8510 8508
f 8512 9339 8479
f 9339 8512 8481
f 8522 9349 8523
f 9349 8502 8523
f 9349 9340 8502
f 9349 8526 8524
f 9340 9349 8524
f 9340 8524 8503
f 8527 9341 8504
f 8527 9350 9341
f 9353 9352 9351
f 9355 9354 9351
f 9351 9354 9353
f 9354 9355 9345
f 9355 9344 9345
f 9355 9356 9344
f 9344 9357 9346
f 9344 9356 9357
f 9357 8529 8530
f 9347 9357 8530
f 9346 9357 9347
f 8506 9347 8530
f 8531 8532 9358
f 8535 9348 8507
f 8533 8531 9358
f 9348 8535 8510
f 8551 9349 8522
f 9349 8551 8526
f 9361 9360 9359
f 9362 9359 8554
f 9359 9350 8554
f 9350 8527 8554
f 9350 9359 9360
f 8556 9362 8554
f 9351 9352 9363
f 9363 9352 9364
f 9351 9365 9355
f 9351 9363 9365
f 9355 9366 9356
f 9355 9365 9366
f 9366 8558 8559
f 9357 9366 8559
f 9356 9366 9357
f 9357 8559 8529
f 8561 9367 9358
f 8561 9358 8532
f 9367 8563 8533
f 9367 8533 9358
f 9368 9361 9359
f 9368 9359 9362
f 9368 9362 9369
f 9362 8556 9369
f 8556 9370 9369
f 8556 8578 9370
f 9373 9372 9371
f 9373 9371 9364
f 9371 9363 9364
f 9371 9374 9363
f 9363 9375 9365
f 9363 9374 9375
f 9365 9376 9366
f 9365 9375 9376
f 9377 8579 8558
f 9366 9377 8558
f 9376 9377 9366
f 9377 8581 8579
f 8582 9367 8561
f 9367 8582 8563
f 9379 9378 8601
f 9379 8601 8602
f 8578 8601 9370
f 9370 8601 9378
f 9372 9380 9371
f 9371 9380 9374
f 9374 9380 9381
f 9374 9381 9375
f 9375 9381 9382
f 9375 9382 9376
f 9376 9382 9383
f 9376 9383 9377
f 9377 9383 9384
f 9377 9384 8581
f 9384 8603 8581
f 9384 9385 8603
f 8603 9386 8604
f 9385 9386 8603
f 8604 9387 8605
f 9386 9387 8604
f 9387 9389 9388
f 8606 9387 9388
f 8605 9387 8606
f 8606 9388 9390
f 9391 8606 9390
f 8607 8606 9391
f 8607 9392 8608
f 9391 9392 8607
f 9392 9394 9393
f 8609 9392 9393
f 8608 9392 8609
f 9395 8610 8609
f 9395 8609 9393
f 9396 8611 8610
f 9396 8610 9395
f 9397 8612 8611
f 9397 8611 9396
f 9398 8613 8612
f 9398 8612 9397
f 9399 8614 8613
f 9399 8613 9398
f 9400 8615 8614
f 9400 8614 9399
f 9401 8616 8615
f 9401 8615 9400
f 9402 8617 8616
f 9402 8616 9401
f 9403 8618 8617
f 9403 8617 9402
f 9404 8619 8618
f 9404 8618 9403
f 9405 8620 8619
f 9405 8619 9404
f 9406 8621 8620
f 9406 8620 9405
f 9407 8622 8621
f 9407 8621 9406
f 9408 8623 8622
f 9408 8622 9407
f 9409 8624 8623
f 9409 8623 9408
f 9410 8625 8624
f 9410 8624 9409
f 9411 8626 8625
f 9411 8625 9410
f 9412 8627 8626
f 9412 8626 9411
f 9413 8628 8627
f 9413 8627 9412
f 9414 8629 8628
f 9414 8628 9413
f 9414 8631 8629
f 8632 9415 8633
f 9415 8635 8633
f 8637 9416 8636
f 9416 8639 8636
f 8643 9417 8644
f 9417 8646 8644
f 9419 9418 8647
f 9419 8647 8648
f 8602 8647 9379
f 9379 8647 9418
f 9389 9420 9388
f 9388 9420 9390
f 9394 9421 9393
f 9393 9421 9395
f 9395 9421 9422
f 9395 9422 9396
f 9396 9422 9423
f 9396 9423 9397
f 9397 9423 9424
f 9397 9424 9398
f 9398 9424 9425
f 9398 9425 9399
f 9399 9425 9426
f 9399 9426 9400
f 9400 9426 9427
f 9400 9427 9401
f 9401 9427 9428
f 9430 9429 9428
f 9429 9401 9428
f 9429 9402 9401
f 9402 9431 9403
f 9402 9429 9431
f 9403 9432 9404
f 9403 9431 9432
f 9404 9433 9405
f 9404 9432 9433
f 9405 9434 9406
f 9405 9433 9434
f 9406 9435 9407
f 9406 9434 9435
f 9407 9436 9408
f 9407 9435 9436
f 9408 9437 9409
f 9408 9436 9437
f 9409 9438 9410
f 9409 9437 9438
f 9410 9439 9411
f 9410 9438 9439
f 9411 9440 9412
f 9411 9439 9440
f 9412 9441 9413
f 9412 9440 9441
f 9413 9442 9414
f 9413 9441 9442
f 9443 8649 8631
f 9414 9443 8631
f 9442 9443 9414
f 9415 8632 8649
f 9443 9415 8649
f 9444 9415 9443
f 9445 8650 8635
f 9415 9445 8635
f 9444 9445 9415
f 9416 8637 8650
f 9445 9416 8650
f 9446 9416 9445
f 9447 8651 8639
f 9416 9447 8639
f 9446 9447 9416
f 9448 8652 8651
f 9448 8651 9447
f 9449 8653 8652
f 9449 8652 9448
f 9450 8654 8653
f 9450 8653 9449
f 9417 8643 8654
f 9450 9417 8654
f 9451 9417 9450
f 9451 8656 8646
f 9451 8646 9417
f 8658 9452 8657
f 9452 9453 8657
f 9453 8648 8657
f 9453 9419 8648
f 9429 9430 9454
f 9454 9430 9455
f 9429 9456 9431
f 9429 9454 9456
f 9431 9457 9432
f 9431 9456 9457
f 9432 9458 9433
f 9432 9457 9458
f 9433 9459 9434
f 9433 9458 9459
f 9434 9460 9435
f 9434 9459 9460
f 9435 9461 9436
f 9435 9460 9461
f 9436 9462 9437
f 9436 9461 9462
f 9437 9463 9438
f 9437 9462 9463
f 9438 9464 9439
f 9438 9463 9464
f 9439 9465 9440
f 9439 9464 9465
f 9440 9466 9441
f 9440 9465 9466
f 9441 9467 9442
f 9441 9466 9467
f 9442 9468 9443
f 9442 9467 9468
f 9443 9469 9444
f 9443 9468 9469
f 9444 9470 9445
f 9444 9469 9470
f 9445 9471 9446
f 9445 9470 9471
f 9446 9472 9447
f 9446 9471 9472
f 9447 9473 9448
f 9447 9472 9473
f 9448 9474 9449
f 9448 9473 9474
f 9449 9475 9450
f 9449 9474 9475
f 9450 9476 9451
f 9450 9475 9476
f 9476 8660 8656
f 9476 8656 9451
f 8661 9477 9452
f 8661 9452 8658
f 9453 9452 9478
f 9452 9479 9478
f 9452 9477 9479
f 9481 9480 9479
f 9479 9480 9478
f 9481 9482 9480
f 9485 9484 9483
f 9487 9486 9483
f 9483 9486 9485
f 9489 9488 9487
f 9487 9488 9486
f 9491 9490 9489
f 9489 9490 9488
f 9491 9492 9490
f 9493 8663 8664
f 8665 9494 8664
f 8664 9494 9493
f 9494 8665 8667
f 9497 9496 9495
f 9499 9498 9495
f 9495 9498 9497
f 9501 9500 9499
f 9499 9500 9498
f 9503 9502 9501
f 9501 9502 9500
f 9503 9504 9502
f 9507 9506 9505
f 9505 9508 9507
f 9511 9510 9509
f 9511 9509 9455
f 9509 9454 9455
f 9509 9512 9454
f 9454 9513 9456
f 9454 9512 9513
f 9456 9514 9457
f 9456 9513 9514
f 9457 9515 9458
f 9457 9514 9515
f 9458 9516 9459
f 9458 9515 9516
f 9459 9517 9460
f 9459 9516 9517
f 9460 9518 9461
f 9460 9517 9518
f 9461 9519 9462
f 9461 9518 9519
f 9462 9520 9463
f 9462 9519 9520
f 9463 9521 9464
f 9463 9520 9521
f 9464 9522 9465
f 9464 9521 9522
f 9465 9523 9466
f 9465 9522 9523
f 9466 9524 9467
f 9466 9523 9524
f 9467 9525 9468
f 9467 9524 9525
f 9525 8668 8669
f 9469 9525 8669
f 9468 9525 9469
f 9469 8669 8670
f 9469 8670 9470
f 9470 8670 8671
f 9470 8671 9471
f 9471 8671 8672
f 9471 8672 9472
f 9472 8672 8673
f 9472 8673 9473
f 9473 8673 8674
f 9526 9473 8674
f 9474 9473 9526
f 9474 9527 9475
f 9474 9526 9527
f 9475 9528 9476
f 9475 9527 9528
f 9528 8675 8660
f 9528 8660 9476
f 8676 9477 8661
f 9477 8676 8677
f 9529 9477 8677
f 9479 9477 9529
f 9479 9530 9481
f 9479 9529 9530
f 9482 9481 9531
f 9531 9481 9530
f 9534 9533 9532
f 9534 9532 9484
f 9532 9483 9484
f 9532 9535 9483
f 9483 9536 9487
f 9483 9535 9536
f 9487 9537 9489
f 9487 9536 9537
f 9489 9538 9491
f 9489 9537 9538
f 9492 9491 9539
f 9491 9540 9539
f 9491 9538 9540
f 9542 9541 9540
f 9540 9541 9539
f 9541 9493 9543
f 9493 9541 8663
f 9542 8663 9541
f 8663 9542 8678
f 9544 8678 9542
f 8680 8678 9544
f 9545 9543 9494
f 9493 9494 9543
f 9545 9495 9496
f 9545 8681 9495
f 9545 9494 8667
f 8681 9545 8667
f 9495 8681 8683
f 9546 9495 8683
f 9499 9495 9546
f 9546 8685 8686
f 9501 9546 8686
f 9499 9546 9501
f 9501 8686 8687
f 9547 9501 8687
f 9503 9501 9547
f 9504 9503 9548
f 9503 9549 9548
f 9503 9547 9549
f 9548 9549 9506
f 9506 9549 9505
f 9549 8689 9505
f 8689 8690 9505
f 9551 9550 8691
f 8691 9550 8690
f 9550 9508 8690
f 9508 9505 8690
f 9553 9552 9551
f 9551 9552 9550
f 9552 9553 9510
f 9553 9509 9510
f 9553 9554 9509
f 9509 9555 9512
f 9509 9554 9555
f 9512 9556 9513
f 9512 9555 9556
f 9513 9557 9514
f 9513 9556 9557
f 9514 9558 9515
f 9514 9557 9558
f 9558 8693 8694
f 9516 9558 8694
f 9515 9558 9516
f 9516 8694 8695
f 9516 8695 9517
f 9517 8695 8697
f 9517 8697 9518
f 9518 8697 8699
f 9518 8699 9519
f 9519 8699 8701
f 9519 8701 9520
f 9520 8701 8703
f 9520 8703 9521
f 9521 8703 8705
f 9521 8705 9522
f 9522 8705 8707
f 9522 8707 9523
f 9523 8707 8709
f 9523 8709 9524
f 9524 8709 8711
f 9524 8711 9525
f 9525 8711 8668
f 8713 9526 8674
f 9526 8713 8715
f 9526 8715 9527
f 9527 8715 8717
f 9527 8717 9528
f 9528 8717 8675
f 8720 9559 9529
f 8720 9529 8677
f 9529 9560 9530
f 9529 9559 9560
f 9531 9530 9561
f 9530 9562 9561
f 9530 9560 9562
f 9562 9563 9561
f 9532 9533 8724
f 9533 8723 8724
f 9533 9564 8723
f 9532 8724 8725
f 9532 8725 9535
f 9535 8725 8727
f 9535 8727 9536
f 9536 8727 8729
f 9536 8729 9537
f 9537 8729 8730
f 9537 8730 9538
f 9538 8730 8732
f 9538 8732 9540
f 9540 8732 8734
f 9540 8734 9542
f 9542 8734 8736
f 9542 8736 9544
f 9544 8736 8680
f 8739 9546 8683
f 9546 8739 8685
f 8740 9547 8687
f 9547 8740 8742
f 9547 8742 9549
f 9549 8742 8689
f 8743 9551 8691
f 9551 8743 8744
f 9551 8744 9553
f 9553 8744 8745
f 9553 8745 9554
f 9554 8745 8747
f 9554 8747 9555
f 9555 8747 8749
f 9555 8749 9556
f 9556 8749 8751
f 9556 8751 9557
f 9557 8751 8753
f 9557 8753 9558
f 9558 8753 8693
f 8758 9559 8720
f 9559 8758 8759
f 9565 9559 8759
f 9560 9559 9565
f 9568 9567 9566
f 9562 8762 8763
f 8762 9562 9565
f 9560 9565 9562
f 9570 8764 9569
f 8764 9570 9562
f 9563 9562 9570
f 8764 9562 8763
f 9566 9567 9571
f 9564 9570 9569
f 8765 9564 9569
f 8723 9564 8765
f 8766 9565 8759
f 9566 9572 9568
f 8762 9565 8766
f 8764 8768 9569
f 9566 9571 9572
f 9569 8768 8765
f 8777 9573 8776
f 9573 8779 8776
f 8783 9574 8782
f 9575 8784 8782
f 9575 8782 9574
f 9575 8785 8784
f 8788 9576 8789
f 9577 8791 8789
f 9577 8789 9576
f 9578 8792 8791
f 9578 8791 9577
f 9579 8793 8792
f 9579 8792 9578
f 9579 8795 8793
f 9582 9581 9580
f 8798 8797 9580
f 9581 8798 9580
f 9583 8798 9581
f 8798 9584 8799
f 9583 9584 8798
f 9586 9585 8801
f 8799 9586 8801
f 9584 9586 8799
f 9587 9585 9586
f 8804 9588 8803
f 9588 8807 8803
f 8809 9589 8810
f 9589 8812 8810
f 9592 9591 9590
f 9591 8815 9590
f 9591 8814 8815
f 9591 9594 9593
f 8814 9591 9593
f 9593 8817 8814
f 9596 9595 8818
f 9596 8818 8819
f 9598 9597 8821
f 8818 9598 8821
f 9595 9598 8818
f 9599 9597 9598
f 9601 9600 8822
f 9601 8822 8823
f 9600 9603 9602
f 8825 9600 9602
f 8822 9600 8825
f 9604 8826 8825
f 9604 8825 9602
f 9604 8828 8826
f 8830 9605 8829
f 8829 9605 9606
f 9607 8829 9606
f 8832 8829 9607
f 9607 9609 9608
f 8834 9607 9608
f 8832 9607 8834
f 9611 9608 9610
f 9611 8834 9608
f 9611 9612 8836
f 8834 9611 8836
f 8838 8837 9612
f 9611 8838 9612
f 9613 8838 9611
f 9615 9614 8840
f 8838 9615 8840
f 9613 9615 8838
f 9615 9616 9573
f 8841 9615 9573
f 8777 8841 9573
f 9614 9615 8841
f 9573 9616 8779
f 9616 8842 8779
f 9616 9617 8842
f 8842 9618 8844
f 9617 9618 8842
f 8844 9619 8845
f 9618 9619 8844
f 9621 9620 8846
f 8845 9621 8846
f 9619 9621 8845
f 9574 9622 8847
f 9622 9574 9621
f 8783 9621 9574
f 9621 8783 9620
f 8847 9620 8783
f 9620 8847 9622
f 9574 8847 8850
f 9574 8850 9575
f 9575 8850 8785
f 8853 9623 8854
f 9623 9624 8854
f 8854 9624 8788
f 9624 9625 8788
f 9625 9576 8788
f 9627 9626 9625
f 9626 9576 9625
f 9626 9577 9576
f 9626 8856 8857
f 9578 9626 8857
f 9577 9626 9578
f 9578 8857 8858
f 9578 8858 9579
f 9579 8858 8795
f 9582 9580 8860
f 8861 9582 8860
f 9628 9582 8861
f 8860 9580 8797
f 9585 8862 8801
f 9587 9629 9585
f 9629 8862 9585
f 9629 8863 8862
f 8804 8863 9588
f 8863 9630 9588
f 8863 9629 9630
f 9588 9630 8807
f 9630 8864 8807
f 9630 9631 8864
f 8864 9632 8865
f 9631 9632 8864
f 8809 8865 9589
f 8865 9633 9589
f 8865 9632 9633
f 9589 9633 8812
f 9633 8867 8812
f 9633 9634 8867
f 9590 8868 9592
f 8868 9634 9592
f 8868 8867 9634
f 9594 9635 9593
f 8868 9590 8815
f 9593 9635 8817
f 9635 8869 8817
f 9635 9636 8869
f 9637 8871 8872
f 9596 8819 9636
f 8869 9636 8819
f 8821 9597 8874
f 9637 8872 8873
f 9599 9638 9597
f 9638 8874 9597
f 9638 8875 8874
f 8875 9639 8876
f 9638 9639 8875
f 8823 8876 9601
f 9601 8876 9639
f 9603 9640 9602
f 9602 9640 9604
f 9604 9640 9641
f 9604 9641 8828
f 9641 8877 8828
f 9641 9642 8877
f 8830 8877 9605
f 8877 9643 9605
f 8877 9642 9643
f 9605 9643 9606
f 9609 9644 9608
f 9612 8878 8836
f 9644 9610 9608
f 8878 9612 8837
f 9614 8879 8840
f 8879 9614 8841
f 9620 8880 8846
f 8882 8880 9620
f 9622 8882 9620
f 9645 8882 9622
f 8886 9646 9623
f 8886 9623 8853
f 9624 9623 9647
f 9647 9623 9646
f 9627 9648 9626
f 8856 9626 9648
f 9649 8856 9648
f 8888 8856 9649
f 8891 9650 8890
f 9650 9651 8890
f 9651 8861 8890
f 9651 9628 8861
f 9637 8892 8871
f 8892 9637 8873
f 9645 8894 8882
f 9652 8894 9645
f 8898 9646 8886
f 9653 9647 9646
f 8898 9653 9646
f 8900 9653 8898
f 9654 8900 8902
f 9654 9653 8900
f 8904 8905 9655
f 9656 9655 8905
f 9649 8902 8888
f 8902 9649 9654
f 8904 9657 8906
f 9655 9657 8904
f 8906 9658 8907
f 9657 9658 8906
f 8908 8907 9658
f 8908 9658 9659
f 9661 9660 9650
f 8891 9661 9650
f 8909 9661 8891
f 9650 9660 9651
f 9663 9662 8912
f 8912 9662 8911
f 9664 8912 8913
f 9664 9663 8912
f 8913 8894 9652
f 8913 9652 9664
f 8920 9665 8921
f 9666 8922 8921
f 9666 8921 9665
f 9666 9667 8922
f 9667 8905 8922
f 9667 9656 8905
f 9670 9669 9668
f 9659 9670 9668
f 8924 9659 9668
f 8908 9659 8924
f 8926 9661 8909
f 8926 9671 9661
f 9674 9673 9672
f 9672 9675 9674
f 9678 9677 9676
f 9676 9679 9678
f 9682 9681 9680
f 9662 9682 9680
f 8928 9662 9680
f 8911 9662 8928
f 8935 9683 9665
f 8935 9665 8920
f 9665 9684 9666
f 9665 9683 9684
f 9667 9666 9685
f 9685 9666 9684
f 9688 9687 9686
f 9689 9668 9669
f 9686 9690 9688
f 8924 9668 9689
f 9691 8924 9689
f 8937 8924 9691
f 8939 9671 8926
f 8939 9692 9671
f 9695 9694 9693
f 9693 9696 9695
f 9672 9673 9697
f 9697 9673 9698
f 9675 9672 9699
f 9672 9700 9699
f 9672 9697 9700
f 9702 9701 9700
f 9701 9676 9700
f 9677 9699 9700
f 9677 9700 9676
f 9676 9701 9679
f 9704 9703 8942
f 8942 9703 8941
f 8942 8943 9704
f 9704 8943 9705
f 9708 9707 9706
f 9706 9709 9708
f 9712 9711 9710
f 9714 9713 9710
f 9710 9713 9712
f 9714 9715 9713
f 9680 9681 8946
f 9681 8945 8946
f 9681 9716 8945
f 9680 8946 8928
f 8954 9717 9683
f 8954 9683 8935
f 9683 9718 9684
f 9683 9717 9718
f 9685 9684 9719
f 9684 9720 9719
f 9684 9718 9720
f 9719 9720 9687
f 9720 9686 9687
f 9720 9721 9686
f 9690 9686 9722
f 9686 9723 9722
f 9686 9721 9723
f 9691 9722 9723
f 8956 9691 9723
f 8937 9691 8956
f 8958 9692 8939
f 8958 9724 9692
f 9693 9694 9725
f 9725 9694 9726
f 9696 9693 9727
f 9727 9693 9725
f 9697 9698 9728
f 9728 9698 9729
f 9731 9700 9730
f 9700 9728 9730
f 9700 9697 9728
f 9731 9732 9700
f 9732 9733 9700
f 9734 9702 9700
f 9734 9700 9733
f 9736 9735 9733
f 9733 9735 9734
f 9736 9737 9735
f 9740 9739 9738
f 9738 9741 9740
f 9744 9743 9742
f 9703 9744 9742
f 8960 9703 9742
f 8941 9703 8960
f 8961 9705 8943
f 8961 9745 9705
f 9706 9707 9746
f 9746 9707 9747
f 9709 9706 9748
f 9706 9749 9748
f 9706 9746 9749
f 9751 9750 9749
f 9750 9710 9749
f 9711 9748 9749
f 9711 9749 9710
f 9753 9752 9750
f 9752 9710 9750
f 9752 9714 9710
f 9715 9714 9754
f 9714 9755 9754
f 9714 9752 9755
f 9716 9754 9755
f 8963 9716 9755
f 8945 9716 8963
f 8971 9756 9717
f 8971 9717 8954
f 9717 9757 9718
f 9717 9756 9757
f 9718 9758 9720
f 9718 9757 9758
f 9720 9759 9721
f 9720 9758 9759
f 9721 9760 9723
f 9721 9759 9760
f 9760 8973 8956
f 9760 8956 9723
f 8975 9724 8958
f 8975 9761 9724
f 9764 9763 9762
f 9762 9765 9764
f 9768 9767 9766
f 9770 9769 9766
f 9766 9769 9768
f 9772 9771 9770
f 9770 9771 9769
f 9771 9772 9726
f 9772 9725 9726
f 9772 9773 9725
f 9727 9725 9774
f 9725 9775 9774
f 9725 9773 9775
f 9774 9775 9729
f 9775 9728 9729
f 9775 9776 9728
f 9730 9728 9777
f 9728 9778 9777
f 9728 9776 9778
f 9777 9778 9732
f 9732 9778 9733
f 9778 8977 9733
f 8977 8978 9733
f 9733 8978 8979
f 9733 8979 9736
f 9779 9737 9736
f 8979 9779 9736
f 8981 9779 8979
f 8983 9738 9739
f 9779 8983 9739
f 8981 8983 9779
f 9780 9741 9738
f 8983 9780 9738
f 8985 9780 8983
f 8987 9742 9743
f 9780 8987 9743
f 8985 8987 9780
f 9742 8987 8960
f 8990 9782 9781
f 9745 8990 9781
f 8961 8990 9745
f 9784 9783 9782
f 9782 9783 9781
f 9784 9785 9783
f 9788 9787 9786
f 9788 9786 9747
f 9786 9746 9747
f 9786 9789 9746
f 9789 8992 8993
f 9749 9789 8993
f 9746 9789 9749
f 9790 9751 9749
f 8993 9790 9749
f 8994 9790 8993
f 8996 9752 9753
f 9790 8996 9753
f 8994 8996 9790
f 9752 8996 8998
f 9752 8998 9755
f 9755 8998 8963
f 9008 9756 8971
f 9756 9008 9010
f 9756 9010 9757
f 9757 9010 9012
f 9791 9757 9012
f 9758 9757 9791
f 9758 9792 9759
f 9758 9791 9792
f 9759 9793 9760
f 9759 9792 9793
f 9793 9014 8973
f 9793 8973 9760
f 9015 9761 8975
f 9015 9794 9761
f 9762 9763 9795
f 9795 9763 9796
f 9765 9762 9797
f 9797 9762 9795
f 9800 9799 9798
f 9800 9798 9767
f 9798 9766 9767
f 9798 9801 9766
f 9766 9802 9770
f 9766 9801 9802
f 9770 9803 9772
f 9770 9802 9803
f 9772 9804 9773
f 9772 9803 9804
f 9773 9805 9775
f 9773 9804 9805
f 9775 9806 9776
f 9775 9805 9806
f 9806 9017 9018
f 9778 9806 9018
f 9776 9806 9778
f 9778 9018 8977
f 9026 9782 8990
f 9782 9026 9028
f 9782 9028 9784
f 9807 9785 9784
f 9028 9807 9784
f 9030 9807 9028
f 9032 9786 9787
f 9807 9032 9787
f 9030 9032 9807
f 9786 9032 9034
f 9786 9034 9789
f 9789 9034 8992
f 9050 9791 9012
f 9791 9050 9052
f 9791 9052 9792
f 9792 9052 9054
f 9792 9054 9793
f 9793 9054 9014
f 9057 9794 9015
f 9057 9808 9794
f 9795 9796 9809
f 9809 9796 9810
f 9797 9795 9811
f 9811 9795 9809
f 9799 9812 9798
f 9798 9812 9801
f 9801 9812 9813
f 9801 9813 9802
f 9802 9813 9814
f 9802 9814 9803
f 9803 9814 9815
f 9817 9816 9815
f 9816 9803 9815
f 9816 9804 9803
f 9804 9818 9805
f 9804 9816 9818
f 9805 9819 9806
f 9805 9818 9819
f 9819 9059 9017
f 9819 9017 9806
f 9090 9808 9057
f 9090 9820 9808
f 9809 9810 9821
f 9821 9810 9822
f 9811 9809 9823
f 9809 9824 9823
f 9809 9821 9824
f 9824 9825 9823
f 9828 9827 9826
f 9830 9829 9826
f 9826 9829 9828
f 9832 9831 9830
f 9830 9831 9829
f 9831 9832 9817
f 9832 9816 9817
f 9832 9833 9816
f 9816 9834 9818
f 9816 9833 9834
f 9818 9835 9819
f 9818 9834 9835
f 9835 9092 9059
f 9835 9059 9819
f 9123 9820 9090
f 9123 9836 9820
f 9821 9822 9837
f 9837 9822 9838
f 9821 9839 9824
f 9821 9837 9839
f 9825 9824 9840
f 9840 9824 9839
f 9826 9827 9841
f 9841 9827 9842
f 9826 9843 9830
f 9826 9841 9843
f 9830 9844 9832
f 9830 9843 9844
f 9832 9845 9833
f 9832 9844 9845
f 9833 9846 9834
f 9833 9845 9846
f 9846 9125 9126
f 9835 9846 9126
f 9834 9846 9835
f 9092 9835 9126
f 9127 9128 9847
f 9847 9130 9127
f 9157 9836 9123
f 9157 9848 9836
f 9851 9850 9849
f 9851 9849 9838
f 9849 9837 9838
f 9849 9852 9837
f 9837 9853 9839
f 9837 9852 9853
f 9840 9839 9854
f 9839 9855 9854
f 9839 9853 9855
f 9854 9855 9842
f 9855 9841 9842
f 9855 9856 9841
f 9841 9857 9843
f 9841 9856 9857
f 9843 9858 9844
f 9843 9857 9858
f 9858 9159 9160
f 9845 9858 9160
f 9844 9858 9845
f 9845 9160 9161
f 9845 9161 9846
f 9125 9846 9161
f 9163 9164 9859
f 9859 9128 9163
f 9859 9847 9128
f 9859 9167 9165
f 9847 9859 9165
f 9847 9165 9130
f 9188 9848 9157
f 9188 9860 9848
f 9849 9850 9861
f 9861 9850 9862
f 9849 9863 9852
f 9849 9861 9863
f 9852 9864 9853
f 9852 9863 9864
f 9853 9865 9855
f 9853 9864 9865
f 9855 9866 9856
f 9855 9865 9866
f 9856 9867 9857
f 9856 9866 9867
f 9857 9868 9858
f 9857 9867 9868
f 9868 9190 9159
f 9868 9159 9858
f 9192 9859 9164
f 9859 9192 9167
f 9869 9860 9188
f 9869 9188 9213
f 9213 9215 9869
f 9869 9215 9870
f 9861 9862 9871
f 9871 9862 9872
f 9861 9873 9863
f 9861 9871 9873
f 9863 9874 9864
f 9863 9873 9874
f 9864 9875 9865
f 9864 9874 9875
f 9865 9876 9866
f 9865 9875 9876
f 9866 9877 9867
f 9866 9876 9877
f 9867 9878 9868
f 9867 9877 9878
f 9879 9216 9190
f 9868 9879 9190
f 9878 9879 9868
f 9879 9218 9216
f 9233 9870 9215
f 9233 9880 9870
f 9871 9872 9881
f 9881 9872 9882
f 9871 9883 9873
f 9871 9881 9883
f 9873 9884 9874
f 9873 9883 9884
f 9874 9885 9875
f 9874 9884 9885
f 9875 9886 9876
f 9875 9885 9886
f 9876 9887 9877
f 9876 9886 9887
f 9887 9235 9236
f 9878 9887 9236
f 9877 9887 9878
f 9878 9236 9237
f 9878 9237 9879
f 9218 9879 9237
f 9239 9240 9888
f 9888 9242 9239
f 9243 9889 9244
f 9889 9246 9244
f 9255 9891 9890
f 9880 9255 9890
f 9233 9255 9880
f 9891 9892 9890
f 9881 9882 9893
f 9893 9882 9894
f 9881 9895 9883
f 9881 9893 9895
f 9883 9896 9884
f 9883 9895 9896
f 9884 9897 9885
f 9884 9896 9897
f 9885 9898 9886
f 9885 9897 9898
f 9886 9899 9887
f 9886 9898 9899
f 9900 9256 9235
f 9887 9900 9235
f 9899 9900 9887
f 9901 9257 9256
f 9901 9256 9900
f 9888 9240 9257
f 9901 9888 9257
f 9902 9888 9901
f 9902 9259 9242
f 9902 9242 9888
f 9260 9903 9889
f 9260 9889 9243
f 9903 9262 9246
f 9903 9246 9889
f 9905 9904 9891
f 9255 9905 9891
f 9270 9905 9255
f 9891 9904 9892
f 9893 9894 9906
f 9906 9894 9907
f 9893 9908 9895
f 9893 9906 9908
f 9895 9909 9896
f 9895 9908 9909
f 9896 9910 9897
f 9896 9909 9910
f 9897 9911 9898
f 9897 9910 9911
f 9911 9272 9273
f 9899 9911 9273
f 9898 9911 9899
f 9899 9273 9274
f 9912 9899 9274
f 9900 9899 9912
f 9912 9276 9277
f 9901 9912 9277
f 9900 9912 9901
f 9901 9277 9278
f 9901 9278 9902
f 9902 9278 9259
f 9281 9903 9260
f 9903 9281 9262
f 9286 9905 9270
f 9286 9913 9905
f 9907 9914 9906
f 9916 9915 9914
f 9915 9906 9914
f 9915 9908 9906
f 9915 9288 9289
f 9909 9915 9289
f 9908 9915 9909
f 9909 9289 9290
f 9917 9909 9290
f 9910 9909 9917
f 9917 9292 9293
f 9911 9917 9293
f 9910 9917 9911
f 9911 9293 9272
f 9295 9912 9274
f 9912 9295 9276
f 9305 9913 9286
f 9305 9918 9913
f 9921 9920 9919
f 9921 9919 9916
f 9919 9915 9916
f 9919 9922 9915
f 9922 9307 9288
f 9922 9288 9915
f 9308 9917 9290
f 9917 9308 9292
f 9319 9923 9318
f 9923 9924 9318
f 9924 9305 9318
f 9924 9918 9305
f 9927 9926 9925
f 9927 9925 9920
f 9920 9925 9919
f 9925 9321 9919
f 9321 9322 9919
f 9919 9322 9323
f 9919 9323 9922
f 9922 9323 9307
f 9332 9928 9923
f 9332 9923 9319
f 9924 9923 9929
f 9929 9923 9928
f 9925 9926 9930
f 9930 9926 9931
f 9930 9334 9321
f 9930 9321 9925
f 9934 9933 9932
f 9933 9935 9932
f 9332 9341 9928
f 9936 9928 9341
f 9929 9928 9937
f 9928 9938 9937
f 9928 9936 9938
f 9937 9938 9931
f 9938 9930 9931
f 9938 9939 9930
f 9940 9342 9334
f 9930 9940 9334
f 9939 9940 9930
f 9941 9343 9342
f 9941 9342 9940
f 9941 9345 9343
f 9934 9932 9942
f 9934 9942 9943
f 9944 9932 9935
f 9944 9935 9945
f 9944 9945 9946
f 9944 9946 9936
f 9944 9936 9341
f 9944 9341 9350
f 9944 9350 9942
f 9944 9942 9932
f 9936 9947 9938
f 9936 9946 9947
f 9938 9948 9939
f 9938 9947 9948
f 9948 9352 9353
f 9940 9948 9353
f 9939 9948 9940
f 9940 9353 9354
f 9940 9354 9941
f 9941 9354 9345
f 9943 9942 9360
f 9361 9943 9360
f 9949 9943 9361
f 9942 9350 9360
f 9951 9945 9950
f 9945 9951 9946
f 9946 9952 9947
f 9946 9951 9952
f 9947 9953 9948
f 9947 9952 9953
f 9953 9364 9352
f 9953 9352 9948
f 9361 9368 9954
f 9955 9361 9954
f 9949 9361 9955
f 9950 9956 9951
f 9956 9368 9951
f 9368 9369 9951
f 9368 9956 9954
f 9951 9369 9370
f 9957 9951 9370
f 9952 9951 9957
f 9957 9372 9373
f 9953 9957 9373
f 9952 9957 9953
f 9953 9373 9364
f 9958 9955 9954
f 9378 9379 9959
f 9954 9956 9958
f 9959 9960 9378
f 9378 9960 9370
f 9960 9961 9370
f 9961 9957 9370
f 9961 9963 9962
f 9961 9962 9380
f 9957 9961 9380
f 9372 9957 9380
f 9964 9381 9380
f 9964 9380 9962
f 9965 9382 9381
f 9965 9381 9964
f 9382 9965 9966
f 9967 9382 9966
f 9383 9382 9967
f 9383 9968 9384
f 9967 9968 9383
f 9384 9969 9385
f 9968 9969 9384
f 9385 9970 9386
f 9969 9970 9385
f 9970 9972 9971
f 9387 9970 9971
f 9386 9970 9387
f 9971 9389 9387
f 9390 9973 9391
f 9974 9392 9391
f 9974 9391 9973
f 9974 9394 9392
f 9419 9975 9418
f 9975 9976 9418
f 9418 9976 9379
f 9976 9977 9379
f 9977 9959 9379
f 9959 9977 9960
f 9963 9978 9962
f 9962 9978 9964
f 9964 9978 9979
f 9981 9980 9979
f 9980 9964 9979
f 9980 9965 9964
f 9966 9965 9982
f 9982 9965 9980
f 9972 9983 9971
f 9983 9985 9984
f 9983 9984 9420
f 9971 9983 9420
f 9389 9971 9420
f 9984 9986 9420
f 9420 9986 9390
f 9986 9987 9390
f 9987 9973 9390
f 9989 9988 9987
f 9988 9973 9987
f 9988 9974 9973
f 9974 9988 9394
f 9988 9990 9394
f 9990 9421 9394
f 9988 9991 9990
f 9990 9993 9992
f 9422 9990 9992
f 9421 9990 9422
f 9422 9992 9994
f 9995 9422 9994
f 9423 9422 9995
f 9995 9997 9996
f 9424 9995 9996
f 9423 9995 9424
f 9998 9425 9424
f 9998 9424 9996
f 9999 9426 9425
f 9999 9425 9998
f 10000 9427 9426
f 10000 9426 9999
f 10001 9428 9427
f 10001 9427 10000
f 10001 9430 9428
f 10003 10002 9975
f 9419 10003 9975
f 9453 10003 9419
f 9975 10002 9976
f 10006 10005 10004
f 10006 10004 9981
f 10004 9980 9981
f 10004 10007 9980
f 9982 9980 10008
f 10008 9980 10007
f 10011 10010 10009
f 10013 10012 10009
f 10009 10012 10011
f 10015 10014 10013
f 10013 10014 10012
f 10017 10016 10015
f 10015 10016 10014
f 10016 10017 9985
f 10017 9984 9985
f 10017 10018 9984
f 9986 9984 10019
f 9984 10020 10019
f 9984 10018 10020
f 10019 10020 9989
f 10020 9988 9989
f 10020 10021 9988
f 9991 9988 10022
f 9988 10023 10022
f 9988 10021 10023
f 10022 10023 9993
f 10023 9992 9993
f 10023 10024 9992
f 9994 9992 10025
f 9992 10026 10025
f 9992 10024 10026
f 10025 10026 9997
f 10026 9996 9997
f 10026 10027 9996
f 9996 10028 9998
f 9996 10027 10028
f 9998 10029 9999
f 9998 10028 10029
f 9999 10030 10000
f 9999 10029 10030
f 10000 10031 10001
f 10000 10030 10031
f 10031 9455 9430
f 10031 9430 10001
f 10032 10003 9453
f 10032 9453 9478
f 10033 9478 9480
f 10033 10032 9478
f 9480 9482 10033
f 10033 9482 10034
f 10004 10005 10035
f 10035 10005 10036
f 10035 9484 9485
f 10007 10035 9485
f 10004 10035 10007
f 10037 10008 10007
f 9485 10037 10007
f 9486 10037 9485
f 9488 10009 10010
f 10037 9488 10010
f 9486 9488 10037
f 10009 9488 9490
f 10009 9490 10013
f 10013 9490 9492
f 10038 10013 9492
f 10015 10013 10038
f 10015 10039 10017
f 10015 10038 10039
f 10017 10040 10018
f 10017 10039 10040
f 10018 10041 10020
f 10018 10040 10041
f 10041 9496 9497
f 10021 10041 9497
f 10020 10041 10021
f 10021 9497 9498
f 10021 9498 10023
f 10023 9498 9500
f 10023 9500 10024
f 10024 9500 9502
f 10024 9502 10026
f 10026 9502 9504
f 10042 10026 9504
f 10027 10026 10042
f 10042 9506 9507
f 10028 10042 9507
f 10027 10042 10028
f 10028 9507 9508
f 10043 10028 9508
f 10029 10028 10043
f 10029 10044 10030
f 10029 10043 10044
f 10044 9510 9511
f 10031 10044 9511
f 10030 10044 10031
f 10031 9511 9455
f 9531 10034 9482
f 9531 10045 10034
f 10048 10047 10046
f 10048 10046 10036
f 10036 10046 10035
f 10046 9533 10035
f 9533 9534 10035
f 10035 9534 9484
f 9539 10038 9492
f 10038 9539 9541
f 10038 9541 10039
f 10039 9541 9543
f 10039 9543 10040
f 10040 9543 9545
f 10040 9545 10041
f 10041 9545 9496
f 9548 10042 9504
f 10042 9548 9506
f 9550 10043 9508
f 10043 9550 9552
f 10043 9552 10044
f 10044 9552 9510
f 10049 10045 9531
f 10049 9531 9561
f 10050 10046 9563
f 10046 10049 9563
f 10049 9561 9563
f 10046 10047 10049
f 10050 9564 9533
f 10050 9533 10046
f 9568 10051 9567
f 9570 10050 9563
f 9571 9567 10051
f 10050 9570 9564
f 9572 10051 9568
f 10051 9572 9571
f 10053 10052 9581
f 10053 9581 9582
f 10052 10055 10054
f 9583 10052 10054
f 9581 10052 9583
f 10056 9584 9583
f 10056 9583 10054
f 10057 9586 9584
f 10057 9584 10056
f 10057 9587 9586
f 9592 10058 9591
f 10058 9594 9591
f 9596 10059 9595
f 10060 9598 9595
f 10060 9595 10059
f 10060 9599 9598
f 9601 10061 9600
f 10061 9603 9600
f 9606 10062 9607
f 10062 9609 9607
f 9610 10063 9611
f 10064 9613 9611
f 10064 9611 10063
f 10065 9615 9613
f 10065 9613 10064
f 10066 9616 9615
f 10066 9615 10065
f 10067 9617 9616
f 10067 9616 10066
f 10068 9618 9617
f 10068 9617 10067
f 10069 9619 9618
f 10069 9618 10068
f 10070 9621 9619
f 10070 9619 10069
f 10070 9622 9621
f 9624 10071 9625
f 10071 9627 9625
f 9628 10053 9582
f 9628 10072 10053
f 10055 10073 10054
f 10075 10074 10073
f 10074 10054 10073
f 10074 10056 10054
f 10077 10057 10076
f 10057 10074 10076
f 10057 10056 10074
f 10077 10079 10078
f 10077 10078 9629
f 10057 10077 9629
f 9587 10057 9629
f 9629 10078 10080
f 10081 9629 10080
f 9630 9629 10081
f 10081 10083 10082
f 9631 10081 10082
f 9630 10081 9631
f 10084 9632 9631
f 10084 9631 10082
f 10085 9633 9632
f 10085 9632 10084
f 10086 9634 9633
f 10086 9633 10085
f 10058 9592 9634
f 10086 10058 9634
f 10087 10058 10086
f 10088 9635 9594
f 10058 10088 9594
f 10087 10088 10058
f 10089 9636 9635
f 10089 9635 10088
f 10059 9596 9636
f 10089 10059 9636
f 10090 10059 10089
f 10059 10091 10060
f 10059 10090 10091
f 10092 9638 9599
f 10060 10092 9599
f 10091 10092 10060
f 10093 9639 9638
f 10093 9638 10092
f 10061 9601 9639
f 10093 10061 9639
f 10094 10061 10093
f 10095 9640 9603
f 10061 10095 9603
f 10094 10095 10061
f 10096 9641 9640
f 10096 9640 10095
f 10097 9642 9641
f 10097 9641 10096
f 10098 9643 9642
f 10098 9642 10097
f 10062 9606 9643
f 10098 10062 9643
f 10099 10062 10098
f 10100 9644 9609
f 10062 10100 9609
f 10099 10100 10062
f 10063 9610 9644
f 10100 10063 9644
f 10101 10063 10100
f 10063 10102 10064
f 10063 10101 10102
f 10064 10103 10065
f 10064 10102 10103
f 10065 10104 10066
f 10065 10103 10104
f 10066 10105 10067
f 10066 10104 10105
f 10067 10106 10068
f 10067 10105 10106
f 10068 10107 10069
f 10068 10106 10107
f 10069 10108 10070
f 10069 10107 10108
f 10108 9645 9622
f 10108 9622 10070
f 9647 10109 10071
f 9647 10071 9624
f 10110 9648 9627
f 10071 10110 9627
f 10109 10110 10071
f 10110 9649 9648
f 9651 10072 9628
f 9651 10111 10072
f 10075 10112 10074
f 10074 10112 10076
f 10078 10079 10113
f 10113 10079 10114
f 10080 10078 10115
f 10115 10078 10113
f 10082 10083 10116
f 10116 10083 10117
f 10082 10118 10084
f 10082 10116 10118
f 10084 10119 10085
f 10084 10118 10119
f 10085 10120 10086
f 10085 10119 10120
f 10086 10121 10087
f 10086 10120 10121
f 10087 10122 10088
f 10087 10121 10122
f 10088 10123 10089
f 10088 10122 10123
f 10089 10124 10090
f 10089 10123 10124
f 10090 10125 10091
f 10090 10124 10125
f 10091 10126 10092
f 10091 10125 10126
f 10092 10127 10093
f 10092 10126 10127
f 10093 10128 10094
f 10093 10127 10128
f 10094 10129 10095
f 10094 10128 10129
f 10095 10130 10096
f 10095 10129 10130
f 10096 10131 10097
f 10096 10130 10131
f 10097 10132 10098
f 10097 10131 10132
f 10098 10133 10099
f 10098 10132 10133
f 10099 10134 10100
f 10099 10133 10134
f 10100 10135 10101
f 10100 10134 10135
f 10101 10136 10102
f 10101 10135 10136
f 10102 10137 10103
f 10102 10136 10137
f 10103 10138 10104
f 10103 10137 10138
f 10104 10139 10105
f 10104 10138 10139
f 10105 10140 10106
f 10105 10139 10140
f 10106 10141 10107
f 10106 10140 10141
f 10107 10142 10108
f 10107 10141 10142
f 10142 9652 9645
f 10142 9645 10108
f 9653 10109 9647
f 10109 9653 9654
f 10109 9654 10110
f 9649 10110 9654
f 9655 9656 10143
f 10144 9657 9655
f 10144 9655 10143
f 10145 9658 9657
f 10145 9657 10144
f 10145 9659 9658
f 9661 10146 9660
f 10146 10147 9660
f 10147 9651 9660
f 10147 10111 9651
f 10150 10149 10148
f 10150 10148 10114
f 10148 10113 10114
f 10148 10151 10113
f 10115 10113 10152
f 10113 10153 10152
f 10113 10151 10153
f 10152 10153 10117
f 10153 10116 10117
f 10153 10154 10116
f 10116 10155 10118
f 10116 10154 10155
f 10118 10156 10119
f 10118 10155 10156
f 10119 10157 10120
f 10119 10156 10157
f 10120 10158 10121
f 10120 10157 10158
f 10121 10159 10122
f 10121 10158 10159
f 10122 10160 10123
f 10122 10159 10160
f 10123 10161 10124
f 10123 10160 10161
f 10124 10162 10125
f 10124 10161 10162
f 10125 10163 10126
f 10125 10162 10163
f 10126 10164 10127
f 10126 10163 10164
f 10127 10165 10128
f 10127 10164 10165
f 10128 10166 10129
f 10128 10165 10166
f 10129 10167 10130
f 10129 10166 10167
f 10130 10168 10131
f 10130 10167 10168
f 10131 10169 10132
f 10131 10168 10169
f 10132 10170 10133
f 10132 10169 10170
f 10133 10171 10134
f 10133 10170 10171
f 10134 10172 10135
f 10134 10171 10172
f 10135 10173 10136
f 10135 10172 10173
f 10136 10174 10137
f 10136 10173 10174
f 10137 10175 10138
f 10137 10174 10175
f 10138 10176 10139
f 10138 10175 10176
f 10139 10177 10140
f 10139 10176 10177
f 10177 9662 9663
f 10141 10177 9663
f 10140 10177 10141
f 10141 9663 9664
f 10141 9664 10142
f 10142 9664 9652
f 9667 10178 10143
f 9667 10143 9656
f 10143 10179 10144
f 10143 10178 10179
f 10179 9669 9670
f 10145 10179 9670
f 10144 10179 10145
f 10145 9670 9659
f 9671 10180 10146
f 9671 10146 9661
f 10147 10146 10181
f 10181 10146 10180
f 10184 10183 10182
f 10184 10182 10149
f 10182 10148 10149
f 10182 10185 10148
f 10148 10186 10151
f 10148 10185 10186
f 10151 10187 10153
f 10151 10186 10187
f 10153 10188 10154
f 10153 10187 10188
f 10154 10189 10155
f 10154 10188 10189
f 10155 10190 10156
f 10155 10189 10190
f 10156 10191 10157
f 10156 10190 10191
f 10157 10192 10158
f 10157 10191 10192
f 10192 9673 9674
f 10159 10192 9674
f 10158 10192 10159
f 10159 9674 9675
f 10193 10159 9675
f 10160 10159 10193
f 10193 9677 9678
f 10161 10193 9678
f 10160 10193 10161
f 10161 9678 9679
f 10194 10161 9679
f 10162 10161 10194
f 10162 10195 10163
f 10162 10194 10195
f 10163 10196 10164
f 10163 10195 10196
f 10164 10197 10165
f 10164 10196 10197
f 10165 10198 10166
f 10165 10197 10198
f 10166 10199 10167
f 10166 10198 10199
f 10167 10200 10168
f 10167 10199 10200
f 10168 10201 10169
f 10168 10200 10201
f 10169 10202 10170
f 10169 10201 10202
f 10170 10203 10171
f 10170 10202 10203
f 10171 10204 10172
f 10171 10203 10204
f 10172 10205 10173
f 10172 10204 10205
f 10173 10206 10174
f 10173 10205 10206
f 10174 10207 10175
f 10174 10206 10207
f 10175 10208 10176
f 10175 10207 10208
f 10208 9681 9682
f 10177 10208 9682
f 10176 10208 10177
f 10177 9682 9662
f 9685 10209 10178
f 9685 10178 9667
f 10209 9687 9688
f 10179 10209 9688
f 10178 10209 10179
f 10210 9688 9690
f 10210 10179 9688
f 10210 9689 9669
f 10179 10210 9669
f 10210 9691 9689
f 9692 10211 10180
f 9692 10180 9671
f 10181 10180 10212
f 10212 10180 10211
f 10183 10213 10182
f 10182 10213 10185
f 10185 10213 10214
f 10216 10215 10214
f 10215 10185 10214
f 10215 10186 10185
f 10186 10217 10187
f 10186 10215 10217
f 10187 10218 10188
f 10187 10217 10218
f 10188 10219 10189
f 10188 10218 10219
f 10189 10220 10190
f 10189 10219 10220
f 10220 9694 9695
f 10191 10220 9695
f 10190 10220 10191
f 10191 9695 9696
f 10221 10191 9696
f 10192 10191 10221
f 10221 9698 9673
f 10221 9673 10192
f 9699 10193 9675
f 9677 10193 9699
f 9701 9702 10222
f 10194 9679 9701
f 10222 10194 9701
f 10223 10194 10222
f 10194 10224 10195
f 10194 10223 10224
f 10195 10225 10196
f 10195 10224 10225
f 10196 10226 10197
f 10196 10225 10226
f 10197 10227 10198
f 10197 10226 10227
f 10227 9703 9704
f 10199 10227 9704
f 10198 10227 10199
f 10199 9704 9705
f 10228 10199 9705
f 10200 10199 10228
f 10200 10229 10201
f 10200 10228 10229
f 10201 10230 10202
f 10201 10229 10230
f 10202 10231 10203
f 10202 10230 10231
f 10231 9707 9708
f 10204 10231 9708
f 10203 10231 10204
f 10204 9708 9709
f 10232 10204 9709
f 10205 10204 10232
f 10232 9711 9712
f 10206 10232 9712
f 10205 10232 10206
f 10206 9712 9713
f 10206 9713 10207
f 10207 9713 9715
f 10233 10207 9715
f 10208 10207 10233
f 10233 9716 9681
f 10233 9681 10208
f 9719 10209 9685
f 10209 9719 9687
f 9722 10210 9690
f 10210 9722 9691
f 9724 10234 10211
f 9724 10211 9692
f 10212 10211 10235
f 10235 10211 10234
f 10238 10237 10236
f 10236 10239 10238
f 10215 10216 10240
f 10240 10216 10241
f 10215 10242 10217
f 10215 10240 10242
f 10217 10243 10218
f 10217 10242 10243
f 10218 10244 10219
f 10218 10243 10244
f 10219 10245 10220
f 10219 10244 10245
f 10245 9726 9694
f 10245 9694 10220
f 9727 10246 10221
f 9727 10221 9696
f 10246 9729 9698
f 10246 9698 10221
f 9730 10247 9731
f 9734 10222 9702
f 9732 9731 10247
f 10222 9734 9735
f 10222 9735 10223
f 10223 9735 9737
f 10248 10223 9737
f 10224 10223 10248
f 10248 9739 9740
f 10225 10248 9740
f 10224 10248 10225
f 10225 9740 9741
f 10249 10225 9741
f 10226 10225 10249
f 10249 9743 9744
f 10227 10249 9744
f 10226 10249 10227
f 10227 9744 9703
f 9745 10250 10228
f 9745 10228 9705
f 10228 10251 10229
f 10228 10250 10251
f 10229 10252 10230
f 10229 10251 10252
f 10230 10253 10231
f 10230 10252 10253
f 10253 9747 9707
f 10253 9707 10231
f 9748 10232 9709
f 9711 10232 9748
f 9750 9751 10254
f 10254 9753 9750
f 9754 10233 9715
f 10233 9754 9716
f 9761 10255 10234
f 9761 10234 9724
f 10235 10234 10256
f 10256 10234 10255
f 10259 10258 10257
f 10259 10257 10237
f 10257 10236 10237
f 10257 10260 10236
f 9764 10261 9763
f 10261 10236 9763
f 10236 10260 9763
f 10236 10261 10239
f 10262 10240 9765
f 10240 10261 9765
f 10261 9764 9765
f 10240 10241 10261
f 10240 10263 10242
f 10240 10262 10263
f 10263 9767 9768
f 10243 10263 9768
f 10242 10263 10243
f 10243 9768 9769
f 10243 9769 10244
f 10244 9769 9771
f 10244 9771 10245
f 10245 9771 9726
f 9774 10246 9727
f 10246 9774 9729
f 9777 10247 9730
f 10247 9777 9732
f 9779 10248 9737
f 10248 9779 9739
f 9780 10249 9741
f 10249 9780 9743
f 9781 10250 9745
f 10250 9781 9783
f 10250 9783 10251
f 10251 9783 9785
f 10264 10251 9785
f 10252 10251 10264
f 10264 9787 9788
f 10253 10264 9788
f 10252 10264 10253
f 10253 9788 9747
f 9790 10254 9751
f 10254 9790 9753
f 9794 10265 10255
f 9794 10255 9761
f 10256 10255 10266
f 10266 10255 10265
f 10257 10258 10267
f 10267 10258 10268
f 10257 10269 10260
f 10257 10267 10269
f 10269 9796 9763
f 10269 9763 10260
f 9797 10270 10262
f 9797 10262 9765
f 10270 9799 9800
f 10263 10270 9800
f 10262 10270 10263
f 10263 9800 9767
f 9807 10264 9785
f 10264 9807 9787
f 9808 10271 10265
f 9808 10265 9794
f 10266 10265 10272
f 10265 10273 10272
f 10265 10271 10273
f 10275 10274 10273
f 10274 10267 10273
f 10268 10272 10273
f 10268 10273 10267
f 10267 10274 10269
f 10269 10274 10276
f 9796 10269 10276
f 10277 9796 10276
f 9810 9796 10277
f 9811 10278 10270
f 9811 10270 9797
f 10279 9812 9799
f 10270 10279 9799
f 10278 10279 10270
f 10280 9813 9812
f 10280 9812 10279
f 10281 9814 9813
f 10281 9813 10280
f 10282 9815 9814
f 10282 9814 10281
f 10282 9817 9815
f 9820 10283 10271
f 9820 10271 9808
f 10271 10284 10273
f 10271 10283 10284
f 10275 10273 10285
f 10285 10273 10284
f 10288 10287 10286
f 10277 10288 10286
f 9822 10277 10286
f 9810 10277 9822
f 9823 10278 9811
f 10278 9823 9825
f 10289 10278 9825
f 10279 10278 10289
f 10289 9827 9828
f 10280 10289 9828
f 10279 10289 10280
f 10280 9828 9829
f 10280 9829 10281
f 10281 9829 9831
f 10281 9831 10282
f 10282 9831 9817
f 9836 10290 10283
f 9836 10283 9820
f 10283 10291 10284
f 10283 10290 10291
f 10285 10284 10292
f 10284 10293 10292
f 10284 10291 10293
f 10292 10293 10287
f 10293 10286 10287
f 10293 10294 10286
f 10294 9838 9822
f 10294 9822 10286
f 9840 10295 10289
f 9840 10289 9825
f 10295 9842 9827
f 10295 9827 10289
f 9848 10296 10290
f 9848 10290 9836
f 10290 10297 10291
f 10290 10296 10297
f 10291 10298 10293
f 10291 10297 10298
f 10298 9850 9851
f 10294 10298 9851
f 10293 10298 10294
f 10294 9851 9838
f 9854 10295 9840
f 10295 9854 9842
f 9860 10299 10296
f 9860 10296 9848
f 10296 10300 10297
f 10296 10299 10300
f 10302 10298 10301
f 10298 10300 10301
f 10298 10297 10300
f 9850 10298 10302
f 10303 9850 10302
f 9862 9850 10303
f 9869 10299 9860
f 10299 9869 9870
f 10304 10299 9870
f 10300 10299 10304
f 10301 10300 10305
f 10300 10306 10305
f 10300 10304 10306
f 10303 10305 10306
f 9872 10303 10306
f 9862 10303 9872
f 9880 10307 10304
f 9880 10304 9870
f 10304 10308 10306
f 10304 10307 10308
f 10308 9882 9872
f 10308 9872 10306
f 9890 10307 9880
f 10307 9890 9892
f 10309 10307 9892
f 10308 10307 10309
f 10309 9894 9882
f 10309 9882 10308
f 9905 10310 9904
f 10309 9892 9904
f 10310 10309 9904
f 10311 10309 10310
f 10311 9907 9894
f 10311 9894 10309
f 9913 10312 10310
f 9913 10310 9905
f 10310 10313 10311
f 10310 10312 10313
f 10314 9914 9907
f 10311 10314 9907
f 10313 10314 10311
f 10314 9916 9914
f 9918 10315 10312
f 9918 10312 9913
f 10312 10316 10313
f 10312 10315 10316
f 10316 9920 9921
f 10314 10316 9921
f 10313 10316 10314
f 10314 9921 9916
f 9924 10317 10315
f 9924 10315 9918
f 10317 9926 9927
f 10316 10317 9927
f 10315 10317 10316
f 10316 9927 9920
f 9929 10318 10317
f 9929 10317 9924
f 10318 9931 9926
f 10318 9926 10317
f 9934 10319 9933
f 10319 9935 9933
f 9937 10318 9929
f 10318 9937 9931
f 9943 10320 10319
f 9943 10319 9934
f 10320 9945 9935
f 10320 9935 10319
f 9949 10321 10320
f 9949 10320 9943
f 10321 9950 9945
f 10321 9945 10320
f 9955 10322 10321
f 9955 10321 9949
f 10322 9956 9950
f 10322 9950 10321
f 9958 10322 9955
f 10322 9958 9956
f 9960 10323 9961
f 10323 9963 9961
f 9966 10324 9967
f 10325 9968 9967
f 10325 9967 10324
f 10326 9969 9968
f 10326 9968 10325
f 10327 9970 9969
f 10327 9969 10326
f 10327 9972 9970
f 9976 10328 9977
f 10328 10329 9977
f 9977 10329 9960
f 10329 10330 9960
f 10330 10323 9960
f 10330 10332 10331
f 10330 10331 9978
f 10323 10330 9978
f 9963 10323 9978
f 10333 9979 9978
f 10333 9978 10331
f 10333 9981 9979
f 9982 10334 10324
f 9982 10324 9966
f 10324 10335 10325
f 10324 10334 10335
f 10325 10336 10326
f 10325 10335 10336
f 10326 10337 10327
f 10326 10336 10337
f 10338 9983 9972
f 10327 10338 9972
f 10337 10338 10327
f 10338 9985 9983
f 9986 10339 9987
f 10339 9989 9987
f 9991 10340 9990
f 10340 9993 9990
f 9994 10341 9995
f 10341 9997 9995
f 10003 10342 10002
f 10328 9976 10002
f 10342 10328 10002
f 10343 10328 10342
f 10329 10328 10344
f 10328 10345 10344
f 10328 10343 10345
f 10344 10345 10332
f 10345 10331 10332
f 10345 10346 10331
f 10346 10005 10006
f 10333 10346 10006
f 10331 10346 10333
f 10333 10006 9981
f 10008 10347 10334
f 10008 10334 9982
f 10347 10010 10011
f 10335 10347 10011
f 10334 10347 10335
f 10335 10011 10012
f 10335 10012 10336
f 10336 10012 10014
f 10336 10014 10337
f 10337 10014 10016
f 10337 10016 10338
f 10338 10016 9985
f 10019 10339 9986
f 10339 10019 9989
f 10022 10340 9991
f 10340 10022 9993
f 10025 10341 9994
f 10341 10025 9997
f 10032 10342 10003
f 10342 10032 10033
f 10342 10033 10343
f 10343 10033 10034
f 10348 10343 10034
f 10345 10343 10348
f 10345 10349 10346
f 10345 10348 10349
f 10349 10036 10005
f 10349 10005 10346
f 10037 10347 10008
f 10347 10037 10010
f 10045 10350 10348
f 10045 10348 10034
f 10350 10047 10048
f 10349 10350 10048
f 10348 10350 10349
f 10349 10048 10036
f 10049 10350 10045
f 10350 10049 10047
f 10053 10351 10052
f 10351 10055 10052
f 10072 10352 10351
f 10072 10351 10053
f 10353 10073 10055
f 10351 10353 10055
f 10352 10353 10351
f 10353 10075 10073
f 10076 10354 10077
f 10354 10079 10077
f 10080 10355 10081
f 10355 10083 10081
f 10111 10356 10352
f 10111 10352 10072
f 10352 10357 10353
f 10352 10356 10357
f 10358 10112 10075
f 10353 10358 10075
f 10357 10358 10353
f 10354 10076 10112
f 10358 10354 10112
f 10359 10354 10358
f 10359 10114 10079
f 10359 10079 10354
f 10115 10360 10355
f 10115 10355 10080
f 10360 10117 10083
f 10360 10083 10355
f 10147 10361 10356
f 10147 10356 10111
f 10356 10362 10357
f 10356 10361 10362
f 10357 10363 10358
f 10357 10362 10363
f 10363 10149 10150
f 10359 10363 10150
f 10358 10363 10359
f 10359 10150 10114
f 10152 10360 10115
f 10360 10152 10117
f 10181 10364 10361
f 10181 10361 10147
f 10361 10365 10362
f 10361 10364 10365
f 10365 10183 10184
f 10363 10365 10184
f 10362 10365 10363
f 10363 10184 10149
f 10212 10366 10364
f 10212 10364 10181
f 10364 10367 10365
f 10364 10366 10367
f 10368 10213 10183
f 10365 10368 10183
f 10367 10368 10365
f 10369 10214 10213
f 10369 10213 10368
f 10369 10216 10214
f 10235 10370 10366
f 10235 10366 10212
f 10366 10371 10367
f 10366 10370 10371
f 10371 10237 10238
f 10368 10371 10238
f 10367 10371 10368
f 10368 10238 10239
f 10372 10368 10239
f 10369 10368 10372
f 10372 10241 10216
f 10372 10216 10369
f 10256 10373 10370
f 10256 10370 10235
f 10373 10258 10259
f 10371 10373 10259
f 10370 10373 10371
f 10371 10259 10237
f 10261 10372 10239
f 10372 10261 10241
f 10266 10374 10373
f 10266 10373 10256
f 10374 10268 10258
f 10374 10258 10373
f 10272 10374 10266
f 10268 10374 10272
f 10274 10275 10375
f 10376 10276 10274
f 10376 10274 10375
f 10376 10277 10276
f 10285 10377 10375
f 10285 10375 10275
f 10377 10287 10288
f 10376 10377 10288
f 10375 10377 10376
f 10376 10288 10277
f 10292 10377 10285
f 10377 10292 10287
f 10301 10378 10302
f 10378 10303 10302
f 10305 10378 10301
f 10378 10305 10303
f 10329 10379 10330
f 10379 10332 10330
f 10344 10379 10329
f 10379 10344 10332

